dataordernr;SG;ADR;typedataset;CAT_dataset;label;drug;T01_affects;T01_augments;T01_bindswith;T01_bringsabout;T01_causes;T01_coexistswith;T01_complicates;T01_consumptioncontrolledby;T01_contains;T01_controlstransportof;T01_convertsto;T01_disrupts;T01_doesnotaffect;T01_doesnotaugment;T01_doesnotcause;T01_doesnotcoexistwith;T01_doesnotcomplicate;T01_doesnotconvertto;T01_doesnotdisrupt;T01_doesnotinhibit;T01_doesnotinteractwith;T01_doesnotpredispose;T01_doesnotprevent;T01_doesnotproduce;T01_doesnotstimulate;T01_doesnottreat;T01_doesnotuse;T01_exhibits;T01_indicates;T01_inhibits;T01_interactswith;T01_isa;T01_isadministeredto;T01_isassociatedwith;T01_isclassifiedas;T01_iscomparedwith;T01_isderivativeof;T01_isfunctionallyrelatedto;T01_ishigherthan;T01_isingredientof;T01_islocationof;T01_islowerthan;T01_ismanifestationof;T01_ismodifiedby;T01_isnota;T01_isnotadministeredto;T01_isnotassociatedwith;T01_isnothigherthan;T01_isnotlocationof;T01_isnotlowerthan;T01_isnotpartof;T01_isnotprocessof;T01_isnotthesameas;T01_isparentof;T01_ispartof;T01_isprocessof;T01_isthesameas;T01_istributaryof;T01_manages;T01_precedes;T01_predisposes;T01_prevents;T01_produces;T01_stimulates;T01_targets;T01_traverses;T01_treats;T01_uses;T12_affects;T12_augments;T12_bringsabout;T12_causes;T12_coexistswith;T12_complicates;T12_diagnoses;T12_disrupts;T12_doesnotaffect;T12_doesnotaugment;T12_doesnotcause;T12_doesnotcoexistwith;T12_doesnotcomplicate;T12_doesnotdisrupt;T12_doesnotoccurin;T12_doesnotprecede;T12_doesnotpredispose;T12_doesnotprevent;T12_doesnotproduce;T12_doesnottreat;T12_geneproductisbiomarkertype;T12_geneproductmalfunction;T12_geneproductvariantcauses;T12_geneproductvariantresultsinabnormal;T12_indicates;T12_inhibits;T12_isa;T12_isadministeredto;T12_isassociatedwith;T12_isconceptuallyrelatedto;T12_isfunctionallyrelatedto;T12_islocatedat;T12_islocationof;T12_ismanifestationof;T12_isnota;T12_isnotassociatedwith;T12_isnotlocationof;T12_isnotmanifestationof;T12_isnotprocessof;T12_isparentof;T12_isprocessof;T12_measures;T12_occursin;T12_ortholog;T12_precedes;T12_predisposes;T12_prevents;T12_produces;T12_treats
3;1;1;EV37;3;POS;acarbose;0;0;0;0;0;0;0;0;0;0;0;0;0;0;0;0;0;0;0;0;0;0;0;0;0;0;0;0;0;0;0;0;0;0;0;0;0;0;0;0;0;0;0;0;0;0;0;0;0;0;0;0;0;0;0;0;0;0;0;0;0;0;0;0;0;0;0;0;0;0;0;0;0;0;0;0;0;0;0;0;0;0;0;0;0;0;0;0;0;0;0;0;0;0;0;0;0;0;0;0;0;0;0;0;0;0;0;0;0;0;0;0;0;0;0;0;0
175;1;2;EV37;3;POS;acarbose;0;0;0;0;0;0;0;0;0;0;0;0;0;0;0;0;0;0;0;0;0;0;0;0;0;0;0;0;0;0;0;0;1;0;0;0;0;0;0;0;0;0;0;0;0;0;0;0;0;0;0;0;0;0;0;0;0;0;0;0;0;0;0;0;0;0;0;0;0;0;0;0;0;0;0;0;0;0;0;0;0;0;0;0;0;0;0;0;0;0;0;0;0;0;0;0;0;0;0;0;1;0;0;0;0;0;0;0;0;0;0;0;0;0;0;0;0
347;1;3;EV37;3;POS;acarbose;0;0;0;0;0;0;0;0;0;0;0;0;0;0;0;0;0;0;0;0;0;0;0;0;0;0;0;0;0;0;0;0;1;0;0;0;0;0;0;0;0;0;0;0;0;0;0;0;0;0;0;0;0;0;0;0;0;0;0;0;0;0;0;0;0;0;0;0;0;0;0;0;0;0;0;0;0;0;0;0;0;0;0;0;0;0;0;0;0;0;0;0;0;0;0;0;0;0;0;0;1;0;0;0;0;0;0;0;0;0;0;0;0;0;0;0;0
519;1;4;EV37;3;POS;acarbose;0;0;0;0;0;0;0;0;0;0;0;0;0;0;0;0;0;0;0;0;0;0;0;0;0;0;0;0;0;0;0;0;0;0;0;0;0;0;0;0;0;0;0;0;0;0;0;0;0;0;0;0;0;0;0;0;0;0;0;0;0;0;0;0;0;0;0;0;0;0;0;0;0;0;0;0;0;0;0;0;0;0;0;0;0;0;0;0;0;0;0;0;0;0;0;0;0;0;0;0;0;0;0;0;0;0;0;0;0;0;0;0;0;0;0;0;0
691;1;6;EV37;3;POS;acarbose;0;0;0;0;0;0;0;0;0;0;0;0;0;0;0;0;0;0;0;0;0;0;0;0;0;0;0;0;0;0;0;0;2;0;0;0;0;0;0;0;0;0;0;0;0;0;0;0;0;0;0;0;0;0;0;0;0;0;0;0;0;0;0;0;0;0;0;0;0;0;0;0;0;0;0;0;0;0;0;0;0;0;0;0;0;0;0;0;0;0;0;0;0;0;0;0;0;0;0;0;2;0;0;0;1;0;0;0;0;0;0;0;0;0;0;0;0
863;1;7;EV37;3;POS;acarbose;0;0;0;0;0;0;0;0;0;0;0;0;0;0;0;0;0;0;0;0;0;0;0;0;0;0;0;0;0;0;0;0;2;0;0;0;0;0;0;0;0;0;0;0;0;0;0;0;0;0;0;0;0;0;0;0;0;0;0;0;0;0;0;0;0;0;0;0;0;0;0;0;0;0;0;0;0;0;0;0;0;0;0;0;0;0;0;0;0;0;0;0;0;0;0;0;0;0;0;0;2;0;0;0;0;0;0;0;0;0;0;0;0;0;0;1;0
1035;1;8;EV37;3;POS;acarbose;0;0;0;0;0;0;0;0;0;0;0;0;0;0;0;0;0;0;0;0;0;0;0;0;0;0;0;0;0;0;0;0;0;0;0;0;0;0;0;0;0;0;0;0;0;0;0;0;0;0;0;0;0;0;0;0;0;0;0;0;0;0;0;0;0;0;0;0;0;0;0;0;0;0;0;0;0;0;0;0;0;0;0;0;0;0;0;0;0;0;0;0;0;0;0;0;0;0;0;0;0;0;0;0;0;0;0;0;0;0;0;0;0;0;0;0;0
6;1;1;EV37;3;POS;alendronate;0;0;0;0;0;0;0;0;0;0;0;0;0;0;0;0;0;0;0;0;0;0;0;0;0;0;0;0;0;0;0;0;1;0;0;0;0;0;0;0;0;0;0;0;0;0;0;0;0;0;0;0;0;0;0;0;0;0;0;0;0;0;0;0;0;0;0;0;0;0;0;0;0;0;0;0;0;0;0;0;0;0;0;0;0;0;0;0;0;0;0;0;0;0;0;0;0;0;0;0;1;0;0;0;0;0;0;0;0;0;0;0;0;0;0;0;0
178;1;2;EV37;3;POS;alendronate;0;0;0;0;0;0;0;0;0;0;0;0;0;0;0;0;0;0;0;0;0;0;0;0;0;0;0;0;0;0;0;0;0;0;0;0;0;0;0;0;0;0;0;0;0;0;0;0;0;0;0;0;0;0;0;0;0;0;0;0;0;0;0;0;0;0;0;0;0;0;0;0;0;0;0;0;0;0;0;0;0;0;0;0;0;0;0;0;0;0;0;0;0;0;0;0;0;0;0;0;0;0;0;0;0;0;0;0;0;0;0;0;0;0;0;0;0
350;1;3;EV37;3;POS;alendronate;0;0;0;0;0;0;0;0;0;0;0;0;0;0;0;0;0;0;0;0;0;0;0;0;0;0;0;0;0;0;0;0;0;0;0;0;0;0;0;0;0;0;0;0;0;0;0;0;0;0;0;0;0;0;0;0;0;0;0;0;0;0;0;0;0;0;0;0;0;0;0;0;0;0;0;0;0;0;0;0;0;0;0;0;0;0;0;0;0;0;0;0;0;0;0;0;0;0;0;0;0;0;0;0;0;0;0;0;0;0;0;0;0;0;0;0;0
522;1;4;EV37;3;POS;alendronate;0;0;0;0;0;0;0;0;0;0;0;0;0;0;0;0;0;0;0;0;0;0;0;0;0;0;0;0;0;0;0;0;1;0;0;0;0;0;0;0;0;0;0;0;0;0;0;0;0;0;0;0;0;0;0;0;0;0;0;0;0;0;0;0;0;0;0;0;0;0;0;0;0;0;0;0;0;0;0;0;0;0;0;0;0;0;0;0;0;0;0;0;0;0;0;0;0;0;0;0;1;0;0;0;0;0;0;0;0;0;0;0;0;0;0;0;0
694;1;6;EV37;3;POS;alendronate;0;0;0;0;0;0;0;0;0;0;0;0;0;0;0;0;0;0;0;0;0;0;0;0;0;0;0;0;0;0;0;0;1;0;0;0;0;0;0;0;0;0;0;0;0;0;0;0;0;0;0;0;0;0;0;0;0;0;0;0;0;0;0;0;0;0;0;0;0;0;0;0;0;0;0;0;0;0;0;0;0;0;0;0;0;0;0;0;0;0;0;0;0;0;0;0;0;0;0;0;1;0;0;0;0;0;0;0;0;0;0;0;0;0;0;0;0
866;1;7;EV37;3;POS;alendronate;0;0;0;0;0;0;0;0;0;0;0;0;0;0;0;0;0;0;0;0;0;0;0;0;0;0;0;0;0;0;0;0;1;0;0;0;0;0;0;0;0;0;0;0;0;0;0;0;0;0;0;0;0;0;0;0;0;0;0;0;0;0;0;0;0;0;0;0;0;0;0;0;0;0;0;0;0;0;0;0;0;0;0;0;0;0;0;0;0;0;0;0;0;0;0;0;0;0;0;0;1;0;0;0;0;0;0;0;0;0;0;0;0;0;0;0;0
1038;1;8;EV37;3;POS;alendronate;0;0;0;0;0;0;0;0;0;0;0;0;0;0;0;0;0;0;0;0;0;0;0;0;0;0;0;0;0;0;0;0;0;0;0;0;0;0;0;0;0;0;0;0;0;0;0;0;0;0;0;0;0;0;0;0;0;0;0;0;0;0;0;0;0;0;0;0;0;0;0;0;0;0;0;0;0;0;0;0;0;0;0;0;0;0;0;0;0;0;0;0;0;0;0;0;0;0;0;0;0;0;0;0;0;0;0;0;0;0;0;0;0;0;0;0;0
7;1;1;EV37;3;POS;alfuzosin;0;0;0;0;0;0;0;0;0;0;0;0;0;0;0;0;0;0;0;0;0;0;0;0;0;0;0;0;0;0;0;0;0;0;0;0;0;0;0;0;0;0;0;0;0;0;0;0;0;0;0;0;0;0;0;0;0;0;0;0;0;0;0;0;0;0;0;0;0;0;0;0;0;0;0;0;0;0;0;0;0;0;0;0;0;0;0;0;0;0;0;0;0;0;0;0;0;0;0;0;0;0;0;0;0;0;0;0;0;0;0;0;0;0;0;0;0
179;1;2;EV37;3;POS;alfuzosin;0;0;0;0;0;0;0;0;0;0;0;0;0;0;0;0;0;0;0;0;0;0;0;0;0;0;0;0;0;0;0;0;0;0;0;0;0;0;0;0;0;0;0;0;0;0;0;0;0;0;0;0;0;0;0;0;0;0;0;0;0;0;0;0;0;0;1;0;0;0;0;0;0;0;0;0;0;0;0;0;0;0;0;0;0;0;0;0;0;0;0;0;0;0;0;0;0;0;0;0;1;0;0;0;0;0;0;0;0;0;0;0;0;0;0;0;0
351;1;3;EV37;3;POS;alfuzosin;0;0;0;0;0;0;0;0;0;0;0;0;0;0;0;0;0;0;0;0;0;0;0;0;0;0;0;0;0;0;0;0;0;0;0;0;0;0;0;0;0;0;0;0;0;0;0;0;0;0;0;0;0;0;0;0;0;0;0;0;0;0;0;0;0;0;1;0;0;0;0;0;0;0;0;0;0;0;0;0;0;0;0;0;0;0;0;0;0;0;0;0;0;0;0;0;0;0;0;0;1;0;0;0;0;0;0;0;0;0;0;0;0;0;0;0;0
523;1;4;EV37;3;POS;alfuzosin;0;0;0;0;0;0;0;0;0;0;0;0;0;0;0;0;0;0;0;0;0;0;0;0;0;0;0;0;0;0;0;0;0;0;0;0;0;0;0;0;0;0;0;0;0;0;0;0;0;0;0;0;0;0;0;0;0;0;0;0;0;0;0;0;0;0;0;0;0;0;0;0;0;0;0;0;0;0;0;0;0;0;0;0;0;0;0;0;0;0;0;0;0;0;0;0;0;0;0;0;0;0;0;0;0;0;0;0;0;0;0;0;0;0;0;0;0
695;1;6;EV37;3;POS;alfuzosin;0;0;0;0;0;0;0;0;0;0;0;0;0;0;0;0;0;0;0;0;0;0;0;0;0;0;0;0;0;0;0;1;1;0;0;0;0;0;0;0;0;0;0;0;0;0;0;0;0;0;0;0;0;0;0;0;0;0;0;0;0;0;0;0;0;0;0;0;0;0;0;0;0;0;0;0;0;0;0;0;0;0;0;0;0;0;0;0;0;0;0;0;0;0;0;0;0;0;0;0;2;0;0;0;1;0;0;0;0;0;0;0;0;0;0;0;0
867;1;7;EV37;3;POS;alfuzosin;0;0;0;0;0;0;0;0;0;0;0;0;0;0;0;0;0;0;0;0;0;0;0;0;0;0;0;0;0;0;0;0;2;0;0;0;0;0;0;0;0;0;0;0;0;0;0;0;0;0;0;0;0;0;0;0;0;0;0;0;0;0;0;0;0;0;0;0;0;0;0;0;0;0;0;0;0;0;0;0;0;0;0;0;0;0;0;0;0;0;0;0;0;0;0;0;0;0;0;0;2;0;0;0;0;0;0;0;0;0;0;0;0;0;0;1;0
1039;1;8;EV37;3;POS;alfuzosin;0;0;0;0;0;0;0;0;0;0;0;0;0;0;0;0;0;0;0;0;0;0;0;0;0;0;0;0;0;0;0;0;0;0;0;0;0;0;0;0;0;0;0;0;0;0;0;0;0;0;0;0;0;0;0;0;0;0;0;0;0;0;0;0;0;0;0;0;0;0;0;0;0;0;0;0;0;0;0;0;0;0;0;0;0;0;0;0;0;0;0;0;0;0;0;0;0;0;0;0;0;0;0;0;0;0;0;0;0;0;0;0;0;0;0;0;0
11;1;1;EV37;3;POS;amphetamine;1;0;0;0;1;1;0;0;0;0;0;0;0;0;0;0;0;0;0;0;0;0;0;0;1;0;0;0;1;3;5;0;1;2;0;1;0;0;0;0;2;0;0;0;0;0;0;0;1;0;0;0;0;0;0;0;0;0;0;0;2;0;0;4;0;0;3;0;0;0;0;1;0;0;0;1;0;0;0;0;0;0;0;0;0;0;0;0;0;0;0;0;0;0;0;0;0;0;0;0;11;0;0;0;0;0;0;1;0;0;0;0;0;0;0;0;0
183;1;2;EV37;3;POS;amphetamine;3;1;0;0;3;4;0;0;0;0;0;1;1;0;1;0;0;0;0;0;3;0;1;0;1;0;0;0;2;5;10;0;0;3;0;3;0;0;0;0;2;0;0;0;0;0;0;0;1;0;0;0;0;0;0;0;0;0;0;0;0;2;1;6;0;0;3;0;0;0;0;2;0;0;0;1;0;0;0;0;0;0;0;0;0;0;0;0;0;0;0;0;0;0;0;0;0;0;0;0;16;0;0;0;2;0;0;0;0;0;0;0;0;0;0;0;0
355;1;3;EV37;3;POS;amphetamine;3;0;0;0;0;8;0;0;0;0;0;1;0;0;1;0;0;0;0;0;5;0;0;0;1;0;0;0;1;7;11;0;1;1;0;6;0;0;2;0;2;1;0;0;0;0;0;0;1;0;0;0;1;0;0;0;0;0;0;0;1;0;1;11;0;0;1;0;0;0;0;2;0;0;0;0;0;0;0;0;0;0;0;0;0;0;0;0;0;0;0;0;0;0;0;0;0;0;0;1;15;0;0;0;1;0;0;1;0;0;0;0;0;0;0;1;0
527;1;4;EV37;3;POS;amphetamine;4;2;0;0;2;8;0;0;0;0;0;0;0;0;0;0;0;0;0;0;5;0;1;0;2;0;0;0;3;8;14;0;2;3;0;7;0;0;3;0;2;1;0;0;0;0;0;0;1;0;0;0;1;0;0;0;0;0;0;0;2;2;1;10;0;0;3;0;1;0;0;3;0;0;0;0;0;0;0;0;0;0;0;0;0;0;0;0;0;0;0;0;0;0;0;0;0;0;0;0;17;0;0;0;4;0;0;0;0;0;0;0;0;0;0;1;0
699;1;6;EV37;3;POS;amphetamine;2;2;0;0;4;5;0;0;0;0;0;1;1;0;0;0;0;0;0;0;2;0;1;0;2;0;0;0;4;7;16;0;2;3;0;5;0;0;0;0;0;0;0;0;0;0;0;0;0;0;0;0;0;0;0;0;0;0;0;0;2;2;0;8;0;0;4;0;0;0;0;4;0;0;0;1;0;0;1;0;0;0;0;0;0;0;0;0;0;0;0;0;0;0;0;0;0;0;0;0;17;0;0;0;3;0;0;0;0;0;0;0;0;0;0;1;0
871;1;7;EV37;3;POS;amphetamine;5;0;0;0;3;4;0;0;0;0;0;2;2;0;0;0;0;0;0;1;0;0;0;0;1;0;0;0;3;5;9;0;2;5;0;0;0;0;0;0;0;0;0;0;0;0;0;0;0;0;0;0;0;0;0;0;0;0;0;0;3;4;4;5;0;0;6;0;0;0;0;2;0;0;0;3;0;0;1;0;0;0;0;0;0;0;0;0;0;0;0;0;0;0;0;0;0;0;0;0;19;0;0;0;1;0;0;0;0;0;0;0;0;0;0;1;0
1043;1;8;EV37;3;POS;amphetamine;3;1;0;0;1;0;0;0;0;0;0;0;0;0;0;0;0;0;0;0;0;0;1;0;0;0;0;0;1;0;2;0;1;2;0;2;0;0;2;0;0;1;0;0;0;0;0;0;0;0;0;0;0;0;0;0;0;0;0;0;1;1;2;1;0;0;2;0;1;0;0;1;0;0;0;0;0;0;0;0;0;0;0;0;0;0;0;0;0;0;0;0;0;0;0;0;0;0;0;0;5;0;0;0;0;0;0;0;0;0;0;0;0;0;0;0;0
12;1;1;EV37;3;POS;amphotericin b;0;0;0;0;0;0;0;0;0;0;0;0;0;0;0;0;0;0;0;1;0;0;0;0;0;0;0;0;0;1;1;0;0;0;0;0;0;0;0;0;0;0;0;0;0;0;0;0;0;0;0;0;0;0;0;0;0;0;0;0;0;0;0;0;0;0;0;0;0;0;0;1;0;0;0;0;0;0;0;0;0;0;0;0;0;0;0;0;0;0;0;0;0;0;0;0;0;0;0;0;1;0;0;0;0;0;0;0;0;0;0;0;0;0;0;0;0
184;1;2;EV37;3;POS;amphotericin b;0;0;0;0;0;0;0;0;0;0;0;0;0;0;0;0;0;0;0;0;0;0;0;0;0;0;0;0;0;0;1;0;1;0;0;0;0;0;0;0;0;0;0;0;0;0;0;0;0;0;0;0;0;0;0;0;0;0;0;0;0;0;0;0;0;0;2;0;0;0;0;1;0;0;0;0;0;0;0;0;0;0;0;0;0;0;0;0;0;0;0;0;0;0;0;0;0;0;0;0;2;0;0;0;0;0;0;0;0;0;0;0;0;0;0;0;0
356;1;3;EV37;3;POS;amphotericin b;0;0;0;0;0;0;0;0;0;0;0;0;0;0;0;0;0;0;0;0;0;0;0;0;0;0;0;0;0;0;1;0;2;0;0;0;0;0;0;0;0;0;0;0;0;0;0;0;0;0;0;0;0;0;0;0;0;0;0;0;0;0;0;0;0;0;1;0;0;0;0;1;0;0;0;0;0;0;0;0;0;0;0;0;0;0;0;0;0;0;0;0;0;0;0;0;0;0;0;0;2;0;0;0;0;0;0;0;0;0;0;0;0;0;0;0;0
528;1;4;EV37;3;POS;amphotericin b;0;0;0;0;0;0;0;0;0;0;0;0;0;0;0;0;0;0;0;0;0;0;0;0;0;0;0;0;0;0;1;0;1;0;0;0;0;0;0;0;0;0;0;0;0;0;0;0;0;0;0;0;0;0;0;0;0;0;0;0;0;0;0;0;0;0;1;0;0;0;0;1;0;0;0;0;0;0;0;0;0;0;0;0;0;0;0;0;0;0;0;0;0;0;0;0;0;0;0;0;1;0;0;0;1;0;0;0;0;0;0;0;0;0;0;1;0
700;1;6;EV37;3;POS;amphotericin b;0;0;0;0;0;0;0;0;0;0;0;0;0;0;0;0;0;0;0;0;0;0;0;0;0;0;0;0;0;0;0;0;2;0;0;0;0;0;0;0;0;0;0;0;0;0;0;0;0;0;0;0;0;0;0;0;0;0;0;0;0;0;0;0;0;0;4;0;0;0;0;2;0;0;0;0;0;0;1;0;0;0;0;0;0;0;0;0;0;0;0;0;0;0;0;0;0;0;0;0;2;0;0;0;1;0;0;0;0;0;0;0;0;0;0;0;0
872;1;7;EV37;3;POS;amphotericin b;0;0;0;0;0;0;0;0;0;0;0;0;0;0;0;0;0;0;0;0;0;0;0;0;0;0;0;0;0;0;0;0;1;0;0;0;0;0;0;0;0;0;0;0;0;0;0;0;0;0;0;0;0;0;0;0;0;0;0;0;0;0;0;0;0;0;3;0;0;0;0;1;0;0;0;0;0;0;1;0;0;0;0;0;0;0;0;0;0;0;0;0;0;0;0;0;0;0;0;0;2;0;0;0;0;0;0;0;0;0;0;0;0;0;0;1;0
1044;1;8;EV37;3;POS;amphotericin b;0;0;0;0;0;0;0;0;0;0;0;0;0;0;0;0;0;0;0;0;0;0;0;0;0;0;0;0;0;0;0;0;0;0;0;0;0;0;0;0;0;0;0;0;0;0;0;0;0;0;0;0;0;0;0;0;0;0;0;0;0;0;0;0;0;0;0;0;0;0;0;0;0;0;0;0;0;0;0;0;0;0;0;0;0;0;0;0;0;0;0;0;0;0;0;0;0;0;0;0;0;0;0;0;0;0;0;0;0;0;0;0;0;0;0;0;0
15;1;1;EV37;3;POS;atenolol;0;0;0;0;0;0;0;0;0;0;0;0;0;0;0;0;0;0;0;1;0;0;0;0;0;0;0;0;0;0;1;0;0;0;0;0;0;0;0;0;0;0;0;0;0;0;0;0;0;0;0;0;0;0;0;0;0;0;0;0;0;0;0;0;0;0;0;0;0;0;0;1;0;0;0;0;0;0;0;0;0;0;0;0;0;0;0;0;0;0;0;0;0;0;0;0;0;0;0;0;1;0;0;0;0;0;0;0;0;0;0;0;0;0;0;0;0
187;1;2;EV37;3;POS;atenolol;0;0;0;0;0;0;0;0;0;0;0;0;0;0;0;0;0;0;0;0;0;0;0;0;0;0;0;0;0;0;1;0;1;0;0;0;0;0;0;0;0;0;0;0;0;0;0;0;0;0;0;0;0;0;0;0;0;0;0;0;0;0;0;0;0;0;1;0;0;0;0;1;0;0;0;0;0;0;0;0;0;0;0;0;0;0;0;0;0;0;0;0;0;0;0;0;0;0;0;0;1;0;0;0;0;0;0;0;0;0;0;0;0;0;0;0;0
359;1;3;EV37;3;POS;atenolol;0;0;0;0;0;0;0;0;0;0;0;0;0;0;0;0;0;0;0;0;0;0;0;0;0;0;0;0;0;0;1;0;1;0;0;0;0;0;0;0;0;0;0;0;0;0;0;0;0;0;0;0;0;0;0;0;0;0;0;0;0;0;0;0;0;0;1;0;0;0;0;1;0;0;0;0;0;0;0;0;0;0;0;0;0;0;0;0;0;0;0;0;0;0;0;0;0;0;0;0;1;0;0;0;0;0;0;0;0;0;0;0;0;0;0;0;0
531;1;4;EV37;3;POS;atenolol;0;0;0;0;0;0;0;0;0;0;0;0;0;0;0;0;0;0;0;0;0;0;0;0;0;0;0;0;0;0;1;0;1;0;0;0;0;0;0;0;0;0;0;0;0;0;0;0;0;0;0;0;0;0;0;0;0;0;0;0;0;0;0;0;0;0;1;0;0;0;0;1;0;0;0;0;0;0;0;0;0;0;0;0;0;0;0;0;0;0;0;0;0;0;0;0;0;0;0;0;1;0;0;0;1;0;0;0;0;0;0;0;0;0;0;1;0
703;1;6;EV37;3;POS;atenolol;0;0;0;0;0;0;0;0;0;0;0;0;0;0;0;0;0;0;0;0;0;0;0;0;0;0;0;0;0;0;0;0;2;0;0;0;0;0;0;0;0;0;0;0;0;0;0;0;0;0;0;0;0;0;0;0;0;0;0;0;0;0;0;0;0;0;2;0;0;0;0;2;0;0;0;0;0;0;1;0;0;0;0;0;0;0;0;0;0;0;0;0;0;0;0;0;0;0;0;0;0;0;0;0;0;0;0;0;0;0;0;0;0;0;0;0;0
875;1;7;EV37;3;POS;atenolol;0;0;0;0;0;0;0;0;0;0;0;0;0;0;0;0;0;0;0;0;0;0;0;0;0;0;0;0;0;0;0;0;1;0;0;0;0;0;0;0;0;0;0;0;0;0;0;0;0;0;0;0;0;0;0;0;0;0;0;0;0;0;0;0;0;0;1;0;0;0;0;1;0;0;0;0;0;0;1;0;0;0;0;0;0;0;0;0;0;0;0;0;0;0;0;0;0;0;0;0;0;0;0;0;0;0;0;0;0;0;0;0;0;0;0;0;0
1047;1;8;EV37;3;POS;atenolol;0;0;0;0;0;0;0;0;0;0;0;0;0;0;0;0;0;0;0;0;0;0;0;0;0;0;0;0;0;0;0;0;0;0;0;0;0;0;0;0;0;0;0;0;0;0;0;0;0;0;0;0;0;0;0;0;0;0;0;0;0;0;0;0;0;0;0;0;0;0;0;0;0;0;0;0;0;0;0;0;0;0;0;0;0;0;0;0;0;0;0;0;0;0;0;0;0;0;0;0;0;0;0;0;0;0;0;0;0;0;0;0;0;0;0;0;0
16;1;1;EV37;3;POS;atomoxetine;0;0;0;0;0;0;0;0;0;0;0;0;0;0;0;0;0;0;0;0;0;0;0;0;0;0;0;0;0;0;0;0;0;0;0;0;0;0;0;0;0;0;0;0;0;0;0;0;0;0;0;0;0;0;0;0;0;0;0;0;0;0;0;0;0;0;0;0;0;0;0;0;0;0;0;0;0;0;0;0;0;0;0;0;0;0;0;0;0;0;0;0;0;0;0;0;0;0;0;0;0;0;0;0;0;0;0;0;0;0;0;0;0;0;0;0;0
188;1;2;EV37;3;POS;atomoxetine;0;0;0;0;0;0;0;0;0;0;0;0;0;0;0;0;0;0;0;0;0;0;0;0;0;0;0;0;0;0;0;0;0;0;0;0;0;0;0;0;0;0;0;0;0;0;0;0;0;0;0;0;0;0;0;0;0;0;0;0;0;0;0;0;0;0;0;0;0;0;0;0;0;0;0;0;0;0;0;0;0;0;0;0;0;0;0;0;0;0;0;0;0;0;0;0;0;0;0;0;0;0;0;0;0;0;0;0;0;0;0;0;0;0;0;0;0
360;1;3;EV37;3;POS;atomoxetine;0;0;0;0;0;0;0;0;0;0;0;0;0;0;0;0;0;0;0;0;0;0;0;0;0;0;0;0;0;0;0;0;0;0;0;0;0;0;0;0;0;0;0;0;0;0;0;0;0;0;0;0;0;0;0;0;0;0;0;0;0;0;0;0;0;0;0;0;0;0;0;0;0;0;0;0;0;0;0;0;0;0;0;0;0;0;0;0;0;0;0;0;0;0;0;0;0;0;0;0;0;0;0;0;0;0;0;0;0;0;0;0;0;0;0;0;0
532;1;4;EV37;3;POS;atomoxetine;0;0;0;0;0;0;0;0;0;0;0;0;0;0;0;0;0;0;0;0;0;0;0;0;0;0;0;0;0;0;0;0;0;0;0;0;0;0;0;0;0;0;0;0;0;0;0;0;0;0;0;0;0;0;0;0;0;0;0;0;0;0;0;0;0;0;0;0;0;0;0;0;0;0;0;0;0;0;0;0;0;0;0;0;0;0;0;0;0;0;0;0;0;0;0;0;0;0;0;0;0;0;0;0;0;0;0;0;0;0;0;0;0;0;0;0;0
704;1;6;EV37;3;POS;atomoxetine;0;0;0;0;0;0;0;0;0;0;0;0;0;0;0;0;0;0;0;0;0;0;0;0;0;0;0;0;0;0;0;0;0;0;0;0;0;0;0;0;0;0;0;0;0;0;0;0;0;0;0;0;0;0;0;0;0;0;0;0;0;0;0;0;0;0;0;0;0;0;0;0;0;0;0;0;0;0;0;0;0;0;0;0;0;0;0;0;0;0;0;0;0;0;0;0;0;0;0;0;0;0;0;0;0;0;0;0;0;0;0;0;0;0;0;0;0
876;1;7;EV37;3;POS;atomoxetine;0;0;0;0;0;0;0;0;0;0;0;0;0;0;0;0;0;0;0;0;0;0;0;0;0;0;0;0;0;0;0;0;0;0;0;0;0;0;0;0;0;0;0;0;0;0;0;0;0;0;0;0;0;0;0;0;0;0;0;0;0;0;0;0;0;0;0;0;0;0;0;0;0;0;0;0;0;0;0;0;0;0;0;0;0;0;0;0;0;0;0;0;0;0;0;0;0;0;0;0;0;0;0;0;0;0;0;0;0;0;0;0;0;0;0;0;0
1048;1;8;EV37;3;POS;atomoxetine;0;0;0;0;0;0;0;0;0;0;0;0;0;0;0;0;0;0;0;0;0;0;0;0;0;0;0;0;0;0;0;0;0;0;0;0;0;0;0;0;0;0;0;0;0;0;0;0;0;0;0;0;0;0;0;0;0;0;0;0;0;0;0;0;0;0;0;0;0;0;0;0;0;0;0;0;0;0;0;0;0;0;0;0;0;0;0;0;0;0;0;0;0;0;0;0;0;0;0;0;0;0;0;0;0;0;0;0;0;0;0;0;0;0;0;0;0
36;1;1;EV37;3;POS;danazol;0;0;0;0;0;0;0;0;0;0;0;0;0;0;0;0;0;0;0;0;0;0;0;0;0;0;0;0;0;0;0;0;0;0;0;0;0;0;0;0;0;0;0;0;0;0;0;0;0;0;0;0;0;0;0;0;0;0;0;0;0;0;0;0;0;0;0;0;0;0;0;0;0;0;0;0;0;0;0;0;0;0;0;0;0;0;0;0;0;0;0;0;0;0;0;0;0;0;0;0;0;0;0;0;0;0;0;0;0;0;0;0;0;0;0;0;0
208;1;2;EV37;3;POS;danazol;0;0;0;0;0;0;0;0;0;0;0;0;0;0;0;0;0;0;0;0;0;0;0;0;0;0;0;0;0;0;0;0;0;0;0;0;0;0;0;0;0;0;0;0;0;0;0;0;0;0;0;0;0;0;0;0;0;0;0;0;0;0;0;0;0;0;0;0;0;0;0;0;0;0;0;0;0;0;0;0;0;0;0;0;0;0;0;0;0;0;0;0;0;0;0;0;0;0;0;0;0;0;0;0;0;0;0;0;0;0;0;0;0;0;0;0;0
380;1;3;EV37;3;POS;danazol;0;0;0;0;0;0;0;0;0;0;0;0;0;0;0;0;0;0;0;0;0;0;0;0;0;0;0;0;0;0;0;0;0;0;0;0;0;0;0;0;0;0;0;0;0;0;0;0;0;0;0;0;0;0;0;0;0;0;0;0;0;0;0;0;0;0;0;0;0;0;0;0;0;0;0;0;0;0;0;0;0;0;0;0;0;0;0;0;0;0;0;0;0;0;0;0;0;0;0;0;0;0;0;0;0;0;0;0;0;0;0;0;0;0;0;0;0
552;1;4;EV37;3;POS;danazol;0;0;0;0;0;0;0;0;0;0;0;0;0;0;0;0;0;0;0;0;0;0;0;0;0;0;0;0;0;0;0;0;0;0;0;0;0;0;0;0;0;0;0;0;0;0;0;0;0;0;0;0;0;0;0;0;0;0;0;0;0;0;0;0;0;0;0;0;0;0;0;0;0;0;0;0;0;0;0;0;0;0;0;0;0;0;0;0;0;0;0;0;0;0;0;0;0;0;0;0;0;0;0;0;0;0;0;0;0;0;0;0;0;0;0;0;0
724;1;6;EV37;3;POS;danazol;0;0;0;0;0;0;0;0;0;0;0;0;0;0;0;0;0;0;0;0;0;0;0;0;0;0;0;0;0;0;0;0;0;0;0;0;0;0;0;0;0;0;0;0;0;0;0;0;0;0;0;0;0;0;0;0;0;0;0;0;0;0;0;0;0;0;0;0;0;0;0;0;0;0;0;0;0;0;0;0;0;0;0;0;0;0;0;0;0;0;0;0;0;0;0;0;0;0;0;0;0;0;0;0;0;0;0;0;0;0;0;0;0;0;0;0;0
896;1;7;EV37;3;POS;danazol;0;0;0;0;0;0;0;0;0;0;0;0;0;0;0;0;0;0;0;0;0;0;0;0;0;0;0;0;0;0;0;0;0;0;0;0;0;0;0;0;0;0;0;0;0;0;0;0;0;0;0;0;0;0;0;0;0;0;0;0;0;0;0;0;0;0;0;0;0;0;0;0;0;0;0;0;0;0;0;0;0;0;0;0;0;0;0;0;0;0;0;0;0;0;0;0;0;0;0;0;0;0;0;0;0;0;0;0;0;0;0;0;0;0;0;0;0
1068;1;8;EV37;3;POS;danazol;0;0;0;0;0;0;0;0;0;0;0;0;0;0;0;0;0;0;0;0;0;0;0;0;0;0;0;0;0;0;0;0;0;0;0;0;0;0;0;0;0;0;0;0;0;0;0;0;0;0;0;0;0;0;0;0;0;0;0;0;0;0;0;0;0;0;0;0;0;0;0;0;0;0;0;0;0;0;0;0;0;0;0;0;0;0;0;0;0;0;0;0;0;0;0;0;0;0;0;0;0;0;0;0;0;0;0;0;0;0;0;0;0;0;0;0;0
37;1;1;EV37;3;POS;daptomycin;1;1;0;0;2;2;0;0;0;0;0;0;3;0;0;0;0;0;0;0;0;0;0;0;0;1;0;0;0;1;1;0;3;2;0;0;0;0;0;0;2;0;0;0;0;0;1;0;1;0;0;0;0;0;0;0;0;0;0;0;0;1;1;1;0;0;4;0;0;0;0;1;0;0;0;2;0;0;0;0;0;0;0;0;0;0;0;0;0;0;0;0;0;0;0;0;1;0;0;0;5;0;0;0;0;0;0;1;0;0;0;0;0;0;0;0;0
209;1;2;EV37;3;POS;daptomycin;0;0;0;0;2;4;0;0;0;0;0;1;1;0;0;0;0;0;0;0;0;0;0;0;0;0;0;0;0;1;3;0;1;0;0;1;0;0;0;0;2;0;0;0;0;0;0;0;1;0;0;0;0;0;0;0;0;0;0;0;0;0;1;1;0;0;2;0;0;0;0;2;0;0;0;2;0;0;0;0;0;0;0;0;0;0;0;0;0;0;0;0;0;0;0;0;0;0;0;0;6;0;0;0;1;0;0;0;0;0;0;0;0;0;0;0;0
381;1;3;EV37;3;POS;daptomycin;1;0;0;0;0;5;0;0;0;0;0;0;2;0;0;0;0;0;0;0;0;0;0;0;0;1;0;0;2;1;2;0;2;1;0;0;0;0;0;0;1;0;0;0;0;0;1;0;1;0;0;0;0;0;0;0;0;0;0;0;0;1;1;1;0;0;3;0;0;0;0;2;0;0;0;0;0;0;0;0;0;0;0;0;0;0;0;0;0;0;0;0;0;0;0;0;0;0;0;0;7;0;0;0;0;0;0;0;0;0;0;0;0;0;0;1;0
553;1;4;EV37;3;POS;daptomycin;1;0;0;0;0;3;0;0;0;0;0;0;2;0;0;0;0;0;0;0;0;0;0;0;0;1;0;0;0;1;3;0;2;1;0;2;0;0;0;0;1;0;0;0;0;0;1;0;1;0;0;0;0;0;0;0;0;0;0;0;0;1;1;1;0;0;3;0;1;0;0;2;0;0;0;0;0;0;1;0;0;0;0;0;0;0;0;0;0;0;0;0;0;0;0;0;0;0;0;0;6;0;0;0;2;0;0;0;0;0;0;0;0;0;0;2;0
725;1;6;EV37;3;POS;daptomycin;6;0;0;0;1;12;0;0;0;0;0;0;7;0;0;0;0;0;0;0;0;0;0;0;2;2;0;0;0;6;9;0;4;2;0;4;0;0;2;0;1;2;0;0;0;0;2;0;0;0;0;0;0;0;0;0;2;0;0;0;0;1;2;4;0;0;4;0;0;0;0;4;0;0;0;3;0;0;2;0;0;0;0;0;0;0;0;0;0;0;0;0;0;0;0;0;0;0;0;0;7;0;0;0;1;0;0;0;0;0;0;0;0;0;0;1;0
897;1;7;EV37;3;POS;daptomycin;2;0;0;0;3;4;0;0;0;0;0;0;4;0;0;0;0;0;0;0;0;0;0;0;0;2;0;0;1;2;2;0;7;4;0;0;0;0;0;0;0;0;0;0;0;0;2;0;0;0;0;0;0;0;0;0;0;0;0;0;0;2;2;2;0;0;5;0;0;0;0;1;0;0;0;2;0;0;1;0;0;0;0;0;0;0;0;0;0;0;0;0;0;0;0;0;0;0;0;0;11;0;0;0;0;0;0;0;0;0;0;0;0;0;0;1;0
1069;1;8;EV37;3;POS;daptomycin;1;0;0;0;0;0;0;0;0;0;0;0;1;0;0;0;0;0;0;0;0;0;0;0;0;1;0;0;2;0;0;0;1;1;0;0;0;0;0;0;0;0;0;0;0;0;1;0;0;0;0;0;0;0;0;0;0;0;0;0;0;1;0;0;0;0;1;0;1;0;0;0;0;0;0;0;0;0;0;0;0;0;0;0;0;0;0;0;0;0;0;0;0;0;0;0;0;0;0;0;3;0;0;0;0;0;0;0;0;0;0;0;0;0;0;0;0
41;1;1;EV37;3;POS;desvenlafaxine;0;0;0;1;0;0;0;0;0;0;0;0;0;0;0;0;0;0;0;0;0;0;0;0;0;0;0;0;0;0;1;0;0;0;0;0;0;0;0;0;0;0;0;0;0;0;0;0;0;0;0;0;0;0;1;0;0;0;0;0;0;0;0;0;0;0;1;0;0;0;0;0;0;0;0;0;0;0;0;0;0;0;0;0;0;0;0;0;0;0;0;0;0;0;0;0;0;0;0;0;3;0;0;0;0;0;0;1;0;0;0;0;0;0;0;0;0
213;1;2;EV37;3;POS;desvenlafaxine;0;0;0;1;0;0;0;0;0;0;0;0;0;0;0;0;0;0;0;0;0;0;0;0;0;0;0;0;0;0;0;0;0;0;0;0;0;0;0;0;0;0;0;0;0;0;0;0;0;0;0;0;0;0;2;0;0;0;0;0;0;0;0;0;0;0;0;0;0;0;0;0;0;0;0;0;0;0;0;0;0;0;0;0;0;0;0;0;0;0;0;0;0;0;0;0;0;0;0;0;3;0;0;0;0;0;0;0;0;0;0;0;0;0;0;0;0
385;1;3;EV37;3;POS;desvenlafaxine;0;0;0;1;0;0;0;0;0;0;0;0;0;0;0;0;0;0;0;0;0;0;0;0;0;0;0;0;0;0;0;0;0;0;0;0;0;0;0;0;0;0;0;0;0;0;0;0;0;0;0;0;0;0;3;0;0;0;0;0;0;0;0;0;0;0;0;0;0;0;0;0;0;0;0;0;0;0;0;0;0;0;0;0;0;0;0;0;0;0;0;0;0;0;0;0;0;0;0;1;4;0;0;0;1;0;0;1;0;0;0;0;0;0;0;0;0
557;1;4;EV37;3;POS;desvenlafaxine;0;0;0;2;0;0;0;0;0;0;0;0;0;0;0;0;0;0;0;0;0;0;0;0;0;0;0;0;0;0;0;0;0;0;0;0;0;0;0;0;0;0;0;0;0;0;0;0;0;0;0;0;0;0;1;0;0;0;0;0;0;0;0;0;0;0;0;0;0;0;0;0;0;0;0;0;0;0;0;0;0;0;0;0;0;0;0;0;0;0;0;0;0;0;0;0;0;0;0;0;3;0;0;0;2;0;0;0;0;0;0;0;0;0;0;0;0
729;1;6;EV37;3;POS;desvenlafaxine;0;0;0;2;0;0;0;0;0;0;0;0;0;0;0;0;0;0;0;0;0;0;0;0;0;0;0;0;0;0;0;0;0;0;0;0;0;0;0;0;0;0;0;0;0;0;0;0;0;0;0;0;0;0;2;0;0;0;0;0;0;0;0;0;0;0;0;0;0;0;0;0;0;0;0;0;0;0;0;0;0;0;0;0;0;0;0;0;0;0;0;0;0;0;0;0;0;0;0;0;4;0;0;0;2;0;0;0;0;0;0;0;0;0;0;0;0
901;1;7;EV37;3;POS;desvenlafaxine;0;0;0;1;0;0;0;1;0;0;0;0;0;0;0;0;0;0;0;0;0;0;0;0;0;0;0;0;0;0;0;0;0;0;0;0;0;0;0;0;0;0;0;0;0;0;0;0;0;0;0;0;0;0;2;0;0;0;0;0;0;0;0;0;0;0;0;0;0;0;0;0;0;0;0;0;0;0;0;0;0;0;0;0;0;0;0;0;0;0;0;0;0;0;0;0;0;0;0;0;4;0;0;0;0;0;0;0;0;0;0;0;0;0;0;1;0
1073;1;8;EV37;3;POS;desvenlafaxine;0;0;0;0;0;0;0;1;0;0;0;0;0;0;0;0;0;0;0;0;0;0;0;0;0;0;0;0;0;0;0;0;0;0;0;0;0;0;0;0;0;0;0;0;0;0;0;0;0;0;0;0;0;0;1;0;0;0;0;0;0;0;0;0;0;0;0;0;0;0;0;0;0;0;0;0;0;0;0;0;0;0;0;0;0;0;0;0;0;0;0;0;0;0;0;0;0;0;0;0;2;0;0;0;0;0;0;0;0;0;0;0;0;0;0;0;0
44;1;1;EV37;3;POS;donepezil;0;0;0;0;0;0;0;0;0;0;0;0;0;0;0;0;0;0;0;0;0;0;0;0;0;0;0;0;0;1;1;0;0;0;0;0;0;0;0;0;0;0;0;0;0;0;0;0;0;0;0;0;0;0;0;0;0;0;0;0;0;0;0;0;0;0;0;0;0;0;0;0;0;0;0;0;0;0;0;0;0;0;0;0;0;0;0;0;0;0;0;0;0;0;0;0;0;0;0;0;1;0;0;0;0;0;0;0;0;0;0;0;0;0;0;0;0
216;1;2;EV37;3;POS;donepezil;0;0;0;0;0;0;0;0;0;0;0;0;0;0;0;0;0;0;0;0;0;0;0;0;0;0;0;0;0;0;0;0;1;0;0;0;0;0;0;0;0;0;0;0;0;0;0;0;0;0;0;0;0;0;0;0;0;0;0;0;0;0;0;0;0;0;0;0;0;0;0;0;0;0;0;0;0;0;0;0;0;0;0;0;0;0;0;0;0;0;0;0;0;0;0;0;0;0;0;0;1;0;0;0;0;0;0;0;0;0;0;0;0;0;0;0;0
388;1;3;EV37;3;POS;donepezil;0;0;0;0;0;0;0;0;0;0;0;0;0;0;0;0;0;0;0;0;0;0;0;0;0;0;0;0;0;0;0;0;1;0;0;0;0;0;0;0;0;0;0;0;0;0;0;0;0;0;0;0;0;0;0;0;0;0;0;0;0;0;0;0;0;0;0;0;0;0;0;0;0;0;0;0;0;0;0;0;0;0;0;0;0;0;0;0;0;0;0;0;0;0;0;0;0;0;0;0;1;0;0;0;0;0;0;0;0;0;0;0;0;0;0;0;0
560;1;4;EV37;3;POS;donepezil;0;0;0;0;0;0;0;0;0;0;0;0;0;0;0;0;0;0;0;0;0;0;0;0;0;0;0;0;0;0;0;0;1;0;0;0;0;0;0;0;0;0;0;0;0;0;0;0;0;0;0;0;0;0;0;0;0;0;0;0;0;0;0;0;0;0;0;0;0;0;0;0;0;0;0;0;0;0;0;0;0;0;0;0;0;0;0;0;0;0;0;0;0;0;0;0;0;0;0;0;1;0;0;0;1;0;0;0;0;0;0;0;0;0;0;0;0
732;1;6;EV37;3;POS;donepezil;0;0;0;0;0;0;0;0;0;0;0;0;0;0;0;0;0;0;0;0;0;0;0;0;0;0;0;0;0;0;0;0;0;0;0;0;0;0;0;0;0;0;0;0;0;0;0;0;0;0;0;0;0;0;0;0;0;0;0;0;0;0;0;0;0;0;0;0;0;0;0;0;0;0;0;0;0;0;0;0;0;0;0;0;0;0;0;0;0;0;0;0;0;0;0;0;0;0;0;0;0;0;0;0;0;0;0;0;0;0;0;0;0;0;0;0;0
904;1;7;EV37;3;POS;donepezil;0;0;0;0;0;0;0;0;0;0;0;0;0;0;0;0;0;0;0;0;0;0;0;0;0;0;0;0;0;0;0;0;0;0;0;0;0;0;0;0;0;0;0;0;0;0;0;0;0;0;0;0;0;0;0;0;0;0;0;0;0;0;0;0;0;0;0;0;0;0;0;0;0;0;0;0;0;0;0;0;0;0;0;0;0;0;0;0;0;0;0;0;0;0;0;0;0;0;0;0;0;0;0;0;0;0;0;0;0;0;0;0;0;0;0;0;0
1076;1;8;EV37;3;POS;donepezil;0;0;0;0;0;0;0;0;0;0;0;0;0;0;0;0;0;0;0;0;0;0;0;0;0;0;0;0;0;0;0;0;0;0;0;0;0;0;0;0;0;0;0;0;0;0;0;0;0;0;0;0;0;0;0;0;0;0;0;0;0;0;0;0;0;0;0;0;0;0;0;0;0;0;0;0;0;0;0;0;0;0;0;0;0;0;0;0;0;0;0;0;0;0;0;0;0;0;0;0;0;0;0;0;0;0;0;0;0;0;0;0;0;0;0;0;0
45;1;1;EV37;3;POS;doxorubicin;0;0;0;0;0;0;0;0;0;0;0;0;0;0;0;0;0;0;0;1;0;0;0;0;0;0;0;0;0;1;1;0;0;0;0;0;0;0;0;0;0;0;0;0;0;0;0;0;0;0;0;0;0;0;0;0;0;0;0;0;0;0;0;0;0;0;0;0;0;0;0;0;0;0;0;0;0;0;0;0;0;0;0;0;0;0;0;0;0;0;0;0;0;0;0;0;0;0;0;0;1;0;0;0;0;0;0;0;0;0;0;0;0;0;0;0;0
217;1;2;EV37;3;POS;doxorubicin;0;0;0;0;0;0;0;0;0;0;0;0;0;0;0;0;0;0;0;0;0;0;0;0;0;0;0;0;0;0;0;0;0;0;0;0;0;0;0;0;0;0;0;0;0;0;0;0;0;0;0;0;0;0;0;0;0;0;0;0;0;0;0;0;0;0;2;0;0;0;0;0;0;0;0;0;0;0;0;0;0;0;0;0;0;0;0;0;0;0;0;0;0;0;0;0;0;0;0;0;2;0;0;0;0;0;0;0;0;0;0;0;0;0;0;0;0
389;1;3;EV37;3;POS;doxorubicin;0;0;0;0;0;0;0;0;0;0;0;0;0;0;0;0;0;0;0;0;0;0;0;0;0;1;0;0;0;0;0;0;2;0;0;0;0;0;0;0;0;0;0;0;0;0;0;0;0;0;0;0;0;0;0;0;0;0;0;0;0;0;0;0;0;0;0;0;0;0;0;0;0;0;0;0;0;0;0;0;0;0;0;0;0;0;0;0;0;0;0;0;0;0;0;0;0;0;0;0;2;0;0;0;0;0;0;0;0;0;0;0;0;0;0;0;0
561;1;4;EV37;3;POS;doxorubicin;0;0;0;0;0;0;0;0;0;0;0;0;0;0;0;0;0;0;0;0;0;0;0;0;0;1;0;0;0;0;0;0;1;0;0;0;0;0;0;0;0;0;0;0;0;0;0;0;0;0;0;0;0;0;0;0;0;0;0;0;0;0;0;0;0;0;0;0;0;0;0;0;0;0;0;0;0;0;0;0;0;0;0;0;0;0;0;0;0;0;0;0;0;0;0;0;0;0;0;0;1;0;0;0;1;0;0;0;0;0;0;0;0;0;0;0;0
733;1;6;EV37;3;POS;doxorubicin;0;0;0;0;0;0;0;0;0;0;0;0;0;0;0;0;0;0;0;0;0;0;0;0;0;0;0;0;0;0;0;0;0;0;0;0;0;0;0;0;0;0;0;0;0;0;0;0;0;0;0;0;0;0;0;0;0;0;0;0;0;0;0;0;0;0;2;0;0;0;0;0;0;0;0;0;0;0;0;0;0;0;0;0;0;0;0;0;0;0;0;0;0;0;0;0;0;0;0;0;2;0;0;0;1;0;0;0;0;0;0;0;0;0;0;0;0
905;1;7;EV37;3;POS;doxorubicin;0;0;0;0;0;0;0;0;0;0;0;0;0;0;0;0;0;0;0;0;0;0;0;0;0;0;0;0;0;0;0;0;0;0;0;0;0;0;0;0;0;0;0;0;0;0;0;0;0;0;0;0;0;0;0;0;0;0;0;0;0;0;0;0;0;0;2;0;0;0;0;0;0;0;0;0;0;0;0;0;0;0;0;0;0;0;0;0;0;0;0;0;0;0;0;0;0;0;0;0;2;0;0;0;0;0;0;0;0;0;0;0;0;0;0;1;0
1077;1;8;EV37;3;POS;doxorubicin;0;0;0;0;0;0;0;0;0;0;0;0;0;0;0;0;0;0;0;0;0;0;0;0;0;0;0;0;0;0;0;0;0;0;0;0;0;0;0;0;0;0;0;0;0;0;0;0;0;0;0;0;0;0;0;0;0;0;0;0;0;0;0;0;0;0;0;0;0;0;0;0;0;0;0;0;0;0;0;0;0;0;0;0;0;0;0;0;0;0;0;0;0;0;0;0;0;0;0;0;0;0;0;0;0;0;0;0;0;0;0;0;0;0;0;0;0
53;1;1;EV37;3;POS;estradiol;0;0;0;0;0;0;0;0;0;0;0;0;0;0;0;0;0;0;0;0;0;0;0;0;0;0;0;0;0;0;0;0;1;0;0;0;0;0;0;0;0;0;0;0;0;0;0;0;0;0;0;0;0;0;0;0;0;0;0;0;0;0;0;0;0;0;0;0;0;0;0;0;0;0;0;1;0;0;0;0;0;0;0;0;0;0;0;0;0;0;0;0;0;0;0;0;1;0;0;0;0;0;0;0;0;0;0;0;0;0;0;0;0;0;0;0;0
225;1;2;EV37;3;POS;estradiol;0;0;0;0;0;0;0;0;0;0;0;0;0;0;0;0;0;0;0;0;0;0;0;0;0;0;0;0;0;0;0;0;0;0;0;0;0;0;0;0;0;0;0;0;0;0;0;0;0;0;0;0;0;0;0;0;0;0;0;0;0;0;0;0;0;0;0;0;0;0;0;0;0;0;0;0;0;0;0;0;0;0;0;0;0;0;0;0;0;0;0;0;0;0;0;0;0;0;0;0;0;0;0;0;0;0;0;0;0;0;0;0;0;0;0;0;0
397;1;3;EV37;3;POS;estradiol;0;0;0;0;0;0;0;0;0;0;0;0;0;0;0;0;0;0;0;0;0;0;0;0;0;0;0;0;0;0;0;0;0;0;0;0;0;0;0;0;0;0;0;0;0;0;0;0;0;0;0;0;0;0;0;0;0;0;0;0;0;0;0;0;0;0;0;0;0;0;0;0;0;0;0;0;0;0;0;0;0;0;0;0;0;0;0;0;0;0;0;0;0;0;0;0;0;0;0;0;0;0;0;0;0;0;0;0;0;0;0;0;0;0;0;0;0
569;1;4;EV37;3;POS;estradiol;0;0;0;0;0;0;0;0;0;0;0;0;0;0;0;0;0;0;0;0;0;0;0;0;0;0;0;0;0;0;0;0;0;0;0;0;0;0;0;0;0;0;0;0;0;0;0;0;0;0;0;0;0;0;0;0;0;0;0;0;0;0;0;0;0;0;0;0;0;0;0;0;0;0;0;0;0;0;0;0;0;0;0;0;0;0;0;0;0;0;0;0;0;0;0;0;0;0;0;0;0;0;0;0;0;0;0;0;0;0;0;0;0;0;0;0;0
741;1;6;EV37;3;POS;estradiol;0;0;0;0;0;0;0;0;0;0;0;0;0;0;0;0;0;0;0;0;0;0;0;0;0;0;0;0;0;0;0;0;0;0;0;0;0;0;0;0;0;0;0;0;0;0;0;0;0;0;0;0;0;0;0;0;0;0;0;0;0;0;0;0;0;0;0;0;0;0;0;0;0;0;0;0;0;0;0;0;0;0;0;0;0;0;0;0;0;0;0;0;0;0;0;0;0;0;0;0;0;0;0;0;0;0;0;0;0;0;0;0;0;0;0;0;0
913;1;7;EV37;3;POS;estradiol;0;0;0;0;0;0;0;0;0;0;0;0;0;0;0;0;0;0;0;0;0;0;0;0;0;0;0;0;0;0;0;0;0;0;0;0;0;0;0;0;0;0;0;0;0;0;0;0;0;0;0;0;0;0;0;0;0;0;0;0;0;0;0;0;0;0;0;0;0;0;0;0;0;0;0;0;0;0;0;0;0;0;0;0;0;0;0;0;0;0;0;0;0;0;0;0;0;0;0;0;0;0;0;0;0;0;0;0;0;0;0;0;0;0;0;0;0
1085;1;8;EV37;3;POS;estradiol;0;0;0;0;0;0;0;0;0;0;0;0;0;0;0;0;0;0;0;0;0;0;0;0;0;0;0;0;0;0;0;0;0;0;0;0;0;0;0;0;0;0;0;0;0;0;0;0;0;0;0;0;0;0;0;0;0;0;0;0;0;0;0;0;0;0;0;0;0;0;0;0;0;0;0;0;0;0;0;0;0;0;0;0;0;0;0;0;0;0;0;0;0;0;0;0;0;0;0;0;0;0;0;0;0;0;0;0;0;0;0;0;0;0;0;0;0
70;1;1;EV37;3;POS;gabapentin;0;0;0;0;0;0;0;0;0;0;0;0;0;0;0;0;0;0;0;1;1;0;0;0;0;0;0;0;0;0;0;0;0;0;0;0;0;0;0;0;0;0;0;0;0;0;0;0;0;0;0;0;0;0;0;0;0;0;0;0;0;0;0;0;0;0;0;0;0;0;0;0;0;0;0;0;0;0;0;0;0;0;0;0;0;0;0;0;0;0;0;0;0;0;0;0;0;0;0;0;1;0;0;0;0;0;0;0;0;0;0;0;0;0;0;0;0
242;1;2;EV37;3;POS;gabapentin;0;0;0;0;0;0;0;0;0;0;0;0;0;0;0;0;0;0;0;0;0;0;0;0;0;0;0;0;0;0;0;0;2;0;0;0;0;0;0;0;0;0;0;0;0;0;0;0;0;0;0;0;0;0;0;0;0;0;0;0;0;0;0;0;0;0;0;0;0;0;0;0;0;0;0;0;0;0;0;0;0;0;0;0;0;0;0;0;0;0;0;0;0;0;0;0;0;0;0;0;2;0;0;0;0;0;0;0;0;0;0;0;0;0;0;0;0
414;1;3;EV37;3;POS;gabapentin;0;0;0;0;0;0;0;0;0;0;0;0;0;0;0;0;0;0;0;0;0;0;0;0;0;0;0;0;0;0;0;0;2;0;0;0;0;0;0;0;0;0;0;0;0;0;0;0;0;0;0;0;0;0;0;0;0;0;0;0;0;0;0;0;0;0;0;0;0;0;0;0;0;0;0;0;0;0;0;0;0;0;0;0;0;0;0;0;0;0;0;0;0;0;0;0;0;0;0;0;2;0;0;0;0;0;0;0;0;0;0;0;0;0;0;0;0
586;1;4;EV37;3;POS;gabapentin;0;0;0;0;0;0;0;0;0;0;0;0;0;0;0;0;0;0;0;0;0;0;0;0;0;0;0;0;0;0;0;0;1;0;0;0;0;0;0;0;0;0;0;0;0;0;0;0;0;0;0;0;0;0;0;0;0;0;0;0;0;0;0;0;0;0;0;0;0;0;0;0;0;0;0;0;0;0;0;0;0;0;0;0;0;0;0;0;0;0;0;0;0;0;0;0;0;0;0;0;1;0;0;0;1;0;0;0;0;0;0;0;0;0;0;0;0
758;1;6;EV37;3;POS;gabapentin;0;0;0;0;0;0;0;0;0;0;0;0;0;0;0;0;0;0;0;0;0;0;0;0;0;0;0;0;0;0;0;0;2;0;0;0;0;0;0;0;0;0;0;0;0;0;0;0;0;0;0;0;0;0;0;0;0;0;0;0;0;0;0;0;0;0;0;0;0;0;0;0;0;0;0;0;0;0;0;0;0;0;0;0;0;0;0;0;0;0;0;0;0;0;0;0;0;0;0;0;2;0;0;0;1;0;0;0;0;0;0;0;0;0;0;0;0
930;1;7;EV37;3;POS;gabapentin;0;0;0;0;0;0;0;0;0;0;0;0;0;0;0;0;0;0;0;0;0;0;0;0;0;0;0;0;0;0;0;0;2;0;0;0;0;0;0;0;0;0;0;0;0;0;0;0;0;0;0;0;0;0;0;0;0;0;0;0;0;0;0;0;0;0;0;0;0;0;0;0;0;0;0;0;0;0;0;0;0;0;0;0;0;0;0;0;0;0;0;0;0;0;0;0;0;0;0;0;2;0;0;0;0;0;0;0;0;0;0;0;0;0;0;1;0
1102;1;8;EV37;3;POS;gabapentin;0;0;0;0;0;0;0;0;0;0;0;0;0;0;0;0;0;0;0;0;0;0;0;0;0;0;0;0;0;0;0;0;0;0;0;0;0;0;0;0;0;0;0;0;0;0;0;0;0;0;0;0;0;0;0;0;0;0;0;0;0;0;0;0;0;0;0;0;0;0;0;0;0;0;0;0;0;0;0;0;0;0;0;0;0;0;0;0;0;0;0;0;0;0;0;0;0;0;0;0;0;0;0;0;0;0;0;0;0;0;0;0;0;0;0;0;0
87;1;1;EV37;3;POS;leuprolide;0;0;0;2;1;0;0;0;0;0;0;0;0;0;0;0;0;0;0;0;0;0;0;0;0;0;0;0;0;2;0;0;0;0;0;0;0;0;0;0;0;0;0;0;0;0;0;0;0;0;0;0;0;0;0;0;0;0;0;0;0;0;0;0;0;0;0;0;0;0;0;1;0;0;0;0;0;0;0;0;0;0;0;0;0;0;0;0;0;0;0;0;0;0;0;0;0;0;0;0;3;0;0;0;0;0;0;0;0;0;0;0;0;0;0;0;0
259;1;2;EV37;3;POS;leuprolide;0;0;0;1;1;1;0;0;0;0;0;0;0;0;0;0;0;0;0;0;0;0;0;0;0;0;0;0;1;0;0;0;2;1;0;0;0;0;0;0;0;0;0;0;0;0;0;0;0;0;0;0;0;0;0;0;0;0;0;0;0;1;0;0;0;0;2;0;0;0;0;2;0;0;0;1;0;0;0;0;0;0;0;0;0;0;0;0;0;0;0;0;0;0;0;0;0;0;0;0;2;0;0;0;0;0;0;0;0;0;0;0;0;0;0;0;0
431;1;3;EV37;3;POS;leuprolide;0;0;0;1;0;1;0;0;0;0;0;0;0;0;0;0;0;0;0;0;0;0;0;0;0;0;0;0;1;1;0;0;3;1;0;1;0;0;0;0;0;0;0;0;0;0;0;0;0;0;0;0;0;0;0;0;0;0;0;0;0;0;0;0;0;0;2;0;0;0;0;2;0;0;0;0;0;0;0;0;0;0;0;0;0;0;0;0;0;0;0;0;0;0;0;0;0;0;0;1;5;0;0;0;1;0;0;1;0;0;0;0;0;0;0;0;0
603;1;4;EV37;3;POS;leuprolide;1;1;0;1;1;1;0;0;0;0;0;0;0;0;0;0;0;0;0;0;0;0;0;0;0;0;0;0;1;2;0;1;1;1;0;1;0;0;0;0;0;0;0;0;0;0;0;0;0;0;0;0;0;0;0;0;0;0;0;0;0;0;0;0;0;0;1;0;0;0;0;2;0;0;0;0;0;0;0;0;0;0;0;0;0;0;0;0;0;0;0;0;0;0;0;0;0;0;0;0;5;0;0;0;0;0;0;0;0;0;0;0;0;0;0;1;0
775;1;6;EV37;3;POS;leuprolide;0;0;0;3;1;1;0;0;0;0;0;0;0;0;0;0;0;0;0;0;0;0;0;0;0;0;0;0;2;1;0;0;5;2;0;0;0;0;0;0;0;0;0;0;0;0;0;0;0;0;0;0;0;0;0;0;0;0;0;0;0;1;0;0;0;0;6;0;0;0;0;4;0;0;0;2;0;0;1;0;0;0;0;0;0;0;0;0;0;0;0;0;0;0;0;0;0;0;0;0;6;0;0;0;2;0;0;0;0;0;0;0;0;0;0;1;0
947;1;7;EV37;3;POS;leuprolide;1;1;0;0;3;0;0;0;0;0;0;0;0;0;0;0;0;0;0;0;0;0;0;0;0;0;0;0;1;0;0;0;5;0;0;0;0;0;0;0;0;0;0;0;0;0;0;0;0;0;0;0;0;0;0;0;0;0;0;0;0;2;0;0;0;0;8;0;0;0;0;1;0;0;0;5;0;0;1;0;0;0;0;0;0;0;0;0;0;0;0;0;0;0;0;0;0;0;0;0;5;0;0;0;0;0;0;0;0;0;0;0;0;0;0;1;0
1119;1;8;EV37;3;POS;leuprolide;0;0;0;0;0;1;0;0;0;0;0;0;0;0;0;0;0;0;0;0;0;0;0;0;0;0;0;0;0;1;0;0;0;0;0;0;0;0;0;0;0;0;0;0;0;0;0;0;0;0;0;0;0;0;0;0;0;0;0;0;0;0;0;0;0;0;0;0;0;0;0;0;0;0;0;0;0;0;0;0;0;0;0;0;0;0;0;0;0;0;0;0;0;0;0;0;0;0;0;0;1;0;0;0;0;0;0;0;0;0;0;0;0;0;0;0;0
90;1;1;EV37;3;POS;levothyroxine;0;0;0;0;0;0;0;0;0;0;0;0;0;0;0;0;0;0;0;0;0;0;0;0;0;0;0;0;0;0;0;0;0;0;0;0;0;0;0;0;0;0;0;0;0;0;0;0;0;0;0;0;0;0;0;0;0;0;0;0;0;0;0;0;0;0;0;0;0;0;0;0;0;0;0;0;0;0;0;0;0;0;0;0;0;0;0;0;0;0;0;0;0;0;0;0;0;0;0;0;0;0;0;0;0;0;0;0;0;0;0;0;0;0;0;0;0
262;1;2;EV37;3;POS;levothyroxine;0;0;0;0;0;0;0;0;0;0;0;0;0;0;0;0;0;0;0;0;0;0;0;0;0;0;0;0;0;0;0;0;0;0;0;0;0;0;0;0;0;0;0;0;0;0;0;0;0;0;0;0;0;0;0;0;0;0;0;0;0;0;0;0;0;0;0;0;0;0;0;0;0;0;0;0;0;0;0;0;0;0;0;0;0;0;0;0;0;0;0;0;0;0;0;0;0;0;0;0;0;0;0;0;0;0;0;0;0;0;0;0;0;0;0;0;0
434;1;3;EV37;3;POS;levothyroxine;0;0;0;0;0;0;0;0;0;0;0;0;0;0;0;0;0;0;0;0;0;0;0;0;0;0;0;0;0;0;0;0;0;0;0;0;0;0;0;0;0;0;0;0;0;0;0;0;0;0;0;0;0;0;0;0;0;0;0;0;0;0;0;0;0;0;0;0;0;0;0;0;0;0;0;0;0;0;0;0;0;0;0;0;0;0;0;0;0;0;0;0;0;0;0;0;0;0;0;0;0;0;0;0;0;0;0;0;0;0;0;0;0;0;0;0;0
606;1;4;EV37;3;POS;levothyroxine;0;0;0;0;0;0;0;0;0;0;0;0;0;0;0;0;0;0;0;0;0;0;0;0;0;0;0;0;0;0;0;0;0;0;0;0;0;0;0;0;0;0;0;0;0;0;0;0;0;0;0;0;0;0;0;0;0;0;0;0;0;0;0;0;0;0;0;0;0;0;0;0;0;0;0;0;0;0;0;0;0;0;0;0;0;0;0;0;0;0;0;0;0;0;0;0;0;0;0;0;0;0;0;0;0;0;0;0;0;0;0;0;0;0;0;0;0
778;1;6;EV37;3;POS;levothyroxine;0;0;0;0;0;0;0;0;0;0;0;0;0;0;0;0;0;0;0;0;0;0;0;0;0;0;0;0;0;0;0;0;0;0;0;0;0;0;0;0;0;0;0;0;0;0;0;0;0;0;0;0;0;0;0;0;0;0;0;0;0;0;0;0;0;0;0;0;0;0;0;0;0;0;0;0;0;0;0;0;0;0;0;0;0;0;0;0;0;0;0;0;0;0;0;0;0;0;0;0;0;0;0;0;0;0;0;0;0;0;0;0;0;0;0;0;0
950;1;7;EV37;3;POS;levothyroxine;0;0;0;0;0;0;0;0;0;0;0;0;0;0;0;0;0;0;0;0;0;0;0;0;0;0;0;0;0;0;0;0;0;0;0;0;0;0;0;0;0;0;0;0;0;0;0;0;0;0;0;0;0;0;0;0;0;0;0;0;0;0;0;0;0;0;0;0;0;0;0;0;0;0;0;0;0;0;0;0;0;0;0;0;0;0;0;0;0;0;0;0;0;0;0;0;0;0;0;0;0;0;0;0;0;0;0;0;0;0;0;0;0;0;0;0;0
1122;1;8;EV37;3;POS;levothyroxine;0;0;0;0;0;0;0;0;0;0;0;0;0;0;0;0;0;0;0;0;0;0;0;0;0;0;0;0;0;0;0;0;0;0;0;0;0;0;0;0;0;0;0;0;0;0;0;0;0;0;0;0;0;0;0;0;0;0;0;0;0;0;0;0;0;0;0;0;0;0;0;0;0;0;0;0;0;0;0;0;0;0;0;0;0;0;0;0;0;0;0;0;0;0;0;0;0;0;0;0;0;0;0;0;0;0;0;0;0;0;0;0;0;0;0;0;0
93;1;1;EV37;3;POS;memantine;0;0;0;3;0;1;0;0;0;0;0;0;0;0;0;0;0;0;0;0;0;0;0;0;0;0;0;0;0;0;2;0;0;0;0;0;0;0;0;0;2;0;0;0;0;0;0;0;0;0;0;0;0;0;0;0;0;0;0;0;0;1;0;0;0;0;2;0;0;0;0;1;0;0;0;1;0;0;0;0;0;0;0;0;0;0;0;0;0;0;0;0;0;0;0;0;0;0;0;0;5;0;0;0;0;0;0;1;0;0;0;0;0;0;0;0;0
265;1;2;EV37;3;POS;memantine;2;1;0;2;2;2;0;0;0;0;0;1;1;0;0;0;0;0;0;0;0;0;0;0;0;0;0;0;0;0;3;0;2;0;0;0;0;0;0;0;2;0;0;0;0;0;0;0;0;0;0;0;0;0;0;0;0;0;0;0;0;0;0;0;0;0;2;0;0;0;0;2;0;0;0;1;0;0;0;0;0;0;0;0;0;0;0;0;0;0;0;0;0;0;0;0;0;0;0;0;7;0;0;0;1;0;0;0;0;0;0;0;0;0;0;0;0
437;1;3;EV37;3;POS;memantine;2;1;0;2;3;2;0;0;0;0;0;1;1;0;0;0;0;0;0;0;0;0;0;0;0;0;0;0;1;0;2;0;2;0;0;0;0;0;0;0;2;0;0;0;0;0;0;0;0;0;0;0;0;0;0;0;0;0;0;0;0;0;0;0;0;0;3;0;0;0;0;2;0;0;0;0;0;0;0;0;0;0;0;0;0;0;0;0;0;0;0;0;0;0;0;0;0;0;0;0;8;0;0;0;0;0;0;0;0;0;0;0;0;0;0;0;0
609;1;4;EV37;3;POS;memantine;2;0;0;3;1;2;0;0;0;0;0;0;0;0;0;0;0;0;0;0;0;0;0;0;0;0;0;0;0;0;4;0;2;0;0;0;0;0;0;0;2;0;0;0;0;0;0;0;0;0;0;0;0;0;0;0;0;0;0;0;0;1;0;0;0;0;2;0;1;0;0;2;0;0;0;0;1;0;0;0;0;0;0;0;0;0;0;0;0;0;0;0;0;0;0;0;0;0;0;0;6;0;0;0;3;0;0;0;0;0;0;0;0;0;0;1;0
781;1;6;EV37;3;POS;memantine;3;1;0;2;4;4;0;0;0;0;0;2;1;0;0;0;0;0;0;0;0;0;0;0;0;0;0;0;0;0;5;0;4;0;0;0;0;0;0;0;0;0;0;0;0;0;0;0;0;0;0;0;0;0;0;0;0;0;0;0;0;2;0;0;0;0;4;0;0;0;0;4;0;0;0;2;0;0;1;0;0;0;0;0;0;0;0;0;0;0;0;0;0;0;0;0;0;0;0;0;6;0;0;0;1;0;0;0;0;0;0;0;0;0;0;1;0
953;1;7;EV37;3;POS;memantine;1;0;0;2;3;2;0;0;0;0;0;0;0;0;0;0;0;0;0;1;0;0;0;0;0;0;0;0;2;2;6;0;5;0;0;0;0;0;0;0;0;0;0;0;0;0;0;0;0;0;0;0;0;0;0;0;0;0;0;0;0;0;0;2;0;0;3;0;0;0;0;2;0;0;0;3;0;0;1;0;0;0;0;0;0;0;0;0;0;0;0;0;0;0;0;0;0;0;0;0;9;0;0;0;0;0;0;0;0;0;0;0;0;0;0;1;0
1125;1;8;EV37;3;POS;memantine;2;0;0;2;0;0;0;0;0;0;0;0;0;0;0;0;0;0;0;0;0;0;0;0;0;0;0;0;0;0;0;0;1;0;0;0;0;0;0;0;0;0;0;0;0;0;0;0;0;0;0;0;0;0;0;0;0;0;0;0;0;0;0;0;0;0;1;0;1;0;0;0;0;0;0;0;0;0;0;0;0;0;0;0;0;0;0;0;0;0;0;0;0;0;0;0;0;0;0;0;3;0;0;0;0;0;0;0;0;0;0;0;0;0;0;0;0
94;1;1;EV37;3;POS;metformin;0;0;0;0;0;0;0;0;0;0;0;0;0;0;0;0;0;0;0;1;1;0;0;0;0;0;0;0;0;0;0;0;2;0;0;0;0;0;0;0;0;0;0;0;0;0;0;0;0;0;0;0;0;0;0;0;0;0;0;0;0;0;0;0;0;0;0;0;0;0;0;0;0;0;0;1;0;0;0;0;0;0;0;0;0;0;0;0;0;0;0;0;0;0;0;0;1;0;0;0;2;0;0;0;0;0;0;1;0;0;0;0;0;0;0;0;0
266;1;2;EV37;3;POS;metformin;0;0;0;0;0;0;0;0;0;0;0;0;0;0;0;0;0;0;0;0;0;0;0;0;0;0;0;0;0;0;0;0;4;0;0;0;0;0;0;0;0;0;0;0;0;0;0;0;0;0;0;0;0;0;0;0;0;0;0;0;0;0;0;0;0;0;0;0;0;0;0;0;0;0;0;0;0;0;0;0;0;0;0;0;0;0;0;0;0;0;0;0;0;0;0;0;0;0;0;0;3;0;0;0;1;0;0;0;0;0;0;0;0;0;0;0;0
438;1;3;EV37;3;POS;metformin;0;0;0;0;0;0;0;0;0;0;0;0;0;0;0;0;0;0;0;0;0;0;0;0;0;0;0;0;0;0;0;0;4;0;0;0;0;0;0;0;0;0;0;0;0;0;0;0;0;0;0;0;0;0;0;0;0;0;0;0;0;0;0;0;0;0;0;0;0;0;0;0;0;0;0;0;0;0;0;0;0;0;0;0;0;0;0;0;0;0;0;0;0;0;0;0;0;0;0;0;4;0;0;0;0;0;0;0;0;0;0;0;0;0;0;0;0
610;1;4;EV37;3;POS;metformin;0;0;0;0;0;0;0;0;0;0;0;0;0;0;0;0;0;0;0;1;0;0;0;0;0;0;0;0;0;0;0;0;2;0;0;0;0;0;0;0;0;0;0;0;0;0;0;0;0;0;0;0;0;0;0;0;0;0;0;0;0;0;0;0;0;0;0;0;0;0;0;0;0;0;0;0;0;0;0;0;0;0;0;0;0;0;0;0;0;0;0;0;0;0;0;0;0;0;0;0;3;0;0;0;2;0;0;0;0;0;0;0;0;0;0;0;0
782;1;6;EV37;3;POS;metformin;0;0;0;0;0;0;0;0;0;0;0;0;0;0;0;0;0;0;0;0;0;0;0;0;0;0;0;0;0;0;0;0;4;0;0;0;0;0;0;0;0;0;0;0;0;0;0;0;0;0;0;0;0;0;0;0;0;0;0;0;0;0;0;0;0;0;0;0;0;0;0;0;0;0;0;0;0;0;0;0;0;0;0;0;0;0;0;0;0;0;0;0;0;0;0;0;0;0;0;0;4;0;0;0;1;0;0;0;0;0;0;0;0;0;0;0;0
954;1;7;EV37;3;POS;metformin;0;0;0;0;0;0;0;0;0;0;0;0;0;0;0;0;0;0;0;0;0;0;0;0;0;0;0;0;0;0;0;0;4;0;0;0;0;0;0;0;0;0;0;0;0;0;0;0;0;0;0;0;0;0;0;0;0;0;0;0;0;0;0;0;0;0;0;0;0;0;0;0;0;0;0;0;0;0;0;0;0;0;0;0;0;0;0;0;0;0;0;0;0;0;0;0;0;0;0;0;4;0;0;0;0;0;0;0;0;0;0;0;0;0;0;1;0
1126;1;8;EV37;3;POS;metformin;0;0;0;0;0;0;0;0;0;0;0;0;0;0;0;0;0;0;0;0;0;0;0;0;0;0;0;0;0;0;0;0;3;0;0;0;0;0;0;0;0;0;0;0;0;0;0;0;0;0;0;0;0;0;0;0;0;0;0;0;0;0;0;0;0;0;0;0;1;0;0;0;0;0;0;0;0;0;0;0;0;0;0;0;0;0;0;0;0;0;0;0;0;0;0;0;0;0;0;0;3;0;0;0;0;0;0;0;0;0;0;0;0;0;0;0;0
95;1;1;EV37;3;POS;metoprolol;1;0;0;1;1;0;0;0;0;0;0;1;0;0;0;0;0;0;0;1;0;0;0;0;0;0;0;0;1;4;1;0;1;0;0;2;0;0;1;0;2;0;0;0;0;0;0;0;0;0;0;0;0;0;0;0;0;0;0;0;0;1;0;0;0;0;2;0;0;0;0;1;0;0;0;1;0;0;0;0;0;0;0;0;0;0;0;0;0;0;0;0;0;0;0;0;1;0;0;0;7;0;0;0;0;0;0;1;0;0;0;0;0;0;0;0;0
267;1;2;EV37;3;POS;metoprolol;4;1;0;2;2;5;0;0;0;0;0;1;2;0;0;1;0;0;0;1;4;0;1;0;0;0;0;0;3;8;10;0;4;0;0;4;0;0;2;0;2;0;0;0;0;0;0;0;0;0;0;0;0;0;0;0;0;0;0;0;0;0;0;5;0;0;8;0;0;0;0;2;0;0;0;2;0;0;0;0;0;0;0;0;0;0;0;0;0;0;0;0;0;0;0;0;0;0;0;1;25;0;0;0;5;0;0;0;0;0;0;0;0;0;0;0;0
439;1;3;EV37;3;POS;metoprolol;3;2;0;2;1;2;0;0;0;0;0;1;1;0;0;1;0;0;0;0;2;0;1;0;0;0;0;0;2;3;7;0;5;0;0;2;0;0;1;0;3;0;0;0;0;0;0;0;0;0;0;0;0;0;0;0;0;0;0;0;0;0;0;2;0;0;4;0;0;0;0;2;0;0;0;0;0;0;0;0;0;0;0;0;0;0;0;0;0;0;0;0;0;0;0;0;0;0;0;1;15;0;0;0;2;0;0;1;0;0;0;0;0;0;0;1;0
611;1;4;EV37;3;POS;metoprolol;5;3;0;4;3;4;0;0;0;0;0;1;2;0;1;0;0;0;0;1;2;0;0;0;0;0;0;0;2;6;8;1;4;0;0;6;0;0;3;0;3;1;0;0;0;0;0;0;0;0;0;0;0;0;0;0;0;0;0;0;1;2;0;6;0;0;6;0;1;0;0;5;0;0;0;0;0;0;0;0;0;0;0;0;0;0;0;0;0;0;0;0;0;0;0;0;0;0;0;0;23;0;0;0;4;0;0;0;0;0;0;0;0;0;0;1;0
783;1;6;EV37;3;POS;metoprolol;2;1;0;2;2;2;0;0;0;0;0;0;0;0;1;0;0;0;0;0;2;0;0;0;0;0;0;0;1;8;7;0;3;0;0;5;0;0;5;0;0;0;0;0;0;0;0;0;0;0;0;0;0;0;0;0;0;0;0;0;1;2;0;5;0;0;4;0;0;0;0;4;0;0;0;5;0;0;1;0;0;0;0;0;0;0;0;0;0;0;0;0;0;0;0;0;0;0;0;0;14;0;0;0;3;0;0;0;0;0;0;0;0;0;0;1;0
955;1;7;EV37;3;POS;metoprolol;6;1;0;4;2;2;0;0;0;0;0;1;2;0;2;0;0;0;0;0;0;0;0;0;0;0;0;0;2;3;0;0;8;0;0;0;0;0;0;0;0;0;0;0;0;0;0;0;0;0;0;0;0;0;0;0;0;0;0;0;2;3;0;0;0;0;6;0;0;0;0;1;0;0;0;4;0;0;1;0;0;0;0;0;0;0;0;0;0;0;0;0;0;0;0;0;0;0;0;0;14;0;0;0;0;0;0;0;0;0;0;0;0;0;0;1;0
1127;1;8;EV37;3;POS;metoprolol;1;0;0;2;1;0;0;0;0;0;0;1;0;0;0;0;0;0;0;0;0;0;1;0;0;1;0;0;2;0;0;0;4;1;0;1;0;0;0;0;0;0;0;0;0;0;0;0;0;0;0;0;0;0;0;0;0;0;0;0;0;1;0;0;0;0;4;0;1;0;0;1;0;0;0;0;0;0;0;0;0;0;0;0;0;0;0;0;0;0;0;0;0;0;0;0;0;0;0;0;5;0;0;0;0;0;0;0;0;0;0;0;0;0;0;0;0
96;1;1;EV37;3;POS;mexiletine;0;0;0;0;0;0;0;0;0;0;0;0;0;0;0;0;0;0;0;0;0;0;0;0;0;0;0;0;0;0;0;0;0;0;0;0;0;0;0;0;0;0;0;0;0;0;0;0;0;0;0;0;0;0;0;0;0;0;0;0;0;0;0;0;0;0;0;0;0;0;0;0;0;0;0;0;0;0;0;0;0;0;0;0;0;0;0;0;0;0;0;0;0;0;0;0;0;0;0;0;0;0;0;0;0;0;0;0;0;0;0;0;0;0;0;0;0
268;1;2;EV37;3;POS;mexiletine;0;0;0;0;0;0;0;0;0;0;0;0;0;0;0;0;0;0;0;0;0;0;0;0;0;0;0;0;0;0;0;0;1;0;0;0;0;0;0;0;0;0;0;0;0;0;0;0;0;0;0;0;0;0;0;0;0;0;0;0;0;0;0;0;0;0;0;0;0;0;0;0;0;0;0;0;0;0;0;0;0;0;0;0;0;0;0;0;0;0;0;0;0;0;0;0;0;0;0;0;1;0;0;0;0;0;0;0;0;0;0;0;0;0;0;0;0
440;1;3;EV37;3;POS;mexiletine;0;0;0;0;0;0;0;0;0;0;0;0;0;0;0;0;0;0;0;0;0;0;0;0;0;0;0;0;0;0;0;0;1;0;0;0;0;0;0;0;0;0;0;0;0;0;0;0;0;0;0;0;0;0;0;0;0;0;0;0;0;0;0;0;0;0;0;0;0;0;0;0;0;0;0;0;0;0;0;0;0;0;0;0;0;0;0;0;0;0;0;0;0;0;0;0;0;0;0;0;1;0;0;0;0;0;0;0;0;0;0;0;0;0;0;0;0
612;1;4;EV37;3;POS;mexiletine;0;0;0;0;0;0;0;0;0;0;0;0;0;0;0;0;0;0;0;0;0;0;0;0;0;0;0;0;0;0;0;0;0;0;0;0;0;0;0;0;0;0;0;0;0;0;0;0;0;0;0;0;0;0;0;0;0;0;0;0;0;0;0;0;0;0;0;0;0;0;0;0;0;0;0;0;0;0;0;0;0;0;0;0;0;0;0;0;0;0;0;0;0;0;0;0;0;0;0;0;0;0;0;0;0;0;0;0;0;0;0;0;0;0;0;0;0
784;1;6;EV37;3;POS;mexiletine;0;0;0;0;0;0;0;0;0;0;0;0;0;0;0;0;0;0;0;0;0;0;0;0;0;0;0;0;0;0;0;0;2;0;0;0;0;0;0;0;0;0;0;0;0;0;0;0;0;0;0;0;0;0;0;0;0;0;0;0;0;0;0;0;0;0;0;0;0;0;0;0;0;0;0;0;0;0;0;0;0;0;0;0;0;0;0;0;0;0;0;0;0;0;0;0;0;0;0;0;2;0;0;0;1;0;0;0;0;0;0;0;0;0;0;0;0
956;1;7;EV37;3;POS;mexiletine;0;0;0;0;0;0;0;0;0;0;0;0;0;0;0;0;0;0;0;0;0;0;0;0;0;0;0;0;0;0;0;0;2;0;0;0;0;0;0;0;0;0;0;0;0;0;0;0;0;0;0;0;0;0;0;0;0;0;0;0;0;0;0;0;0;0;0;0;0;0;0;0;0;0;0;0;0;0;0;0;0;0;0;0;0;0;0;0;0;0;0;0;0;0;0;0;0;0;0;0;2;0;0;0;0;0;0;0;0;0;0;0;0;0;0;1;0
1128;1;8;EV37;3;POS;mexiletine;0;0;0;0;0;0;0;0;0;0;0;0;0;0;0;0;0;0;0;0;0;0;0;0;0;0;0;0;0;0;0;0;0;0;0;0;0;0;0;0;0;0;0;0;0;0;0;0;0;0;0;0;0;0;0;0;0;0;0;0;0;0;0;0;0;0;0;0;0;0;0;0;0;0;0;0;0;0;0;0;0;0;0;0;0;0;0;0;0;0;0;0;0;0;0;0;0;0;0;0;0;0;0;0;0;0;0;0;0;0;0;0;0;0;0;0;0
102;1;1;EV37;3;POS;milnacipran;0;0;0;0;0;0;0;0;0;0;0;0;0;0;0;0;0;0;0;0;0;0;0;0;0;0;0;0;0;0;0;0;0;0;0;0;0;0;0;0;0;0;0;0;0;0;0;0;0;0;0;0;0;0;0;0;0;0;0;0;0;0;0;0;0;0;0;0;0;0;0;0;0;0;0;0;0;0;0;0;0;0;0;0;0;0;0;0;0;0;0;0;0;0;0;0;0;0;0;0;0;0;0;0;0;0;0;0;0;0;0;0;0;0;0;0;0
274;1;2;EV37;3;POS;milnacipran;0;0;0;0;0;0;0;0;0;0;0;0;0;0;0;0;0;0;0;0;0;0;0;0;0;0;0;0;0;0;0;0;1;0;0;0;0;0;0;0;0;0;0;0;0;0;0;0;0;0;0;0;0;0;0;0;0;0;0;0;0;0;0;0;0;0;0;0;0;0;0;0;0;0;0;0;0;0;0;0;0;0;0;0;0;0;0;0;0;0;0;0;0;0;0;0;0;0;0;0;1;0;0;0;0;0;0;0;0;0;0;0;0;0;0;0;0
446;1;3;EV37;3;POS;milnacipran;0;0;0;0;0;0;0;0;0;0;0;0;0;0;0;0;0;0;0;0;0;0;0;0;0;0;0;0;0;0;0;0;1;0;0;0;0;0;0;0;0;0;0;0;0;0;0;0;0;0;0;0;0;0;0;0;0;0;0;0;0;0;0;0;0;0;0;0;0;0;0;0;0;0;0;0;0;0;0;0;0;0;0;0;0;0;0;0;0;0;0;0;0;0;0;0;0;0;0;0;1;0;0;0;0;0;0;0;0;0;0;0;0;0;0;0;0
618;1;4;EV37;3;POS;milnacipran;0;0;0;0;0;0;0;0;0;0;0;0;0;0;0;0;0;0;0;0;0;0;0;0;0;0;0;0;0;0;0;0;0;0;0;0;0;0;0;0;0;0;0;0;0;0;0;0;0;0;0;0;0;0;0;0;0;0;0;0;0;0;0;0;0;0;0;0;0;0;0;0;0;0;0;0;0;0;0;0;0;0;0;0;0;0;0;0;0;0;0;0;0;0;0;0;0;0;0;0;0;0;0;0;0;0;0;0;0;0;0;0;0;0;0;0;0
790;1;6;EV37;3;POS;milnacipran;0;0;0;0;0;0;0;0;0;0;0;0;0;0;0;0;0;0;0;0;0;0;0;0;0;0;0;0;0;0;0;0;2;0;0;0;0;0;0;0;0;0;0;0;0;0;0;0;0;0;0;0;0;0;0;0;0;0;0;0;0;0;0;0;0;0;0;0;0;0;0;0;0;0;0;0;0;0;0;0;0;0;0;0;0;0;0;0;0;0;0;0;0;0;0;0;0;0;0;0;2;0;0;0;1;0;0;0;0;0;0;0;0;0;0;0;0
962;1;7;EV37;3;POS;milnacipran;0;0;0;0;0;0;0;0;0;0;0;0;0;0;0;0;0;0;0;0;0;0;0;0;0;0;0;0;0;0;0;0;2;0;0;0;0;0;0;0;0;0;0;0;0;0;0;0;0;0;0;0;0;0;0;0;0;0;0;0;0;0;0;0;0;0;0;0;0;0;0;0;0;0;0;0;0;0;0;0;0;0;0;0;0;0;0;0;0;0;0;0;0;0;0;0;0;0;0;0;2;0;0;0;0;0;0;0;0;0;0;0;0;0;0;1;0
1134;1;8;EV37;3;POS;milnacipran;0;0;0;0;0;0;0;0;0;0;0;0;0;0;0;0;0;0;0;0;0;0;0;0;0;0;0;0;0;0;0;0;0;0;0;0;0;0;0;0;0;0;0;0;0;0;0;0;0;0;0;0;0;0;0;0;0;0;0;0;0;0;0;0;0;0;0;0;0;0;0;0;0;0;0;0;0;0;0;0;0;0;0;0;0;0;0;0;0;0;0;0;0;0;0;0;0;0;0;0;0;0;0;0;0;0;0;0;0;0;0;0;0;0;0;0;0
105;1;1;EV37;3;POS;nelarabine;0;0;0;0;0;0;0;0;0;0;0;0;0;0;0;0;0;0;0;0;0;0;0;0;0;0;0;0;0;0;0;0;0;0;0;0;0;0;0;0;0;0;0;0;0;0;0;0;0;0;0;0;0;0;0;0;0;0;0;0;0;0;0;0;0;0;0;0;0;0;0;0;0;0;0;0;0;0;0;0;0;0;0;0;0;0;0;0;0;0;0;0;0;0;0;0;0;0;0;0;0;0;0;0;0;0;0;0;0;0;0;0;0;0;0;0;0
277;1;2;EV37;3;POS;nelarabine;0;0;0;0;1;0;0;0;0;0;0;0;0;0;0;0;0;0;0;0;0;0;0;0;0;0;0;0;0;0;0;0;0;0;0;0;0;0;0;0;0;0;0;0;0;0;0;0;0;0;0;0;0;0;0;0;0;0;0;0;0;0;0;0;0;0;0;0;0;0;0;0;0;0;0;0;0;0;0;0;0;0;0;0;0;0;0;0;0;0;0;0;0;0;0;0;0;0;0;0;1;0;0;0;0;0;0;0;0;0;0;0;0;0;0;0;0
449;1;3;EV37;3;POS;nelarabine;0;0;0;0;1;0;0;0;0;0;0;0;0;0;0;0;0;0;0;0;0;0;0;0;0;0;0;0;0;0;0;0;0;0;0;0;0;0;0;0;0;0;0;0;0;0;0;0;0;0;0;0;0;0;0;0;0;0;0;0;0;0;0;0;0;0;0;0;0;0;0;0;0;0;0;0;0;0;0;0;0;0;0;0;0;0;0;0;0;0;0;0;0;0;0;0;0;0;0;0;1;0;0;0;0;0;0;0;0;0;0;0;0;0;0;0;0
621;1;4;EV37;3;POS;nelarabine;0;0;0;0;0;0;0;0;0;0;0;0;0;0;0;0;0;0;0;0;0;0;0;0;0;0;0;0;0;0;0;0;0;0;0;0;0;0;0;0;0;0;0;0;0;0;0;0;0;0;0;0;0;0;0;0;0;0;0;0;0;0;0;0;0;0;0;0;0;0;0;0;0;0;0;0;0;0;0;0;0;0;0;0;0;0;0;0;0;0;0;0;0;0;0;0;0;0;0;0;0;0;0;0;0;0;0;0;0;0;0;0;0;0;0;0;0
793;1;6;EV37;3;POS;nelarabine;0;0;0;0;2;0;0;0;0;0;0;0;0;0;0;0;0;0;0;0;0;0;0;0;0;0;0;0;0;0;0;0;0;0;0;0;0;0;0;0;0;0;0;0;0;0;0;0;0;0;0;0;0;0;0;0;0;0;0;0;0;0;0;0;0;0;0;0;0;0;0;0;0;0;0;0;0;0;0;0;0;0;0;0;0;0;0;0;0;0;0;0;0;0;0;0;0;0;0;0;2;0;0;0;1;0;0;0;0;0;0;0;0;0;0;0;0
965;1;7;EV37;3;POS;nelarabine;0;0;0;0;2;0;0;0;0;0;0;0;0;0;0;0;0;0;0;0;0;0;0;0;0;0;0;0;0;0;0;0;0;0;0;0;0;0;0;0;0;0;0;0;0;0;0;0;0;0;0;0;0;0;0;0;0;0;0;0;0;0;0;0;0;0;0;0;0;0;0;0;0;0;0;0;0;0;0;0;0;0;0;0;0;0;0;0;0;0;0;0;0;0;0;0;0;0;0;0;2;0;0;0;0;0;0;0;0;0;0;0;0;0;0;1;0
1137;1;8;EV37;3;POS;nelarabine;0;0;0;0;0;0;0;0;0;0;0;0;0;0;0;0;0;0;0;0;0;0;0;0;0;0;0;0;0;0;0;0;0;0;0;0;0;0;0;0;0;0;0;0;0;0;0;0;0;0;0;0;0;0;0;0;0;0;0;0;0;0;0;0;0;0;0;0;0;0;0;0;0;0;0;0;0;0;0;0;0;0;0;0;0;0;0;0;0;0;0;0;0;0;0;0;0;0;0;0;0;0;0;0;0;0;0;0;0;0;0;0;0;0;0;0;0
109;1;1;EV37;3;POS;octreotide;2;0;0;2;0;0;0;0;0;0;0;0;0;0;0;0;0;0;0;0;1;0;0;0;0;0;0;0;0;3;2;0;0;1;0;2;0;0;1;0;2;0;0;0;0;0;0;0;0;0;0;0;0;0;0;0;0;0;0;0;0;0;0;1;0;0;4;0;0;0;0;1;0;0;0;1;0;0;0;0;0;0;0;0;0;0;0;0;0;0;0;0;0;0;0;0;1;0;0;0;10;0;0;0;0;0;0;1;0;0;0;0;0;0;0;0;0
281;1;2;EV37;3;POS;octreotide;5;2;0;1;4;0;0;0;0;0;0;2;2;0;0;1;0;0;1;0;0;0;1;0;0;1;0;0;1;3;4;0;1;5;0;2;0;0;0;0;2;0;0;0;0;0;2;0;0;0;0;0;0;0;1;0;0;0;0;0;0;3;1;2;0;0;8;0;0;0;0;2;0;0;0;2;0;0;0;0;0;0;0;0;0;0;0;0;0;0;0;0;0;0;0;0;0;0;0;0;15;0;0;0;0;0;0;0;0;0;0;0;0;0;0;0;0
453;1;3;EV37;3;POS;octreotide;5;2;0;1;2;1;0;0;0;0;0;1;1;0;1;1;0;0;1;0;0;0;1;0;0;1;0;0;1;5;3;0;2;1;0;3;0;0;1;0;3;0;0;0;0;0;0;0;0;0;0;0;0;0;0;0;0;0;0;0;0;4;1;3;0;0;7;0;0;0;0;3;0;0;0;0;0;0;0;0;0;0;0;0;0;0;0;0;0;0;0;0;0;0;0;0;0;0;0;1;18;0;0;0;1;0;0;1;0;0;0;0;0;0;0;0;0
625;1;4;EV37;3;POS;octreotide;6;1;0;1;2;3;0;0;0;0;0;1;0;0;0;1;0;0;0;0;1;0;1;0;0;2;0;0;1;5;10;1;4;5;0;4;0;0;1;0;4;0;0;0;0;0;1;0;0;0;0;0;0;0;1;0;0;0;0;0;0;4;0;4;0;0;8;1;1;0;0;3;0;0;0;0;0;0;0;0;0;0;0;0;0;0;0;0;0;0;0;0;0;0;0;0;0;0;0;0;26;0;0;0;4;0;0;0;0;0;0;0;0;0;0;1;0
797;1;6;EV37;3;POS;octreotide;6;2;0;2;3;2;1;0;0;0;0;4;3;0;0;2;0;0;2;0;0;0;2;0;0;3;0;0;3;2;6;0;6;9;0;3;0;0;0;0;0;0;0;0;0;0;3;0;0;0;0;0;0;0;2;0;0;0;0;0;0;6;0;2;0;0;12;0;0;0;0;4;0;0;0;4;0;0;1;0;0;0;0;0;0;0;0;0;0;0;0;0;0;0;0;0;0;0;0;0;18;0;0;0;3;0;0;0;0;0;0;0;0;0;0;1;0
969;1;7;EV37;3;POS;octreotide;5;2;0;5;7;3;0;0;0;0;0;4;2;0;0;0;0;0;2;0;0;0;2;0;0;4;0;0;3;2;1;0;4;9;0;1;0;0;1;0;0;0;0;0;0;0;4;0;0;0;0;0;0;0;2;0;0;0;0;0;0;6;0;1;0;0;12;0;0;0;0;2;0;0;0;4;0;0;1;0;0;0;0;0;0;0;0;0;0;0;0;0;0;0;0;0;0;0;0;0;18;0;0;0;0;0;0;0;0;0;0;0;0;0;0;1;0
1141;1;8;EV37;3;POS;octreotide;0;0;0;1;0;0;0;0;0;0;0;0;0;0;0;0;0;0;0;0;0;0;0;0;0;0;0;0;0;0;0;0;0;0;0;0;0;0;0;0;0;0;0;0;0;0;0;0;0;0;0;0;0;0;0;0;0;0;0;0;0;1;0;0;0;0;5;0;1;0;0;1;0;0;0;0;0;0;0;0;0;0;0;0;0;0;0;0;0;0;0;0;0;0;0;0;0;0;0;0;5;0;0;0;0;0;0;0;0;0;0;0;0;0;0;0;0
110;1;1;EV37;3;POS;orlistat;0;0;0;0;0;0;0;0;0;0;0;0;0;0;0;0;0;0;0;0;0;0;0;0;0;0;0;0;0;0;0;0;0;0;0;0;0;0;0;0;0;0;0;0;0;0;0;0;0;0;0;0;0;0;0;0;0;0;0;0;0;0;0;0;0;0;0;0;0;0;0;0;0;0;0;0;0;0;0;0;0;0;0;0;0;0;0;0;0;0;0;0;0;0;0;0;0;0;0;0;0;0;0;0;0;0;0;0;0;0;0;0;0;0;0;0;0
282;1;2;EV37;3;POS;orlistat;0;0;0;0;0;0;0;0;0;0;0;0;0;0;0;0;0;0;0;0;0;0;0;0;0;0;0;0;0;0;0;0;1;0;0;0;0;0;0;0;0;0;0;0;0;0;0;0;0;0;0;0;0;0;0;0;0;0;0;0;0;0;0;0;0;0;0;0;0;0;0;0;0;0;0;0;0;0;0;0;0;0;0;0;0;0;0;0;0;0;0;0;0;0;0;0;0;0;0;0;1;0;0;0;0;0;0;0;0;0;0;0;0;0;0;0;0
454;1;3;EV37;3;POS;orlistat;0;0;0;0;0;0;0;0;0;0;0;0;0;0;0;0;0;0;0;0;0;0;0;0;0;0;0;0;0;0;0;0;1;0;0;0;0;0;0;0;0;0;0;0;0;0;0;0;0;0;0;0;0;0;0;0;0;0;0;0;0;0;0;0;0;0;0;0;0;0;0;0;0;0;0;0;0;0;0;0;0;0;0;0;0;0;0;0;0;0;0;0;0;0;0;0;0;0;0;0;1;0;0;0;0;0;0;0;0;0;0;0;0;0;0;0;0
626;1;4;EV37;3;POS;orlistat;0;0;0;0;0;0;0;0;0;0;0;0;0;0;0;0;0;0;0;0;0;0;0;0;0;0;0;0;0;0;0;0;0;0;0;0;0;0;0;0;0;0;0;0;0;0;0;0;0;0;0;0;0;0;0;0;0;0;0;0;0;0;0;0;0;0;0;0;0;0;0;0;0;0;0;0;0;0;0;0;0;0;0;0;0;0;0;0;0;0;0;0;0;0;0;0;0;0;0;0;0;0;0;0;0;0;0;0;0;0;0;0;0;0;0;0;0
798;1;6;EV37;3;POS;orlistat;0;0;0;0;0;0;0;0;0;0;0;0;0;0;0;0;0;0;0;0;0;0;0;0;0;0;0;0;0;0;0;0;2;0;0;0;0;0;0;0;0;0;0;0;0;0;0;0;0;0;0;0;0;0;0;0;0;0;0;0;0;0;0;0;0;0;0;0;0;0;0;0;0;0;0;0;0;0;0;0;0;0;0;0;0;0;0;0;0;0;0;0;0;0;0;0;0;0;0;0;2;0;0;0;1;0;0;0;0;0;0;0;0;0;0;0;0
970;1;7;EV37;3;POS;orlistat;0;0;0;0;0;0;0;0;0;0;0;0;0;0;0;0;0;0;0;0;0;0;0;0;0;0;0;0;0;0;0;0;2;0;0;0;0;0;0;0;0;0;0;0;0;0;0;0;0;0;0;0;0;0;0;0;0;0;0;0;0;0;0;0;0;0;0;0;0;0;0;0;0;0;0;0;0;0;0;0;0;0;0;0;0;0;0;0;0;0;0;0;0;0;0;0;0;0;0;0;2;0;0;0;0;0;0;0;0;0;0;0;0;0;0;1;0
1142;1;8;EV37;3;POS;orlistat;0;0;0;0;0;0;0;0;0;0;0;0;0;0;0;0;0;0;0;0;0;0;0;0;0;0;0;0;0;0;0;0;0;0;0;0;0;0;0;0;0;0;0;0;0;0;0;0;0;0;0;0;0;0;0;0;0;0;0;0;0;0;0;0;0;0;0;0;0;0;0;0;0;0;0;0;0;0;0;0;0;0;0;0;0;0;0;0;0;0;0;0;0;0;0;0;0;0;0;0;0;0;0;0;0;0;0;0;0;0;0;0;0;0;0;0;0
115;1;1;EV37;3;POS;penicillamine;0;0;0;0;0;0;0;0;0;0;0;0;0;0;0;0;0;0;0;0;0;0;0;0;0;0;0;0;0;0;0;0;0;0;0;0;0;0;0;0;0;0;0;0;0;0;0;0;0;0;0;0;0;0;0;0;0;0;0;0;0;0;0;0;0;0;0;0;0;0;0;0;0;0;0;0;0;0;0;0;0;0;0;0;0;0;0;0;0;0;0;0;0;0;0;0;0;0;0;0;0;0;0;0;0;0;0;0;0;0;0;0;0;0;0;0;0
287;1;2;EV37;3;POS;penicillamine;0;0;0;0;0;0;0;0;0;0;0;0;0;0;0;0;0;0;0;0;0;0;0;0;0;0;0;0;0;0;0;0;0;0;0;0;0;0;0;0;0;0;0;0;0;0;0;0;0;0;0;0;0;0;0;0;0;0;0;0;0;0;0;0;0;0;0;0;0;0;0;0;0;0;0;0;0;0;0;0;0;0;0;0;0;0;0;0;0;0;0;0;0;0;0;0;0;0;0;0;0;0;0;0;0;0;0;0;0;0;0;0;0;0;0;0;0
459;1;3;EV37;3;POS;penicillamine;0;0;0;0;0;0;0;0;0;0;0;0;0;0;0;0;0;0;0;0;0;0;0;0;0;0;0;0;0;0;0;0;0;0;0;0;0;0;0;0;0;0;0;0;0;0;0;0;0;0;0;0;0;0;0;0;0;0;0;0;0;0;0;0;0;0;0;0;0;0;0;0;0;0;0;0;0;0;0;0;0;0;0;0;0;0;0;0;0;0;0;0;0;0;0;0;0;0;0;0;0;0;0;0;0;0;0;0;0;0;0;0;0;0;0;0;0
631;1;4;EV37;3;POS;penicillamine;0;0;0;0;0;0;0;0;0;0;0;0;0;0;0;0;0;0;0;0;0;0;0;0;0;0;0;0;0;0;0;0;0;0;0;0;0;0;0;0;0;0;0;0;0;0;0;0;0;0;0;0;0;0;0;0;0;0;0;0;0;0;0;0;0;0;0;0;0;0;0;0;0;0;0;0;0;0;0;0;0;0;0;0;0;0;0;0;0;0;0;0;0;0;0;0;0;0;0;0;0;0;0;0;0;0;0;0;0;0;0;0;0;0;0;0;0
803;1;6;EV37;3;POS;penicillamine;0;0;0;0;0;0;0;0;0;0;0;0;0;0;0;0;0;0;0;0;0;0;0;0;0;0;0;0;0;0;0;0;0;0;0;0;0;0;0;0;0;0;0;0;0;0;0;0;0;0;0;0;0;0;0;0;0;0;0;0;0;0;0;0;0;0;0;0;0;0;0;0;0;0;0;0;0;0;0;0;0;0;0;0;0;0;0;0;0;0;0;0;0;0;0;0;0;0;0;0;0;0;0;0;0;0;0;0;0;0;0;0;0;0;0;0;0
975;1;7;EV37;3;POS;penicillamine;0;0;0;0;0;0;0;0;0;0;0;0;0;0;0;0;0;0;0;0;0;0;0;0;0;0;0;0;0;0;0;0;0;0;0;0;0;0;0;0;0;0;0;0;0;0;0;0;0;0;0;0;0;0;0;0;0;0;0;0;0;0;0;0;0;0;0;0;0;0;0;0;0;0;0;0;0;0;0;0;0;0;0;0;0;0;0;0;0;0;0;0;0;0;0;0;0;0;0;0;0;0;0;0;0;0;0;0;0;0;0;0;0;0;0;0;0
1147;1;8;EV37;3;POS;penicillamine;0;0;0;0;0;0;0;0;0;0;0;0;0;0;0;0;0;0;0;0;0;0;0;0;0;0;0;0;0;0;0;0;0;0;0;0;0;0;0;0;0;0;0;0;0;0;0;0;0;0;0;0;0;0;0;0;0;0;0;0;0;0;0;0;0;0;0;0;0;0;0;0;0;0;0;0;0;0;0;0;0;0;0;0;0;0;0;0;0;0;0;0;0;0;0;0;0;0;0;0;0;0;0;0;0;0;0;0;0;0;0;0;0;0;0;0;0
121;1;1;EV37;3;POS;pregabalin;0;0;0;1;0;0;0;0;0;0;0;0;0;0;0;0;0;0;0;0;0;0;0;0;0;0;0;0;0;0;0;0;0;0;0;0;0;0;0;0;0;0;0;0;0;0;0;0;0;0;0;0;0;0;0;0;0;0;0;0;0;0;0;0;0;0;0;0;0;0;0;0;0;0;0;0;0;0;0;0;0;0;0;0;0;0;0;0;0;0;0;0;0;0;0;0;0;0;0;0;1;0;0;0;0;0;0;0;0;0;0;0;0;0;0;0;0
293;1;2;EV37;3;POS;pregabalin;0;0;0;1;0;0;0;0;0;0;0;0;0;0;0;0;0;0;0;0;0;0;0;0;0;0;0;0;0;0;0;0;1;0;0;0;0;0;0;0;0;0;0;0;0;0;0;0;0;0;0;0;0;0;0;0;0;0;0;0;0;0;0;0;0;0;1;0;0;0;0;0;0;0;0;0;0;0;0;0;0;0;0;0;0;0;0;0;0;0;0;0;0;0;0;0;0;0;0;0;2;0;0;0;0;0;0;0;0;0;0;0;0;0;0;0;0
465;1;3;EV37;3;POS;pregabalin;0;0;0;2;0;0;0;0;0;0;0;0;0;0;0;0;0;0;0;0;0;0;0;0;0;0;0;0;0;0;0;0;2;0;0;0;0;0;0;0;0;0;0;0;0;0;0;0;0;0;0;0;0;0;0;0;0;0;0;0;0;0;0;0;0;0;1;0;0;0;0;1;0;1;0;0;0;0;0;0;0;0;0;0;0;0;0;0;0;0;0;0;0;0;0;0;0;0;0;0;2;1;0;0;0;0;0;0;0;0;0;0;0;0;0;0;0
637;1;4;EV37;3;POS;pregabalin;0;0;0;0;0;0;0;0;0;0;0;0;0;0;0;0;0;0;0;0;0;0;0;0;0;0;0;0;0;0;0;0;1;0;0;0;0;0;0;0;0;0;0;0;0;0;0;0;0;0;0;0;0;0;0;0;0;0;0;0;0;0;0;0;0;0;0;0;0;0;0;0;0;0;0;0;0;0;0;0;0;0;0;0;0;0;0;0;0;0;0;0;0;0;0;0;0;0;0;0;1;0;0;0;1;0;0;0;0;0;0;0;0;0;0;0;0
809;1;6;EV37;3;POS;pregabalin;0;0;0;0;0;0;0;0;0;0;0;0;0;0;0;0;0;0;0;0;0;0;0;0;0;0;0;0;0;0;0;0;2;0;0;0;0;0;0;0;0;0;0;0;0;0;0;0;0;0;0;0;0;0;0;0;0;0;0;0;0;0;0;0;0;0;2;0;0;0;0;0;0;0;0;0;0;0;0;0;0;0;0;0;0;0;0;0;0;0;0;0;0;0;0;0;0;0;0;0;2;0;0;0;1;0;0;0;0;0;0;0;0;0;0;0;0
981;1;7;EV37;3;POS;pregabalin;0;0;0;0;0;0;0;0;0;0;0;0;0;0;0;0;0;0;0;0;0;0;0;0;0;0;0;0;0;0;0;0;2;0;0;0;0;0;0;0;0;0;0;0;0;0;0;0;0;0;0;0;0;0;0;0;0;0;0;0;0;0;0;0;0;0;2;0;0;0;0;0;0;0;0;0;0;0;0;0;0;0;0;0;0;0;0;0;0;0;0;0;0;0;0;0;0;0;0;0;2;0;0;0;0;0;0;0;0;0;0;0;0;0;0;1;0
1153;1;8;EV37;3;POS;pregabalin;0;0;0;0;0;0;0;0;0;0;0;0;0;0;0;0;0;0;0;0;0;0;0;0;0;0;0;0;0;0;0;0;0;0;0;0;0;0;0;0;0;0;0;0;0;0;0;0;0;0;0;0;0;0;0;0;0;0;0;0;0;0;0;0;0;0;0;0;0;0;0;0;0;0;0;0;0;0;0;0;0;0;0;0;0;0;0;0;0;0;0;0;0;0;0;0;0;0;0;0;0;0;0;0;0;0;0;0;0;0;0;0;0;0;0;0;0
122;1;1;EV37;3;POS;propafenone;0;0;0;2;1;2;1;0;0;0;0;1;0;0;1;0;0;0;1;1;1;0;0;0;0;1;0;0;1;0;4;0;1;0;0;2;0;0;2;0;2;0;0;0;0;0;0;0;0;0;0;0;0;0;0;0;0;0;0;0;0;1;0;1;0;0;1;0;0;0;0;2;0;0;0;1;0;0;0;0;0;0;0;0;0;0;0;0;0;0;0;0;0;0;0;0;1;0;0;0;3;0;0;0;0;0;0;0;0;0;0;0;0;0;0;0;0
294;1;2;EV37;3;POS;propafenone;0;0;0;3;2;3;0;0;0;0;0;3;1;0;0;0;0;0;0;1;0;0;0;0;0;0;0;0;0;0;1;0;0;0;0;0;0;0;0;0;2;0;0;0;0;0;0;0;0;0;0;0;0;1;0;0;0;0;0;0;0;2;0;0;0;0;7;0;0;0;0;2;0;0;0;1;0;0;0;0;0;0;0;0;0;0;0;0;0;0;0;0;0;0;0;0;0;0;0;1;17;0;0;0;4;0;0;0;0;0;0;0;0;0;0;0;0
466;1;3;EV37;3;POS;propafenone;0;0;0;0;1;0;0;0;0;0;0;2;1;0;0;0;0;0;0;0;0;0;0;0;0;0;0;0;4;1;1;0;0;0;0;0;0;0;0;0;2;0;0;0;0;0;0;0;0;0;0;0;0;0;0;0;0;0;0;0;1;0;0;0;0;0;2;0;0;0;0;2;0;0;0;0;0;0;0;0;0;0;0;0;0;0;0;0;0;0;0;0;0;0;0;0;0;0;0;0;9;0;0;0;1;0;0;0;0;0;0;0;0;0;0;0;0
638;1;4;EV37;3;POS;propafenone;1;0;0;0;1;0;0;0;0;0;0;1;1;0;0;0;0;0;0;0;0;0;0;0;0;0;0;0;1;1;2;0;1;0;0;0;0;0;0;0;3;0;0;0;0;0;0;0;0;0;0;0;0;0;0;0;0;0;0;0;0;0;0;2;0;0;2;0;1;0;0;3;0;0;0;0;1;0;0;0;0;0;0;0;0;0;0;0;0;0;0;0;0;0;0;0;0;0;0;0;9;0;0;0;1;0;0;0;0;0;0;0;0;0;0;1;0
810;1;6;EV37;3;POS;propafenone;1;1;0;1;4;0;0;0;0;0;0;2;0;0;1;0;0;0;0;0;1;0;0;0;0;0;0;0;2;1;0;0;0;0;0;0;0;0;0;0;0;0;0;0;0;0;0;0;0;0;0;0;0;0;0;0;0;0;0;0;2;1;0;1;0;0;4;0;0;0;0;4;0;0;0;1;0;0;1;0;0;0;0;0;0;0;0;0;0;0;0;0;0;0;0;0;0;0;0;0;8;0;0;0;1;0;0;0;0;0;0;0;0;0;0;1;0
982;1;7;EV37;3;POS;propafenone;2;0;0;1;2;0;0;0;0;0;0;2;0;0;0;0;0;0;0;0;0;0;0;0;0;0;0;0;1;0;0;0;0;0;0;0;0;0;0;0;0;0;0;0;0;0;0;0;0;0;0;0;0;0;0;0;0;0;0;0;0;2;0;0;0;0;4;0;0;0;0;1;0;0;0;2;0;0;1;0;0;0;0;0;0;0;0;0;0;0;0;0;0;0;0;0;0;0;0;0;8;0;0;0;0;0;0;0;0;0;0;0;0;0;0;1;0
1154;1;8;EV37;3;POS;propafenone;0;0;0;2;1;0;1;0;0;0;0;1;1;0;0;0;0;0;0;0;0;0;0;0;0;1;0;0;1;0;0;0;1;0;0;0;0;0;0;0;0;0;0;0;0;0;0;0;0;0;0;0;0;0;0;0;0;0;0;0;0;0;0;0;0;0;1;0;1;0;0;1;0;0;0;0;0;0;0;0;0;0;0;0;0;0;0;0;0;0;0;0;0;0;0;0;0;0;0;0;2;0;0;0;0;0;0;0;0;0;0;0;0;0;0;0;0
123;1;1;EV37;3;POS;propoxyphene;1;0;0;0;1;1;0;0;0;0;0;0;0;0;0;0;0;0;0;0;0;0;0;0;0;0;0;0;2;0;1;0;0;0;0;0;0;0;0;0;2;0;0;0;0;0;0;0;0;0;0;0;0;0;0;0;0;0;0;0;0;0;0;1;0;0;0;0;0;0;0;1;0;0;0;1;0;0;0;0;0;0;0;0;0;0;0;0;0;0;0;0;0;0;0;0;2;0;0;0;5;0;0;0;0;0;0;1;0;0;0;0;0;0;0;0;0
295;1;2;EV37;3;POS;propoxyphene;1;0;0;0;1;2;0;0;0;0;0;0;1;0;0;0;0;0;0;0;0;0;0;0;0;0;0;0;1;1;2;0;0;0;0;0;0;0;0;0;2;0;0;0;0;0;0;0;0;0;0;0;0;0;0;0;0;0;0;0;0;0;0;3;0;0;1;0;0;0;0;2;0;0;0;0;0;0;0;0;0;0;0;0;0;0;0;0;0;0;0;0;0;0;0;0;0;0;0;0;7;0;0;0;0;0;0;0;0;0;0;0;0;0;0;0;0
467;1;3;EV37;3;POS;propoxyphene;1;0;0;0;0;2;0;0;0;0;0;0;1;0;0;0;0;0;0;0;0;0;0;0;0;0;0;0;0;1;2;0;0;0;0;0;0;0;0;0;3;0;0;0;0;0;0;0;0;0;0;0;0;0;0;0;0;0;0;0;2;0;0;4;0;0;1;0;0;0;0;2;0;0;0;0;0;0;0;0;0;0;0;0;0;0;0;0;0;0;0;0;0;0;0;0;0;0;0;0;8;0;0;0;0;0;0;0;0;0;0;0;0;0;0;1;0
639;1;4;EV37;3;POS;propoxyphene;1;0;0;0;1;3;0;0;0;0;0;0;0;0;0;0;0;0;0;0;0;0;0;0;0;0;0;0;2;2;2;0;0;0;0;1;0;0;1;0;2;0;0;0;0;0;0;0;0;0;0;0;0;0;0;0;0;0;0;0;0;0;0;3;0;0;0;0;1;0;0;2;0;0;0;0;0;0;0;0;0;0;0;0;0;0;0;0;0;0;0;0;0;0;0;0;0;0;0;0;9;0;0;0;3;0;0;0;0;0;0;0;0;0;0;1;0
811;1;6;EV37;3;POS;propoxyphene;1;0;0;0;1;2;0;0;0;0;0;0;2;0;0;0;0;0;0;0;0;0;0;0;0;0;0;0;2;2;2;0;0;0;0;0;0;0;0;0;1;0;0;0;0;0;0;0;0;0;0;0;0;0;0;0;0;0;0;0;0;0;0;4;0;0;1;0;0;0;0;4;0;0;0;0;0;0;1;0;0;0;0;0;0;0;0;0;0;0;0;0;0;0;0;0;0;0;0;0;8;0;0;0;2;0;0;0;0;0;0;0;0;0;0;1;0
983;1;7;EV37;3;POS;propoxyphene;1;0;0;0;2;2;0;0;0;0;0;0;1;0;0;0;0;0;0;0;0;0;0;0;0;0;0;0;4;1;2;0;0;0;0;0;0;0;0;0;2;0;0;0;0;0;0;0;0;0;0;0;0;0;0;0;0;0;0;0;0;0;0;2;0;0;2;0;0;0;0;2;0;0;0;0;0;0;1;0;0;0;0;0;0;0;0;0;0;0;0;0;0;0;0;0;0;0;0;0;8;0;0;0;2;0;0;0;0;0;0;0;0;0;0;1;0
1155;1;8;EV37;3;POS;propoxyphene;0;0;0;0;1;0;0;0;0;0;0;0;0;0;0;0;0;0;0;0;0;0;0;0;0;0;0;0;0;1;1;0;0;0;0;0;0;0;0;0;0;0;0;0;0;0;0;0;0;0;0;0;0;0;0;0;0;0;0;0;0;0;0;1;0;0;0;0;1;0;0;0;0;0;0;0;0;0;0;0;0;0;0;0;0;0;0;0;0;0;0;0;0;0;0;0;0;0;0;0;3;0;0;0;0;0;0;0;0;0;0;0;0;0;0;0;0
134;1;1;EV37;3;POS;ropinirole;0;0;0;1;0;0;0;0;0;0;0;0;0;0;0;0;0;0;0;0;1;0;0;0;0;0;0;0;0;0;1;0;0;0;0;0;0;0;0;0;0;0;0;0;0;0;0;0;0;0;0;0;0;0;0;0;0;0;0;0;0;0;0;0;0;0;0;0;0;0;0;0;0;0;0;0;0;0;0;0;0;0;0;0;0;0;0;0;0;0;0;0;0;0;0;0;0;0;0;0;2;0;0;0;0;0;0;1;0;0;0;0;0;0;0;0;0
306;1;2;EV37;3;POS;ropinirole;0;0;0;1;0;0;0;0;0;0;0;0;0;0;0;0;0;0;0;0;0;0;0;0;0;0;0;0;0;0;0;0;1;0;0;0;0;0;0;0;0;0;0;0;0;0;0;0;0;0;0;0;0;0;0;0;0;0;0;0;0;0;0;0;0;0;1;0;0;0;0;0;0;0;0;0;0;0;0;0;0;0;0;0;0;0;0;0;0;0;0;0;0;0;0;0;0;0;0;0;2;0;0;0;0;0;0;0;0;0;0;0;0;0;0;0;0
478;1;3;EV37;3;POS;ropinirole;0;0;0;2;0;0;0;0;0;0;0;0;0;0;0;0;0;0;0;0;0;0;0;0;0;0;0;0;0;0;0;0;1;0;0;0;0;0;0;0;0;0;0;0;0;0;0;0;0;0;0;0;0;0;0;0;0;0;0;0;0;0;0;0;0;0;1;0;0;0;0;0;0;0;0;0;0;0;0;0;0;0;0;0;0;0;0;0;0;0;0;0;0;0;0;0;0;0;0;0;3;0;0;0;0;0;0;0;0;0;0;0;0;0;0;0;0
650;1;4;EV37;3;POS;ropinirole;0;0;0;2;0;0;0;0;0;0;0;0;0;0;0;0;0;0;0;0;0;0;0;0;0;0;0;0;0;0;0;0;0;0;0;0;0;0;0;0;0;0;0;0;0;0;0;0;0;0;0;0;0;0;0;0;0;0;0;0;0;0;0;0;0;0;1;0;0;0;0;0;0;0;0;0;0;0;0;0;0;0;0;0;0;0;0;0;0;0;0;0;0;0;0;0;0;0;0;0;2;0;0;0;2;0;0;0;0;0;0;0;0;0;0;0;0
822;1;6;EV37;3;POS;ropinirole;0;0;0;1;0;0;0;0;0;0;0;0;0;0;0;0;0;0;0;0;0;0;0;0;0;0;0;0;0;0;0;0;2;0;0;0;0;0;0;0;0;0;0;0;0;0;0;0;0;0;0;0;0;0;0;0;0;0;0;0;0;0;0;0;0;0;0;0;0;0;0;0;0;0;0;0;0;0;0;0;0;0;0;0;0;0;0;0;0;0;0;0;0;0;0;0;0;0;0;0;3;0;0;0;1;0;0;0;0;0;0;0;0;0;0;0;0
994;1;7;EV37;3;POS;ropinirole;0;0;0;1;0;0;0;0;0;0;0;0;0;0;0;0;0;0;0;0;0;0;0;0;0;0;0;0;0;0;0;0;2;0;0;0;0;0;0;0;0;0;0;0;0;0;0;0;0;0;0;0;0;0;1;0;0;0;0;0;0;0;0;0;0;0;0;0;0;0;0;0;0;0;0;0;0;0;0;0;0;0;0;0;0;0;0;0;0;0;0;0;0;0;0;0;0;0;0;0;4;0;0;0;0;0;0;0;0;0;0;0;0;0;0;1;0
1166;1;8;EV37;3;POS;ropinirole;0;0;0;1;0;0;0;0;0;0;0;0;0;0;0;0;0;0;0;0;0;0;0;0;0;0;0;0;0;0;0;0;0;0;0;0;0;0;0;0;0;0;0;0;0;0;0;0;0;0;0;0;0;0;0;0;0;0;0;0;0;0;0;0;0;0;0;0;0;0;0;0;0;0;0;0;0;0;0;0;0;0;0;0;0;0;0;0;0;0;0;0;0;0;0;0;0;0;0;0;1;0;0;0;0;0;0;0;0;0;0;0;0;0;0;0;0
143;1;1;EV37;3;POS;succimer;0;0;0;0;0;0;0;0;0;0;0;0;0;0;0;0;0;0;0;0;0;0;0;0;0;0;0;0;0;0;0;0;0;0;0;0;0;0;0;0;0;0;0;0;0;0;0;0;0;0;0;0;0;0;0;0;0;0;0;0;0;0;0;0;0;0;0;0;0;0;0;0;0;0;0;0;0;0;0;0;0;0;0;0;0;0;0;0;0;0;0;0;0;0;0;0;0;0;0;0;0;0;0;0;0;0;0;0;0;0;0;0;0;0;0;0;0
315;1;2;EV37;3;POS;succimer;0;0;0;0;0;0;0;0;0;0;0;0;0;0;0;0;0;0;0;0;0;0;0;0;0;0;0;0;0;0;0;0;1;0;0;0;0;0;0;0;0;0;0;0;0;0;0;0;0;0;0;0;0;0;0;0;0;0;0;0;0;0;0;0;0;0;0;0;0;0;0;0;0;0;0;0;0;0;0;0;0;0;0;0;0;0;0;0;0;0;0;0;0;0;0;0;0;0;0;0;1;0;0;0;0;0;0;0;0;0;0;0;0;0;0;0;0
487;1;3;EV37;3;POS;succimer;0;0;0;0;0;0;0;0;0;0;0;0;0;0;0;0;0;0;0;0;0;0;0;0;0;0;0;0;0;0;0;0;1;0;0;0;0;0;0;0;0;0;0;0;0;0;0;0;0;0;0;0;0;0;0;0;0;0;0;0;0;0;0;0;0;0;0;0;0;0;0;0;0;0;0;0;0;0;0;0;0;0;0;0;0;0;0;0;0;0;0;0;0;0;0;0;0;0;0;0;1;0;0;0;0;0;0;0;0;0;0;0;0;0;0;0;0
659;1;4;EV37;3;POS;succimer;0;0;0;0;0;0;0;0;0;0;0;0;0;0;0;0;0;0;0;0;0;0;0;0;0;0;0;0;0;0;0;0;0;0;0;0;0;0;0;0;0;0;0;0;0;0;0;0;0;0;0;0;0;0;0;0;0;0;0;0;0;0;0;0;0;0;0;0;0;0;0;0;0;0;0;0;0;0;0;0;0;0;0;0;0;0;0;0;0;0;0;0;0;0;0;0;0;0;0;0;0;0;0;0;0;0;0;0;0;0;0;0;0;0;0;0;0
831;1;6;EV37;3;POS;succimer;0;0;0;0;0;0;0;0;0;0;0;0;0;0;0;0;0;0;0;0;0;0;0;0;0;0;0;0;0;0;0;0;2;0;0;0;0;0;0;0;0;0;0;0;0;0;0;0;0;0;0;0;0;0;0;0;0;0;0;0;0;0;0;0;0;0;0;0;0;0;0;0;0;0;0;0;0;0;0;0;0;0;0;0;0;0;0;0;0;0;0;0;0;0;0;0;0;0;0;0;2;0;0;0;1;0;0;0;0;0;0;0;0;0;0;0;0
1003;1;7;EV37;3;POS;succimer;0;0;0;0;0;0;0;0;0;0;0;0;0;0;0;0;0;0;0;0;0;0;0;0;0;0;0;0;0;0;0;0;2;0;0;0;0;0;0;0;0;0;0;0;0;0;0;0;0;0;0;0;0;0;0;0;0;0;0;0;0;0;0;0;0;0;0;0;0;0;0;0;0;0;0;0;0;0;0;0;0;0;0;0;0;0;0;0;0;0;0;0;0;0;0;0;0;0;0;0;2;0;0;0;0;0;0;0;0;0;0;0;0;0;0;1;0
1175;1;8;EV37;3;POS;succimer;0;0;0;0;0;0;0;0;0;0;0;0;0;0;0;0;0;0;0;0;0;0;0;0;0;0;0;0;0;0;0;0;0;0;0;0;0;0;0;0;0;0;0;0;0;0;0;0;0;0;0;0;0;0;0;0;0;0;0;0;0;0;0;0;0;0;0;0;0;0;0;0;0;0;0;0;0;0;0;0;0;0;0;0;0;0;0;0;0;0;0;0;0;0;0;0;0;0;0;0;0;0;0;0;0;0;0;0;0;0;0;0;0;0;0;0;0
149;1;1;EV37;3;POS;terbutaline;0;0;0;0;1;0;0;0;0;0;0;0;0;0;0;0;0;0;0;1;0;0;0;0;0;0;0;0;2;2;1;0;1;0;0;0;0;0;0;0;2;0;0;0;0;0;0;0;0;0;0;0;0;0;0;0;0;0;0;0;0;0;0;0;0;0;2;0;0;0;0;1;0;0;0;1;0;0;0;0;0;0;0;0;0;0;0;0;0;0;0;0;0;0;0;0;0;0;0;0;7;0;0;0;0;0;0;1;0;0;0;0;0;0;0;0;0
321;1;2;EV37;3;POS;terbutaline;3;1;0;0;1;3;0;0;0;0;0;0;2;0;0;0;0;0;0;2;1;0;0;0;0;0;0;0;3;2;7;1;0;0;0;2;0;0;1;0;4;0;0;0;0;0;0;0;0;0;0;0;0;0;0;0;0;0;0;0;0;0;0;2;0;0;1;0;0;0;0;2;0;0;0;3;0;0;0;0;0;0;0;0;0;0;0;0;0;0;0;0;0;0;0;0;0;0;0;0;13;0;0;0;4;0;0;0;0;0;0;0;0;0;0;0;0
493;1;3;EV37;3;POS;terbutaline;2;2;0;0;0;5;0;1;0;0;0;1;1;0;0;1;0;0;0;1;0;0;0;0;1;0;0;0;1;2;4;1;1;0;0;3;0;0;1;0;2;0;0;0;0;0;0;0;0;0;0;0;0;0;0;0;0;0;0;0;0;0;0;4;0;0;1;0;0;0;0;2;0;0;0;0;0;0;0;0;0;0;0;0;0;0;0;0;0;0;0;0;0;0;0;0;0;0;0;1;13;0;0;0;1;0;0;1;0;0;0;0;0;0;0;1;0
665;1;4;EV37;3;POS;terbutaline;5;3;0;1;1;5;0;0;0;0;0;1;1;0;0;0;0;0;0;1;0;0;0;0;0;0;0;0;1;6;6;1;1;0;0;7;0;0;4;0;3;0;0;0;0;0;0;0;0;0;0;0;0;0;0;0;2;0;0;0;0;0;0;5;0;0;8;2;1;0;0;3;0;0;0;0;0;0;0;0;0;0;0;0;0;0;0;0;0;0;0;0;0;0;0;0;0;0;0;0;24;0;0;0;2;0;0;0;0;0;0;0;0;0;0;1;0
837;1;6;EV37;3;POS;terbutaline;0;0;0;0;0;5;0;0;0;0;0;0;0;0;0;0;0;0;0;0;1;0;0;0;0;0;0;0;1;4;4;2;2;0;0;6;1;0;2;1;0;1;0;0;0;0;0;1;0;0;0;0;1;0;0;0;0;0;0;0;0;0;0;6;0;0;2;0;0;0;0;4;0;0;0;2;0;0;1;0;0;0;0;0;0;0;0;0;0;0;0;0;0;0;0;0;0;0;0;0;9;0;0;0;2;0;0;0;0;0;0;0;0;0;0;1;0
1009;1;7;EV37;3;POS;terbutaline;1;3;0;0;0;6;0;0;0;0;0;0;1;0;0;0;0;0;0;0;2;0;0;0;0;0;0;0;1;5;7;3;4;2;0;4;2;0;2;2;0;2;0;0;0;0;0;2;0;0;0;0;0;0;0;0;0;0;0;0;0;0;0;4;0;0;3;0;0;0;0;2;0;0;0;4;0;0;1;0;0;0;0;0;0;0;0;0;0;0;0;0;0;0;0;0;0;0;0;0;14;0;0;0;0;0;0;0;0;0;0;0;0;0;0;1;0
1181;1;8;EV37;3;POS;terbutaline;0;1;0;0;0;0;0;0;0;0;0;0;0;0;0;0;0;0;0;0;0;0;0;0;0;0;0;0;2;0;0;0;2;0;0;2;0;0;0;0;0;0;0;0;0;0;0;0;0;0;0;0;0;0;0;0;0;0;0;0;0;1;0;0;0;0;1;0;1;0;0;0;0;0;0;0;0;0;0;0;0;0;0;0;0;0;0;0;0;0;0;0;0;0;0;0;0;0;0;0;5;0;0;0;0;0;0;0;0;0;0;0;0;0;0;0;0
160;1;1;EV37;3;POS;triptorelin pamoate;0;0;0;0;0;0;0;0;0;0;0;0;0;0;0;0;0;0;0;0;0;0;0;0;0;0;0;0;0;0;0;0;0;0;0;0;0;0;0;0;0;0;0;0;0;0;0;0;0;0;0;0;0;0;0;0;0;0;0;0;0;0;0;0;0;0;0;0;0;0;0;0;0;0;0;0;0;0;0;0;0;0;0;0;0;0;0;0;0;0;0;0;0;0;0;0;0;0;0;0;0;0;0;0;0;0;0;0;0;0;0;0;0;0;0;0;0
332;1;2;EV37;3;POS;triptorelin pamoate;0;0;0;0;0;0;0;0;0;0;0;0;0;0;0;0;0;0;0;0;0;0;0;0;0;0;0;0;0;0;0;0;0;0;0;0;0;0;0;0;0;0;0;0;0;0;0;0;0;0;0;0;0;0;0;0;0;0;0;0;0;0;0;0;0;0;0;0;0;0;0;0;0;0;0;0;0;0;0;0;0;0;0;0;0;0;0;0;0;0;0;0;0;0;0;0;0;0;0;0;0;0;0;0;0;0;0;0;0;0;0;0;0;0;0;0;0
504;1;3;EV37;3;POS;triptorelin pamoate;0;0;0;0;0;0;0;0;0;0;0;0;0;0;0;0;0;0;0;0;0;0;0;0;0;0;0;0;0;0;0;0;0;0;0;0;0;0;0;0;0;0;0;0;0;0;0;0;0;0;0;0;0;0;0;0;0;0;0;0;0;0;0;0;0;0;0;0;0;0;0;0;0;0;0;0;0;0;0;0;0;0;0;0;0;0;0;0;0;0;0;0;0;0;0;0;0;0;0;0;0;0;0;0;0;0;0;0;0;0;0;0;0;0;0;0;0
676;1;4;EV37;3;POS;triptorelin pamoate;0;0;0;0;0;0;0;0;0;0;0;0;0;0;0;0;0;0;0;0;0;0;0;0;0;0;0;0;0;0;0;0;0;0;0;0;0;0;0;0;0;0;0;0;0;0;0;0;0;0;0;0;0;0;0;0;0;0;0;0;0;0;0;0;0;0;0;0;0;0;0;0;0;0;0;0;0;0;0;0;0;0;0;0;0;0;0;0;0;0;0;0;0;0;0;0;0;0;0;0;0;0;0;0;0;0;0;0;0;0;0;0;0;0;0;0;0
848;1;6;EV37;3;POS;triptorelin pamoate;0;0;0;0;0;0;0;0;0;0;0;0;0;0;0;0;0;0;0;0;0;0;0;0;0;0;0;0;0;0;0;0;0;0;0;0;0;0;0;0;0;0;0;0;0;0;0;0;0;0;0;0;0;0;0;0;0;0;0;0;0;0;0;0;0;0;0;0;0;0;0;0;0;0;0;0;0;0;0;0;0;0;0;0;0;0;0;0;0;0;0;0;0;0;0;0;0;0;0;0;0;0;0;0;0;0;0;0;0;0;0;0;0;0;0;0;0
1020;1;7;EV37;3;POS;triptorelin pamoate;0;0;0;0;0;0;0;0;0;0;0;0;0;0;0;0;0;0;0;0;0;0;0;0;0;0;0;0;0;0;0;0;0;0;0;0;0;0;0;0;0;0;0;0;0;0;0;0;0;0;0;0;0;0;0;0;0;0;0;0;0;0;0;0;0;0;0;0;0;0;0;0;0;0;0;0;0;0;0;0;0;0;0;0;0;0;0;0;0;0;0;0;0;0;0;0;0;0;0;0;0;0;0;0;0;0;0;0;0;0;0;0;0;0;0;0;0
1192;1;8;EV37;3;POS;triptorelin pamoate;0;0;0;0;0;0;0;0;0;0;0;0;0;0;0;0;0;0;0;0;0;0;0;0;0;0;0;0;0;0;0;0;0;0;0;0;0;0;0;0;0;0;0;0;0;0;0;0;0;0;0;0;0;0;0;0;0;0;0;0;0;0;0;0;0;0;0;0;0;0;0;0;0;0;0;0;0;0;0;0;0;0;0;0;0;0;0;0;0;0;0;0;0;0;0;0;0;0;0;0;0;0;0;0;0;0;0;0;0;0;0;0;0;0;0;0;0
163;1;1;EV37;3;POS;valproic acid;2;0;0;0;1;5;0;0;0;0;0;1;0;0;0;0;0;0;0;1;0;0;0;0;0;0;0;0;3;5;3;0;2;2;0;1;0;0;0;0;3;0;0;0;0;0;0;0;0;0;0;0;0;0;1;0;0;0;0;0;0;0;0;5;0;0;2;0;0;0;0;1;0;0;0;2;0;0;0;0;0;0;0;0;0;0;0;0;0;0;0;0;0;0;0;0;2;0;0;0;11;0;0;0;0;0;0;1;0;0;0;0;0;0;0;0;0
335;1;2;EV37;3;POS;valproic acid;4;0;0;0;2;4;0;1;0;0;0;1;1;0;1;0;0;0;0;0;0;1;0;0;0;0;0;0;2;4;2;0;2;3;0;0;0;0;0;0;3;0;0;0;0;0;0;0;0;0;0;0;0;0;1;0;0;0;0;0;1;2;1;5;0;0;6;0;0;0;0;2;0;0;0;3;0;0;0;0;0;0;0;0;0;0;0;0;0;0;0;0;0;0;0;0;0;0;0;1;16;0;0;0;2;0;0;0;0;0;0;0;0;0;0;0;0
507;1;3;EV37;3;POS;valproic acid;4;0;0;0;2;7;0;0;0;0;0;1;0;0;0;0;0;0;0;1;1;0;0;0;0;0;0;0;1;8;12;0;1;2;0;1;0;0;0;0;2;0;0;0;0;0;0;0;0;0;0;0;0;0;1;0;0;2;0;0;1;1;0;13;0;0;2;0;0;0;0;2;0;0;0;0;0;0;0;0;0;0;0;0;0;0;0;0;0;0;0;0;0;0;0;0;0;0;0;1;16;0;0;0;2;0;0;1;0;0;0;0;0;0;0;1;0
679;1;4;EV37;3;POS;valproic acid;6;1;0;0;1;5;0;0;0;0;0;1;0;0;0;0;0;0;0;0;0;0;0;0;0;0;0;0;2;6;8;1;3;2;0;4;0;0;1;0;3;0;0;0;0;0;0;0;0;0;0;0;0;0;1;0;0;0;0;0;1;0;0;6;0;0;5;0;1;0;0;3;0;0;0;0;0;0;0;0;0;0;0;0;0;0;0;0;0;0;0;0;0;0;0;0;0;0;0;0;23;0;0;0;4;0;0;0;0;0;0;0;0;0;0;1;0
851;1;6;EV37;3;POS;valproic acid;4;2;0;0;1;5;0;0;0;0;0;3;1;0;0;0;0;0;0;0;0;0;0;0;0;1;0;0;2;7;10;0;8;9;0;3;0;0;0;0;0;0;0;0;0;0;0;0;0;0;0;0;0;0;0;0;0;1;0;0;0;2;0;5;0;0;10;0;0;0;0;4;0;0;0;7;0;0;1;0;0;0;0;0;0;0;0;0;0;0;0;0;0;0;0;0;0;0;0;0;15;0;0;0;3;0;0;0;0;0;0;0;0;0;0;1;0
1023;1;7;EV37;3;POS;valproic acid;8;1;0;0;8;8;0;0;0;0;0;5;2;0;2;0;0;0;0;1;0;2;0;0;0;0;0;0;6;10;15;0;5;5;0;8;0;0;4;0;0;4;0;0;0;0;0;0;0;0;0;0;0;0;0;0;0;3;0;0;2;2;0;8;0;0;9;0;0;0;0;1;0;0;0;11;0;0;1;0;0;0;0;0;0;0;0;0;0;0;0;0;0;0;0;0;0;0;0;0;19;0;0;0;1;0;0;0;0;0;0;0;0;0;0;1;0
1195;1;8;EV37;3;POS;valproic acid;1;0;0;0;0;2;0;0;0;0;0;1;0;0;0;0;0;0;0;0;0;0;0;0;0;0;0;0;1;2;1;0;2;1;0;2;0;0;0;0;0;0;0;0;0;0;0;0;0;0;0;0;0;0;0;0;0;1;0;0;0;1;0;2;0;0;1;0;1;0;0;0;0;0;0;0;0;0;0;0;0;0;0;0;0;0;0;0;0;0;0;0;0;0;0;0;0;0;0;0;8;0;0;0;0;0;0;0;0;0;0;0;0;0;0;0;0
164;1;1;EV37;3;POS;venlafaxine;1;0;0;2;1;0;0;0;0;0;0;0;0;0;0;0;0;0;0;1;0;0;0;0;0;0;0;0;0;2;2;0;0;0;0;0;0;0;0;0;2;0;0;0;0;0;0;0;1;0;0;0;0;0;0;0;0;0;0;0;1;1;0;1;0;0;2;0;0;0;0;1;0;0;0;0;0;0;0;0;0;0;0;0;0;0;0;0;0;0;0;0;0;0;0;0;0;0;0;0;6;0;0;0;0;0;0;1;0;0;0;0;0;0;0;0;0
336;1;2;EV37;3;POS;venlafaxine;1;0;0;3;0;1;0;0;0;0;0;0;0;0;0;0;0;0;0;0;1;0;0;0;0;0;0;0;0;0;0;0;0;0;0;0;0;0;0;0;2;0;0;0;0;0;0;0;1;0;0;0;0;0;0;0;0;0;0;0;0;0;0;1;0;0;2;0;0;0;0;2;0;0;0;1;0;0;0;0;0;0;0;0;0;0;0;0;0;0;0;0;0;0;0;0;0;0;0;0;5;0;0;0;0;0;0;0;0;0;0;0;0;0;0;0;0
508;1;3;EV37;3;POS;venlafaxine;0;0;0;4;2;2;0;0;0;0;0;0;0;0;0;0;0;0;0;0;1;0;0;0;0;0;0;0;0;1;2;0;0;0;0;1;0;0;0;0;2;0;0;0;0;0;0;0;1;0;0;0;0;0;0;0;0;0;0;0;0;0;0;2;0;0;3;0;0;0;0;2;0;1;0;0;0;0;0;0;0;0;0;0;0;0;0;0;0;0;0;0;0;0;0;0;0;0;0;1;8;1;0;0;1;0;0;1;0;0;0;0;0;0;0;1;0
680;1;4;EV37;3;POS;venlafaxine;1;0;0;3;0;3;0;0;0;0;0;0;0;0;0;0;0;0;0;0;1;0;0;0;0;0;0;0;0;1;4;0;0;0;0;2;0;0;2;0;2;0;0;0;0;0;0;0;1;0;0;0;0;0;0;0;1;0;0;0;0;0;0;3;0;0;2;0;1;0;0;3;0;0;0;0;0;0;0;0;0;0;0;0;0;0;0;0;0;0;0;0;0;0;0;0;0;0;0;0;8;0;0;0;3;0;0;0;0;0;0;0;0;0;0;1;0
852;1;6;EV37;3;POS;venlafaxine;3;0;0;5;0;3;0;0;0;0;0;0;0;0;0;0;0;0;0;0;2;0;0;0;0;0;0;0;0;1;2;0;0;0;0;2;0;0;2;0;0;0;0;0;0;0;0;0;0;0;0;0;0;0;0;0;1;0;0;0;0;0;0;3;0;0;3;0;0;0;0;4;0;0;0;1;0;0;1;0;0;0;0;0;0;0;0;0;0;0;0;0;0;0;0;0;0;0;0;0;8;0;0;0;2;0;0;0;0;0;0;0;0;0;0;1;0
1024;1;7;EV37;3;POS;venlafaxine;2;0;0;4;0;3;0;0;0;0;0;0;0;0;0;0;0;0;0;0;2;0;0;0;0;0;0;0;0;2;0;0;0;0;0;0;0;0;0;0;0;0;0;0;0;0;0;0;0;0;0;0;0;0;0;0;0;0;0;0;0;0;0;2;0;0;3;0;0;0;0;2;0;0;0;4;0;0;1;0;0;0;0;0;0;0;0;0;0;0;0;0;0;0;0;0;0;0;0;0;8;0;0;0;0;0;0;0;0;0;0;0;0;0;0;1;0
1196;1;8;EV37;3;POS;venlafaxine;1;0;0;2;1;0;0;0;0;0;0;0;0;0;0;0;0;0;0;0;0;0;0;0;0;0;0;0;0;0;0;0;0;0;0;0;0;0;0;0;0;0;0;0;0;0;0;0;0;0;0;0;0;0;0;0;0;0;0;0;1;1;0;0;0;0;1;0;0;0;0;0;0;0;0;0;0;0;0;0;0;0;0;0;0;0;0;0;0;0;0;0;0;0;0;0;0;0;0;0;2;0;0;0;0;0;0;0;0;0;0;0;0;0;0;0;0
165;1;1;EV37;3;POS;verapamil;6;0;0;1;4;4;1;0;0;0;0;2;1;0;0;1;0;0;1;2;0;0;1;0;0;2;0;0;2;7;8;0;0;2;0;2;0;0;0;0;2;1;0;0;0;0;0;0;1;0;0;0;0;0;0;0;0;0;0;0;1;3;0;4;0;0;6;0;0;0;0;2;0;0;0;2;0;0;0;0;0;0;0;0;0;0;0;0;0;0;0;0;0;0;0;0;2;0;0;0;13;0;0;0;0;0;0;1;0;0;0;0;0;0;0;0;0
337;1;2;EV37;3;POS;verapamil;9;3;0;1;3;9;0;0;0;0;1;4;3;0;0;0;0;0;2;2;3;0;0;0;0;1;0;0;1;16;16;0;1;1;0;5;0;0;3;0;4;1;0;0;0;0;0;0;2;0;0;0;0;0;0;0;0;0;0;0;0;1;1;6;0;0;10;0;0;0;0;2;0;0;0;3;0;0;0;0;0;0;0;0;0;0;0;0;0;0;0;0;0;0;0;0;0;0;0;1;36;0;0;0;8;0;0;0;0;0;0;0;0;0;0;0;0
509;1;3;EV37;3;POS;verapamil;8;0;0;1;2;12;0;0;0;0;2;2;0;0;0;2;0;0;0;2;5;0;0;0;1;2;0;0;1;11;16;1;0;0;0;4;0;0;2;0;2;0;0;0;0;0;0;0;1;0;0;0;1;0;0;0;0;0;0;0;0;4;1;12;0;0;4;0;0;0;0;3;0;0;0;0;0;0;0;0;0;0;0;0;0;0;0;0;0;0;0;0;0;0;0;0;0;0;0;1;25;0;0;0;3;0;0;1;0;0;0;0;0;0;0;1;0
681;1;4;EV37;3;POS;verapamil;11;2;0;2;4;10;0;0;0;0;1;4;3;0;0;0;0;0;0;2;3;0;1;0;0;3;0;0;2;16;24;1;2;0;0;8;0;0;2;0;3;3;0;0;0;0;0;0;1;0;0;0;0;0;0;0;0;0;0;0;1;3;1;9;0;0;8;0;1;0;0;6;0;0;0;0;1;0;0;0;0;0;0;0;0;0;0;0;0;0;0;0;0;0;0;0;0;0;0;0;39;0;0;0;3;0;0;0;0;0;0;0;0;0;0;1;0
853;1;6;EV37;3;POS;verapamil;4;3;0;1;1;12;0;0;0;0;2;2;1;0;1;0;0;0;0;1;10;0;0;0;1;1;0;0;1;14;27;2;2;1;0;7;0;0;1;0;0;1;0;0;1;0;0;0;0;0;0;0;1;0;0;0;0;0;0;0;0;4;2;14;0;0;11;0;0;0;0;4;0;0;0;9;0;0;1;0;0;0;0;0;0;0;0;0;0;0;0;0;0;0;0;0;0;0;0;0;26;0;0;0;4;0;0;0;0;0;0;0;0;0;0;1;0
1025;1;7;EV37;3;POS;verapamil;13;5;0;2;3;9;0;0;0;0;0;4;3;1;4;0;0;0;0;1;3;0;0;0;1;2;0;0;3;8;11;1;3;3;0;3;0;0;2;0;1;1;0;0;0;0;0;0;1;0;0;0;1;0;0;0;0;0;0;0;0;7;2;7;0;0;14;0;0;0;0;3;0;0;0;7;0;0;1;0;0;0;0;0;0;0;0;0;0;0;0;0;0;0;0;0;0;0;0;0;24;0;0;0;2;0;0;0;0;0;0;0;0;0;0;1;0
1197;1;8;EV37;3;POS;verapamil;3;1;0;1;0;3;0;0;0;0;0;0;0;0;0;0;0;0;0;0;1;0;0;0;0;2;0;0;3;3;3;0;0;0;0;1;0;0;0;0;0;0;0;0;0;0;0;0;0;0;0;0;0;0;0;0;0;0;0;0;0;2;0;1;0;0;4;0;2;0;0;1;0;0;0;0;0;0;0;0;0;0;0;0;0;0;0;0;0;0;0;0;0;0;0;0;0;0;0;0;10;0;0;0;0;0;0;0;0;0;0;0;0;0;0;0;0
166;1;1;EV37;3;POS;vincristine;2;0;0;1;4;1;0;0;0;0;0;1;1;0;0;0;0;0;0;1;0;0;0;0;0;1;0;0;1;1;4;0;1;3;0;3;0;0;3;0;2;0;0;0;0;0;0;0;0;0;0;0;0;0;1;0;0;0;0;0;1;0;0;0;0;0;5;0;0;0;0;1;0;0;0;2;0;0;0;0;0;0;0;0;0;0;0;0;0;0;0;0;0;0;0;0;1;0;0;0;9;0;0;0;0;0;0;1;0;0;0;0;0;0;0;0;0
338;1;2;EV37;3;POS;vincristine;4;1;0;1;4;3;0;0;0;0;0;2;2;1;0;0;0;0;0;1;0;0;0;0;0;2;0;0;3;0;3;0;3;3;0;2;0;0;0;0;2;0;0;0;0;0;0;1;0;0;0;0;0;0;1;0;0;0;0;0;0;1;0;0;0;0;7;0;0;0;0;2;0;0;0;3;0;0;0;0;0;0;0;0;0;0;0;0;0;0;0;0;0;0;0;0;0;0;0;1;13;0;0;0;3;0;0;0;0;0;0;0;0;0;0;0;0
510;1;3;EV37;3;POS;vincristine;4;2;0;2;3;7;0;0;0;0;0;1;0;0;0;0;0;0;0;0;2;0;0;0;0;0;0;0;3;1;6;0;0;2;0;2;0;0;0;0;3;0;0;0;0;0;0;1;0;0;0;0;0;0;0;0;0;1;0;0;1;0;1;2;0;0;2;0;0;0;0;2;0;0;0;0;0;0;0;0;0;0;0;0;0;0;0;0;0;0;0;0;0;0;0;0;0;0;0;1;14;0;0;0;3;0;0;1;0;0;0;0;0;0;0;0;0
682;1;4;EV37;3;POS;vincristine;3;1;0;2;3;13;0;0;0;0;0;2;1;0;1;1;0;0;0;0;1;0;0;0;0;0;0;0;1;5;12;0;0;1;0;6;0;0;1;0;3;0;0;0;0;0;0;2;0;0;0;0;0;0;0;0;0;0;0;0;1;0;2;6;0;0;5;5;1;0;0;3;0;0;0;0;1;0;0;0;0;0;0;0;0;0;0;0;0;0;0;0;0;0;0;0;0;0;0;0;24;0;0;0;3;0;0;0;0;0;0;0;0;0;0;1;0
854;1;6;EV37;3;POS;vincristine;7;0;0;4;4;14;0;0;0;0;1;1;4;1;0;2;0;0;0;0;4;1;0;0;0;5;0;0;4;10;11;0;7;7;0;11;0;0;3;0;0;1;0;0;0;0;0;3;0;0;0;0;0;1;1;0;0;0;0;0;1;1;2;6;0;0;12;4;0;0;0;4;0;0;0;9;0;0;1;0;0;0;0;0;0;0;0;0;0;0;0;0;0;0;0;0;0;0;0;0;21;0;0;0;4;0;0;0;0;0;0;0;0;0;0;1;0
1026;1;7;EV37;3;POS;vincristine;7;2;0;6;15;8;0;0;0;0;1;3;4;2;1;2;0;0;0;0;5;0;0;0;0;7;0;0;8;6;7;0;9;10;0;4;0;0;2;0;1;1;0;0;0;0;0;0;0;0;0;0;0;0;2;0;0;0;0;0;2;2;2;3;0;0;16;3;0;0;0;2;0;0;0;12;0;0;1;0;0;0;0;0;0;0;0;0;0;0;0;0;0;0;0;0;0;0;0;0;23;0;0;0;1;0;0;0;0;0;0;0;0;0;0;1;0
1198;1;8;EV37;3;POS;vincristine;0;0;0;1;2;2;0;0;0;0;0;0;0;0;0;1;0;0;0;0;0;0;0;0;0;0;0;0;1;1;2;0;0;1;0;2;0;0;1;0;0;0;0;0;0;0;0;0;0;0;0;0;0;0;0;0;0;0;0;0;1;0;0;3;0;0;2;1;1;0;0;1;0;0;0;0;0;0;0;0;0;0;0;0;0;0;0;0;0;0;0;0;0;0;0;0;0;0;0;0;6;0;0;0;0;0;0;0;0;0;0;0;0;0;0;0;0
167;1;1;EV37;3;POS;vitamin a;7;4;0;0;3;1;0;0;0;0;0;1;0;1;0;1;0;0;0;1;2;0;0;0;0;0;0;0;1;1;6;0;1;3;0;2;0;0;0;0;3;0;0;0;0;0;1;0;2;0;0;0;0;0;0;0;0;0;0;0;1;2;2;2;0;0;4;0;0;0;0;1;0;0;0;2;0;0;0;0;0;0;0;0;0;0;0;0;0;0;0;0;0;0;0;0;2;0;0;0;14;0;0;0;0;0;0;1;0;0;0;0;0;0;0;0;0
339;1;2;EV37;3;POS;vitamin a;8;4;0;0;3;12;1;0;0;0;1;2;1;1;0;2;0;0;1;1;5;0;0;0;1;0;0;0;3;7;12;0;0;5;0;5;0;0;1;0;3;0;0;0;0;0;1;0;3;0;0;0;0;0;0;0;0;0;0;0;2;6;1;9;0;0;7;0;0;0;0;2;0;0;0;3;0;0;0;0;0;0;0;0;0;0;0;0;0;0;0;0;0;0;0;0;0;0;0;1;24;0;0;0;3;0;0;0;0;0;0;0;0;0;0;0;0
511;1;3;EV37;3;POS;vitamin a;5;5;0;0;3;11;0;0;0;0;1;1;0;1;0;2;0;0;0;2;7;0;0;0;1;0;0;0;2;11;18;1;2;4;0;3;0;0;1;0;2;0;0;0;1;0;1;0;2;0;0;0;0;0;0;0;0;0;0;0;3;4;1;9;0;0;5;0;0;0;0;2;0;1;0;0;0;0;0;0;0;0;0;0;0;0;0;0;0;0;0;0;0;0;0;0;0;0;0;1;25;1;0;0;3;0;0;1;0;0;0;0;0;0;0;2;0
683;1;4;EV37;3;POS;vitamin a;7;4;0;0;4;7;0;0;0;0;0;0;0;1;1;2;0;0;0;1;4;1;0;0;2;0;0;0;0;8;19;1;2;7;0;6;0;0;2;0;7;0;0;0;1;0;3;0;3;0;0;0;0;0;0;0;0;0;0;0;2;6;1;9;0;0;6;0;1;0;0;8;0;0;0;0;1;0;0;0;0;0;0;0;0;0;0;0;0;0;0;0;0;0;0;0;0;0;0;0;33;0;0;0;3;0;0;0;0;0;0;0;0;0;0;1;0
855;1;6;EV37;3;POS;vitamin a;10;5;0;0;6;8;1;0;0;0;0;4;1;0;1;2;0;0;0;1;4;0;0;0;0;1;0;0;3;11;9;1;11;13;0;5;0;0;1;0;0;0;0;0;1;0;2;0;0;0;0;0;0;0;0;0;0;0;0;0;4;8;0;5;0;0;15;0;0;0;0;4;0;0;0;8;0;0;1;0;0;0;0;0;0;0;0;0;0;0;0;0;0;0;0;0;0;0;0;0;25;0;0;0;4;0;0;0;0;0;0;0;0;0;0;1;0
1027;1;7;EV37;3;POS;vitamin a;11;7;0;0;9;11;1;0;0;0;1;6;3;0;0;0;0;0;0;0;7;0;0;0;2;2;0;0;3;8;13;1;6;14;0;4;0;0;1;0;1;0;0;0;1;0;4;0;1;0;0;0;0;0;0;0;0;0;0;0;5;10;2;11;0;0;16;1;0;0;0;4;0;0;0;12;0;0;1;0;0;0;0;0;0;0;0;0;0;0;0;0;0;0;0;0;0;0;0;0;25;0;0;0;3;0;0;0;0;0;0;0;0;0;0;1;0
1199;1;8;EV37;3;POS;vitamin a;4;2;0;0;3;2;0;0;0;0;2;2;0;0;0;0;0;0;0;0;1;0;0;0;0;0;0;0;2;0;2;1;1;3;0;1;0;0;1;0;0;0;0;0;0;0;2;0;0;0;0;0;0;0;0;0;0;0;0;0;2;4;0;2;0;0;3;2;1;0;0;1;0;0;0;0;0;0;0;0;0;0;0;0;0;0;0;0;0;0;0;0;0;0;0;0;0;0;0;0;8;0;0;0;0;0;0;0;0;0;0;0;0;0;0;0;0
1207;2;1;EV37;3;POS;acarbose;0;0;0;0;0;0;0;0;0;0;0;0;0;0;0;0;0;0;0;0;0;0;0;0;0;0;0;0;0;0;0;0;2;0;0;0;0;0;0;0;0;0;0;0;0;0;0;0;0;0;0;0;0;0;0;0;0;0;0;0;0;0;0;0;0;0;0;0;1;0;0;1;0;0;0;0;0;0;1;0;0;0;0;0;0;0;0;0;0;0;0;0;0;0;0;0;0;0;0;0;0;0;0;0;0;0;0;0;0;0;0;0;0;1;1;0;2
1379;2;2;EV37;3;POS;acarbose;0;0;0;0;0;0;0;0;0;0;0;0;0;0;0;0;0;0;0;0;0;0;0;0;0;0;0;0;0;0;0;0;2;0;0;0;0;0;0;0;0;0;0;0;0;0;0;0;0;0;0;0;0;0;0;0;0;0;0;0;0;0;0;0;0;0;0;0;1;0;0;1;0;0;0;0;1;0;0;0;0;0;0;0;0;0;0;0;0;0;0;0;0;0;0;0;0;0;0;0;0;0;0;0;0;0;0;0;0;0;0;0;0;1;1;0;3
1551;2;3;EV37;3;POS;acarbose;0;0;0;0;0;0;0;0;0;0;0;0;0;0;0;0;0;0;0;0;0;0;0;0;0;0;0;0;0;0;0;0;2;0;0;0;0;0;0;0;0;0;0;0;0;0;0;0;0;0;0;0;0;0;0;0;0;0;0;0;0;0;0;0;0;0;0;0;1;1;0;2;0;0;0;0;1;0;0;0;0;0;0;0;0;1;0;1;0;0;0;0;1;0;0;0;0;0;0;0;0;0;0;0;0;0;0;0;0;0;0;0;0;1;1;0;1
1723;2;4;EV37;3;POS;acarbose;0;0;0;0;0;0;0;0;0;0;0;0;0;0;0;0;0;0;0;0;0;0;0;0;0;0;0;0;0;0;0;0;2;0;0;0;0;0;0;0;0;0;0;0;0;0;0;0;0;0;0;0;0;0;0;0;0;0;0;0;0;0;0;0;0;0;0;0;1;1;0;1;0;1;0;0;0;0;0;0;0;0;0;0;0;0;0;0;0;0;0;0;0;0;0;0;1;0;0;0;0;0;0;0;0;0;0;0;0;0;0;0;0;1;2;0;1
1895;2;6;EV37;3;POS;acarbose;0;0;0;0;0;0;0;0;0;0;0;0;0;0;0;0;0;0;0;0;0;0;0;0;0;0;0;0;0;0;0;0;3;0;0;0;0;0;0;0;0;0;0;0;0;0;0;0;0;0;0;0;0;0;0;0;0;0;0;0;0;0;0;0;0;0;0;0;2;1;0;3;0;1;0;1;0;0;2;0;0;1;0;0;1;1;0;1;0;0;0;0;0;0;0;0;1;0;0;0;0;0;0;0;0;0;0;0;0;0;0;0;0;2;2;0;2
2067;2;7;EV37;3;POS;acarbose;0;0;0;0;0;0;0;0;0;0;0;0;0;0;0;0;0;0;0;0;0;0;0;0;0;0;0;0;0;0;0;0;1;0;0;0;0;0;0;0;0;0;0;0;0;0;0;0;0;0;0;0;0;0;1;0;0;0;0;0;0;0;0;0;0;0;0;0;1;0;0;2;0;0;0;1;0;0;1;0;0;0;0;0;0;0;0;1;0;0;0;0;0;0;0;0;0;0;0;0;0;0;0;0;0;0;0;0;0;0;0;0;0;2;0;0;2
2239;2;8;EV37;3;POS;acarbose;1;0;0;0;0;0;0;0;0;0;0;0;0;0;0;0;0;0;0;0;0;0;0;0;0;0;0;0;0;0;0;0;1;0;0;0;0;0;0;0;0;0;0;0;0;0;0;0;0;0;0;0;0;0;0;0;0;0;0;0;0;0;0;0;0;0;0;0;1;0;0;2;0;0;0;0;0;0;1;0;0;0;0;0;1;0;0;0;0;0;0;0;0;0;0;0;0;0;0;0;0;0;0;0;0;0;0;0;0;0;0;0;0;1;0;0;1
1210;2;1;EV37;3;POS;alendronate;0;0;0;0;0;0;0;0;0;0;0;0;0;0;0;0;0;0;0;2;0;0;0;0;0;0;0;0;0;0;0;0;3;0;0;0;0;0;0;0;0;0;0;0;0;0;0;0;0;0;0;0;0;0;0;0;0;0;0;0;0;0;0;0;0;0;0;0;0;0;0;1;0;0;0;0;0;0;0;0;0;0;0;0;0;0;0;0;0;0;0;0;0;0;0;0;3;0;0;0;0;0;0;0;0;0;0;0;0;0;0;0;0;1;0;0;0
1382;2;2;EV37;3;POS;alendronate;0;0;0;0;0;0;0;0;0;0;0;0;0;0;0;0;0;0;0;1;0;0;0;0;0;0;0;0;0;0;0;0;7;0;0;0;0;0;0;0;0;0;0;0;0;0;0;0;0;0;0;0;0;0;0;0;0;0;0;0;0;0;0;0;0;0;2;0;3;1;0;1;0;0;0;0;1;0;0;0;0;0;0;0;0;0;0;0;0;0;0;0;0;0;0;0;7;0;0;0;0;0;0;0;0;0;0;0;0;0;0;0;0;1;0;0;0
1554;2;3;EV37;3;POS;alendronate;0;0;0;0;0;0;0;0;0;0;0;0;0;0;0;0;0;0;0;0;0;0;0;0;0;0;0;0;0;0;0;0;3;0;0;0;0;0;0;0;0;0;0;0;0;0;0;0;0;0;0;0;0;0;0;0;0;0;0;0;0;0;0;0;0;0;0;0;0;0;0;2;0;0;0;0;0;0;0;0;0;0;0;0;0;0;0;0;0;0;0;0;0;0;0;0;0;0;0;0;0;0;0;0;0;0;0;0;0;0;0;0;0;1;0;0;0
1726;2;4;EV37;3;POS;alendronate;0;0;0;0;0;0;0;0;0;0;0;0;0;0;0;0;0;0;0;0;0;0;0;0;0;0;0;0;0;0;0;0;1;0;0;0;0;0;0;0;0;0;0;0;0;0;0;0;0;0;0;0;0;0;0;0;0;0;0;0;0;0;0;0;0;0;0;0;0;0;0;0;0;0;0;0;0;0;0;0;0;0;0;0;0;0;0;0;0;0;0;0;0;0;0;0;1;0;0;0;0;0;0;0;0;0;0;0;0;0;0;0;0;0;0;0;0
1898;2;6;EV37;3;POS;alendronate;0;0;0;0;0;0;0;0;0;0;0;0;0;0;0;0;0;0;0;0;0;0;0;0;0;0;0;0;0;0;0;0;2;0;0;0;0;0;0;0;0;0;0;0;0;0;0;0;0;0;0;0;0;0;0;0;0;0;0;0;0;0;0;0;0;0;0;0;0;0;0;1;0;0;0;0;0;0;1;0;0;0;0;0;0;0;0;0;0;0;0;0;0;0;0;0;2;0;0;0;0;0;0;0;0;0;0;0;0;0;0;0;0;0;0;0;0
2070;2;7;EV37;3;POS;alendronate;0;0;0;0;0;0;0;0;0;0;0;0;0;0;0;0;0;0;0;0;0;0;0;0;0;0;0;0;0;0;0;0;1;0;0;0;0;0;0;0;0;0;0;0;0;0;0;0;0;0;0;0;0;0;0;0;0;0;0;0;0;0;0;0;0;0;0;0;0;0;0;0;0;0;0;0;0;0;0;0;0;0;0;0;0;0;0;0;0;0;0;0;0;0;0;0;1;0;0;0;0;0;0;0;0;0;0;0;0;0;0;0;0;0;0;0;0
2242;2;8;EV37;3;POS;alendronate;0;0;0;0;0;0;0;0;0;0;0;0;0;0;0;0;0;0;0;0;0;0;0;0;0;0;0;0;0;0;0;0;2;0;0;0;0;0;0;0;0;0;0;0;0;0;0;0;0;0;0;0;0;0;0;0;0;0;0;0;0;0;0;0;0;0;0;0;0;1;0;0;0;0;0;0;0;0;0;0;0;0;0;0;0;0;0;0;0;0;0;0;0;0;0;0;1;0;0;0;0;0;0;0;0;0;0;0;0;0;0;0;0;0;0;0;0
1211;2;1;EV37;3;POS;alfuzosin;0;0;0;0;0;0;0;0;0;0;0;0;0;0;0;0;0;0;0;0;0;0;0;0;0;0;0;0;0;0;1;0;2;0;0;0;0;0;0;0;0;0;0;0;0;0;0;0;0;0;0;0;0;0;0;0;0;0;0;0;0;0;0;0;0;0;0;0;1;0;0;1;0;0;0;0;0;0;1;0;0;0;0;0;0;0;0;0;0;0;0;0;0;0;0;0;1;0;0;0;0;0;0;0;0;0;0;0;0;0;0;0;0;1;1;0;2
1383;2;2;EV37;3;POS;alfuzosin;0;0;0;0;0;0;0;0;0;0;0;0;0;0;0;0;0;0;0;0;0;0;0;0;0;1;0;0;0;0;0;0;2;0;0;0;0;0;0;0;0;0;0;0;0;0;0;0;0;0;0;0;0;0;0;0;0;0;0;0;0;0;0;0;0;0;1;0;1;0;0;1;0;0;0;0;1;0;0;0;0;0;0;0;0;0;0;0;0;0;0;0;0;0;0;0;0;0;0;0;0;0;0;0;0;0;0;0;0;0;0;0;0;2;1;0;2
1555;2;3;EV37;3;POS;alfuzosin;0;0;0;0;0;0;0;0;0;0;0;0;0;0;0;0;0;0;0;0;0;0;0;0;0;0;0;0;0;0;0;0;2;0;0;0;0;0;0;0;0;0;0;0;0;0;0;0;0;0;0;0;0;0;0;0;0;0;0;0;0;0;0;0;0;0;0;0;2;1;0;2;0;0;0;0;1;0;0;0;0;0;0;0;0;1;0;1;0;0;0;0;0;0;0;0;0;0;0;0;0;0;0;0;0;0;0;0;0;0;0;0;0;1;2;0;2
1727;2;4;EV37;3;POS;alfuzosin;0;0;0;0;0;0;0;0;0;0;0;0;0;0;0;0;0;0;0;0;0;0;0;0;0;0;0;0;0;0;0;0;1;0;0;0;0;0;0;0;0;0;0;0;0;0;0;0;0;0;0;0;0;0;0;0;0;0;0;0;0;0;0;0;0;0;0;0;1;1;0;1;0;1;0;0;0;0;0;0;0;0;0;0;0;0;0;0;0;0;0;0;0;0;0;0;1;0;0;0;0;0;0;0;0;0;0;0;0;0;0;0;0;1;1;0;1
1899;2;6;EV37;3;POS;alfuzosin;0;0;0;0;0;0;0;0;0;0;0;0;0;0;0;0;0;0;0;0;0;0;0;0;0;0;0;0;0;0;0;0;2;0;0;0;0;0;0;1;0;0;0;0;0;0;0;0;0;0;0;0;0;0;0;0;0;0;0;0;0;0;0;0;0;0;0;0;2;1;0;3;0;1;0;1;0;0;2;0;0;1;0;0;1;1;0;1;0;0;0;0;0;0;0;0;1;0;0;0;0;0;0;0;0;0;0;0;0;0;0;0;0;2;2;0;2
2071;2;7;EV37;3;POS;alfuzosin;0;0;0;0;0;0;0;0;0;0;0;0;0;0;0;0;0;0;0;0;0;0;0;0;0;0;0;0;0;0;0;0;1;0;0;0;0;0;0;0;0;0;0;0;0;0;0;0;0;0;0;0;0;0;1;0;0;0;0;0;0;0;0;0;0;0;0;0;1;0;0;2;0;0;0;1;0;0;1;0;0;0;0;0;0;0;0;1;0;0;0;0;0;0;0;0;0;0;0;0;0;0;0;0;0;0;0;0;0;0;0;0;0;2;0;0;2
2243;2;8;EV37;3;POS;alfuzosin;0;0;0;0;0;0;0;0;0;0;0;0;0;0;0;0;0;0;0;0;0;0;0;0;0;0;0;0;0;0;1;0;1;0;0;0;0;0;0;0;0;0;0;0;0;0;0;0;0;0;0;0;0;0;0;0;0;0;0;0;0;0;0;0;0;0;0;0;1;0;0;1;0;0;0;0;0;0;1;0;0;0;0;0;1;0;0;0;0;0;0;0;0;0;0;0;1;0;0;0;0;0;0;0;0;0;0;0;0;0;0;0;0;1;0;0;1
1215;2;1;EV37;3;POS;amphetamine;71;13;2;0;33;59;0;3;0;0;4;3;4;2;4;5;0;0;0;5;22;0;0;0;7;0;0;0;27;143;135;7;8;16;0;37;1;0;14;1;3;7;0;0;2;0;0;0;0;0;0;0;3;2;2;0;2;2;0;0;4;4;7;113;0;0;15;0;26;8;2;38;0;1;0;5;0;0;4;0;0;0;0;0;0;0;0;3;0;0;0;0;217;0;0;4;58;0;0;0;0;0;0;2;0;0;0;0;0;0;0;0;0;5;15;4;148
1387;2;2;EV37;3;POS;amphetamine;30;17;0;1;39;37;0;1;0;0;2;12;7;1;4;3;0;0;1;1;10;0;0;0;4;1;0;0;36;55;93;3;11;19;0;22;0;0;6;0;5;3;0;0;0;0;1;0;0;0;0;0;1;2;2;0;0;1;0;0;9;2;4;58;0;0;24;1;43;17;0;26;0;0;0;10;5;0;1;0;0;1;0;0;7;0;0;14;0;0;0;0;0;0;0;0;126;0;0;0;0;0;0;15;0;0;0;0;0;0;0;0;0;36;17;7;115
1559;2;3;EV37;3;POS;amphetamine;31;13;0;0;25;47;0;1;0;0;4;4;4;2;3;2;0;1;0;4;21;0;0;0;6;0;0;0;38;75;99;3;8;11;0;28;0;0;8;0;6;4;0;0;1;0;2;0;0;0;0;0;2;6;2;0;0;1;0;0;7;2;3;69;0;0;23;1;43;9;11;79;0;4;0;7;6;0;3;0;0;2;0;0;0;6;0;6;0;0;0;0;86;0;0;42;81;0;0;0;0;0;0;2;0;0;0;0;0;0;0;0;0;16;36;3;104
1731;2;4;EV37;3;POS;amphetamine;14;16;0;0;26;29;0;0;0;0;3;5;4;2;2;2;0;0;0;5;13;0;0;0;5;0;0;0;29;47;109;5;3;11;0;22;0;0;6;0;12;2;0;0;1;0;0;0;1;0;0;0;2;2;2;0;2;0;0;0;3;2;3;58;0;0;12;1;63;18;37;84;0;2;0;28;10;1;9;0;0;0;0;0;2;7;1;4;0;0;0;0;12;0;0;2;78;0;0;0;0;0;0;9;0;0;0;0;0;0;0;0;0;15;33;9;52
1903;2;6;EV37;3;POS;amphetamine;24;15;0;0;36;33;0;1;0;0;0;8;4;0;3;5;0;0;0;4;13;0;1;0;1;1;0;0;28;65;72;1;7;27;0;15;0;0;5;0;8;0;0;0;0;0;4;0;1;0;0;0;1;0;3;0;1;0;0;0;7;3;5;39;0;0;29;0;42;9;37;116;0;1;0;4;4;0;11;0;0;1;0;0;3;3;0;7;0;0;0;0;60;0;0;12;33;0;0;0;0;0;0;3;0;0;0;0;0;0;0;0;0;26;12;2;68
2075;2;7;EV37;3;POS;amphetamine;16;10;0;0;17;18;0;1;0;0;1;5;5;0;5;3;0;0;0;5;10;0;0;0;2;0;0;0;19;73;48;0;5;12;0;13;0;0;6;0;6;1;0;0;0;0;1;0;0;0;0;0;1;1;2;0;0;0;0;0;6;0;2;36;0;0;18;1;16;1;29;54;0;0;0;3;1;0;1;0;0;0;0;0;2;0;0;6;0;0;0;0;56;0;0;7;35;0;0;0;0;0;0;3;0;0;0;0;0;0;0;0;0;11;4;3;52
2247;2;8;EV37;3;POS;amphetamine;23;2;1;0;18;18;0;1;0;0;2;1;1;1;1;1;0;0;0;1;8;0;0;0;2;0;0;0;27;38;41;1;5;9;0;13;0;0;4;0;1;1;0;0;0;0;0;0;0;0;0;0;2;3;0;0;0;1;0;0;3;1;3;34;0;0;16;0;18;3;6;57;0;3;0;3;0;0;5;0;0;0;0;0;1;0;0;0;0;0;0;0;65;0;0;3;19;0;0;0;0;0;0;0;0;0;0;0;0;0;0;0;0;12;2;2;24
1216;2;1;EV37;3;POS;amphotericin b;0;0;0;0;0;0;0;0;0;0;0;0;0;0;0;0;0;0;0;1;0;0;0;0;0;0;0;0;0;0;1;0;7;0;0;0;0;0;0;0;0;0;0;0;0;0;0;0;0;0;0;0;0;0;0;0;0;0;0;0;0;0;0;0;0;0;3;0;2;0;0;3;0;1;0;1;0;0;1;0;0;0;0;0;0;0;0;0;0;0;0;0;1;0;0;1;4;0;0;0;0;0;0;0;0;0;0;0;0;0;0;0;0;2;1;0;2
1388;2;2;EV37;3;POS;amphotericin b;0;0;0;0;0;0;0;0;0;0;0;0;0;0;0;0;0;0;0;2;0;0;0;0;0;0;0;0;0;0;2;0;5;0;0;0;0;0;0;0;0;0;0;0;0;0;0;0;0;0;0;0;0;0;0;0;0;0;0;0;0;0;0;0;0;0;3;0;5;2;0;2;0;0;0;0;2;0;0;0;0;0;0;0;1;0;0;0;0;0;0;0;0;0;0;0;8;0;0;0;0;0;0;0;0;0;0;0;0;0;0;0;0;2;1;0;1
1560;2;3;EV37;3;POS;amphotericin b;0;0;0;0;0;0;0;0;0;0;0;0;0;0;0;0;0;0;0;0;0;0;0;0;0;0;0;0;0;0;1;0;4;0;0;0;0;0;0;0;0;0;0;0;0;0;0;0;0;0;0;0;0;0;0;0;0;0;0;0;0;0;0;0;0;0;2;0;1;2;0;4;0;0;0;1;1;0;0;0;0;0;0;0;0;1;0;1;0;0;0;0;1;0;0;1;1;0;0;0;0;0;0;0;0;0;0;0;0;0;0;0;0;2;1;0;2
1732;2;4;EV37;3;POS;amphotericin b;0;0;0;0;0;0;0;0;0;0;0;0;0;0;0;0;0;0;0;0;0;0;0;0;0;0;0;0;0;0;1;0;1;0;0;0;0;0;0;0;0;0;0;0;0;0;0;0;0;0;0;0;0;0;0;0;0;0;0;0;0;0;0;0;0;0;1;0;1;2;0;1;0;1;0;0;0;0;0;0;0;0;0;0;0;0;0;0;0;0;0;0;0;0;0;0;3;0;0;0;0;0;0;0;0;0;0;0;0;0;0;0;0;1;1;0;1
1904;2;6;EV37;3;POS;amphotericin b;0;0;0;0;0;0;0;0;0;0;0;0;0;0;0;0;0;0;0;0;0;0;0;0;0;0;0;0;0;0;2;1;3;0;0;0;0;0;0;0;0;0;0;0;0;0;0;0;0;0;0;0;0;0;0;0;0;0;0;0;0;0;0;0;0;0;4;0;3;1;0;5;0;1;0;1;0;0;3;0;0;1;0;0;1;1;1;3;0;0;0;0;1;0;0;2;4;0;0;0;0;0;0;0;0;0;0;0;0;0;0;0;0;2;2;1;6
2076;2;7;EV37;3;POS;amphotericin b;0;0;0;0;0;0;0;0;0;0;0;0;0;0;0;0;0;0;0;0;0;0;0;0;0;0;0;0;0;0;1;0;2;0;0;0;0;0;0;0;0;0;0;0;0;0;0;0;0;0;0;0;0;0;0;0;0;0;0;0;0;0;0;0;0;0;3;0;1;0;0;3;0;0;0;2;0;0;1;0;0;0;0;0;0;0;0;1;0;0;0;0;0;0;0;0;3;0;0;0;0;0;0;0;0;0;0;0;0;0;0;0;0;2;0;1;3
2248;2;8;EV37;3;POS;amphotericin b;0;0;0;0;0;0;0;0;0;0;0;0;0;0;0;0;0;0;0;1;0;0;0;0;0;0;0;0;0;1;0;0;2;0;0;0;0;0;0;0;0;0;0;0;0;0;0;0;0;0;0;0;0;0;0;0;0;0;0;0;0;0;0;0;0;0;2;0;1;1;0;1;0;0;0;0;0;0;1;0;0;0;0;0;1;0;0;0;0;0;0;0;0;0;0;0;1;0;0;0;0;0;0;0;0;0;0;0;0;0;0;0;0;1;0;0;1
1219;2;1;EV37;3;POS;atenolol;0;0;0;0;0;0;0;0;0;0;0;0;0;0;0;0;0;0;0;1;0;0;0;0;0;0;0;0;0;0;0;0;3;0;0;0;0;0;0;0;0;0;0;0;0;0;0;0;0;0;0;0;0;0;0;0;0;0;0;0;0;0;0;0;0;0;2;0;0;0;0;1;0;0;0;0;0;0;0;0;0;0;0;0;0;0;0;0;0;0;0;0;0;0;0;0;3;0;0;0;0;0;0;0;0;0;0;0;0;0;0;0;0;1;0;0;0
1391;2;2;EV37;3;POS;atenolol;0;0;0;0;0;0;0;0;0;0;0;0;0;0;0;0;0;0;0;3;0;0;0;0;0;0;0;0;0;0;0;0;6;0;0;0;0;0;0;0;0;0;0;0;0;0;0;0;0;0;0;0;0;0;0;0;0;0;0;0;0;0;0;0;0;0;4;0;3;1;0;1;0;0;0;1;1;0;0;0;0;0;0;0;0;0;0;0;0;0;0;0;0;0;0;0;8;0;0;0;0;0;0;0;0;0;0;0;0;0;0;0;0;1;0;0;0
1563;2;3;EV37;3;POS;atenolol;0;0;0;0;0;0;0;0;0;0;0;0;0;0;0;0;0;0;0;0;0;0;0;0;0;0;0;0;0;0;0;0;2;0;0;0;0;0;0;0;0;0;0;0;0;0;0;0;0;0;0;0;0;0;0;0;0;0;0;0;0;0;0;0;0;0;1;0;0;0;0;2;0;0;0;0;0;0;0;0;0;0;0;0;0;0;0;0;0;0;0;0;0;0;0;0;0;0;0;0;0;0;0;0;0;0;0;0;0;0;0;0;0;1;0;0;0
1735;2;4;EV37;3;POS;atenolol;0;0;0;0;0;0;0;0;0;0;0;0;0;0;0;0;0;0;0;0;0;0;0;0;0;0;0;0;0;0;0;0;1;0;0;0;0;0;0;0;0;0;0;0;0;0;0;0;0;0;0;0;0;0;0;0;0;0;0;0;0;0;0;0;0;0;0;0;0;0;0;0;0;0;0;0;0;0;0;0;0;0;0;0;0;0;0;0;0;0;0;0;0;0;0;0;1;0;0;0;0;0;0;0;0;0;0;0;0;0;0;0;0;0;0;0;0
1907;2;6;EV37;3;POS;atenolol;0;0;0;0;0;0;0;0;0;0;0;0;0;0;0;0;0;0;0;0;0;0;0;0;0;0;0;0;0;0;0;0;2;0;0;0;0;0;0;0;0;0;0;0;0;0;0;0;0;0;0;0;0;0;0;0;0;0;0;0;0;0;0;0;0;0;0;0;0;0;0;1;0;0;0;0;0;0;1;0;0;0;0;0;0;0;0;0;0;0;0;0;0;0;0;0;2;0;0;0;0;0;0;0;0;0;0;0;0;0;0;0;0;0;0;0;0
2079;2;7;EV37;3;POS;atenolol;0;0;0;0;0;0;0;0;0;0;0;0;0;0;0;0;0;0;0;0;0;0;0;0;0;0;0;0;0;0;0;0;1;0;0;0;0;0;0;0;0;0;0;0;0;0;0;0;0;0;0;0;0;0;0;0;0;0;0;0;0;0;0;0;0;0;0;0;0;0;0;0;0;0;0;0;0;0;0;0;0;0;0;0;0;0;0;0;0;0;0;0;0;0;0;0;1;0;0;0;0;0;0;0;0;0;0;0;0;0;0;0;0;0;0;0;0
2251;2;8;EV37;3;POS;atenolol;0;0;0;0;0;0;0;0;0;0;0;0;0;0;0;0;0;0;0;0;0;0;0;0;0;0;0;0;0;0;0;0;1;0;0;0;0;0;0;0;0;0;0;0;0;0;0;0;0;0;0;0;0;0;0;0;0;0;0;0;0;0;0;0;0;0;2;0;0;1;0;0;0;0;0;0;0;0;0;0;0;0;0;0;0;0;0;0;0;0;0;0;0;0;0;0;1;0;0;0;0;0;0;0;0;0;0;0;0;0;0;0;0;0;0;0;0
1220;2;1;EV37;3;POS;atomoxetine;0;0;0;2;0;0;0;0;0;0;0;0;0;0;0;0;0;0;0;0;1;0;0;0;0;0;0;0;0;0;0;0;0;0;0;0;0;0;0;0;0;0;0;0;2;0;0;0;0;0;0;0;0;0;0;0;0;0;0;0;0;0;0;0;0;0;1;0;1;0;0;1;0;0;0;0;0;0;1;0;0;0;0;0;0;0;0;0;0;0;0;0;2;0;0;0;2;0;0;0;0;0;0;0;0;0;0;0;0;0;0;0;0;1;1;0;3
1392;2;2;EV37;3;POS;atomoxetine;1;0;0;1;1;0;0;0;0;0;0;0;0;0;0;0;0;0;0;0;0;0;0;0;0;0;0;0;0;0;0;0;1;1;0;0;0;0;0;0;0;0;0;0;0;0;0;0;0;0;0;0;0;0;0;0;0;0;0;0;1;0;1;0;0;0;3;0;1;0;0;2;0;0;0;0;1;0;1;0;0;0;0;0;0;0;0;0;0;0;0;0;0;0;0;0;2;0;0;0;0;0;0;0;0;0;0;0;0;0;0;0;0;1;1;0;1
1564;2;3;EV37;3;POS;atomoxetine;0;0;0;1;0;0;0;0;0;0;0;0;0;0;0;0;0;0;0;0;0;0;0;0;0;0;0;0;0;0;0;0;0;0;0;0;0;0;0;0;0;0;0;0;0;0;0;0;0;0;0;0;0;0;0;0;0;0;0;0;0;0;0;0;0;0;1;0;2;1;0;1;0;0;0;0;1;0;0;0;0;0;0;0;0;1;0;1;0;0;0;0;0;0;0;0;0;0;0;0;0;0;0;0;0;0;0;0;0;0;0;0;0;1;1;0;1
1736;2;4;EV37;3;POS;atomoxetine;0;0;0;1;0;0;0;0;0;0;0;0;0;0;0;0;0;0;0;0;0;0;0;0;0;0;0;0;0;0;0;0;0;0;0;0;0;0;0;0;0;0;0;0;0;0;0;0;0;0;0;0;0;0;0;0;0;0;0;0;0;0;0;0;0;0;0;0;1;1;0;1;0;1;0;0;0;0;0;0;0;0;0;0;0;0;0;0;0;0;0;0;0;0;0;0;1;0;0;0;0;0;0;0;0;0;0;0;0;0;0;0;0;1;1;0;1
1908;2;6;EV37;3;POS;atomoxetine;0;0;0;2;0;0;0;0;0;0;0;0;0;0;0;0;0;0;0;0;0;0;0;0;0;0;0;0;0;0;0;0;0;0;0;0;0;0;0;0;0;0;0;0;1;0;0;0;0;0;0;0;0;0;0;0;0;0;0;0;0;0;0;0;0;0;1;0;2;1;0;2;0;1;0;1;0;0;2;0;0;1;0;0;1;1;0;1;0;0;0;0;1;0;0;0;2;0;0;0;0;0;0;0;0;0;0;0;0;0;0;0;0;3;2;0;2
2080;2;7;EV37;3;POS;atomoxetine;0;0;0;1;0;0;0;0;0;0;0;0;0;0;0;0;0;0;0;0;0;0;0;0;0;0;0;0;0;0;0;0;0;0;0;0;0;0;0;0;0;0;0;0;1;0;0;0;0;0;0;0;0;0;0;0;0;0;0;0;0;0;0;0;0;0;2;0;1;0;0;2;0;0;0;1;0;0;1;0;0;0;0;0;0;0;0;1;0;0;0;0;2;0;0;0;0;0;0;0;0;0;0;0;0;0;0;0;0;0;0;0;0;2;0;0;3
2252;2;8;EV37;3;POS;atomoxetine;0;0;0;2;0;0;0;0;0;0;0;0;0;0;0;0;0;0;0;0;1;0;0;0;0;0;0;0;0;0;0;0;0;0;0;0;0;0;0;0;0;0;0;0;0;0;0;0;0;0;0;0;0;0;0;0;0;0;0;0;0;0;0;0;0;0;0;0;1;0;0;1;0;0;0;0;0;0;1;0;0;0;0;0;1;0;0;0;0;0;0;0;0;0;0;0;2;0;0;0;0;0;0;0;0;0;0;0;0;0;0;0;0;1;0;0;1
1240;2;1;EV37;3;POS;danazol;2;0;0;0;0;0;0;0;0;0;0;0;0;0;0;0;0;0;0;2;0;0;0;0;0;0;0;0;0;1;0;0;0;0;0;0;0;0;0;0;0;0;0;0;0;0;0;0;0;0;0;0;0;0;0;0;0;0;0;0;0;0;0;0;0;0;3;0;1;0;0;2;0;0;0;0;0;0;1;0;0;0;0;0;0;0;0;0;0;0;0;0;0;0;0;0;3;0;0;0;0;0;0;0;0;0;0;0;0;0;0;0;0;2;1;0;2
1412;2;2;EV37;3;POS;danazol;3;0;2;0;0;0;0;0;0;0;0;0;0;0;0;0;0;0;0;1;0;0;0;0;0;0;0;0;0;0;0;0;3;0;0;0;0;0;0;1;0;0;0;0;0;0;0;0;0;0;0;0;0;0;0;0;0;0;0;0;0;0;0;0;0;0;3;0;4;1;0;3;0;0;0;0;2;0;0;0;0;0;0;0;1;0;0;0;0;0;0;0;0;0;0;0;7;0;0;0;0;0;0;0;0;0;0;0;0;0;0;0;0;3;1;0;1
1584;2;3;EV37;3;POS;danazol;1;0;0;0;0;0;0;0;0;0;0;0;0;0;0;0;0;0;0;0;0;0;0;0;0;0;0;0;0;0;0;0;1;0;0;0;0;0;0;1;0;0;0;0;0;0;0;0;0;0;0;0;0;0;0;0;0;0;0;0;0;0;0;0;0;0;2;0;1;1;0;4;0;0;0;0;1;0;0;0;0;0;0;0;0;1;0;1;0;0;0;0;0;0;0;0;0;0;0;0;0;0;0;0;0;0;0;0;0;0;0;0;0;2;1;0;1
1756;2;4;EV37;3;POS;danazol;0;0;0;0;0;0;0;0;0;0;0;0;0;0;0;0;0;0;0;0;0;0;0;0;0;0;0;0;0;0;0;0;2;0;0;0;0;0;0;1;0;0;0;0;0;0;0;0;0;0;0;0;0;0;0;0;0;0;0;0;0;0;0;0;0;0;1;0;2;1;0;2;0;1;0;0;0;0;1;0;0;0;0;0;0;0;0;0;0;0;0;0;0;0;0;0;2;0;0;0;0;0;0;0;0;0;0;0;0;0;0;0;0;1;1;0;1
1928;2;6;EV37;3;POS;danazol;2;0;0;0;0;0;0;0;0;0;0;0;0;0;0;0;0;0;0;0;0;0;0;0;0;0;0;0;0;0;0;0;1;0;0;0;0;0;0;0;0;0;0;0;0;0;0;0;0;0;0;0;0;0;0;0;0;0;0;0;0;0;0;0;0;0;1;0;2;1;0;3;0;1;0;1;0;0;3;0;0;1;0;0;1;1;0;1;0;0;0;0;0;0;0;0;3;0;0;0;0;0;0;0;0;0;0;0;0;0;0;0;0;2;2;0;2
2100;2;7;EV37;3;POS;danazol;0;0;0;0;0;0;0;0;0;0;0;0;0;0;0;0;0;0;0;0;0;0;0;0;0;0;0;0;0;0;0;0;2;0;0;0;0;0;0;1;0;0;0;0;0;0;0;0;0;0;0;0;0;0;0;0;0;0;0;0;0;0;0;0;0;0;2;0;1;0;0;3;0;0;0;1;0;0;1;0;0;0;0;0;0;0;0;1;0;0;0;0;0;0;0;0;1;0;0;0;0;0;0;0;0;0;0;0;0;0;0;0;0;2;0;0;2
2272;2;8;EV37;3;POS;danazol;0;0;0;0;0;0;0;0;0;0;0;0;0;0;0;0;0;0;0;1;0;0;0;0;0;0;0;0;0;1;0;0;0;0;0;0;0;0;0;0;0;0;0;0;0;0;0;0;0;0;0;0;0;0;0;0;0;0;0;0;0;0;0;0;0;0;2;0;1;1;0;1;0;0;0;0;0;0;1;0;0;0;0;0;1;0;0;0;0;0;0;0;0;0;0;0;1;0;0;0;0;0;0;0;0;0;0;0;0;0;0;0;0;1;0;0;1
1241;2;1;EV37;3;POS;daptomycin;9;3;0;0;12;33;0;0;0;0;0;3;11;0;0;1;0;0;1;3;9;0;0;0;0;2;0;0;6;21;33;5;9;4;1;25;0;0;14;0;2;1;0;0;0;0;1;1;0;0;0;0;1;3;3;0;1;0;0;0;0;0;7;16;0;0;18;3;10;4;0;17;0;0;0;3;0;0;3;0;0;0;0;0;0;0;0;2;0;0;0;0;53;0;0;1;23;0;0;0;0;0;0;1;0;0;0;0;0;0;0;0;0;2;3;0;31
1413;2;2;EV37;3;POS;daptomycin;6;2;0;0;10;10;0;0;0;0;0;1;10;0;0;0;0;0;1;0;1;0;0;0;2;1;0;0;1;2;9;1;5;5;0;1;0;0;1;0;5;0;0;0;0;0;2;0;0;0;0;0;0;0;3;0;0;0;0;0;0;0;2;5;0;0;15;1;13;3;0;9;0;1;0;2;1;0;0;0;0;0;0;0;0;0;0;2;0;0;0;0;0;0;0;0;32;0;0;0;0;0;0;1;0;0;0;0;0;0;0;0;0;15;4;1;20
1585;2;3;EV37;3;POS;daptomycin;13;3;0;0;11;26;0;0;0;0;1;3;11;0;0;2;0;0;1;1;4;0;0;0;0;0;0;0;3;11;28;2;8;7;1;20;0;0;11;0;5;3;0;0;0;0;1;0;0;0;0;0;1;2;1;0;2;0;0;0;0;2;4;10;0;0;21;1;14;4;0;31;0;1;0;3;1;1;1;0;0;1;0;0;0;1;0;6;0;0;0;0;38;0;0;11;27;0;0;0;0;0;0;0;0;0;0;0;0;0;0;0;0;10;11;0;46
1757;2;4;EV37;3;POS;daptomycin;10;3;0;0;14;28;0;0;0;0;0;1;9;0;1;0;0;0;0;1;4;0;0;0;2;0;0;0;4;13;25;2;4;6;0;23;0;0;12;0;4;3;0;0;0;0;2;1;0;0;0;0;1;0;1;0;3;0;0;0;1;0;1;11;0;0;15;4;23;7;4;53;0;1;0;9;6;1;5;0;0;0;0;0;1;1;1;2;0;0;0;0;14;0;0;3;24;0;0;0;0;0;0;4;0;0;0;0;0;0;0;0;0;8;9;2;12
1929;2;6;EV37;3;POS;daptomycin;20;3;0;0;15;43;0;0;0;0;2;2;23;0;1;3;0;0;1;2;7;0;0;0;0;7;0;0;6;16;41;3;19;17;1;32;0;0;18;0;5;6;0;0;0;0;2;1;2;0;0;0;2;0;1;0;2;0;0;0;0;7;2;15;0;0;45;2;27;3;5;72;0;1;0;3;5;0;8;0;0;1;0;0;1;4;0;15;0;0;0;0;22;0;0;25;36;0;0;0;0;0;0;2;0;0;0;0;0;0;0;0;0;9;6;1;85
2101;2;7;EV37;3;POS;daptomycin;5;1;0;0;10;11;0;0;0;0;0;1;7;0;0;0;0;0;1;1;2;0;0;0;0;3;0;0;4;5;11;1;10;8;0;6;0;0;5;0;3;1;0;0;0;0;1;1;1;0;0;0;1;0;0;0;1;0;0;0;2;0;0;4;0;0;22;1;7;0;3;25;0;0;0;1;3;0;1;0;0;0;0;0;0;0;0;3;0;0;0;0;8;0;0;3;15;0;0;0;0;0;0;1;0;0;0;0;0;0;0;0;0;5;4;2;24
2273;2;8;EV37;3;POS;daptomycin;6;2;0;0;9;12;0;0;0;0;0;0;3;0;1;0;0;0;0;0;1;0;0;1;3;1;0;0;1;6;8;1;7;2;0;6;0;0;4;0;0;0;0;0;0;0;1;0;0;0;0;0;0;2;0;0;1;0;0;0;0;1;2;3;0;0;6;1;7;3;0;24;0;0;0;0;0;0;2;0;0;0;0;0;1;0;0;0;0;0;0;0;9;0;0;0;8;0;0;0;0;0;0;1;0;0;0;0;0;0;0;0;0;3;1;0;12
1245;2;1;EV37;3;POS;desvenlafaxine;0;0;0;2;0;0;0;0;0;0;0;0;0;0;0;0;0;0;0;0;0;0;0;0;0;0;0;0;0;0;1;0;0;0;0;0;0;0;0;0;0;0;0;0;0;0;0;0;0;0;0;0;0;0;1;0;0;0;0;0;0;0;0;0;0;0;1;0;1;0;0;2;0;0;0;0;0;0;1;0;0;0;0;0;0;0;0;0;0;0;0;0;1;0;0;0;1;0;0;0;0;0;0;0;0;0;0;0;0;0;0;0;0;1;1;0;2
1417;2;2;EV37;3;POS;desvenlafaxine;0;0;0;1;0;0;0;0;0;0;0;0;0;0;0;0;0;0;0;0;0;0;0;0;0;0;0;0;0;0;1;0;0;0;0;0;0;0;0;0;0;0;0;0;0;0;0;0;0;0;0;0;0;0;0;0;0;0;0;0;0;0;0;0;0;0;3;0;1;0;0;1;0;0;0;0;1;0;0;0;0;0;0;0;1;0;0;0;0;0;0;0;0;0;0;0;0;0;0;0;0;0;0;0;0;0;0;0;0;0;0;0;0;2;1;0;4
1589;2;3;EV37;3;POS;desvenlafaxine;0;0;0;1;0;0;0;0;0;0;0;0;0;0;0;0;0;0;0;0;0;0;0;0;0;0;0;0;0;0;1;0;0;0;0;0;0;0;0;0;0;0;0;0;0;0;0;0;0;0;0;0;0;0;0;0;0;0;0;0;0;0;0;0;0;0;0;0;1;1;0;1;0;0;0;0;1;0;0;0;0;0;0;0;0;1;0;1;0;0;0;0;0;0;0;0;0;0;0;0;0;0;0;0;0;0;0;0;0;0;0;0;0;1;1;0;2
1761;2;4;EV37;3;POS;desvenlafaxine;0;0;0;0;0;0;0;0;0;0;0;0;0;0;0;0;0;0;0;0;0;0;0;0;0;0;0;0;0;0;1;0;0;0;0;0;1;0;0;1;0;0;0;0;0;0;0;0;0;0;0;0;0;0;0;0;0;0;0;0;0;0;0;0;0;0;0;0;1;1;1;1;0;1;0;0;0;0;0;0;0;0;0;0;0;0;0;0;0;0;0;0;0;0;0;0;1;0;0;0;0;0;0;0;0;0;0;0;0;0;0;0;0;1;1;0;1
1933;2;6;EV37;3;POS;desvenlafaxine;0;0;0;3;0;0;0;0;0;0;0;0;0;0;0;0;0;0;0;0;0;0;0;0;0;0;0;0;0;0;0;0;0;0;0;0;1;0;0;1;0;0;0;0;0;0;0;0;0;0;0;0;0;0;2;0;0;0;0;0;0;0;0;0;0;0;0;0;2;1;2;4;0;1;0;1;0;0;2;0;0;1;0;0;1;1;0;1;0;0;0;0;0;0;0;0;1;0;0;0;0;0;0;0;0;0;0;0;0;0;0;0;0;2;2;0;4
2105;2;7;EV37;3;POS;desvenlafaxine;0;0;0;0;0;0;0;0;0;0;0;0;0;0;0;0;0;0;0;0;0;0;0;0;0;0;0;0;0;0;0;0;0;0;0;0;2;0;0;2;0;0;0;0;0;0;0;0;0;0;0;0;0;0;2;0;0;0;0;0;0;0;0;0;0;0;0;0;1;0;2;2;0;0;0;1;0;0;1;0;0;0;0;0;0;0;0;1;0;0;0;0;0;0;0;0;0;0;0;0;0;0;0;0;0;0;0;0;0;0;0;0;0;2;0;0;2
2277;2;8;EV37;3;POS;desvenlafaxine;0;0;0;1;0;0;0;0;0;0;0;0;0;0;0;0;0;0;0;0;0;0;0;0;0;0;0;0;0;0;1;0;0;0;0;0;0;0;0;0;0;0;0;0;0;0;0;0;0;0;0;0;0;0;1;0;0;0;0;0;0;0;0;0;0;0;1;0;1;0;1;2;0;0;0;0;0;0;1;0;0;0;0;0;1;0;0;0;0;0;0;0;0;0;0;0;1;0;0;0;0;0;0;0;0;0;0;0;0;0;0;0;0;2;0;0;1
1248;2;1;EV37;3;POS;donepezil;0;0;0;0;0;0;0;0;0;0;0;0;0;0;0;0;0;0;0;0;0;0;0;0;0;0;0;0;0;0;1;0;4;0;0;0;0;0;0;0;0;0;0;0;0;0;0;0;0;0;0;0;0;0;1;0;0;0;0;0;0;0;0;0;0;0;0;0;1;0;0;1;0;0;0;1;0;0;1;0;0;0;0;0;0;0;0;0;0;0;0;0;0;0;0;0;2;0;0;0;0;0;0;0;0;0;0;0;0;0;0;0;0;2;1;0;2
1420;2;2;EV37;3;POS;donepezil;0;0;0;0;0;0;0;0;0;0;0;0;0;0;0;0;0;0;0;0;0;0;0;0;0;0;0;0;0;0;1;0;1;0;0;0;0;0;0;0;0;0;0;0;0;0;0;0;0;0;0;0;0;0;1;0;0;0;0;0;0;0;0;0;0;0;1;0;1;0;0;1;0;0;0;0;1;0;0;0;0;0;0;0;0;0;0;0;0;0;0;0;0;0;0;0;1;0;0;0;0;0;0;0;0;0;0;0;0;0;0;0;0;1;1;0;1
1592;2;3;EV37;3;POS;donepezil;0;0;0;0;0;0;0;0;0;0;0;0;0;0;0;0;0;0;0;0;0;0;0;0;0;0;0;0;0;0;1;0;1;0;0;0;0;0;0;0;0;0;0;0;0;0;0;0;0;0;0;0;0;0;1;0;0;0;0;0;0;0;0;0;0;0;0;0;1;1;0;1;0;0;0;1;1;0;0;0;0;0;0;0;0;1;0;1;0;0;0;0;0;0;0;0;0;0;0;0;0;0;0;0;0;0;0;0;0;0;0;0;0;1;1;0;1
1764;2;4;EV37;3;POS;donepezil;0;0;1;0;0;0;0;0;0;0;0;0;0;0;0;0;0;0;0;0;0;0;0;0;0;0;0;0;0;0;1;0;1;0;0;0;0;0;0;0;0;0;0;0;0;0;0;0;0;0;0;0;0;0;1;0;0;0;0;0;0;0;0;0;0;0;0;0;1;1;0;1;0;1;0;0;0;0;0;0;0;0;0;0;1;0;0;0;0;0;0;0;0;0;0;0;2;0;0;0;0;0;0;0;0;0;0;0;0;0;0;0;0;1;1;0;1
1936;2;6;EV37;3;POS;donepezil;0;0;0;0;0;0;0;0;0;0;0;0;0;0;0;0;0;0;0;0;0;0;0;0;0;0;0;0;0;0;0;0;4;0;0;0;0;0;0;0;0;0;0;0;0;0;0;0;0;0;0;0;0;0;0;0;0;0;0;0;0;0;0;0;0;0;1;0;2;1;0;2;0;1;0;1;0;0;2;0;0;1;0;0;1;1;0;1;0;0;0;0;0;0;0;0;3;0;0;0;0;0;0;0;0;0;0;0;0;0;0;0;0;3;2;0;2
2108;2;7;EV37;3;POS;donepezil;0;0;0;0;0;0;0;0;0;0;0;0;0;0;0;0;0;0;0;0;0;0;0;0;0;0;0;0;0;0;0;0;3;0;0;0;0;0;0;0;0;0;0;0;0;0;0;0;0;0;0;0;0;0;0;0;0;0;0;0;0;0;0;0;0;0;0;0;1;0;0;2;0;0;0;1;0;0;1;0;0;0;0;0;0;0;0;1;0;0;0;0;0;0;0;0;0;0;0;0;0;0;0;0;0;0;0;0;0;0;0;0;0;2;1;0;2
2280;2;8;EV37;3;POS;donepezil;0;0;0;0;0;0;0;0;0;0;0;0;0;0;0;0;0;0;0;0;0;0;0;0;0;0;0;0;0;1;1;0;2;0;0;0;0;0;0;0;0;0;0;0;0;0;0;0;0;0;0;0;0;0;0;0;0;0;0;0;0;0;0;0;0;0;0;0;1;0;0;2;0;0;0;0;0;0;1;0;0;0;0;0;1;0;0;0;0;0;0;0;0;0;0;0;1;0;0;0;0;0;0;0;0;0;0;0;0;0;0;0;0;1;0;0;1
1249;2;1;EV37;3;POS;doxorubicin;0;0;0;0;0;0;0;0;0;0;0;0;0;0;0;0;0;0;0;1;0;0;0;0;0;0;0;0;0;0;0;0;6;0;0;0;0;0;0;0;0;0;0;0;0;0;0;0;0;0;0;0;0;0;0;0;0;0;0;0;0;0;0;0;0;0;5;0;1;0;0;2;0;0;0;1;0;0;1;0;0;0;0;0;0;0;0;0;0;0;0;0;2;0;0;0;5;0;0;0;0;0;0;0;0;0;0;0;0;0;0;0;0;2;1;0;2
1421;2;2;EV37;3;POS;doxorubicin;0;0;0;0;0;0;0;0;0;0;0;0;0;0;0;0;0;0;0;1;0;0;0;0;0;0;0;0;0;0;0;0;8;0;0;0;0;0;0;0;0;0;0;0;0;0;0;0;0;0;0;0;0;0;0;0;0;0;0;0;0;0;0;0;0;0;4;0;5;1;0;2;0;0;0;0;2;0;0;0;0;0;0;0;0;0;0;0;0;0;0;0;0;0;0;0;9;0;0;0;0;0;0;0;0;0;0;0;0;0;0;0;0;2;1;0;1
1593;2;3;EV37;3;POS;doxorubicin;0;0;0;0;0;0;0;0;0;0;0;0;0;0;0;0;0;0;0;0;0;0;0;0;0;1;0;0;0;0;0;0;5;0;0;0;0;0;0;0;0;0;0;0;0;0;0;0;0;0;0;0;0;0;0;0;0;0;0;0;0;0;0;0;0;0;3;0;1;1;0;4;0;0;0;1;1;0;0;0;0;0;0;0;0;1;0;1;0;0;0;0;0;0;0;0;0;0;0;0;0;0;0;0;0;0;0;0;0;0;0;0;0;2;1;0;1
1765;2;4;EV37;3;POS;doxorubicin;0;0;1;0;0;0;0;0;0;0;0;0;0;0;0;0;0;0;0;0;0;0;0;0;0;0;0;0;0;0;0;0;0;0;0;0;0;0;0;0;0;0;0;0;0;0;0;0;0;0;0;0;0;0;0;0;0;0;0;0;0;0;0;0;0;0;1;0;1;1;0;1;0;1;0;0;0;0;0;0;0;0;0;0;0;0;0;0;0;0;0;0;0;0;0;0;2;0;0;0;0;0;0;0;0;0;0;0;0;0;0;0;0;1;1;0;1
1937;2;6;EV37;3;POS;doxorubicin;0;0;0;0;0;0;0;0;0;0;0;0;0;0;0;0;0;0;0;0;0;0;0;0;0;0;0;0;0;0;0;1;8;0;0;0;0;0;0;0;0;0;0;0;0;0;0;0;0;0;0;0;0;0;0;0;0;0;0;0;0;0;0;0;0;0;4;0;2;1;0;6;0;1;0;1;0;0;3;0;0;1;0;0;1;1;0;1;0;0;0;0;0;0;0;0;6;0;0;0;0;0;0;0;0;0;0;0;0;0;0;0;0;4;2;0;3
2109;2;7;EV37;3;POS;doxorubicin;0;0;0;0;0;0;0;0;0;0;0;0;0;0;0;0;0;0;0;0;0;0;0;0;0;0;0;0;0;0;0;0;2;0;0;0;0;0;0;0;0;0;0;0;0;0;0;0;0;0;0;0;0;0;0;0;0;0;0;0;0;0;0;0;0;0;4;0;1;0;0;2;0;0;0;1;0;0;1;0;0;0;0;0;0;0;0;1;0;0;0;0;0;0;0;0;1;0;0;0;0;0;0;0;0;0;0;0;0;0;0;0;0;2;1;0;2
2281;2;8;EV37;3;POS;doxorubicin;0;0;0;0;0;0;0;0;0;0;0;0;0;0;0;0;0;0;0;0;0;0;0;0;0;0;0;0;0;0;0;0;1;0;0;0;0;0;0;0;0;0;0;0;0;0;0;0;0;0;0;0;0;0;0;0;0;0;0;0;0;0;0;0;0;0;2;0;1;1;0;1;0;0;0;0;0;0;1;0;0;0;0;0;1;0;0;0;0;0;0;0;0;0;0;0;1;0;0;0;0;0;0;0;0;0;0;0;0;0;0;0;0;1;0;0;1
1257;2;1;EV37;3;POS;estradiol;4;0;0;0;0;0;0;0;0;0;0;0;0;0;0;0;0;0;0;0;1;0;0;0;0;0;0;0;0;0;0;0;4;0;0;0;0;0;0;0;0;0;0;0;0;0;0;0;0;0;0;0;0;0;0;0;0;0;0;0;0;0;0;0;0;0;2;0;0;1;0;1;0;0;0;0;0;0;0;0;0;0;0;0;0;0;0;0;0;0;0;0;2;0;0;0;3;0;0;0;0;0;0;0;0;0;0;0;0;0;0;0;0;1;0;0;2
1429;2;2;EV37;3;POS;estradiol;5;0;1;0;0;0;0;0;0;0;0;0;0;0;0;0;0;0;0;1;1;0;0;0;0;0;0;0;0;1;0;0;7;0;0;0;0;0;0;1;0;0;0;0;0;0;0;0;0;0;0;0;0;0;0;0;0;0;0;0;0;0;1;1;0;0;0;0;5;1;0;1;0;0;0;0;1;0;0;0;0;0;0;0;0;0;0;1;0;0;0;0;0;0;0;0;12;0;0;0;0;0;0;0;0;0;0;0;0;0;0;0;0;3;0;0;3
1601;2;3;EV37;3;POS;estradiol;2;0;0;0;0;0;0;0;0;0;0;0;0;0;0;0;0;0;0;0;1;0;0;0;0;0;0;0;0;0;0;0;3;0;1;0;0;0;0;0;0;0;0;0;0;0;0;0;0;0;0;0;0;0;0;0;0;0;0;0;0;0;1;0;0;0;0;0;1;0;0;2;0;0;0;1;0;0;0;0;0;0;0;0;0;0;0;0;0;0;0;0;0;0;0;0;3;0;0;0;0;0;0;0;0;0;0;0;0;0;0;0;0;1;2;0;3
1773;2;4;EV37;3;POS;estradiol;2;0;0;0;0;0;0;0;0;0;0;0;0;0;0;0;0;0;0;0;1;0;0;0;0;0;0;0;0;0;0;0;0;0;1;0;0;0;0;0;0;0;0;0;0;0;0;0;0;0;0;0;0;0;0;0;0;0;0;0;0;0;0;0;0;0;1;0;0;1;3;3;0;0;0;1;0;0;1;0;0;0;0;0;0;0;0;0;0;0;0;0;0;0;0;0;3;0;0;0;0;0;0;0;0;0;0;0;0;0;0;0;0;1;1;0;1
1945;2;6;EV37;3;POS;estradiol;3;0;0;0;0;0;0;1;0;0;0;0;0;0;0;0;0;0;0;0;0;0;0;0;0;0;0;0;0;0;0;0;2;0;0;0;0;0;0;0;0;0;0;0;0;0;0;0;0;0;0;0;0;0;0;0;0;0;0;0;0;0;0;0;0;0;1;0;0;0;0;2;0;0;0;0;0;0;1;0;0;0;0;0;0;0;0;0;0;0;0;0;1;0;0;0;2;0;0;0;0;0;0;0;0;0;0;0;0;0;0;0;0;0;0;0;1
2117;2;7;EV37;3;POS;estradiol;3;0;0;0;0;0;0;0;0;0;0;0;0;0;0;0;0;0;0;0;2;0;0;0;0;0;0;0;0;0;0;0;3;0;0;0;0;0;0;0;0;0;0;0;0;0;0;0;0;0;0;0;0;0;0;0;0;0;0;0;0;0;0;0;0;0;0;0;1;1;0;1;0;0;0;0;0;0;0;0;0;0;0;0;0;0;0;1;0;0;0;0;1;0;0;2;4;0;0;0;0;0;0;0;0;0;0;0;0;0;0;0;0;0;0;0;5
2289;2;8;EV37;3;POS;estradiol;2;0;0;0;0;0;0;0;0;0;0;0;0;0;0;0;0;0;0;0;0;0;0;0;0;0;0;0;0;0;0;0;1;0;0;0;0;0;0;0;0;0;0;0;0;0;0;0;0;0;0;0;0;0;0;0;0;0;0;0;0;0;0;0;0;0;0;0;0;1;0;0;0;0;0;0;0;0;0;0;0;0;0;0;0;0;0;0;0;0;0;0;0;0;0;0;2;0;0;0;0;0;0;0;0;0;0;0;0;0;0;0;0;0;0;0;0
1274;2;1;EV37;3;POS;gabapentin;1;0;0;0;0;0;0;0;0;0;0;0;0;0;0;0;0;0;0;0;0;0;0;0;0;0;0;0;0;0;1;0;6;0;0;0;0;0;0;0;0;0;0;0;0;0;0;0;0;0;0;0;0;0;1;0;0;0;0;0;0;0;0;0;0;0;2;0;2;0;0;2;0;0;0;0;0;0;1;0;0;0;0;0;0;0;0;0;0;0;0;0;2;0;0;0;4;0;0;0;0;0;0;0;0;0;0;0;0;0;0;0;0;2;1;0;2
1446;2;2;EV37;3;POS;gabapentin;0;0;0;0;0;0;0;0;0;0;0;0;0;0;0;0;0;0;0;1;0;0;0;0;0;0;0;0;0;0;1;0;10;0;0;0;0;0;0;0;0;0;0;0;0;0;0;0;0;0;0;0;0;0;1;0;0;0;0;0;0;0;0;0;0;0;1;0;5;1;0;2;0;0;0;0;2;0;0;0;0;0;0;0;0;0;0;1;0;0;0;0;0;0;0;0;8;0;0;0;0;0;0;0;0;0;0;0;0;0;0;0;0;3;1;0;2
1618;2;3;EV37;3;POS;gabapentin;0;0;0;0;0;0;0;0;0;0;0;0;0;0;0;0;0;0;0;0;0;0;0;0;0;0;0;0;0;0;1;0;4;0;0;0;0;0;0;0;0;0;0;0;0;0;0;0;0;0;0;0;0;0;1;0;0;0;0;0;0;0;0;0;0;0;1;0;3;1;0;3;0;0;0;0;1;0;0;0;0;0;0;0;0;1;0;1;0;0;0;0;0;0;0;0;1;0;0;0;0;0;0;0;0;0;0;0;0;0;0;0;0;2;2;0;2
1790;2;4;EV37;3;POS;gabapentin;0;0;0;0;0;0;0;0;0;0;0;0;0;0;0;0;0;0;0;0;0;0;0;0;0;0;0;0;0;0;1;0;2;0;0;0;0;0;0;0;0;0;0;0;0;0;0;0;0;0;0;0;0;0;1;0;0;0;0;0;0;0;0;0;0;0;0;0;2;1;0;1;0;1;0;1;0;0;0;0;0;0;0;0;0;0;0;0;0;0;0;0;0;0;0;0;2;0;0;0;0;0;0;0;0;0;0;0;0;0;0;0;0;1;1;0;1
1962;2;6;EV37;3;POS;gabapentin;0;0;0;0;0;0;0;0;0;0;0;0;0;0;0;0;0;0;0;0;0;0;0;0;0;0;0;0;0;0;0;0;6;0;0;0;0;0;0;0;0;0;0;0;0;0;0;0;0;0;0;0;0;0;0;0;0;0;0;0;0;0;0;0;0;0;0;0;2;1;0;5;0;1;0;1;0;0;3;0;0;1;0;0;1;1;0;1;0;0;0;0;2;0;0;0;3;0;0;0;0;0;0;0;0;0;0;0;0;0;0;0;0;2;2;0;3
2134;2;7;EV37;3;POS;gabapentin;0;0;0;0;0;0;0;0;0;0;0;0;0;0;0;0;0;0;0;0;0;0;0;0;0;0;0;0;0;0;0;0;6;0;1;0;0;0;0;0;0;0;0;0;0;0;0;0;0;0;0;0;0;0;0;0;0;0;0;0;0;0;0;0;0;0;0;0;1;0;0;3;0;0;0;1;0;0;1;0;0;0;0;0;1;0;0;1;0;0;0;0;2;0;0;0;2;0;0;0;0;0;0;0;0;0;0;0;0;0;0;0;0;2;0;0;2
2306;2;8;EV37;3;POS;gabapentin;0;0;0;0;0;0;0;0;0;0;0;0;0;0;0;0;0;0;0;1;1;0;0;0;0;0;0;0;0;0;0;0;3;0;0;0;0;0;0;0;0;0;0;0;0;0;0;0;0;0;0;0;0;0;0;0;0;0;0;0;0;0;0;0;0;0;0;0;1;1;0;2;0;0;0;0;0;0;1;0;0;0;0;0;1;0;0;0;0;0;0;0;0;0;0;0;1;0;0;0;0;0;0;0;0;0;0;0;0;0;0;0;0;1;0;0;1
1291;2;1;EV37;3;POS;leuprolide;9;2;0;14;8;9;0;0;0;0;0;3;2;0;0;1;0;0;0;2;1;0;0;0;0;0;0;0;2;6;7;0;9;2;1;9;0;0;2;0;2;0;0;0;0;0;1;0;0;0;0;0;0;1;1;0;0;0;0;0;0;3;0;8;0;0;11;0;9;2;0;10;0;1;0;2;0;0;1;0;0;0;0;0;0;0;0;2;0;0;0;0;32;0;0;1;15;0;0;0;0;0;0;1;0;0;0;0;0;0;0;0;0;2;8;2;28
1463;2;2;EV37;3;POS;leuprolide;2;1;0;10;1;5;0;0;0;0;0;1;1;0;0;1;0;0;0;1;2;0;0;0;0;2;0;0;5;8;2;0;14;0;0;6;0;0;1;0;1;0;0;0;0;0;0;0;0;0;0;0;0;0;0;0;0;0;0;0;0;2;2;7;0;0;7;1;13;6;0;6;0;0;0;2;2;0;0;0;0;0;0;0;3;1;0;3;0;0;0;0;0;0;0;0;36;0;0;0;0;0;0;6;0;0;0;0;0;0;0;0;0;22;7;2;25
1635;2;3;EV37;3;POS;leuprolide;3;2;0;12;4;5;0;0;0;0;0;2;1;0;0;0;0;0;0;1;1;0;0;0;1;2;0;0;3;9;5;1;14;3;0;5;0;0;2;0;3;0;0;0;0;0;0;0;0;0;0;0;0;0;1;0;0;0;0;0;0;2;0;4;0;0;13;2;13;6;0;15;0;2;0;2;3;0;0;0;0;1;0;0;0;4;0;2;0;0;0;0;8;0;0;6;26;0;0;0;0;0;0;0;0;0;0;0;0;0;0;0;0;5;14;2;32
1807;2;4;EV37;3;POS;leuprolide;1;0;0;16;5;5;0;0;0;0;0;3;0;0;0;1;0;0;0;2;3;0;0;0;0;1;0;0;0;7;9;1;7;1;0;5;0;0;2;0;4;0;0;0;0;0;1;0;0;0;0;0;0;0;0;0;0;0;0;0;0;2;0;5;0;0;7;2;10;10;12;16;0;1;0;6;2;1;2;0;1;0;0;0;0;1;0;1;0;0;0;0;1;0;0;2;18;0;0;0;0;0;0;2;0;0;0;0;0;0;0;0;0;5;8;2;10
1979;2;6;EV37;3;POS;leuprolide;2;1;0;12;8;4;0;0;0;0;0;1;0;0;0;0;0;0;0;0;0;0;0;0;1;1;0;0;7;1;0;1;7;0;0;4;0;0;2;0;0;0;0;0;0;0;0;0;0;0;0;0;0;0;0;0;1;0;0;0;0;3;0;1;0;0;8;2;10;2;1;20;0;2;0;3;3;0;2;0;0;1;0;0;1;2;0;4;0;0;0;0;9;0;0;4;8;0;0;0;0;0;0;2;0;0;0;0;0;0;0;0;0;7;8;1;21
2151;2;7;EV37;3;POS;leuprolide;3;1;0;10;3;2;0;0;0;0;0;1;2;0;0;0;0;0;0;2;1;0;0;0;0;4;0;0;2;5;6;0;13;1;0;5;0;0;2;0;0;0;0;0;0;0;0;0;0;0;0;0;0;0;0;0;0;0;0;0;0;3;1;4;0;0;9;0;8;1;3;14;0;0;0;3;0;0;1;0;0;0;0;0;1;0;0;5;0;0;0;0;5;0;0;10;17;0;0;0;0;0;0;0;0;0;0;0;0;0;0;0;0;5;0;1;22
2323;2;8;EV37;3;POS;leuprolide;0;0;0;6;2;3;0;0;0;0;1;0;0;0;0;0;0;0;0;0;0;0;0;0;0;0;0;0;2;0;0;1;3;0;0;1;0;0;0;0;0;0;0;0;0;0;0;0;0;0;0;0;0;1;0;0;0;0;0;0;0;1;0;0;0;0;3;0;3;1;1;8;0;0;0;0;0;0;1;0;0;0;0;0;1;0;0;0;0;0;0;0;4;0;0;1;5;0;0;0;0;0;0;0;0;0;0;0;0;0;0;0;0;2;0;0;3
1294;2;1;EV37;3;POS;levothyroxine;1;0;1;0;0;0;0;1;0;0;0;0;0;0;0;0;0;0;0;0;0;0;0;0;0;0;0;0;0;0;0;0;0;0;0;0;0;0;0;0;0;0;0;0;0;0;0;0;0;0;0;0;0;0;0;0;0;0;0;0;0;0;1;0;0;0;1;0;0;0;0;0;0;0;0;0;0;0;0;0;0;0;0;0;0;0;0;0;0;0;0;0;2;0;0;0;1;0;0;0;0;0;0;0;0;0;0;0;0;0;0;0;0;0;0;0;1
1466;2;2;EV37;3;POS;levothyroxine;0;0;0;0;0;0;0;0;0;0;0;0;0;0;0;0;0;0;0;0;0;0;0;0;0;0;0;0;0;0;0;0;0;0;0;0;0;0;0;0;0;0;0;0;0;0;0;0;0;0;0;0;0;0;0;0;0;0;0;0;0;0;0;0;0;0;2;0;0;0;0;0;0;0;0;0;0;0;0;0;0;0;0;0;0;0;0;0;0;0;0;0;0;0;0;0;2;0;0;0;0;0;0;0;0;0;0;0;0;0;0;0;0;0;0;0;1
1638;2;3;EV37;3;POS;levothyroxine;1;0;0;0;0;0;0;0;0;0;0;0;0;0;0;0;0;0;0;0;0;0;0;0;0;0;0;0;0;0;0;0;0;0;0;0;0;0;0;0;0;0;0;0;0;0;0;0;0;0;0;0;0;0;0;0;0;0;0;0;0;0;0;0;0;0;1;0;0;0;0;0;0;0;0;1;0;0;0;0;0;0;0;0;0;0;0;0;0;0;0;0;0;0;0;0;2;0;0;0;0;0;0;0;0;0;0;0;0;0;0;0;0;0;0;0;0
1810;2;4;EV37;3;POS;levothyroxine;0;0;0;0;0;0;0;0;0;0;0;0;0;0;0;0;0;0;0;0;0;0;0;0;0;0;0;0;0;0;0;0;0;0;0;0;0;0;0;0;0;0;0;0;0;0;0;0;0;0;0;0;0;0;0;0;0;0;0;0;0;0;0;0;0;0;0;0;0;0;0;0;0;0;0;0;0;0;0;0;0;0;0;0;0;0;0;0;0;0;0;0;0;0;0;0;0;0;0;0;0;0;0;0;0;0;0;0;0;0;0;0;0;0;0;0;0
1982;2;6;EV37;3;POS;levothyroxine;0;0;0;0;0;0;0;0;0;0;0;0;0;0;0;0;0;0;0;0;0;0;0;0;0;0;0;0;0;0;0;0;0;0;0;0;0;0;0;0;0;0;0;0;0;0;0;0;0;0;0;0;0;0;0;0;0;0;0;0;0;0;1;0;0;0;1;0;0;0;0;1;0;0;0;1;0;0;0;0;0;0;0;0;0;0;0;0;0;0;0;0;0;0;0;0;1;0;0;0;0;0;0;0;0;0;0;0;0;0;0;0;0;1;0;0;0
2154;2;7;EV37;3;POS;levothyroxine;0;0;0;0;0;0;0;0;0;0;0;0;0;0;0;0;0;0;0;0;0;0;0;0;0;0;0;0;0;0;0;0;0;0;0;0;0;0;0;0;0;0;0;0;0;0;0;0;0;0;0;0;0;0;0;0;0;0;0;0;0;0;0;0;0;0;0;0;0;0;0;0;0;0;0;0;0;0;0;0;0;0;0;0;0;0;0;0;0;0;0;0;0;0;0;0;0;0;0;0;0;0;0;0;0;0;0;0;0;0;0;0;0;0;0;0;0
2326;2;8;EV37;3;POS;levothyroxine;0;0;0;0;0;0;0;0;0;0;0;0;0;0;0;0;0;0;0;0;0;0;0;0;0;0;0;0;0;0;0;0;0;0;0;0;0;0;0;0;0;0;0;0;0;0;0;0;0;0;0;0;0;0;0;0;0;0;0;0;0;0;0;0;0;0;0;0;0;0;0;0;0;0;0;0;0;0;0;0;0;0;0;0;0;0;0;0;0;0;0;0;0;0;0;0;0;0;0;0;0;0;0;0;0;0;0;0;0;0;0;0;0;0;0;0;0
1297;2;1;EV37;3;POS;memantine;22;5;0;30;13;13;0;0;0;0;2;10;4;1;0;0;0;0;2;0;4;0;2;0;2;0;0;0;4;27;39;5;9;0;0;13;0;0;5;0;3;2;0;0;0;0;0;0;0;0;0;0;0;5;0;0;0;0;0;0;4;13;0;16;0;0;24;0;13;5;1;21;0;2;0;2;0;0;2;0;0;0;0;0;0;0;0;1;0;0;0;0;66;0;0;2;34;0;0;0;0;0;0;1;0;0;0;0;0;0;0;0;0;6;11;3;40
1469;2;2;EV37;3;POS;memantine;17;3;0;29;12;5;0;0;0;0;0;10;3;1;0;0;0;0;2;0;2;0;0;0;0;3;0;0;1;8;14;0;10;2;0;4;0;0;2;0;2;1;0;0;0;0;0;0;0;0;0;0;0;0;0;0;0;0;0;0;3;6;0;2;0;0;22;0;24;10;0;12;0;2;0;2;4;0;1;0;0;0;0;0;5;0;0;8;0;0;0;0;0;0;0;0;55;0;0;0;0;0;0;6;0;0;0;0;0;0;0;0;0;24;8;2;48
1641;2;3;EV37;3;POS;memantine;16;3;0;30;8;9;0;0;0;0;0;10;2;1;0;0;0;0;2;0;5;0;1;0;0;0;0;0;4;13;18;2;7;0;0;14;0;0;7;0;3;1;0;0;0;0;0;0;0;0;0;0;0;1;0;0;0;0;0;0;4;10;0;7;0;0;26;0;20;4;8;41;0;4;0;3;3;0;1;0;0;0;0;0;0;4;0;5;0;0;0;0;32;0;0;22;38;0;0;0;0;0;0;2;0;0;0;0;0;0;0;0;0;9;16;2;45
1813;2;4;EV37;3;POS;memantine;11;3;0;28;5;4;0;0;0;0;0;6;4;0;0;0;0;0;0;0;3;0;1;0;1;0;0;0;3;13;24;0;6;0;0;8;0;0;2;0;3;1;0;0;0;0;0;0;0;0;0;0;0;0;0;0;0;0;0;0;2;8;0;8;0;0;13;0;31;11;18;33;0;1;0;18;4;1;3;0;0;0;0;0;1;2;0;3;0;0;0;0;4;0;0;3;35;0;0;0;0;0;0;4;0;0;0;0;0;0;0;0;0;5;11;2;22
1985;2;6;EV37;3;POS;memantine;18;4;0;29;9;5;0;0;0;0;0;9;2;1;0;0;0;0;2;0;3;0;2;0;0;1;0;0;4;10;18;4;14;0;0;6;0;0;6;0;6;0;0;0;0;0;0;0;0;0;0;0;0;2;0;0;0;0;0;0;2;16;0;10;0;0;32;0;24;7;20;63;0;1;0;5;2;0;8;0;0;1;0;0;3;2;1;5;0;0;0;0;27;0;0;8;26;0;0;0;0;0;0;3;0;0;0;0;0;0;0;0;0;15;4;3;40
2157;2;7;EV37;3;POS;memantine;12;4;0;25;9;6;0;0;0;0;0;9;5;0;1;0;0;0;0;0;5;0;0;0;0;1;0;0;2;4;14;1;4;0;0;9;0;0;5;0;4;2;0;0;0;0;0;0;0;0;0;0;0;0;1;0;0;0;0;0;3;11;0;8;0;0;16;0;12;0;24;29;0;0;0;3;0;0;1;0;0;0;0;0;0;0;0;3;0;0;0;0;22;0;0;5;24;0;0;0;0;0;0;1;0;0;0;0;0;0;0;0;0;8;2;3;22
2329;2;8;EV37;3;POS;memantine;7;0;0;13;4;7;0;0;0;0;0;4;2;0;0;1;0;0;0;0;3;0;1;0;0;0;0;0;2;5;16;0;6;2;0;10;0;0;3;0;0;0;0;0;0;0;0;1;0;0;0;0;0;0;0;0;0;0;0;0;1;8;0;8;0;0;20;0;10;4;7;32;0;2;0;0;0;0;2;0;0;0;0;0;1;0;0;0;0;0;0;0;23;0;0;1;11;0;0;0;0;0;0;0;0;0;0;0;0;0;0;0;0;8;0;0;16
1298;2;1;EV37;3;POS;metformin;0;0;0;0;0;0;0;0;0;0;0;0;0;0;0;0;0;0;0;0;0;0;0;0;0;0;0;0;0;0;1;0;6;0;0;0;0;0;0;0;0;0;0;0;0;0;0;0;0;0;0;0;0;0;0;0;0;0;0;0;0;0;0;0;0;0;0;0;1;0;0;2;0;0;0;0;0;0;1;0;0;0;0;0;0;0;0;0;0;0;0;0;0;0;0;0;3;0;0;0;0;0;0;0;0;0;0;0;0;0;0;0;0;2;1;0;2
1470;2;2;EV37;3;POS;metformin;1;0;0;0;0;0;0;0;0;0;0;0;0;0;0;0;0;0;0;0;0;0;0;0;0;1;0;0;0;0;1;0;8;0;0;0;0;0;0;0;0;0;0;0;0;0;0;0;0;0;0;0;0;0;0;0;0;0;0;0;0;0;0;0;0;0;1;0;4;1;0;2;0;0;0;0;2;0;0;0;0;0;0;0;0;0;0;0;0;0;0;0;0;0;0;0;7;0;0;0;0;0;0;0;0;0;0;0;0;0;0;0;0;2;1;0;2
1642;2;3;EV37;3;POS;metformin;0;0;0;0;0;0;0;0;0;0;0;0;0;0;0;0;0;0;0;0;0;0;0;0;0;0;0;0;0;0;1;0;3;0;0;0;0;0;0;0;0;0;0;0;0;0;0;0;0;0;0;0;0;0;0;0;0;0;0;0;0;0;0;0;0;0;0;0;1;1;0;3;0;0;0;0;1;0;0;0;0;0;0;0;0;1;0;1;0;0;0;0;0;0;0;0;0;0;0;0;0;0;0;0;0;0;0;0;0;0;0;0;0;2;1;0;1
1814;2;4;EV37;3;POS;metformin;1;0;0;0;0;0;0;0;0;0;0;0;0;0;0;0;0;0;0;0;0;0;0;0;0;0;0;0;0;0;1;0;0;0;0;0;0;0;0;0;0;0;0;0;0;0;0;0;0;0;0;0;0;0;0;0;0;0;0;0;0;0;0;0;0;0;0;0;1;1;0;1;0;1;0;0;0;0;0;0;0;0;0;0;0;0;0;0;0;0;0;0;0;0;0;0;2;0;0;0;0;0;0;0;0;0;0;0;0;0;0;0;0;1;1;0;1
1986;2;6;EV37;3;POS;metformin;0;0;0;0;0;0;0;0;0;0;0;0;0;0;0;0;0;0;0;0;0;0;0;0;0;1;0;0;0;0;0;0;3;0;0;0;0;0;0;0;0;0;0;0;0;0;0;0;0;0;0;0;0;0;0;0;0;0;0;0;0;0;0;0;0;0;0;0;2;1;0;3;0;1;0;1;0;0;3;0;0;1;0;0;1;1;0;1;0;0;0;0;0;0;0;0;3;0;0;0;0;0;0;0;0;0;0;0;0;0;0;0;0;2;2;0;2
2158;2;7;EV37;3;POS;metformin;1;0;0;0;0;0;0;0;0;0;0;0;0;0;0;0;0;0;0;0;0;0;0;0;0;0;0;0;0;0;0;0;3;0;0;0;0;0;0;0;0;0;0;0;0;0;0;0;0;0;0;0;0;0;0;0;0;0;0;0;0;0;0;0;0;0;0;0;1;0;0;2;0;0;0;1;0;0;1;0;0;0;0;0;0;0;0;1;0;0;0;0;0;0;0;0;2;0;0;0;0;0;0;0;0;0;0;0;0;0;0;0;0;2;0;0;2
2330;2;8;EV37;3;POS;metformin;1;0;0;0;0;0;0;0;0;0;0;0;0;0;0;0;0;0;0;1;1;0;0;0;0;0;0;0;0;0;0;0;2;0;0;0;0;0;0;0;0;0;0;0;0;0;0;0;0;0;0;0;0;0;0;0;0;0;0;0;0;0;0;0;0;0;0;0;1;1;0;2;0;0;0;0;0;0;1;0;0;0;0;0;1;0;0;0;0;0;0;0;0;0;0;0;1;0;0;0;0;0;0;0;0;0;0;0;0;0;0;0;0;1;0;0;1
1299;2;1;EV37;3;POS;metoprolol;67;23;0;6;11;38;0;0;0;0;1;10;4;0;1;5;0;0;0;11;17;1;2;0;3;4;0;0;29;73;70;1;15;1;0;59;0;0;24;1;4;6;0;0;0;0;0;1;0;0;0;0;0;0;0;0;2;0;0;0;1;6;0;33;0;0;38;4;15;6;2;42;0;1;0;4;0;0;3;0;0;0;0;0;0;0;0;1;0;0;0;0;178;0;0;3;41;0;0;0;0;0;0;2;0;0;0;0;0;0;0;0;0;8;10;2;84
1471;2;2;EV37;3;POS;metoprolol;49;9;0;13;13;38;0;0;0;0;2;20;11;1;2;4;0;0;1;11;26;0;2;0;7;8;0;0;20;50;57;5;26;4;0;59;0;0;25;0;7;3;0;0;1;0;0;2;0;1;0;0;0;2;0;0;4;0;0;0;2;28;0;18;0;0;68;2;69;25;1;31;0;2;0;12;9;0;2;0;0;0;0;0;11;1;0;22;0;0;0;0;0;0;0;0;132;0;0;0;0;0;0;10;0;0;0;0;0;0;0;0;0;61;17;9;161
1643;2;3;EV37;3;POS;metoprolol;42;8;0;18;12;43;1;0;0;0;0;12;9;1;2;5;0;0;1;13;17;1;2;0;3;3;0;0;29;79;70;6;16;1;1;58;0;0;28;0;6;5;0;0;1;0;0;2;1;1;0;0;0;8;0;0;6;0;0;0;3;14;0;32;0;0;41;4;54;11;16;74;0;3;0;7;5;0;1;0;0;2;0;0;0;11;0;8;0;0;0;0;133;0;0;56;84;0;0;0;0;0;0;3;0;0;0;0;0;0;0;0;0;18;34;3;106
1815;2;4;EV37;3;POS;metoprolol;34;14;0;15;9;25;0;0;0;0;0;11;8;3;2;4;0;0;0;7;15;1;1;0;1;5;0;0;20;54;48;1;18;0;0;41;0;0;17;0;11;4;0;0;1;0;0;2;2;1;0;0;0;0;0;0;5;0;0;0;1;14;0;16;0;0;34;1;44;17;34;64;0;4;0;27;5;1;6;0;0;1;0;0;2;3;2;3;0;0;0;0;23;0;0;15;64;0;0;0;0;0;0;7;0;0;0;0;0;0;0;0;0;11;17;5;58
1987;2;6;EV37;3;POS;metoprolol;31;7;0;17;9;33;0;0;0;0;1;9;5;1;3;3;0;0;0;4;16;2;3;0;3;4;0;0;17;56;60;3;20;0;0;59;0;0;24;0;12;6;0;0;0;0;0;1;1;0;0;0;0;0;0;0;2;0;0;0;3;12;0;16;0;0;37;3;24;2;48;106;0;1;0;6;1;0;6;0;0;1;0;0;2;2;1;6;0;0;0;0;38;0;0;10;36;0;0;0;0;0;0;6;0;0;0;0;0;0;0;0;0;16;10;3;62
2159;2;7;EV37;3;POS;metoprolol;16;1;0;7;8;14;0;1;0;0;0;6;2;0;0;1;0;0;0;4;11;0;3;0;2;1;0;0;9;20;45;1;15;1;1;32;0;0;11;0;3;4;0;0;0;0;0;1;0;1;0;0;0;0;0;0;1;1;0;0;2;5;0;17;0;0;25;3;21;1;34;49;0;1;0;3;3;0;1;0;0;0;0;0;1;0;0;4;0;0;0;0;34;0;0;6;28;0;0;0;0;0;0;2;0;0;0;0;0;0;0;0;0;9;2;3;38
2331;2;8;EV37;3;POS;metoprolol;39;15;0;4;6;21;1;0;0;0;2;4;2;0;1;0;0;0;0;4;8;1;1;0;2;1;0;0;12;57;33;7;10;0;2;42;0;0;19;0;1;1;0;0;2;0;0;0;0;0;0;0;0;10;0;0;1;0;0;0;2;7;0;12;0;0;20;3;16;2;16;48;0;2;0;2;0;0;2;0;0;0;0;0;1;0;0;0;0;0;0;0;85;0;0;2;22;0;0;0;0;0;0;1;0;0;0;0;0;0;0;0;0;12;1;0;36
1300;2;1;EV37;3;POS;mexiletine;0;0;0;0;0;0;0;0;0;0;0;0;0;0;0;0;0;0;0;3;0;0;0;0;0;0;0;0;0;0;1;0;3;0;0;0;0;0;0;2;0;0;0;0;0;0;0;0;0;0;0;0;0;0;0;0;0;0;0;0;0;0;0;0;0;0;0;0;1;0;0;2;0;0;0;0;0;0;1;0;0;0;0;0;0;0;0;0;0;0;0;0;1;0;0;0;3;0;0;0;0;0;0;0;0;0;0;0;0;0;0;0;0;2;1;0;2
1472;2;2;EV37;3;POS;mexiletine;0;0;0;0;0;0;0;0;0;0;0;0;0;0;0;0;0;0;0;2;0;0;0;0;0;0;0;0;0;0;0;0;9;0;0;0;0;0;0;0;0;0;0;0;0;0;0;0;0;0;0;0;0;0;0;0;0;0;0;0;0;0;0;0;0;0;5;0;5;1;0;3;0;0;0;0;2;0;0;0;0;0;0;0;0;0;0;1;0;0;0;0;0;0;0;0;7;0;0;0;0;0;0;0;0;0;0;0;0;0;0;0;0;2;1;0;2
1644;2;3;EV37;3;POS;mexiletine;0;0;0;0;0;0;0;0;0;0;0;0;0;0;0;0;0;0;0;0;0;0;0;0;0;0;0;0;0;0;0;1;3;0;0;0;0;0;0;1;0;0;0;0;0;0;0;0;0;0;0;0;0;0;0;0;0;0;0;0;0;0;0;0;0;0;0;0;1;1;0;3;0;0;0;0;1;0;0;0;0;0;0;0;0;1;0;1;0;0;0;0;0;0;0;0;0;0;0;0;0;0;0;0;0;0;0;0;0;0;0;0;0;2;1;0;2
1816;2;4;EV37;3;POS;mexiletine;0;0;0;0;0;0;0;0;0;0;0;0;0;0;0;0;0;0;0;0;0;0;0;0;0;0;0;0;0;0;0;0;2;0;0;0;0;0;0;0;0;0;0;0;0;0;0;0;0;0;0;0;0;0;0;0;0;0;0;0;0;0;0;0;0;0;0;0;1;1;0;1;0;1;0;0;0;0;0;0;0;0;0;0;0;0;0;0;0;0;0;0;0;0;0;0;2;0;0;0;0;0;0;0;0;0;0;0;0;0;0;0;0;1;1;0;1
1988;2;6;EV37;3;POS;mexiletine;0;0;0;0;0;0;0;0;0;0;0;0;0;0;0;0;0;0;0;0;0;0;0;0;0;0;0;0;0;0;0;1;5;0;0;0;0;0;0;1;0;0;0;0;0;0;0;0;0;0;0;0;0;0;0;0;0;0;0;0;0;0;0;0;0;0;0;0;4;1;0;5;0;1;0;1;0;0;3;0;0;1;0;0;1;1;0;1;0;0;0;0;0;0;0;0;3;0;0;0;0;0;0;0;0;0;0;0;0;0;0;0;0;3;2;0;2
2160;2;7;EV37;3;POS;mexiletine;0;0;0;0;0;0;0;0;0;0;0;0;0;0;0;0;0;0;0;0;0;0;0;0;0;0;0;0;0;0;0;0;3;0;0;0;0;0;0;0;0;0;0;0;0;0;0;0;0;0;0;0;0;0;0;0;0;0;0;0;0;0;0;0;0;0;0;0;1;0;0;2;0;0;0;1;0;0;1;0;0;0;0;0;0;0;0;1;0;0;0;0;0;0;0;0;1;0;0;0;0;0;0;0;0;0;0;0;0;0;0;0;0;2;0;0;2
2332;2;8;EV37;3;POS;mexiletine;0;0;0;0;0;0;0;0;0;0;0;0;0;0;0;0;0;0;0;1;0;0;0;0;0;0;0;0;0;0;1;0;2;0;0;0;0;0;0;0;0;0;0;0;0;0;0;0;0;0;0;0;0;0;0;0;0;0;0;0;0;0;0;0;0;0;0;0;1;1;0;1;0;0;0;0;0;0;1;0;0;0;0;0;1;0;0;0;0;0;0;0;0;0;0;0;1;0;0;0;0;0;0;0;0;0;0;0;0;0;0;0;0;1;0;0;1
1306;2;1;EV37;3;POS;milnacipran;0;0;0;0;0;0;0;0;0;0;0;0;0;0;0;0;0;0;0;0;0;0;0;0;0;0;0;0;0;0;0;0;3;0;0;0;0;0;0;0;0;0;0;0;0;0;0;0;0;0;0;0;0;0;0;0;0;0;0;0;0;0;0;0;0;0;0;0;1;0;0;1;0;0;0;0;0;0;1;0;0;0;0;0;0;0;0;0;0;0;0;0;0;0;0;0;1;0;0;0;0;0;0;0;0;0;0;0;0;0;0;0;0;1;1;0;2
1478;2;2;EV37;3;POS;milnacipran;0;0;0;0;0;0;0;0;0;0;0;0;0;0;0;0;0;0;0;0;0;0;0;0;0;0;0;0;0;0;0;0;1;0;0;0;0;0;0;0;0;0;0;0;0;0;0;0;0;0;0;0;0;0;1;0;0;0;0;0;0;0;0;0;0;0;0;0;1;0;0;1;0;0;0;0;1;0;0;0;0;0;0;0;0;0;0;0;0;0;0;0;0;0;0;0;1;0;0;0;0;0;0;0;0;0;0;0;0;0;0;0;0;1;1;0;1
1650;2;3;EV37;3;POS;milnacipran;0;0;0;0;0;0;0;0;0;0;0;0;0;0;0;0;0;0;0;0;0;0;0;0;0;0;0;0;0;0;0;0;1;0;0;0;0;0;0;0;0;0;0;0;0;0;0;0;0;0;0;0;0;0;1;0;0;0;0;0;0;0;0;0;0;0;0;0;2;1;0;1;0;0;0;0;1;0;0;0;0;0;0;0;0;1;0;1;0;0;0;0;0;0;0;0;0;0;0;0;0;0;0;0;0;0;0;0;0;0;0;0;0;1;1;0;1
1822;2;4;EV37;3;POS;milnacipran;0;0;0;0;0;0;0;0;0;0;0;0;0;0;0;0;0;0;0;0;0;0;0;0;0;0;0;0;0;0;0;0;1;0;0;0;0;0;0;0;0;0;0;0;0;0;0;0;0;0;0;0;0;0;0;0;0;0;0;0;0;0;0;0;0;0;0;0;1;1;0;1;0;1;0;0;0;0;0;0;0;0;0;0;0;0;0;0;0;0;0;0;0;0;0;0;1;0;0;0;0;0;0;0;0;0;0;0;0;0;0;0;0;1;1;0;1
1994;2;6;EV37;3;POS;milnacipran;0;0;0;0;0;0;0;0;0;0;0;0;0;0;0;0;0;0;0;0;0;0;0;0;0;0;0;0;0;0;0;0;2;0;0;0;0;0;0;0;0;0;0;0;0;0;0;0;0;0;0;0;0;0;2;0;0;0;0;0;0;0;0;0;0;0;0;0;2;1;0;3;0;1;0;1;0;0;2;0;0;1;0;0;1;1;0;1;0;0;0;0;0;0;0;0;2;0;0;0;0;0;0;0;0;0;0;0;0;0;0;0;0;3;2;0;2
2166;2;7;EV37;3;POS;milnacipran;0;0;0;0;0;0;0;0;0;0;0;0;0;0;0;0;0;0;0;0;0;0;0;0;0;0;0;0;0;0;0;0;0;0;0;0;0;0;0;0;0;0;0;0;0;0;0;0;0;0;0;0;0;0;2;0;0;0;0;0;0;0;0;0;0;0;0;0;1;0;0;2;0;0;0;1;0;0;1;0;0;0;0;0;0;0;0;1;0;0;0;0;0;0;0;0;0;0;0;0;0;0;0;0;0;0;0;0;0;0;0;0;0;2;0;0;2
2338;2;8;EV37;3;POS;milnacipran;0;0;0;0;0;0;0;0;0;0;0;0;0;0;0;0;0;0;0;0;0;0;0;0;0;0;0;0;0;0;0;0;2;0;0;0;0;0;0;0;0;0;0;0;0;0;0;0;0;0;0;0;0;0;0;0;0;0;0;0;0;0;0;0;0;0;0;0;1;0;0;1;0;0;0;0;0;0;1;0;0;0;0;0;1;0;0;0;0;0;0;0;0;0;0;0;1;0;0;0;0;0;0;0;0;0;0;0;0;0;0;0;0;1;0;0;1
1309;2;1;EV37;3;POS;nelarabine;0;0;0;5;1;1;0;0;0;0;0;0;0;0;0;0;0;0;0;0;0;0;0;0;0;0;0;0;0;0;0;0;0;0;0;0;0;0;0;0;0;0;0;0;0;0;0;0;0;0;0;0;0;0;0;0;0;0;0;0;0;0;0;0;0;0;1;0;1;0;0;1;0;0;0;0;0;0;2;0;0;0;0;0;0;0;0;0;0;0;0;0;4;0;0;0;1;0;0;0;0;0;0;0;0;0;0;0;0;0;0;0;0;1;2;0;3
1481;2;2;EV37;3;POS;nelarabine;0;0;0;0;1;0;0;0;0;0;0;0;0;0;0;0;0;0;0;0;0;0;0;0;0;0;0;0;0;1;0;0;0;0;0;0;0;0;0;0;0;0;0;0;0;0;0;0;0;0;0;0;0;0;0;0;0;0;0;0;0;0;0;1;0;0;1;0;1;0;0;1;0;0;0;0;1;0;0;0;0;0;0;0;0;0;0;0;0;0;0;0;0;0;0;0;1;0;0;0;0;0;0;0;0;0;0;0;0;0;0;0;0;1;1;0;2
1653;2;3;EV37;3;POS;nelarabine;0;0;0;2;0;0;0;0;0;0;0;0;0;0;0;0;0;0;0;0;0;0;0;0;0;0;0;0;0;0;0;0;0;0;0;0;0;0;0;0;0;0;0;0;0;0;0;0;0;0;0;0;0;0;0;0;0;0;0;0;0;0;0;0;0;0;1;0;1;1;0;3;0;0;0;0;1;0;0;0;0;0;0;0;0;1;0;1;0;0;0;0;1;0;0;0;0;0;0;0;0;0;0;0;0;0;0;0;0;0;0;0;0;2;1;0;2
1825;2;4;EV37;3;POS;nelarabine;0;0;0;1;1;0;0;0;0;0;0;0;0;0;0;0;0;0;0;0;0;0;0;0;0;0;0;0;0;0;0;0;0;0;0;0;0;0;0;0;0;0;0;0;0;0;0;0;0;0;0;0;0;0;0;0;0;0;0;0;0;0;0;0;0;0;1;0;1;1;1;2;0;1;0;1;0;0;0;0;0;0;0;0;0;0;0;0;0;0;0;0;1;0;0;0;1;0;0;0;0;0;0;0;0;0;0;0;0;0;0;0;0;1;1;0;1
1997;2;6;EV37;3;POS;nelarabine;0;0;0;5;2;0;0;0;0;0;0;0;0;0;0;0;0;0;0;0;0;0;0;0;0;0;0;0;0;0;0;1;0;0;0;0;0;0;0;0;0;0;0;0;0;0;0;0;0;0;0;0;0;0;0;0;0;0;0;0;0;0;0;0;0;0;3;0;3;1;1;7;0;1;0;1;0;0;2;0;0;1;0;0;1;1;0;1;0;0;0;0;2;0;0;2;4;0;0;0;0;0;0;0;0;0;0;0;0;0;0;0;0;2;2;0;4
2169;2;7;EV37;3;POS;nelarabine;0;0;0;2;2;0;0;0;0;0;0;0;0;0;0;0;0;0;0;0;0;0;0;0;0;0;0;0;0;0;0;0;0;0;0;0;0;0;0;0;0;0;0;0;0;0;0;0;0;0;0;0;0;0;0;0;0;0;0;0;0;0;0;0;0;0;4;0;2;0;0;5;0;1;0;1;0;0;1;0;0;0;0;0;0;0;0;1;0;0;0;0;2;0;0;3;2;0;0;0;0;0;0;0;0;0;0;0;0;0;0;0;0;2;0;0;4
2341;2;8;EV37;3;POS;nelarabine;0;0;0;1;0;0;0;0;0;0;0;0;0;0;0;0;0;0;0;0;0;0;0;0;0;0;0;0;0;0;0;0;0;0;0;0;0;0;0;0;0;0;0;0;0;0;0;0;0;0;0;0;0;0;0;0;0;0;0;0;0;0;0;0;0;0;1;0;1;0;0;1;0;0;0;0;0;0;1;0;0;0;0;0;1;0;0;0;0;0;0;0;0;0;0;0;0;0;0;0;0;0;0;0;0;0;0;0;0;0;0;0;0;1;0;0;2
1313;2;1;EV37;3;POS;octreotide;36;9;0;16;16;43;1;0;0;0;2;16;9;0;5;3;0;0;2;2;5;0;2;0;0;8;0;0;12;39;56;5;31;30;0;28;0;0;9;0;4;1;0;0;1;0;3;0;1;1;1;1;0;3;9;0;2;0;0;0;0;23;4;33;0;0;51;3;19;5;0;27;0;2;0;4;0;0;3;0;0;0;0;0;0;0;0;2;0;0;0;0;94;0;0;1;57;0;0;0;0;0;0;3;0;0;0;0;0;0;0;0;0;6;19;3;85
1485;2;2;EV37;3;POS;octreotide;30;10;0;15;22;34;0;0;0;0;0;15;6;1;4;2;0;0;3;1;9;0;3;0;0;5;0;0;9;31;38;0;17;19;0;17;0;0;8;0;5;0;0;0;0;0;3;0;1;1;0;0;0;0;4;0;2;0;0;0;0;17;3;18;0;0;52;2;47;26;0;23;1;0;0;9;8;0;1;0;0;0;0;0;7;2;0;12;0;0;0;0;0;0;0;0;108;0;0;0;0;0;0;9;0;0;0;0;0;0;0;0;0;40;23;8;89
1657;2;3;EV37;3;POS;octreotide;32;7;0;14;16;34;0;0;0;0;0;10;6;0;3;5;0;0;1;2;9;0;0;0;0;9;0;0;7;31;44;0;19;23;0;26;0;0;10;0;6;2;0;0;0;0;3;0;2;1;0;0;0;0;5;0;1;0;0;0;0;15;4;24;0;0;56;4;43;9;1;66;0;3;0;7;8;0;3;0;0;1;0;0;1;7;0;9;0;0;0;0;43;0;0;24;85;0;0;0;0;0;0;2;0;0;0;0;0;0;0;0;0;21;32;3;95
1829;2;4;EV37;3;POS;octreotide;22;8;0;11;12;34;0;0;0;0;0;9;2;0;3;1;0;0;1;2;4;0;0;0;1;3;0;0;5;33;34;2;12;13;0;16;0;0;6;0;9;1;0;0;0;0;2;0;2;1;0;1;0;0;8;0;1;0;0;0;0;9;2;17;0;0;41;2;43;17;15;71;0;3;0;24;14;1;7;0;0;0;0;0;2;3;1;5;0;0;0;0;12;0;0;4;72;0;0;0;0;0;0;7;0;0;0;0;0;0;0;0;0;17;23;8;48
2001;2;6;EV37;3;POS;octreotide;29;6;0;20;19;18;0;0;0;0;2;10;5;0;6;5;0;0;2;1;5;0;0;0;0;4;0;0;11;18;28;1;31;29;0;13;0;0;1;0;4;2;0;0;0;0;4;0;1;1;0;0;0;1;4;0;1;0;0;0;0;22;4;11;0;0;66;2;30;9;16;89;0;2;0;6;3;0;7;0;0;1;0;0;2;2;1;10;0;0;0;0;43;0;0;17;40;0;0;0;0;0;0;6;0;0;0;0;0;0;0;0;0;19;19;3;59
2173;2;7;EV37;3;POS;octreotide;15;7;0;8;14;19;0;0;0;0;0;9;4;0;6;2;0;0;2;0;2;0;0;0;0;5;0;0;8;15;23;1;19;26;0;12;0;0;1;0;4;4;0;0;0;0;4;0;2;0;0;1;0;0;3;0;0;0;0;0;0;15;0;10;0;0;48;2;21;2;10;37;0;0;0;3;4;0;1;0;0;0;0;0;0;0;0;7;0;0;0;0;17;0;0;11;48;0;0;0;0;0;0;2;0;0;0;0;0;0;0;0;0;9;5;5;48
2345;2;8;EV37;3;POS;octreotide;8;2;0;4;5;8;0;0;0;0;0;3;1;0;1;1;0;0;0;0;0;0;0;0;0;1;0;0;11;13;10;0;6;9;0;6;0;0;3;0;1;0;0;0;0;0;1;0;0;0;0;0;0;0;1;0;1;0;0;0;0;6;1;6;0;0;17;1;11;3;3;28;0;2;0;1;0;0;2;0;0;0;0;0;2;0;0;0;0;0;0;0;26;0;0;0;18;0;0;0;0;0;0;0;0;0;0;0;0;0;0;0;0;7;2;0;16
1314;2;1;EV37;3;POS;orlistat;0;0;0;0;0;0;0;0;0;0;0;0;0;0;0;0;0;0;0;0;0;0;0;0;0;0;0;0;0;0;1;0;0;0;0;0;0;0;0;1;0;0;0;0;0;0;0;0;0;0;0;0;0;0;0;0;0;0;0;0;0;0;0;0;0;0;2;0;1;0;0;2;0;0;0;0;0;0;1;0;0;0;0;0;0;0;0;0;0;0;0;0;0;0;0;0;1;0;0;0;0;0;0;0;0;0;0;0;0;0;0;0;0;1;1;0;2
1486;2;2;EV37;3;POS;orlistat;0;0;0;2;0;0;0;0;0;0;0;0;0;0;0;0;0;0;0;0;0;0;0;0;0;0;0;0;0;0;0;0;0;0;0;0;0;0;0;0;0;0;0;0;0;0;0;0;0;0;0;0;0;0;0;0;0;0;0;0;0;0;0;0;0;0;1;0;2;0;0;1;0;0;0;0;1;0;0;0;0;0;0;0;0;0;0;0;0;0;0;0;0;0;0;0;0;0;0;0;0;0;0;0;0;0;0;0;0;0;0;0;0;2;1;0;2
1658;2;3;EV37;3;POS;orlistat;0;0;0;1;0;0;0;0;0;0;0;0;0;0;0;0;0;0;0;0;0;0;0;0;0;0;0;0;0;0;0;0;0;0;0;0;0;0;0;0;0;0;0;0;0;0;0;0;0;0;0;0;0;0;0;0;0;0;0;0;0;0;0;0;0;0;1;0;1;1;0;2;0;0;0;0;1;0;0;0;0;0;0;0;0;1;0;1;0;0;0;0;1;0;0;0;0;0;0;0;0;0;0;0;0;0;0;0;0;0;0;0;0;1;1;0;1
1830;2;4;EV37;3;POS;orlistat;0;0;0;1;0;0;0;0;0;0;0;0;0;0;0;0;0;0;0;0;0;0;0;0;0;0;0;0;0;0;0;0;0;0;0;0;0;0;0;1;0;0;0;0;0;0;0;0;0;0;0;0;0;0;0;0;0;0;0;0;0;0;0;0;0;0;1;0;1;1;1;1;0;1;0;0;0;0;0;0;0;0;0;0;0;0;0;0;0;0;0;0;0;0;0;0;1;0;0;0;0;0;0;0;0;0;0;0;0;0;0;0;0;1;2;0;1
2002;2;6;EV37;3;POS;orlistat;0;0;0;0;0;0;0;0;0;0;0;0;0;0;0;0;0;0;0;0;0;0;0;0;0;0;0;0;0;0;0;0;1;0;0;0;0;0;0;0;0;0;0;0;0;0;0;0;0;0;0;0;0;0;0;0;0;0;0;0;0;0;0;0;0;0;2;0;2;1;0;3;0;1;0;1;0;0;2;0;0;1;0;0;1;1;0;1;0;0;0;0;0;0;0;0;1;0;0;0;0;0;0;0;0;0;0;0;0;0;0;0;0;2;2;0;2
2174;2;7;EV37;3;POS;orlistat;0;0;0;1;0;0;0;0;0;0;0;0;0;0;0;0;0;0;0;0;0;0;0;0;0;0;0;0;0;0;0;0;0;0;0;0;0;0;0;0;0;0;0;0;0;0;0;0;0;0;0;0;0;0;0;0;0;0;0;0;0;0;0;0;0;0;1;0;1;0;0;2;0;0;0;1;0;0;1;0;0;0;0;0;0;0;0;1;0;0;0;0;0;0;0;0;0;0;0;0;0;0;0;0;0;0;0;0;0;0;0;0;0;2;0;0;2
2346;2;8;EV37;3;POS;orlistat;1;0;0;0;0;0;0;0;0;0;0;0;0;0;0;0;0;0;0;0;0;0;0;0;0;0;0;0;0;0;1;0;0;0;0;0;0;0;0;0;0;0;0;0;0;0;0;0;0;0;0;0;0;0;0;0;0;0;0;0;0;0;0;0;0;0;1;0;1;0;0;2;0;0;0;0;0;0;1;0;0;0;0;0;1;0;0;0;0;0;0;0;0;0;0;0;1;0;0;0;0;0;0;0;0;0;0;0;0;0;0;0;0;1;0;0;1
1319;2;1;EV37;3;POS;penicillamine;1;0;0;0;0;0;0;0;0;0;0;0;0;0;0;0;0;0;0;3;0;0;0;0;0;0;0;0;0;0;0;0;0;0;0;0;0;0;0;0;0;0;0;0;0;0;0;0;0;0;0;0;0;0;0;0;0;0;0;0;0;0;0;0;0;0;1;0;0;0;0;1;0;0;0;0;0;0;0;0;0;0;0;0;0;0;0;0;0;0;0;0;0;0;0;0;3;0;0;0;0;0;0;0;0;0;0;0;0;0;0;0;0;1;0;0;0
1491;2;2;EV37;3;POS;penicillamine;4;0;0;0;0;0;0;0;0;0;0;0;0;0;0;0;0;0;0;5;0;0;0;0;0;0;0;0;0;0;0;0;0;0;0;0;0;0;0;0;0;0;0;0;0;0;0;0;0;0;0;0;0;0;0;0;0;0;0;0;0;0;0;0;0;0;1;0;3;1;0;1;0;0;0;0;1;0;0;0;0;0;0;0;0;0;0;0;0;0;0;0;0;0;0;0;7;0;0;0;0;0;0;0;0;0;0;0;0;0;0;0;0;1;0;0;0
1663;2;3;EV37;3;POS;penicillamine;3;0;0;0;0;0;0;0;0;0;0;0;0;0;0;0;0;0;0;0;0;0;0;0;0;0;0;0;0;0;0;0;0;0;0;0;0;0;0;0;0;0;0;0;0;0;0;0;0;0;0;0;0;0;0;0;0;0;0;0;0;0;0;0;0;0;1;0;1;0;0;2;0;0;0;0;0;0;0;0;0;0;0;0;0;0;0;0;0;0;0;0;0;0;0;0;0;0;0;0;0;0;0;0;0;0;0;0;0;0;0;0;0;1;1;0;0
1835;2;4;EV37;3;POS;penicillamine;0;0;0;0;0;0;0;0;0;0;0;0;0;0;0;0;0;0;0;0;0;0;0;0;0;0;0;0;0;0;0;0;0;0;0;0;0;0;0;0;0;0;0;0;0;0;0;0;0;0;0;0;0;0;0;0;0;0;0;0;0;0;0;0;0;0;1;0;0;0;0;0;0;0;0;0;0;0;0;0;0;0;0;0;0;0;0;0;0;0;0;0;0;0;0;0;1;0;0;0;0;0;0;0;0;0;0;0;0;0;0;0;0;0;0;0;0
2007;2;6;EV37;3;POS;penicillamine;2;0;0;0;0;0;0;0;0;0;0;0;0;0;0;0;0;0;0;1;0;0;0;0;0;0;0;0;0;0;0;0;0;0;1;0;0;0;0;0;0;0;0;0;0;0;0;0;0;0;0;0;0;0;0;0;0;0;0;0;0;0;0;0;0;0;0;0;0;0;0;1;0;0;0;0;0;0;1;0;0;0;0;0;0;0;0;0;0;0;0;0;0;0;0;0;2;0;0;0;0;0;0;0;0;0;0;0;0;0;0;0;0;0;0;0;2
2179;2;7;EV37;3;POS;penicillamine;0;0;0;0;0;0;0;0;0;0;0;0;0;0;0;0;0;0;0;1;0;0;0;0;0;0;0;0;0;0;0;0;0;0;0;0;0;0;0;0;0;0;0;0;0;0;0;0;0;0;0;0;0;0;0;0;0;0;0;0;0;0;0;0;0;0;1;0;0;0;0;0;0;0;0;0;0;0;0;0;0;0;0;0;0;0;0;0;0;0;0;0;1;0;0;0;1;0;0;0;0;0;0;0;0;0;0;0;0;0;0;0;0;0;0;0;0
2351;2;8;EV37;3;POS;penicillamine;1;0;0;0;0;0;0;0;0;0;0;0;0;0;0;0;0;0;0;0;0;0;0;0;0;0;0;0;0;0;0;0;0;0;1;0;0;0;0;0;0;0;0;0;0;0;0;0;0;0;0;0;0;0;0;0;0;0;0;0;0;0;0;0;0;0;1;0;0;1;0;0;0;0;0;0;0;0;0;0;0;0;0;0;0;0;0;0;0;0;0;0;0;0;0;0;1;0;0;0;0;0;0;0;0;0;0;0;0;0;0;0;0;0;0;0;1
1325;2;1;EV37;3;POS;pregabalin;0;0;0;6;0;0;0;0;0;0;0;0;0;0;0;0;0;0;0;0;0;0;0;0;0;0;0;0;0;0;0;0;1;0;0;0;0;0;0;0;0;0;0;0;0;0;0;0;0;0;0;0;0;0;0;0;0;0;0;0;0;0;0;0;0;0;0;0;3;1;0;2;0;0;0;0;0;0;1;0;0;0;0;0;0;0;0;0;0;0;0;0;2;0;0;0;2;0;0;0;0;0;0;0;0;0;0;0;0;0;0;0;0;1;1;0;3
1497;2;2;EV37;3;POS;pregabalin;0;0;0;2;0;0;0;0;0;0;0;0;0;0;0;0;0;0;0;0;0;0;0;0;0;0;0;0;0;0;0;0;1;0;0;0;0;0;0;0;0;0;0;0;0;0;0;0;0;0;0;0;0;0;0;0;0;0;0;0;0;0;0;0;0;0;0;0;1;0;0;1;0;0;0;0;1;0;0;0;0;0;0;0;0;0;0;0;0;0;0;0;0;0;0;0;1;0;0;0;0;0;0;0;0;0;0;0;0;0;0;0;0;2;1;0;3
1669;2;3;EV37;3;POS;pregabalin;0;0;0;5;0;0;0;0;0;0;0;0;0;0;0;0;0;0;0;0;0;0;0;0;0;0;0;0;0;0;0;0;1;0;0;0;0;0;0;0;0;0;0;0;0;0;0;0;0;0;0;0;0;0;0;0;0;0;0;0;0;0;0;0;0;0;0;0;3;1;2;3;0;0;0;0;1;0;0;0;0;0;0;0;0;1;0;1;0;0;0;0;0;0;0;0;2;0;0;0;0;0;0;0;0;0;0;0;0;0;0;0;0;1;1;0;3
1841;2;4;EV37;3;POS;pregabalin;0;0;0;5;0;0;0;0;0;0;0;0;0;0;0;0;0;0;0;0;0;0;0;0;0;0;0;0;0;0;0;0;0;0;0;0;0;0;0;0;0;0;0;0;0;0;0;0;0;0;0;0;0;0;0;0;0;0;0;0;0;0;0;0;0;0;0;0;3;1;2;2;0;1;0;1;0;0;0;0;0;0;0;0;0;0;0;0;0;0;0;0;0;0;0;0;1;0;0;0;0;0;0;0;0;0;0;0;0;0;0;0;0;1;1;0;1
2013;2;6;EV37;3;POS;pregabalin;0;0;0;10;0;0;0;0;0;0;0;0;0;0;0;0;0;0;0;0;0;0;0;0;0;0;0;0;0;0;0;0;0;0;0;0;0;0;0;0;0;0;0;0;0;0;0;0;0;0;0;0;0;0;0;0;0;0;0;0;0;0;0;0;0;0;0;0;2;1;0;8;0;1;0;1;0;0;2;0;0;1;0;0;1;1;0;1;0;0;0;0;2;0;0;0;2;0;0;0;0;0;0;0;0;0;0;0;0;0;0;0;0;2;2;0;4
2185;2;7;EV37;3;POS;pregabalin;0;0;0;5;0;0;0;0;0;0;0;0;0;0;0;0;0;0;0;0;0;0;0;0;0;0;0;0;0;0;0;0;1;0;0;0;0;0;0;0;0;0;0;0;0;0;0;0;0;0;0;0;0;0;0;0;0;0;0;0;0;0;0;0;0;0;0;0;1;0;1;3;0;0;0;1;0;0;1;0;0;0;0;0;0;0;0;1;0;0;0;0;2;0;0;0;0;0;0;0;0;0;0;0;0;0;0;0;0;0;0;0;0;2;0;0;3
2357;2;8;EV37;3;POS;pregabalin;0;0;0;3;0;0;0;0;0;0;0;0;0;0;0;0;0;0;0;0;0;0;0;0;0;0;0;0;0;0;0;0;0;0;0;0;0;0;0;0;0;0;0;0;0;0;0;0;0;0;0;0;0;0;0;0;0;0;0;0;0;0;0;0;0;0;0;0;1;0;2;3;0;0;0;0;0;0;2;0;0;0;0;0;1;0;0;0;0;0;0;0;0;0;0;0;1;0;0;0;0;0;0;0;0;0;0;0;0;0;0;0;0;1;0;0;1
1326;2;1;EV37;3;POS;propafenone;7;1;1;18;11;14;0;0;0;0;2;5;2;0;1;1;0;0;0;0;5;0;0;0;1;1;0;0;7;7;17;2;3;1;0;14;0;0;3;1;1;2;0;0;1;0;0;0;0;0;0;0;0;17;0;0;2;0;0;0;0;2;1;3;0;0;8;0;8;1;0;17;0;0;0;1;0;0;1;0;0;0;0;0;0;0;0;1;0;0;0;0;52;0;0;0;9;0;0;0;0;0;0;0;0;0;0;0;0;0;0;0;0;2;1;0;22
1498;2;2;EV37;3;POS;propafenone;8;2;1;12;8;7;0;0;0;0;0;4;4;0;1;1;0;0;0;6;2;0;0;0;0;0;0;0;12;8;14;1;4;0;0;11;0;0;4;0;6;1;0;0;0;0;0;0;0;0;0;0;0;0;0;0;2;0;0;0;0;4;1;4;0;0;17;0;27;1;1;9;0;0;0;3;5;0;1;0;0;0;0;0;1;0;0;7;0;0;0;0;0;0;0;0;24;0;0;0;0;0;0;3;0;0;0;0;0;0;0;0;0;6;6;1;46
1670;2;3;EV37;3;POS;propafenone;3;0;0;18;6;8;0;0;0;0;0;1;2;0;1;1;0;0;0;2;1;0;0;0;0;0;0;0;8;5;10;0;4;0;0;15;0;0;6;0;4;1;0;0;0;0;0;0;0;0;0;0;0;0;0;0;3;0;0;0;0;1;0;3;0;0;10;0;14;6;5;20;0;0;0;1;4;0;0;0;0;0;0;0;0;2;0;4;0;0;0;0;22;0;0;10;16;0;0;0;0;0;0;0;0;0;0;0;0;0;0;0;0;5;10;0;25
1842;2;4;EV37;3;POS;propafenone;4;0;1;10;4;6;0;0;0;0;0;1;3;0;1;0;0;0;0;1;0;0;0;0;0;1;0;0;5;4;7;0;6;0;0;3;0;0;2;0;2;0;0;0;0;0;0;0;0;0;0;0;0;0;0;0;0;0;0;0;0;1;0;0;1;0;10;0;13;6;13;20;0;2;0;4;1;0;2;0;0;0;0;0;2;1;0;2;0;0;0;0;5;0;0;2;14;0;0;0;0;0;0;3;0;0;0;0;0;0;0;0;0;6;10;0;14
2014;2;6;EV37;3;POS;propafenone;3;0;1;22;5;13;0;0;0;0;0;1;1;0;0;1;0;0;0;1;1;0;0;0;0;0;0;0;2;4;20;1;4;0;0;17;0;0;11;0;7;1;0;0;0;0;0;0;1;0;0;0;0;0;0;0;2;0;0;0;0;1;0;5;0;0;8;0;16;2;19;37;0;1;0;3;1;0;5;0;0;1;0;0;1;2;0;4;0;0;0;0;13;0;0;6;9;0;0;0;0;0;0;0;0;0;0;0;0;0;0;0;0;9;2;0;32
2186;2;7;EV37;3;POS;propafenone;0;2;0;19;9;5;0;0;0;0;0;3;0;0;2;0;0;0;0;0;0;0;0;0;1;0;0;0;4;2;14;0;1;0;0;2;0;0;2;0;2;0;0;0;0;0;0;0;0;0;0;0;0;0;1;0;0;0;0;0;1;3;0;4;0;0;5;0;4;0;18;17;0;0;0;1;1;0;1;0;0;0;0;0;0;0;0;1;0;0;0;0;12;0;0;2;7;0;0;0;0;0;0;0;0;0;0;0;0;0;0;0;0;4;1;0;14
2358;2;8;EV37;3;POS;propafenone;2;0;2;7;3;4;0;0;0;0;0;0;0;0;1;0;0;0;0;1;1;0;0;0;0;0;0;0;4;1;8;0;1;0;0;0;0;0;0;0;0;0;0;0;0;0;0;0;0;0;0;0;0;0;0;0;0;0;0;0;0;0;0;2;1;0;4;0;8;1;6;17;0;0;0;0;0;0;3;0;0;0;0;0;1;0;0;0;0;0;0;0;13;0;0;0;4;0;0;0;0;0;0;0;0;0;0;0;0;0;0;0;0;4;1;0;8
1327;2;1;EV37;3;POS;propoxyphene;6;0;0;0;6;17;0;0;0;0;0;2;2;0;0;0;0;0;0;0;1;0;0;0;0;0;0;0;10;11;15;3;0;0;0;16;0;0;4;0;1;1;0;0;2;0;0;1;0;1;0;0;0;0;0;0;2;0;0;0;3;0;0;6;0;0;4;0;5;0;0;15;0;0;0;0;1;0;3;0;0;0;0;0;0;0;0;1;0;0;0;0;38;0;0;2;6;0;0;0;0;0;0;0;0;0;0;0;0;0;0;0;0;4;1;0;17
1499;2;2;EV37;3;POS;propoxyphene;3;1;0;0;5;8;0;0;0;0;0;0;1;0;0;2;0;0;0;1;0;0;0;0;0;0;0;0;8;1;5;3;0;0;0;6;0;0;2;0;2;0;0;0;1;0;0;0;0;0;0;0;0;2;0;0;0;0;0;0;2;0;0;1;0;0;8;0;9;1;2;9;0;0;0;3;2;0;0;0;0;1;0;0;2;0;0;1;0;0;0;0;0;0;0;0;12;0;0;0;0;0;0;1;0;0;0;0;0;0;0;0;0;8;5;0;19
1671;2;3;EV37;3;POS;propoxyphene;19;1;0;0;5;6;0;0;1;0;2;1;1;0;0;0;0;0;0;0;3;0;0;0;0;0;0;0;14;2;6;4;0;0;0;7;0;0;2;0;2;1;0;0;1;0;0;0;0;0;0;0;0;9;0;0;0;0;0;0;1;0;0;1;0;0;7;0;12;1;1;18;0;0;0;0;2;0;2;0;0;0;0;0;0;1;0;1;0;0;0;0;49;0;0;24;11;0;0;0;0;0;0;0;0;0;0;0;0;0;0;0;0;2;4;0;16
1843;2;4;EV37;3;POS;propoxyphene;3;1;1;0;3;13;0;0;0;0;0;0;1;0;0;1;0;0;0;0;1;0;0;0;0;0;0;0;4;3;11;4;0;0;0;13;0;0;5;0;3;0;0;0;2;0;0;0;0;0;0;0;0;2;0;0;0;0;0;0;0;0;0;3;0;0;3;0;12;3;7;16;0;1;0;5;1;1;3;0;0;0;0;0;0;2;0;1;0;0;0;0;7;0;0;0;11;0;0;0;0;0;0;1;0;0;0;0;0;0;0;0;0;4;5;0;9
2015;2;6;EV37;3;POS;propoxyphene;1;0;0;0;6;18;0;0;0;0;0;1;1;0;0;1;0;0;0;1;2;0;0;0;0;0;0;0;11;4;13;4;0;0;0;9;0;0;4;0;2;0;0;0;3;0;0;0;0;0;0;0;0;1;0;0;0;0;0;0;1;0;0;4;0;0;6;0;10;2;8;30;0;1;0;1;0;0;3;0;0;1;0;0;2;1;0;4;0;0;0;0;10;0;0;3;4;0;0;0;0;0;0;0;0;0;0;0;0;0;0;0;0;6;2;0;11
2187;2;7;EV37;3;POS;propoxyphene;2;1;0;0;3;10;0;0;1;0;2;0;1;0;0;0;0;0;0;0;1;0;0;0;0;0;0;0;1;3;7;5;0;0;0;7;0;0;5;0;6;0;0;0;2;0;0;0;0;0;0;0;0;9;0;0;0;0;0;0;2;0;0;2;0;0;6;0;3;0;7;11;0;0;0;1;0;0;1;0;0;0;0;0;0;0;0;1;0;0;0;0;20;0;0;0;3;0;0;0;0;0;0;0;0;0;0;0;0;0;0;0;0;3;0;0;6
2359;2;8;EV37;3;POS;propoxyphene;18;1;0;0;4;3;0;0;0;0;0;1;0;0;0;0;0;0;0;0;1;0;0;0;0;0;0;0;7;3;4;0;0;0;0;3;0;0;1;0;1;1;0;0;0;0;0;0;0;0;0;0;0;0;0;0;0;0;0;0;2;0;0;2;0;0;5;0;2;0;1;13;0;0;0;0;0;0;1;0;0;0;0;0;1;0;0;0;0;0;0;0;29;0;0;0;3;0;0;0;0;0;0;0;0;0;0;0;0;0;0;0;0;5;0;0;1
1338;2;1;EV37;3;POS;ropinirole;0;0;0;6;0;0;0;0;0;0;0;0;0;0;0;0;0;0;0;0;0;0;0;0;0;0;0;0;0;0;0;0;1;0;0;0;0;0;0;0;0;0;0;0;0;0;0;0;0;0;0;0;0;0;0;0;0;0;0;0;0;0;0;16;0;0;2;0;1;0;0;1;0;0;0;0;0;0;1;0;0;0;0;0;0;0;0;0;0;0;0;0;19;0;0;0;1;0;0;0;0;0;0;0;0;0;0;0;0;0;0;0;0;1;1;0;3
1510;2;2;EV37;3;POS;ropinirole;0;0;0;2;0;0;0;0;0;0;0;0;0;0;0;0;0;0;0;0;0;0;0;0;0;0;0;0;0;0;0;0;1;0;0;0;0;0;0;0;0;0;0;0;0;0;0;0;0;0;0;0;0;0;0;0;0;0;0;0;0;0;0;0;0;0;0;0;1;0;0;1;0;0;0;1;1;0;0;0;0;0;0;0;0;0;0;0;0;0;0;0;0;0;0;0;2;0;0;0;0;0;0;0;0;0;0;0;0;0;0;0;0;1;1;0;1
1682;2;3;EV37;3;POS;ropinirole;0;0;0;8;0;0;0;0;0;0;0;0;0;0;0;0;0;0;0;0;0;0;0;0;0;0;0;0;0;0;0;0;2;0;0;0;0;0;0;0;0;0;0;0;0;0;0;0;0;0;0;0;0;0;0;0;0;0;0;0;0;0;0;14;0;0;0;0;1;1;1;1;0;0;0;1;1;0;0;0;0;0;0;0;0;1;0;2;0;0;0;0;18;0;0;0;0;0;0;0;0;0;0;0;0;0;0;0;0;0;0;0;0;1;3;0;4
1854;2;4;EV37;3;POS;ropinirole;0;0;0;3;0;0;0;0;0;0;0;0;0;0;0;0;0;0;0;0;0;0;0;0;0;0;0;0;0;0;0;0;3;0;0;0;0;0;0;0;0;0;0;0;0;0;0;0;0;0;0;0;0;0;0;0;0;0;0;0;0;0;0;14;0;0;1;0;2;1;0;3;0;1;0;0;0;0;0;0;0;0;0;0;0;0;0;0;0;0;0;0;17;0;0;0;2;0;0;0;0;0;0;0;0;0;0;0;0;0;0;0;0;1;1;0;1
2026;2;6;EV37;3;POS;ropinirole;0;0;0;9;0;0;0;0;0;0;0;0;0;0;0;0;0;0;0;0;0;0;0;0;0;0;0;0;0;0;0;0;0;0;0;0;0;0;0;0;0;0;0;0;0;0;0;0;0;0;0;0;0;0;0;0;0;0;0;0;0;0;0;13;0;0;0;0;2;1;0;5;0;1;0;1;0;0;2;0;0;1;0;0;1;1;0;2;0;0;0;0;17;0;0;0;1;0;0;0;0;0;0;0;0;0;0;0;0;0;0;0;0;2;2;0;4
2198;2;7;EV37;3;POS;ropinirole;0;0;0;2;0;0;0;0;0;0;0;0;0;0;0;0;0;0;0;0;0;0;0;0;0;0;0;0;0;0;0;0;0;0;0;0;0;0;0;0;0;0;0;0;0;0;0;0;0;0;0;0;0;0;0;0;0;0;0;0;0;0;0;0;0;0;0;0;1;0;0;2;0;0;0;1;0;0;1;0;0;0;0;0;0;0;0;1;0;0;0;0;0;0;0;0;0;0;0;0;0;0;0;0;0;0;0;0;0;0;0;0;0;2;0;0;2
2370;2;8;EV37;3;POS;ropinirole;0;0;0;2;0;0;0;0;0;0;0;0;0;0;0;0;0;0;0;0;0;0;0;0;0;0;0;0;0;0;0;0;1;0;0;0;0;0;0;0;0;0;0;0;0;0;0;0;0;0;0;0;0;0;0;0;0;0;0;0;0;0;0;0;0;0;1;0;1;0;0;2;0;0;0;0;0;0;1;0;0;0;0;0;1;0;0;0;0;0;0;0;0;0;0;0;1;0;0;0;0;0;0;0;0;0;0;0;0;0;0;0;0;1;0;0;1
1347;2;1;EV37;3;POS;succimer;0;0;0;0;0;0;0;0;0;0;0;0;0;0;0;0;0;0;0;0;0;0;0;0;0;0;0;0;0;0;0;0;2;0;0;0;0;0;0;0;0;0;0;0;0;0;0;0;0;0;0;0;0;0;0;0;0;0;0;0;0;0;0;0;0;0;0;0;1;0;0;1;0;0;0;0;0;0;1;0;0;0;0;0;0;0;0;0;0;0;0;0;0;0;0;0;0;0;0;0;0;0;0;0;0;0;0;0;0;0;0;0;0;1;1;0;2
1519;2;2;EV37;3;POS;succimer;0;0;0;0;0;0;0;0;0;0;0;0;0;0;0;0;0;0;0;0;0;0;0;0;0;0;0;0;0;0;0;0;0;0;0;0;0;0;0;0;0;0;0;0;0;0;0;0;0;0;0;0;0;0;1;0;0;0;0;0;0;0;0;0;0;0;0;0;1;0;0;1;0;0;0;0;1;0;0;0;0;0;0;0;0;0;0;0;0;0;0;0;0;0;0;0;0;0;0;0;0;0;0;0;0;0;0;0;0;0;0;0;0;1;1;0;1
1691;2;3;EV37;3;POS;succimer;0;0;0;0;0;0;0;0;0;0;0;0;0;0;0;0;0;0;0;0;0;0;0;0;0;0;0;0;0;0;0;0;0;0;0;0;0;0;0;0;0;0;0;0;0;0;0;0;0;0;0;0;0;0;1;0;0;0;0;0;0;0;0;0;0;0;0;0;1;1;0;1;0;0;0;0;1;0;0;0;0;0;0;0;0;1;0;1;0;0;0;0;0;0;0;0;0;0;0;0;0;0;0;0;0;0;0;0;0;0;0;0;0;1;1;0;1
1863;2;4;EV37;3;POS;succimer;0;0;0;0;0;0;0;0;0;0;0;0;0;0;0;0;0;0;0;0;0;0;0;0;0;0;0;0;0;0;0;0;1;0;0;0;0;0;0;0;0;0;0;0;0;0;0;0;0;0;0;0;0;0;0;0;0;0;0;0;0;0;0;0;0;0;0;0;1;1;0;1;0;1;0;0;0;0;0;0;0;0;0;0;0;0;0;0;0;0;0;0;0;0;0;0;1;0;0;0;0;0;0;0;0;0;0;0;0;0;0;0;0;1;1;0;1
2035;2;6;EV37;3;POS;succimer;0;0;0;0;0;0;0;0;0;0;0;0;0;0;0;0;0;0;0;0;0;0;0;0;0;0;0;0;0;0;0;0;1;0;0;0;0;0;0;0;0;0;0;0;0;0;0;0;0;0;0;0;0;0;2;0;0;0;0;0;0;0;0;0;0;0;0;0;2;1;0;3;0;1;0;1;0;0;2;0;0;1;0;0;1;1;0;1;0;0;0;0;0;0;0;0;1;0;0;0;0;0;0;0;0;0;0;0;0;0;0;0;0;2;2;0;2
2207;2;7;EV37;3;POS;succimer;0;0;0;0;0;0;0;0;0;0;0;0;0;0;0;0;0;0;0;0;0;0;0;0;0;0;0;0;0;0;0;0;0;0;0;0;0;0;0;0;0;0;0;0;0;0;0;0;0;0;0;0;0;0;2;0;0;0;0;0;0;0;0;0;0;0;0;0;1;0;0;2;0;0;0;1;0;0;1;0;0;0;0;0;0;0;0;1;0;0;0;0;0;0;0;0;0;0;0;0;0;0;0;0;0;0;0;0;0;0;0;0;0;2;0;0;2
2379;2;8;EV37;3;POS;succimer;0;0;0;0;0;0;0;0;0;0;0;0;0;0;0;0;0;0;0;0;0;0;0;0;0;0;0;0;0;0;0;0;1;0;0;0;0;0;0;0;0;0;0;0;0;0;0;0;0;0;0;0;0;0;0;0;0;0;0;0;0;0;0;0;0;0;0;0;1;0;0;1;0;0;0;0;0;0;1;0;0;0;0;0;1;0;0;0;0;0;0;0;0;0;0;0;0;0;0;0;0;0;0;0;0;0;0;0;0;0;0;0;0;1;0;0;1
1353;2;1;EV37;3;POS;terbutaline;32;9;1;2;15;20;0;0;0;0;0;9;3;0;3;1;0;0;0;4;8;0;1;0;3;1;0;0;20;45;22;2;6;2;0;17;0;0;9;0;4;3;0;1;0;0;0;0;0;0;0;0;0;0;0;0;1;0;0;0;0;5;1;24;0;0;27;2;14;2;0;13;0;1;0;3;1;0;3;0;0;0;0;0;0;0;0;2;0;0;0;0;78;0;0;4;44;0;0;0;0;0;0;2;0;0;0;0;0;0;0;0;0;7;9;2;47
1525;2;2;EV37;3;POS;terbutaline;19;15;1;8;11;28;0;1;0;0;0;12;5;0;1;0;0;0;0;6;11;0;0;0;5;3;0;0;21;29;35;2;6;3;0;24;1;0;6;1;3;2;0;0;0;0;0;1;1;0;0;0;0;1;0;0;1;0;0;0;0;5;0;29;0;0;23;0;43;15;1;20;0;0;0;8;5;0;0;0;0;1;0;0;2;0;0;13;0;0;0;0;0;0;0;0;94;0;0;0;0;0;0;10;0;0;0;0;0;0;0;0;0;34;15;7;68
1697;2;3;EV37;3;POS;terbutaline;23;10;1;4;12;23;0;0;0;0;2;13;3;1;1;0;0;0;0;2;10;0;0;0;6;3;0;0;15;53;30;3;8;2;0;27;1;1;7;1;5;5;0;0;0;0;0;1;1;0;0;0;1;17;0;0;3;0;0;0;0;6;1;38;0;0;29;0;33;8;3;49;0;1;0;6;6;0;3;0;0;2;0;0;0;11;0;4;0;0;0;0;89;0;0;21;57;0;0;0;0;0;0;2;0;0;0;0;0;0;0;0;0;16;29;4;73
1869;2;4;EV37;3;POS;terbutaline;15;9;2;4;11;26;0;0;0;0;0;11;1;0;1;0;0;0;1;3;8;0;0;0;5;3;0;0;16;23;45;4;3;3;1;27;0;0;7;0;8;1;0;2;0;0;0;0;2;0;0;0;0;2;0;0;3;0;0;0;0;7;2;35;1;0;28;2;42;24;18;55;0;3;0;27;7;1;5;0;0;1;0;0;3;4;1;1;0;0;0;0;10;0;0;15;68;0;0;0;0;0;0;9;0;0;0;0;0;0;0;0;0;11;20;6;51
2041;2;6;EV37;3;POS;terbutaline;15;3;0;6;7;25;0;1;0;0;0;8;1;0;0;0;0;0;0;3;4;0;0;0;0;2;0;0;13;22;21;2;5;2;0;16;1;0;3;1;5;6;0;0;0;0;0;1;1;0;0;0;0;0;0;0;4;0;0;0;0;5;0;18;0;0;33;0;20;8;9;57;0;1;0;6;1;0;10;0;0;2;0;0;1;4;1;11;0;0;0;0;29;0;0;11;26;0;0;0;0;0;0;3;0;0;0;0;0;0;0;0;0;7;10;3;34
2213;2;7;EV37;3;POS;terbutaline;7;3;0;2;8;8;0;0;0;0;0;1;2;0;0;0;0;0;1;1;2;0;0;0;0;2;0;0;7;15;13;0;1;0;0;4;0;0;1;0;4;1;0;0;0;0;0;0;0;0;0;0;0;0;0;0;1;0;0;0;0;0;0;5;0;0;22;0;12;1;6;21;0;0;0;3;0;0;1;0;0;0;0;0;0;0;0;5;0;0;0;0;13;0;0;4;24;0;0;0;0;0;0;0;0;0;0;0;0;0;0;0;0;6;1;4;36
2385;2;8;EV37;3;POS;terbutaline;6;4;0;0;3;10;0;1;0;0;0;3;0;0;1;0;0;0;0;1;1;0;0;0;0;1;0;0;10;12;17;3;4;2;0;19;0;0;9;0;0;3;0;0;0;0;0;0;0;0;0;0;0;17;0;0;3;0;0;0;0;3;0;20;0;0;13;0;7;1;3;24;0;1;0;1;0;0;1;0;0;0;0;0;1;0;0;0;0;0;0;0;46;0;0;1;10;0;0;0;0;0;0;0;0;0;0;0;0;0;0;0;0;5;1;1;12
1364;2;1;EV37;3;POS;triptorelin pamoate;0;0;0;0;0;0;0;0;0;0;0;0;0;0;0;0;0;0;0;0;0;0;0;0;0;0;0;0;0;41;0;0;6;0;0;0;0;0;0;0;0;0;0;0;0;0;0;0;0;0;0;0;0;0;0;0;0;0;0;0;0;0;0;3;0;0;1;0;0;0;1;0;0;0;0;0;0;0;0;0;0;0;0;0;0;0;0;0;0;0;0;0;26;0;0;0;0;0;0;0;0;0;0;0;0;0;0;0;0;0;0;0;0;0;0;0;21
1536;2;2;EV37;3;POS;triptorelin pamoate;0;0;0;0;0;2;0;0;0;0;0;0;0;0;0;0;0;0;0;0;1;0;0;0;0;0;0;0;0;2;2;1;2;0;0;1;1;0;0;1;0;1;0;0;0;0;0;1;0;0;0;0;0;0;0;0;0;0;0;0;0;0;0;2;0;0;0;0;2;0;0;0;0;0;0;0;0;0;0;0;0;0;0;0;0;0;0;0;0;0;0;0;0;0;0;0;2;0;0;0;0;0;0;1;0;0;0;0;0;0;0;0;0;1;1;0;3
1708;2;3;EV37;3;POS;triptorelin pamoate;0;0;0;0;0;0;0;0;0;0;0;0;0;0;0;0;0;0;0;0;0;0;0;0;0;0;0;0;0;19;0;0;5;0;0;0;0;0;0;0;0;0;0;0;0;0;0;0;0;0;0;0;0;0;0;0;0;0;0;0;0;0;0;0;0;0;3;0;1;0;0;2;0;0;0;0;0;0;1;0;0;0;0;0;0;0;0;0;0;0;0;0;22;0;0;0;1;0;0;0;0;0;0;0;0;0;0;0;0;0;0;0;0;0;1;0;3
1880;2;4;EV37;3;POS;triptorelin pamoate;0;0;0;0;0;0;0;0;0;0;0;0;0;0;0;0;0;0;0;0;0;0;0;0;0;0;0;0;0;2;0;2;2;0;0;0;0;0;0;0;0;0;0;0;0;0;0;0;0;0;0;0;0;1;0;0;0;0;0;0;0;0;0;1;0;0;1;0;1;0;5;3;0;0;0;1;0;0;0;0;0;0;0;0;0;0;0;0;0;0;0;0;0;0;0;0;1;0;0;0;0;0;0;0;0;0;0;0;0;0;0;0;0;0;0;0;1
2052;2;6;EV37;3;POS;triptorelin pamoate;0;0;0;0;0;0;0;0;0;0;0;0;0;0;0;0;0;0;0;0;0;0;0;0;0;0;0;0;0;0;0;0;0;0;0;0;0;0;0;0;0;0;0;0;0;0;0;0;0;0;0;0;0;0;0;0;0;0;0;0;0;0;0;0;0;0;2;0;0;0;2;1;0;0;0;0;0;0;0;0;0;0;0;0;0;0;0;0;0;0;0;0;0;0;0;1;0;0;0;0;0;0;0;0;0;0;0;0;0;0;0;0;0;1;0;0;0
2224;2;7;EV37;3;POS;triptorelin pamoate;0;0;0;0;0;0;0;0;0;0;0;0;0;0;0;0;0;0;0;0;0;0;0;0;0;0;0;0;0;0;0;0;2;0;0;0;0;0;0;0;0;0;0;0;0;0;0;0;0;0;0;0;0;0;0;0;0;0;0;0;0;0;0;0;0;0;1;0;0;0;1;0;0;0;0;0;0;0;0;0;0;0;0;0;0;0;0;0;0;0;0;0;0;0;0;0;1;0;0;0;0;0;0;0;0;0;0;0;0;0;0;0;0;0;0;0;2
2396;2;8;EV37;3;POS;triptorelin pamoate;0;0;0;0;0;0;0;0;0;0;0;0;0;0;0;0;0;0;0;0;0;0;0;0;0;0;0;0;0;21;0;0;1;0;0;1;0;0;0;0;0;0;0;0;0;0;0;0;0;0;0;0;0;0;0;0;0;0;0;0;0;0;0;0;0;0;0;0;1;0;0;2;0;0;0;0;0;0;0;0;0;0;0;0;0;0;0;0;0;0;0;0;22;0;0;0;0;0;0;0;0;0;0;0;0;0;0;0;0;0;0;0;0;0;0;0;1
1367;2;1;EV37;3;POS;valproic acid;199;24;1;0;42;65;0;2;2;0;12;19;12;2;6;7;0;0;2;6;13;1;1;0;4;2;0;0;61;235;109;19;27;36;2;46;0;0;14;0;4;5;0;0;1;0;2;1;0;0;0;0;0;20;1;0;3;31;0;0;13;18;3;266;1;0;70;3;32;11;3;51;0;1;0;7;1;0;6;0;0;0;0;0;0;0;0;2;0;0;0;0;362;0;0;5;94;0;0;0;0;0;0;3;0;0;0;0;0;0;0;0;0;15;22;4;207
1539;2;2;EV37;3;POS;valproic acid;75;15;1;0;27;49;0;2;0;0;0;14;9;3;3;2;0;0;0;11;13;0;0;0;2;1;0;0;38;77;59;3;23;28;0;23;0;0;6;0;7;2;0;0;0;0;1;0;0;0;0;0;0;0;3;0;1;10;0;0;7;10;2;87;0;0;58;0;62;28;2;34;1;1;0;10;3;0;2;0;0;1;0;0;12;1;0;12;0;0;0;0;0;0;0;0;181;0;0;0;0;0;0;16;0;0;0;0;0;0;0;0;0;70;22;5;116
1711;2;3;EV37;3;POS;valproic acid;107;16;2;0;38;53;0;2;0;0;7;16;7;3;5;3;0;0;1;4;18;1;0;0;1;2;0;0;62;149;87;9;26;33;0;29;0;0;10;0;8;3;0;0;0;0;3;1;0;0;0;0;0;7;1;0;1;16;0;0;10;14;3;156;0;0;76;2;61;16;20;114;0;5;0;9;7;0;7;0;0;2;0;0;1;9;0;11;0;0;0;0;226;0;0;53;106;0;0;0;0;0;0;3;0;0;0;0;0;0;0;0;0;24;40;4;171
1883;2;4;EV37;3;POS;valproic acid;64;9;0;0;17;43;0;0;0;0;2;11;3;0;2;3;0;0;1;2;16;1;0;0;2;1;0;0;27;57;65;6;8;12;0;28;0;0;8;0;9;5;0;0;0;0;0;0;0;0;0;0;0;3;1;0;2;13;0;0;4;10;1;68;0;0;36;1;55;24;52;95;0;1;0;30;6;1;6;0;0;0;0;0;0;3;1;3;0;0;0;0;45;0;0;3;81;0;0;0;0;0;0;9;0;0;0;0;0;0;0;0;0;18;24;11;41
2055;2;6;EV37;3;POS;valproic acid;124;23;0;0;37;62;0;1;1;0;11;21;9;3;7;5;0;0;5;3;17;1;0;0;0;1;0;0;67;113;86;17;39;42;1;46;0;0;16;0;7;5;0;0;1;1;0;1;1;0;0;0;0;20;3;0;4;16;0;0;11;18;2;168;0;0;83;1;68;14;69;178;0;4;0;9;9;1;20;0;0;2;0;0;5;8;2;20;0;0;0;0;230;0;0;48;76;0;0;0;0;0;0;5;0;0;0;0;0;0;0;0;0;48;20;5;148
2227;2;7;EV37;3;POS;valproic acid;84;14;0;0;23;36;0;0;1;0;11;16;8;0;5;1;0;0;2;5;10;0;1;0;1;0;0;0;43;103;61;15;27;29;1;26;0;0;11;0;3;1;0;0;1;1;1;1;0;0;0;0;0;20;2;0;1;14;0;0;10;12;0;123;0;0;56;1;30;4;50;79;0;1;0;6;2;0;1;0;0;0;0;0;2;0;0;8;0;0;0;0;130;0;0;25;72;0;0;0;0;0;0;2;0;0;0;0;0;0;0;0;0;13;6;9;95
2399;2;8;EV37;3;POS;valproic acid;72;7;0;0;11;13;0;1;0;0;4;4;6;0;1;1;0;0;0;1;5;0;1;0;1;1;0;0;15;46;18;8;10;13;0;10;0;0;2;0;0;1;0;0;0;0;1;0;0;0;0;0;0;8;1;0;0;21;0;0;4;4;1;73;0;0;30;0;13;5;21;68;0;5;0;0;0;0;4;0;0;0;0;0;2;0;0;1;0;0;0;0;69;0;0;3;32;0;0;0;0;0;0;0;0;0;0;0;0;0;0;0;0;7;2;0;35
1368;2;1;EV37;3;POS;venlafaxine;17;7;0;50;15;17;4;0;0;0;0;3;7;1;1;4;0;0;1;5;9;0;0;0;1;0;0;0;0;12;26;1;0;0;0;22;0;0;11;0;3;2;0;0;0;0;0;0;0;0;0;0;0;0;0;0;2;0;0;0;3;4;1;16;0;0;23;0;14;3;2;23;0;1;0;3;1;0;3;0;0;0;0;0;0;0;0;1;0;0;0;0;76;0;0;2;28;0;0;0;0;0;0;0;0;0;0;0;0;0;0;0;0;4;6;2;40
1540;2;2;EV37;3;POS;venlafaxine;16;4;0;35;11;6;3;1;0;0;0;2;4;0;2;0;0;0;1;5;4;0;0;0;0;2;0;0;0;8;15;1;1;0;0;6;0;0;3;0;2;1;0;0;0;0;0;0;0;0;0;0;0;0;0;0;0;0;0;0;1;5;0;4;0;0;27;0;20;8;2;11;1;0;0;3;2;0;0;0;0;1;0;0;4;0;0;3;0;0;0;0;0;0;0;0;49;0;0;0;0;0;0;3;0;0;0;0;0;0;0;0;0;14;7;4;53
1712;2;3;EV37;3;POS;venlafaxine;13;2;0;43;10;8;3;0;1;0;2;4;3;0;1;1;0;0;1;3;4;0;0;0;0;1;0;0;0;6;20;2;0;0;0;15;0;0;9;1;3;4;0;0;0;0;0;0;0;0;0;0;0;2;0;0;3;0;0;0;2;3;0;8;0;0;22;0;18;6;12;37;0;4;0;2;3;0;2;0;0;0;0;0;0;3;0;5;0;0;0;0;31;0;0;23;32;0;0;0;0;0;0;1;0;0;0;0;0;0;0;0;0;6;13;3;37
1884;2;4;EV37;3;POS;venlafaxine;9;1;0;30;6;15;2;0;0;0;0;1;1;0;0;2;0;0;0;1;3;0;0;0;0;0;0;0;0;8;20;0;0;0;0;17;0;0;8;0;7;3;0;0;0;0;0;0;1;0;0;0;0;0;0;0;1;0;0;0;1;2;0;6;0;0;12;0;19;6;39;37;0;1;0;9;1;1;1;0;0;0;0;0;0;0;0;2;0;0;0;0;6;0;0;1;25;0;0;0;0;0;0;2;0;0;0;0;0;0;0;0;0;3;10;1;19
2056;2;6;EV37;3;POS;venlafaxine;13;1;0;61;9;14;4;0;0;0;0;3;5;0;1;5;0;0;1;0;3;0;0;0;1;1;0;0;0;6;25;2;0;0;0;27;0;0;16;0;2;5;0;0;0;0;0;0;0;0;0;0;0;0;0;0;3;0;0;0;1;5;0;11;0;0;25;0;30;4;34;76;0;2;0;2;0;0;7;0;0;1;0;0;2;2;1;1;0;0;0;0;21;0;0;9;26;0;0;0;0;0;0;3;0;0;0;0;0;0;0;0;0;18;10;3;39
2228;2;7;EV37;3;POS;venlafaxine;9;4;0;40;6;7;1;0;0;0;0;1;3;0;1;1;0;0;1;0;0;1;1;0;0;1;0;0;0;6;16;0;0;0;1;13;0;0;9;0;2;3;0;0;0;0;0;0;0;0;0;0;0;0;1;0;2;0;0;0;4;4;0;2;0;0;16;0;8;1;29;25;0;0;0;2;2;0;1;0;0;0;0;0;0;0;0;2;0;0;0;0;19;0;0;4;23;0;0;0;0;0;0;2;0;0;0;0;0;0;0;0;0;5;4;2;20
2400;2;8;EV37;3;POS;venlafaxine;7;0;1;22;7;10;2;0;0;0;0;0;2;0;0;2;0;0;0;0;4;0;0;0;1;1;0;0;0;5;23;0;0;0;1;14;0;0;7;0;0;4;0;0;0;0;0;0;0;0;0;0;0;0;0;0;2;0;0;0;2;1;0;11;0;0;15;0;9;3;13;37;0;2;0;0;0;0;3;0;0;0;0;0;1;0;0;0;0;0;0;0;25;0;0;0;12;0;0;0;0;0;0;0;0;0;0;0;0;0;0;0;0;7;0;0;14
1369;2;1;EV37;3;POS;verapamil;93;48;3;12;35;197;3;1;0;0;2;31;22;6;6;16;0;0;5;35;85;1;4;0;16;11;0;0;36;438;308;7;16;9;0;148;0;0;68;2;7;21;0;0;1;0;1;2;2;0;0;0;5;6;1;0;20;0;0;0;7;35;6;238;2;0;73;2;34;9;2;76;0;1;0;4;1;1;5;0;0;0;0;0;0;0;0;5;0;0;0;0;519;0;0;7;100;0;0;0;0;0;0;3;0;0;0;0;0;0;0;0;0;12;23;3;223
1541;2;2;EV37;3;POS;verapamil;95;34;0;22;49;107;5;0;0;0;3;53;24;2;9;11;0;0;7;32;59;3;9;1;11;16;0;0;31;156;181;3;21;18;1;96;0;0;40;1;16;23;0;0;2;0;1;2;2;0;0;0;3;2;1;0;15;0;0;0;5;49;3;110;0;0;113;0;112;37;3;57;0;2;0;16;9;0;2;0;0;1;0;0;10;2;0;28;0;0;0;0;0;0;0;0;238;0;0;0;0;0;0;21;0;0;0;0;0;0;0;0;0;85;36;11;243
1713;2;3;EV37;3;POS;verapamil;111;56;1;19;36;134;3;0;0;0;2;42;27;2;7;11;0;0;7;30;64;1;5;0;13;9;0;0;37;326;248;3;17;12;0;111;0;0;47;0;15;21;0;0;1;0;1;1;4;0;0;0;4;0;1;0;13;0;0;0;5;42;3;185;1;0;106;1;99;19;34;176;0;6;0;8;13;1;7;0;0;2;0;0;1;10;0;12;0;0;0;0;309;0;0;66;158;0;0;0;0;0;0;7;0;0;0;0;0;0;0;0;0;33;69;9;232
1885;2;4;EV37;3;POS;verapamil;69;40;1;17;36;104;5;0;0;0;1;39;24;7;11;11;0;0;9;29;61;1;7;0;13;13;0;0;23;206;201;3;15;11;1;96;0;0;38;0;20;15;0;0;0;0;1;4;3;0;0;0;2;1;2;0;11;0;0;0;7;28;5;132;1;0;69;1;108;36;77;183;0;4;0;58;18;1;11;0;1;1;0;0;5;9;2;6;0;0;0;0;92;0;0;7;137;0;0;0;0;0;0;12;0;0;0;0;0;0;0;0;0;33;48;11;100
2057;2;6;EV37;3;POS;verapamil;94;78;2;27;37;149;3;1;0;0;0;36;17;4;10;7;0;0;5;23;49;1;4;0;14;11;0;0;32;316;212;2;18;10;0;123;0;0;55;0;15;27;0;0;1;0;2;3;3;0;0;0;5;1;0;0;17;0;0;0;5;37;1;182;1;0;99;1;73;16;105;235;0;3;0;12;9;0;21;0;0;2;0;0;4;10;1;25;0;0;0;0;267;0;0;50;86;0;0;0;0;0;0;8;0;0;0;0;0;0;0;0;0;45;26;5;175
2229;2;7;EV37;3;POS;verapamil;42;43;0;7;25;68;3;0;0;0;0;22;10;3;6;5;0;0;3;14;34;0;2;0;5;7;0;0;21;181;129;2;9;11;2;68;0;0;33;0;12;16;0;0;2;0;2;1;0;0;0;0;4;2;0;0;12;0;0;0;5;30;0;114;0;0;76;0;34;2;59;93;0;1;0;4;6;0;1;0;0;0;0;0;2;0;0;7;0;0;0;0;143;0;0;33;73;0;0;0;0;0;0;3;0;0;0;0;0;0;0;0;0;16;7;9;116
2401;2;8;EV37;3;POS;verapamil;52;7;2;8;12;67;3;1;0;0;3;11;7;3;3;5;0;0;2;13;30;0;4;0;7;7;0;0;27;132;99;5;10;5;1;52;0;0;23;1;1;11;0;0;0;0;1;2;1;0;0;0;3;5;0;0;5;0;0;0;4;18;2;50;2;0;47;1;31;9;27;100;0;3;0;4;0;0;7;0;0;0;0;0;3;0;0;0;0;0;0;0;126;0;0;1;38;0;0;0;0;0;0;3;0;0;0;0;0;0;0;0;0;17;4;1;57
1370;2;1;EV37;3;POS;vincristine;154;32;6;7;34;94;0;0;0;1;7;30;14;2;6;13;0;0;2;4;23;1;0;1;8;11;0;0;36;230;106;6;30;16;0;47;0;0;16;1;3;8;0;0;1;0;1;2;1;0;0;0;0;10;1;0;0;0;0;0;6;4;7;108;5;0;57;13;24;5;2;39;0;0;0;4;1;0;5;0;0;0;0;0;0;0;0;4;0;0;0;0;336;0;0;5;56;0;0;0;0;0;0;3;0;0;0;0;0;0;0;0;0;7;24;4;167
1542;2;2;EV37;3;POS;vincristine;31;9;0;8;23;45;0;0;0;0;3;11;12;2;5;7;0;0;1;4;10;1;0;0;3;7;0;0;25;37;55;1;9;9;0;22;0;0;9;0;3;2;0;0;0;0;1;1;0;0;0;0;0;0;1;0;0;0;0;0;4;3;1;35;0;0;47;8;55;17;0;29;0;0;0;6;5;0;0;0;0;0;0;0;4;2;0;15;0;0;0;0;0;0;0;0;119;0;0;0;0;0;0;7;0;0;0;0;0;0;0;0;0;42;18;6;98
1714;2;3;EV37;3;POS;vincristine;70;6;0;11;27;77;0;0;0;0;4;14;6;2;4;12;0;0;0;4;15;2;0;0;3;9;0;0;43;165;74;2;26;20;0;45;0;0;14;0;5;7;0;0;0;0;1;2;2;0;0;0;0;9;1;0;2;0;0;0;5;6;1;82;0;0;70;8;48;11;14;90;0;5;0;5;7;0;1;0;0;1;0;0;1;7;0;6;0;0;0;0;211;0;0;30;70;0;0;0;0;0;0;2;0;0;0;0;0;0;0;0;0;16;32;4;132
1886;2;4;EV37;3;POS;vincristine;41;8;0;9;27;58;0;0;0;0;6;15;7;2;1;6;0;0;0;1;9;1;0;1;2;4;0;0;28;73;60;4;8;3;0;36;0;0;14;0;9;2;0;0;0;0;1;1;3;0;0;0;0;9;0;0;0;0;0;0;5;6;2;44;0;0;37;4;44;18;42;94;0;2;0;23;6;1;6;0;0;0;0;0;2;5;2;3;0;0;0;0;67;0;0;3;73;0;0;0;0;0;0;7;0;0;0;0;0;0;0;0;0;18;20;6;48
2058;2;6;EV37;3;POS;vincristine;117;14;0;11;46;126;0;1;0;1;7;34;15;4;8;18;0;0;2;4;29;2;1;0;5;23;0;0;51;207;101;5;50;26;1;77;0;0;22;0;7;10;0;0;0;0;4;4;1;0;0;0;0;20;4;0;2;0;0;0;9;10;5;109;0;1;132;20;58;15;53;162;0;5;0;10;9;1;15;0;0;2;0;0;4;10;0;22;0;0;0;0;288;0;0;54;77;0;0;0;0;0;0;8;0;0;0;0;0;0;0;0;0;46;28;4;155
2230;2;7;EV37;3;POS;vincristine;64;11;0;8;30;93;0;0;0;0;5;13;15;4;5;9;0;0;1;2;14;2;0;0;6;16;0;0;22;106;73;3;36;20;0;54;0;0;16;0;9;5;0;0;0;0;4;3;2;0;0;0;1;0;5;0;1;1;0;0;4;6;1;50;0;0;69;12;24;6;42;74;0;2;0;5;7;0;1;0;0;0;0;0;2;0;0;10;0;0;0;0;137;0;0;38;67;0;0;0;0;0;0;3;0;0;0;0;0;0;0;0;0;15;8;4;104
2402;2;8;EV37;3;POS;vincristine;34;4;0;4;15;19;0;0;0;0;0;3;1;1;3;1;0;0;0;0;5;1;0;0;1;3;0;0;23;58;33;2;4;3;0;7;0;0;2;0;2;0;0;0;0;0;1;0;0;0;0;0;0;0;0;0;0;0;0;0;1;3;2;29;0;0;29;3;18;4;14;49;0;1;0;2;0;0;4;0;0;0;0;0;2;0;0;1;0;0;0;0;105;0;0;2;27;0;0;0;0;0;0;0;0;0;0;0;0;0;0;0;0;11;3;2;27
1371;2;1;EV37;3;POS;vitamin a;84;23;1;0;31;120;4;2;0;0;11;18;8;2;8;19;0;0;2;8;45;3;1;1;7;6;0;0;32;167;163;16;22;64;0;59;0;0;17;1;7;6;1;0;6;0;8;1;2;0;0;0;1;3;3;0;3;0;0;0;17;26;9;136;3;0;65;9;29;10;0;46;0;1;0;8;1;0;6;0;0;0;0;0;0;0;0;4;0;0;0;0;222;0;0;5;102;0;0;0;0;0;0;3;0;0;0;0;0;0;0;0;0;12;22;3;156
1543;2;2;EV37;3;POS;vitamin a;49;25;0;0;27;78;0;0;0;0;10;18;11;0;5;12;0;2;1;7;29;3;0;2;3;7;0;0;14;68;122;11;15;53;0;39;0;0;13;1;11;5;1;0;7;0;8;0;0;0;0;0;1;4;0;0;2;1;0;0;16;29;8;81;0;0;49;7;53;30;1;35;0;2;0;12;2;0;1;0;0;1;0;0;8;2;0;10;0;0;0;0;0;0;0;0;208;0;0;0;0;0;0;16;0;0;0;0;0;0;0;0;0;84;26;9;116
1715;2;3;EV37;3;POS;vitamin a;63;23;1;0;30;62;1;0;0;0;5;16;9;2;6;5;0;0;1;5;25;3;0;0;4;10;0;0;24;58;84;10;26;63;0;31;0;0;7;1;16;6;1;0;5;0;9;0;3;0;0;0;2;3;2;0;2;0;0;0;15;25;10;59;0;0;61;4;47;12;3;106;0;7;0;9;6;1;4;0;0;1;0;0;0;9;0;5;0;0;0;0;95;0;0;41;123;0;0;0;0;0;0;4;0;0;0;0;0;0;0;0;0;22;41;6;121
1887;2;4;EV37;3;POS;vitamin a;31;23;0;0;23;69;2;0;0;0;4;14;5;1;4;10;0;1;2;5;26;1;0;2;2;8;0;0;10;58;97;7;17;37;0;37;0;0;10;1;17;6;1;0;3;0;8;0;4;0;0;0;1;2;3;0;0;1;0;0;10;17;7;52;0;0;45;2;63;31;19;123;0;1;0;35;8;1;11;0;0;0;0;0;0;4;1;3;0;0;0;0;27;0;0;6;102;0;0;0;0;0;0;10;0;0;0;0;0;0;0;0;0;25;30;12;36
2059;2;6;EV37;3;POS;vitamin a;59;21;0;0;36;37;1;0;0;0;5;19;8;1;9;6;0;0;4;3;18;4;1;0;3;13;0;0;24;55;58;9;35;69;0;19;0;0;7;0;10;2;2;0;3;0;9;0;1;0;0;0;1;1;3;0;2;0;0;0;23;37;5;31;0;0;79;8;41;10;17;122;0;3;0;9;11;0;12;0;0;2;0;0;3;6;2;18;0;0;0;0;75;0;0;32;73;0;0;0;0;0;0;8;0;0;0;0;0;0;0;0;0;21;23;6;107
2231;2;7;EV37;3;POS;vitamin a;51;23;0;0;33;52;1;0;0;0;6;16;7;0;10;7;0;0;3;7;19;4;0;0;3;11;0;0;21;38;76;6;17;45;0;22;0;0;8;1;12;4;2;0;3;0;12;0;3;0;0;0;2;4;2;0;4;0;0;0;22;29;5;46;0;0;58;5;26;3;10;77;0;2;0;4;4;0;1;0;0;0;0;0;1;0;0;10;0;0;0;0;48;0;0;27;85;0;0;0;0;0;0;4;0;0;0;0;0;0;0;0;0;15;9;10;73
2403;2;8;EV37;3;POS;vitamin a;21;7;1;0;13;21;2;1;0;0;0;4;1;0;2;4;1;0;1;2;8;2;0;0;0;4;0;0;9;23;24;2;6;20;0;9;0;0;3;0;1;2;1;0;2;0;4;0;0;0;0;0;0;0;1;0;1;0;0;0;9;12;2;21;0;0;26;1;8;5;5;38;0;1;0;1;0;0;5;0;0;0;0;0;1;0;0;1;0;0;0;0;23;0;0;1;29;0;0;0;0;0;0;1;0;0;0;0;0;0;0;0;0;9;2;0;24
2411;3;1;EV37;3;POS;acarbose;0;0;0;0;0;0;0;0;0;0;0;0;0;0;0;0;0;0;0;0;0;0;0;0;0;0;0;0;0;0;0;0;29;0;0;0;0;0;0;2;0;0;0;0;0;0;0;0;0;0;0;0;0;0;0;0;0;0;0;0;0;0;0;0;0;0;6;0;10;2;0;18;27;5;0;0;3;0;3;4;0;0;0;0;1;0;0;0;0;0;0;0;0;0;1;0;0;0;0;0;0;22;1;0;0;0;0;1;0;0;0;0;2;7;0;0;0
2583;3;2;EV37;3;POS;acarbose;0;0;0;0;0;0;0;0;0;0;0;0;0;0;0;0;0;0;0;0;0;0;0;0;0;0;0;0;0;0;0;1;25;0;1;0;0;0;0;0;0;0;0;0;0;0;0;0;0;0;0;0;0;0;1;0;0;0;0;0;0;0;0;0;0;0;4;0;27;10;0;24;48;13;0;0;5;2;3;9;0;0;0;9;7;0;0;0;0;0;0;0;0;0;7;0;9;0;0;0;0;3;4;0;0;0;0;2;0;0;0;0;31;32;0;0;0
2755;3;3;EV37;3;POS;acarbose;0;0;0;0;0;0;0;0;0;0;0;0;0;0;0;0;0;0;0;0;0;0;0;0;0;0;0;0;0;0;0;1;25;0;0;0;0;0;0;1;0;0;0;0;0;0;0;0;0;0;0;0;0;0;1;0;0;0;0;0;0;0;0;0;0;0;7;0;5;1;0;26;31;12;0;0;0;0;1;4;1;0;0;0;0;0;0;0;0;0;0;0;0;0;1;0;2;0;0;0;0;15;1;0;0;0;0;0;0;0;0;0;7;13;0;0;0
2927;3;4;EV37;3;POS;acarbose;1;0;0;0;0;0;0;0;0;0;0;0;0;0;0;0;0;0;0;0;0;0;0;0;0;0;0;0;0;0;0;1;12;0;0;0;0;0;0;1;0;0;0;0;0;0;0;0;0;0;0;0;0;0;0;0;0;0;0;0;0;0;0;0;0;0;4;0;9;0;0;11;19;0;0;0;2;0;2;5;0;0;0;1;0;0;0;0;0;0;0;0;0;0;3;0;0;0;0;0;0;11;1;0;0;0;0;0;0;0;0;0;7;4;0;0;0
3099;3;6;EV37;3;POS;acarbose;0;0;0;0;0;0;0;0;0;0;0;0;0;0;0;0;0;0;0;0;0;0;0;0;0;0;0;0;0;0;0;1;17;0;0;0;0;0;0;2;0;0;0;0;0;0;0;0;0;0;0;0;0;0;2;0;0;0;0;0;0;0;0;0;0;0;8;0;6;0;0;8;24;3;0;0;1;0;2;4;1;0;0;0;0;0;0;0;0;0;0;0;0;0;3;0;3;0;0;0;0;8;1;0;0;0;0;0;0;0;0;0;0;2;0;0;0
3271;3;7;EV37;3;POS;acarbose;0;0;0;0;0;0;0;0;0;0;0;0;0;0;0;0;0;0;0;0;0;0;0;0;0;0;0;0;0;0;0;0;20;0;0;0;0;0;0;2;0;0;0;0;0;0;0;0;0;0;0;0;0;0;1;0;0;0;0;0;0;0;0;0;0;0;7;0;5;0;0;14;24;5;0;0;1;0;2;1;1;0;0;1;0;0;0;0;0;0;0;0;0;0;3;0;0;0;0;0;0;8;0;0;0;0;0;0;0;0;0;0;8;6;0;0;0
3443;3;8;EV37;3;POS;acarbose;0;0;0;0;0;0;0;0;0;0;0;0;0;0;0;0;0;0;0;0;0;0;0;0;0;0;0;0;0;0;0;1;11;0;0;0;0;0;0;1;0;0;0;0;0;0;0;0;0;0;0;0;0;0;0;0;0;0;0;0;0;0;0;0;0;0;5;0;2;0;0;9;13;4;0;0;0;0;1;0;0;0;0;0;0;0;0;0;0;0;0;0;0;0;0;0;0;0;0;0;0;2;0;0;0;0;0;0;0;0;0;0;1;4;0;0;0
2414;3;1;EV37;3;POS;alendronate;0;0;0;0;0;0;0;0;0;0;0;0;0;0;0;0;0;0;0;3;0;0;0;0;0;0;0;0;0;0;0;0;11;0;0;0;0;0;0;0;0;0;0;0;0;0;0;0;0;0;0;0;0;0;1;0;0;0;0;0;0;0;0;0;0;0;4;0;4;2;0;11;10;2;0;0;0;0;2;0;0;0;0;0;0;0;0;0;0;0;0;0;0;0;0;0;0;0;0;0;0;15;0;0;0;0;0;0;0;0;0;0;4;5;0;0;0
2586;3;2;EV37;3;POS;alendronate;1;0;0;0;0;0;0;0;0;0;0;1;0;0;0;0;0;0;0;9;0;0;0;0;0;0;0;0;0;0;0;0;23;1;0;0;0;0;0;0;0;0;0;0;0;0;1;0;0;0;0;0;0;0;0;0;0;0;0;0;0;1;0;0;0;0;6;0;14;1;0;16;35;7;0;0;1;0;6;4;0;0;0;1;1;0;0;0;0;0;0;0;0;0;3;0;3;0;0;0;0;1;1;0;0;0;0;0;0;0;0;0;17;20;0;0;0
2758;3;3;EV37;3;POS;alendronate;0;0;0;0;0;0;0;0;0;0;0;0;0;0;0;0;0;0;0;3;0;0;0;0;0;0;0;0;0;0;0;0;22;0;0;0;0;0;0;0;0;0;0;0;0;0;0;0;0;0;0;0;0;0;0;0;0;0;0;0;0;0;0;0;0;0;4;0;4;3;0;19;32;12;0;0;0;0;2;6;1;0;0;0;2;0;0;0;0;0;0;0;0;0;2;0;2;0;0;0;0;12;2;0;0;0;0;2;0;0;0;0;7;7;0;0;0
2930;3;4;EV37;3;POS;alendronate;0;0;0;0;0;0;0;0;0;0;0;0;0;0;0;0;0;0;0;1;0;0;0;0;0;0;0;0;0;0;0;0;6;0;0;0;0;0;0;0;0;0;0;0;0;0;0;0;0;0;0;0;0;0;1;0;0;0;0;0;0;0;0;0;0;0;3;0;5;0;0;6;5;0;0;0;0;0;0;1;0;0;0;0;0;0;0;0;0;0;0;0;0;0;4;0;0;0;0;0;0;3;0;0;0;0;0;0;0;0;0;0;2;4;0;0;0
3102;3;6;EV37;3;POS;alendronate;0;0;0;0;0;0;0;0;0;0;0;0;0;0;0;0;0;0;0;2;0;0;0;0;0;0;0;0;0;0;0;0;32;0;0;0;0;0;0;0;0;0;0;0;0;0;0;0;0;0;0;0;0;0;1;0;0;0;0;0;0;0;0;0;0;0;7;0;4;0;0;10;32;4;0;0;0;0;0;2;0;0;0;0;0;0;0;0;0;0;0;0;0;0;2;0;0;0;0;0;0;16;2;1;0;0;0;0;0;0;0;0;1;3;0;0;0
3274;3;7;EV37;3;POS;alendronate;0;0;0;0;0;0;0;0;0;0;0;0;0;0;0;0;0;0;0;1;0;0;0;0;0;0;0;0;0;0;0;0;25;0;0;0;0;0;0;0;0;0;0;0;0;0;0;0;0;0;0;0;0;0;1;0;0;0;0;0;0;0;0;0;0;0;5;0;3;0;0;17;26;7;0;0;0;0;2;3;1;0;0;1;0;0;0;0;0;0;0;0;0;0;3;0;0;0;0;0;0;10;0;0;0;0;0;0;0;0;0;0;8;4;0;0;0
3446;3;8;EV37;3;POS;alendronate;0;0;0;0;0;0;0;0;0;0;0;0;0;0;0;0;0;0;0;2;0;0;0;0;0;0;0;0;0;0;0;0;10;0;0;0;0;0;0;0;0;0;0;0;0;0;0;0;0;0;0;0;0;0;0;0;0;0;0;0;0;0;0;0;0;0;3;0;3;0;0;9;16;2;0;0;0;0;1;1;0;0;0;0;0;0;0;0;0;0;0;0;0;0;0;0;0;0;0;0;0;5;0;0;0;0;0;0;0;0;0;0;2;4;0;0;0
2415;3;1;EV37;3;POS;alfuzosin;0;0;1;0;0;0;0;0;0;0;0;0;0;0;0;0;0;0;0;0;0;0;0;0;0;0;0;0;0;1;0;0;3;0;0;0;0;0;0;2;0;0;0;0;0;0;0;0;0;0;0;0;0;0;0;0;0;0;0;0;0;0;0;0;1;0;0;0;2;0;0;3;3;1;0;0;0;0;0;1;0;0;0;0;0;0;0;0;0;0;0;0;0;0;1;0;0;0;0;0;0;2;0;0;0;0;0;0;0;0;0;0;0;0;0;0;0
2587;3;2;EV37;3;POS;alfuzosin;0;0;0;0;0;0;0;0;0;0;0;0;0;0;0;0;0;0;0;0;0;0;0;0;0;0;0;0;0;0;0;1;6;0;0;0;0;0;0;0;0;0;0;0;0;0;0;0;0;0;0;0;0;0;1;0;0;0;0;0;0;0;0;0;0;0;1;0;7;1;0;5;8;1;0;0;1;2;0;2;0;0;0;1;2;0;0;0;0;0;0;0;0;0;2;0;2;0;0;0;0;1;1;0;0;0;0;0;0;0;0;0;9;7;0;0;0
2759;3;3;EV37;3;POS;alfuzosin;0;0;0;0;0;0;0;0;0;0;0;0;0;0;0;0;0;0;0;0;0;0;0;0;0;3;0;0;0;0;0;1;11;0;0;0;0;0;0;1;0;0;0;0;0;0;0;0;0;0;0;0;0;0;1;0;0;0;0;0;0;0;0;0;0;0;2;0;1;0;0;10;11;2;0;0;0;0;0;1;0;0;0;0;0;0;0;0;0;0;0;0;0;0;0;0;0;0;0;0;0;7;0;0;0;0;0;1;0;0;0;0;1;3;0;0;0
2931;3;4;EV37;3;POS;alfuzosin;0;0;0;0;0;0;0;0;0;0;0;0;0;0;0;0;0;0;0;0;0;0;0;0;0;0;0;0;0;1;0;0;0;0;0;0;0;0;0;0;0;0;0;0;0;0;0;0;0;0;0;0;0;0;0;0;0;0;0;0;0;0;0;0;1;0;1;0;2;0;0;0;2;0;0;0;0;0;0;1;0;0;0;1;0;0;0;0;0;0;0;0;0;0;0;0;0;0;0;0;0;2;0;0;0;0;0;0;0;0;0;0;1;0;0;0;0
3103;3;6;EV37;3;POS;alfuzosin;0;0;0;0;0;0;0;0;0;0;0;0;0;0;0;0;0;0;0;0;0;0;0;0;0;1;0;0;0;0;0;0;3;0;0;0;0;0;0;1;0;0;0;0;0;0;0;0;0;0;0;0;0;0;2;0;0;0;0;0;0;0;0;0;0;0;1;0;1;0;0;3;5;0;0;0;0;0;2;0;0;0;0;0;0;0;0;0;0;0;0;0;0;0;0;0;0;0;0;0;0;0;0;0;0;0;0;0;0;0;0;0;0;0;0;0;0
3275;3;7;EV37;3;POS;alfuzosin;0;0;0;0;0;0;0;0;0;0;0;0;0;0;0;0;0;0;0;0;0;0;0;0;0;1;0;0;0;0;0;0;2;0;0;0;0;0;0;2;0;0;0;0;0;0;0;0;0;0;0;0;0;0;1;0;0;0;0;0;0;0;0;0;0;0;0;0;3;0;0;2;3;0;0;0;0;0;0;0;0;0;0;0;0;0;0;0;0;0;0;0;0;0;0;0;0;0;0;0;0;0;0;0;0;0;0;0;0;0;0;0;0;1;0;0;0
3447;3;8;EV37;3;POS;alfuzosin;0;0;0;0;0;0;0;0;0;0;0;0;0;0;0;0;0;0;0;0;0;0;0;0;0;1;0;0;0;0;0;0;3;0;0;0;0;0;0;1;0;0;0;0;0;0;0;0;0;0;0;0;0;0;0;0;0;0;0;0;0;0;0;0;0;0;0;0;0;0;0;1;1;0;0;0;0;0;0;1;0;0;0;0;0;0;0;0;0;0;0;0;0;0;0;0;0;0;0;0;0;2;0;0;0;0;0;0;0;0;0;0;1;0;0;0;0
2419;3;1;EV37;3;POS;amphetamine;33;17;0;1;22;26;0;1;0;0;3;10;5;1;2;4;0;0;0;5;12;0;2;0;5;1;0;0;13;38;60;7;0;15;0;17;1;0;13;1;4;6;0;0;2;0;1;1;1;0;0;0;3;4;3;0;1;1;0;0;4;8;5;44;0;0;23;1;22;2;0;59;82;12;0;0;3;0;2;8;0;0;0;0;0;0;0;0;0;0;0;0;0;0;5;0;7;0;0;0;0;53;1;0;0;0;0;3;0;0;0;0;12;9;0;0;1
2591;3;2;EV37;3;POS;amphetamine;41;29;1;0;38;30;0;1;0;0;6;12;7;2;1;7;0;0;1;4;12;0;0;0;4;2;0;0;21;37;72;5;3;24;0;14;1;0;7;2;10;4;0;0;1;0;2;1;1;0;0;0;1;4;3;0;2;1;0;0;5;4;5;50;0;0;28;1;66;12;0;102;210;47;0;0;11;2;8;30;2;0;0;13;16;0;0;1;0;0;0;0;0;0;16;0;28;0;0;0;0;15;8;3;0;2;0;6;0;0;0;0;95;78;0;0;1
2763;3;3;EV37;3;POS;amphetamine;34;18;1;0;23;22;0;1;0;0;2;10;6;1;3;4;0;0;0;3;11;0;1;0;2;1;0;0;21;41;66;3;4;17;0;16;0;0;6;0;8;3;0;0;0;0;1;1;1;0;0;0;0;3;4;0;1;1;0;0;6;5;3;47;0;0;28;1;29;5;0;94;159;41;0;0;3;0;3;9;0;0;0;0;4;0;0;0;0;0;0;0;0;0;2;0;11;0;0;0;0;49;1;1;0;2;0;3;1;0;1;0;33;40;1;0;1
2935;3;4;EV37;3;POS;amphetamine;24;10;0;0;18;25;0;0;0;0;4;4;3;1;1;4;0;0;0;7;16;0;0;0;5;1;0;0;7;34;68;2;2;10;0;18;1;0;7;1;8;3;0;0;1;0;1;1;2;0;0;0;1;2;4;0;1;0;0;0;5;4;3;35;0;0;19;2;30;0;0;38;83;9;0;0;3;0;6;8;0;0;0;1;0;0;0;0;0;0;0;0;0;0;7;0;1;0;0;0;0;44;2;0;0;1;0;0;2;0;0;0;25;13;1;0;1
3107;3;6;EV37;3;POS;amphetamine;41;20;2;0;41;27;0;0;0;0;6;13;3;2;5;7;0;0;0;5;16;0;1;0;6;2;0;0;23;52;58;4;7;32;0;23;2;0;15;2;8;6;0;0;3;0;2;1;0;0;0;0;5;1;3;0;2;0;0;0;10;5;5;45;0;0;41;1;34;4;0;68;152;19;0;0;7;2;7;23;1;0;0;1;8;0;0;1;0;0;0;0;0;0;15;0;19;0;0;0;0;52;6;3;0;0;0;0;0;0;0;0;33;35;0;0;2
3279;3;7;EV37;3;POS;amphetamine;28;15;0;0;25;17;0;0;0;0;5;6;0;2;5;6;0;0;1;4;10;0;0;0;5;2;0;0;11;44;49;2;3;18;0;17;2;0;10;2;8;2;0;0;2;0;2;0;3;0;0;0;2;1;2;0;2;0;0;0;6;6;4;30;0;0;22;0;32;3;0;70;109;10;0;0;2;0;3;3;0;0;0;0;1;0;0;0;0;0;0;0;0;0;15;0;9;0;0;0;0;27;3;1;0;0;0;3;0;0;0;0;15;19;0;0;2
3451;3;8;EV37;3;POS;amphetamine;17;9;1;0;21;19;0;0;0;0;6;2;1;1;1;4;0;0;0;2;7;0;0;0;2;1;0;0;20;32;44;6;3;10;0;16;1;0;6;1;4;3;0;0;2;0;1;0;0;0;0;0;3;1;2;0;3;0;0;0;3;3;1;43;0;0;15;0;20;0;0;57;103;26;0;0;0;0;6;5;0;0;0;0;3;0;0;0;0;0;0;0;0;0;5;0;0;0;0;0;0;49;1;0;0;1;0;1;1;0;0;0;25;15;1;0;1
2420;3;1;EV37;3;POS;amphotericin b;0;0;0;0;0;0;0;0;0;0;0;0;0;0;0;0;0;0;0;3;0;0;0;0;0;0;0;0;0;0;1;2;25;0;0;0;0;0;0;1;0;0;0;0;0;0;0;0;0;0;0;0;0;0;0;0;0;0;0;0;0;0;0;0;0;0;13;0;6;3;0;18;17;6;0;0;1;0;1;1;0;0;0;0;0;0;0;0;0;0;0;0;0;0;2;0;0;0;0;0;0;22;1;0;0;0;0;1;0;0;0;0;3;3;0;0;0
2592;3;2;EV37;3;POS;amphotericin b;0;0;0;0;0;0;0;0;0;0;0;0;0;0;0;0;0;0;0;7;0;0;0;0;0;0;0;0;0;1;0;0;10;0;0;0;0;0;0;2;0;0;0;0;0;0;0;0;0;0;0;0;0;0;1;0;0;0;0;0;0;0;0;0;0;0;7;0;7;2;0;9;23;4;0;0;2;0;2;3;0;0;0;0;0;0;0;0;0;0;0;0;0;0;3;0;3;0;0;0;0;1;1;0;0;0;0;0;0;0;0;0;11;7;0;0;0
2764;3;3;EV37;3;POS;amphotericin b;0;0;0;0;0;0;0;0;0;0;0;0;0;0;0;0;0;0;0;2;0;0;0;0;0;0;0;0;0;0;1;1;29;0;0;0;0;0;0;1;0;0;0;0;0;0;0;0;0;0;0;0;0;0;1;0;0;0;0;0;0;0;0;0;0;0;27;0;10;3;0;32;51;25;0;0;1;0;1;2;0;0;1;0;2;0;0;0;0;0;0;0;0;0;1;0;2;0;0;0;0;21;1;0;0;0;0;3;0;0;1;0;10;12;0;0;0
2936;3;4;EV37;3;POS;amphotericin b;0;0;0;0;0;0;0;0;0;0;0;0;0;0;0;0;0;0;0;1;0;0;0;0;0;0;0;0;0;0;1;0;11;0;0;0;0;0;0;1;0;0;0;0;0;0;0;0;0;0;0;0;0;0;0;0;0;0;0;0;0;0;0;0;0;0;8;0;5;0;0;11;8;0;0;0;0;0;1;0;0;0;0;0;0;0;0;0;0;0;0;0;0;0;2;0;0;0;0;0;0;9;0;0;0;0;0;0;0;0;0;0;5;5;0;0;0
3108;3;6;EV37;3;POS;amphotericin b;0;0;0;0;0;0;0;0;0;0;0;0;0;0;0;0;0;0;0;2;0;0;0;0;0;0;0;0;0;0;1;3;73;0;0;0;0;0;0;3;0;0;0;0;0;0;0;0;0;0;0;0;0;0;2;0;0;0;0;0;0;0;0;0;0;0;48;0;17;4;0;47;104;25;0;0;5;2;4;12;2;0;0;1;4;0;0;0;0;0;0;0;0;0;18;0;8;0;0;0;0;66;3;0;0;0;0;5;0;0;0;0;23;34;0;0;0
3280;3;7;EV37;3;POS;amphotericin b;0;0;0;0;0;0;0;0;0;0;0;0;0;0;0;0;0;0;0;1;0;0;0;0;0;0;0;0;0;0;2;0;59;0;0;0;0;0;0;2;0;0;0;0;0;0;0;0;0;0;0;0;0;0;2;0;0;0;0;0;0;0;0;0;0;0;30;0;16;2;0;39;80;14;0;0;3;0;4;5;0;0;0;0;1;0;0;0;0;0;0;0;0;0;13;0;1;0;0;0;0;45;2;0;0;0;0;5;0;0;0;0;18;16;0;0;0
3452;3;8;EV37;3;POS;amphotericin b;0;0;0;0;0;0;0;0;0;0;0;0;0;0;0;0;0;0;0;1;0;0;0;0;0;0;0;0;0;0;0;0;16;0;0;0;0;0;0;0;0;0;0;0;0;0;0;0;0;0;0;0;0;0;0;0;0;0;0;0;0;0;0;0;0;0;11;0;5;0;0;17;28;4;0;0;0;0;2;1;0;0;0;0;1;0;0;0;0;0;0;0;0;0;0;0;0;0;0;0;0;6;0;0;0;0;0;0;0;0;0;0;6;4;0;0;0
2423;3;1;EV37;3;POS;atenolol;0;0;0;0;0;0;0;0;0;0;0;0;0;0;0;0;0;0;0;3;0;0;0;0;0;0;0;0;0;0;1;0;14;0;0;0;0;0;0;0;0;0;0;0;0;0;0;0;0;0;0;0;0;0;0;0;0;0;0;0;0;0;0;0;0;0;19;0;7;2;0;14;19;3;0;0;1;0;1;1;0;0;0;0;0;0;0;0;0;0;0;0;0;0;1;0;0;0;0;0;0;18;1;0;0;0;0;1;0;0;0;0;2;2;0;0;0
2595;3;2;EV37;3;POS;atenolol;0;0;2;0;0;0;0;0;0;0;0;0;0;0;0;0;0;0;0;7;0;0;0;0;0;0;0;0;0;2;1;0;32;0;0;0;0;0;0;1;0;0;0;0;0;0;0;0;0;0;0;0;0;0;0;0;0;0;0;0;0;0;0;1;2;0;24;0;51;12;0;55;87;34;0;0;11;4;10;26;1;0;0;12;12;0;0;0;0;0;0;0;0;0;9;0;13;0;0;0;0;6;7;0;0;1;0;3;0;0;0;0;52;49;0;0;0
2767;3;3;EV37;3;POS;atenolol;0;0;0;0;0;0;0;0;0;0;0;0;0;0;0;0;0;0;0;3;0;0;0;0;0;0;0;0;0;0;0;0;24;0;0;0;0;0;0;0;0;0;0;0;0;0;0;0;0;0;0;0;0;0;0;0;0;0;0;0;0;0;0;0;0;0;18;0;7;2;0;30;38;14;0;0;1;0;1;5;0;0;0;0;1;0;0;0;0;0;0;0;0;0;2;0;2;0;0;0;0;19;2;0;0;0;0;2;0;0;0;0;11;23;0;0;0
2939;3;4;EV37;3;POS;atenolol;0;0;1;0;0;0;0;0;0;0;0;0;0;0;0;0;0;0;0;0;1;0;0;0;0;0;0;0;0;1;2;0;16;0;0;0;0;0;0;0;0;0;0;0;0;0;0;0;0;0;0;0;0;0;0;0;0;0;0;0;0;0;0;1;0;0;18;0;9;0;0;18;28;4;0;0;2;0;3;4;0;0;0;0;0;0;0;0;0;0;0;0;0;0;4;0;0;0;0;0;0;16;1;0;0;0;0;0;0;0;0;0;11;5;0;0;0
3111;3;6;EV37;3;POS;atenolol;0;0;0;0;0;0;0;0;0;0;0;0;0;0;0;0;0;0;0;2;0;0;0;0;0;0;0;0;0;0;2;0;13;0;0;0;0;0;0;0;0;0;0;0;0;0;0;0;0;0;0;0;0;0;0;0;0;0;0;0;0;0;0;0;0;0;13;0;3;0;0;4;20;1;0;0;0;0;0;2;0;0;0;0;0;0;0;0;0;0;0;0;0;0;3;0;1;0;0;0;0;7;1;0;0;0;0;0;0;0;0;0;4;5;0;0;0
3283;3;7;EV37;3;POS;atenolol;0;0;0;0;0;0;0;0;0;0;0;0;0;0;0;0;0;0;0;1;0;0;0;0;0;0;0;0;0;0;2;0;13;0;0;0;0;0;0;0;0;0;0;0;0;0;0;0;0;0;0;0;0;0;0;0;0;0;0;0;0;0;0;0;0;0;8;0;2;0;0;10;17;4;0;0;0;0;0;1;0;0;0;0;0;0;0;0;0;0;0;0;0;0;3;0;0;0;0;0;0;3;0;0;0;0;0;0;0;0;0;0;2;4;0;0;0
3455;3;8;EV37;3;POS;atenolol;0;0;1;0;0;0;0;0;0;0;0;0;0;0;0;0;0;0;0;0;0;0;0;0;0;0;0;0;0;1;1;0;11;0;0;0;0;0;0;0;0;0;0;0;0;0;0;0;0;0;0;0;0;0;0;0;0;0;0;0;0;0;0;0;1;0;10;0;6;0;0;9;14;5;0;0;0;0;2;1;0;0;0;0;0;0;0;0;0;0;0;0;0;0;0;0;0;0;0;0;0;7;0;0;0;0;0;0;0;0;0;0;6;7;0;0;0
2424;3;1;EV37;3;POS;atomoxetine;0;0;2;16;1;0;0;0;0;0;0;0;0;0;0;0;0;0;0;0;0;0;0;0;0;0;0;0;0;1;0;0;0;0;0;2;0;0;0;0;0;0;0;0;0;0;0;0;0;0;0;0;0;0;0;0;0;0;0;0;1;0;0;0;0;0;6;0;0;0;0;7;8;1;0;0;0;0;0;1;0;0;0;0;0;0;0;0;0;0;0;0;0;0;1;0;1;0;0;0;0;17;1;0;0;0;0;1;0;0;0;0;0;1;0;0;0
2596;3;2;EV37;3;POS;atomoxetine;0;0;2;29;1;0;0;0;0;0;0;0;0;0;0;0;0;0;0;0;1;0;0;0;0;0;0;0;0;1;0;0;0;0;0;1;0;0;0;0;0;0;0;0;0;0;0;0;0;0;0;0;0;0;0;0;0;0;0;0;0;0;0;0;0;0;5;0;5;2;0;5;31;4;0;0;1;0;0;3;1;0;0;0;1;0;0;0;0;0;0;0;0;0;2;0;13;0;0;0;0;0;1;1;0;0;0;0;0;0;0;0;10;9;0;0;0
2768;3;3;EV37;3;POS;atomoxetine;0;0;2;24;1;0;0;0;0;0;0;0;0;0;0;0;0;0;0;0;0;0;0;0;0;0;0;0;0;1;0;0;0;0;0;0;0;0;0;0;0;0;0;0;1;0;0;0;0;0;0;0;0;0;0;0;0;0;0;0;0;0;0;0;0;0;8;0;1;0;0;9;26;7;0;0;0;0;0;2;0;0;0;0;0;0;0;0;0;0;0;0;0;0;0;0;6;0;0;0;0;4;0;1;0;0;0;0;0;0;0;0;8;8;0;0;0
2940;3;4;EV37;3;POS;atomoxetine;0;0;1;20;1;0;0;0;0;0;0;0;0;0;0;0;0;0;0;0;0;0;0;0;0;0;0;0;0;0;0;0;0;0;0;0;0;0;0;0;0;0;0;0;1;0;0;0;0;0;0;0;0;0;0;0;0;0;0;0;0;0;0;0;0;0;4;0;6;0;0;3;14;0;0;0;2;0;0;3;0;0;0;0;0;0;0;0;0;0;0;0;0;0;2;0;0;0;0;0;0;16;1;0;0;0;0;0;0;0;0;0;4;1;0;0;0
3112;3;6;EV37;3;POS;atomoxetine;0;0;1;39;2;0;0;0;0;0;0;0;0;0;0;0;0;0;0;0;0;0;0;0;0;0;0;0;0;1;0;0;0;0;0;1;0;0;0;0;0;0;0;0;0;0;0;0;0;0;0;0;0;0;0;0;0;0;0;0;0;0;0;0;0;0;8;0;7;0;0;15;28;3;0;0;2;0;0;5;1;0;0;0;1;0;0;0;0;0;0;0;0;0;0;0;14;0;0;0;0;12;0;1;0;0;0;0;0;0;0;0;7;4;0;0;0
3284;3;7;EV37;3;POS;atomoxetine;0;0;0;14;2;0;0;0;0;0;0;0;0;0;0;0;0;0;0;0;0;0;0;0;0;0;0;0;0;0;0;0;0;0;0;2;0;0;0;0;0;0;0;0;1;0;0;0;0;0;0;0;0;0;0;0;0;0;0;0;0;0;0;0;0;0;7;0;2;0;0;6;20;1;0;0;1;0;0;0;0;0;0;0;0;0;0;0;0;0;0;0;0;0;0;0;0;0;0;0;0;4;0;0;0;0;0;0;0;0;0;0;1;1;0;0;0
3456;3;8;EV37;3;POS;atomoxetine;0;0;1;11;1;0;0;0;0;0;0;0;0;0;0;0;0;0;0;0;0;0;0;0;0;0;0;0;0;1;0;0;0;0;0;0;0;0;0;0;0;0;0;0;1;0;0;0;0;0;0;0;0;0;0;0;0;0;0;0;0;0;0;0;0;0;7;0;1;0;0;7;14;5;0;0;0;0;0;1;0;0;0;0;1;0;0;0;0;0;0;0;0;0;1;0;1;0;0;0;0;6;0;0;0;0;0;0;0;0;0;0;5;0;0;0;0
2444;3;1;EV37;3;POS;danazol;4;0;1;0;0;0;0;0;0;0;0;0;0;0;0;0;0;0;0;2;0;0;0;0;0;0;0;0;0;0;0;0;7;0;0;0;0;0;0;1;0;0;0;0;0;0;0;0;0;0;0;0;0;0;0;0;0;0;0;0;0;0;0;0;0;0;1;0;1;0;0;2;11;2;0;0;0;0;0;0;0;0;0;0;0;0;0;0;0;0;0;0;0;0;0;0;0;0;0;0;0;11;0;0;0;0;0;0;0;0;0;0;2;0;0;0;0
2616;3;2;EV37;3;POS;danazol;0;0;2;0;0;0;0;0;0;0;0;0;0;0;0;0;0;0;0;4;0;0;0;0;0;0;0;0;0;1;0;0;5;0;0;0;0;0;0;0;0;0;0;0;0;0;0;0;0;0;0;0;0;0;0;0;0;0;0;0;0;0;0;0;0;0;2;0;5;0;0;5;18;3;0;0;0;0;1;0;0;0;0;2;1;0;0;0;0;0;0;0;0;0;0;0;1;0;0;0;0;1;0;0;0;0;0;0;0;0;0;0;4;4;0;0;0
2788;3;3;EV37;3;POS;danazol;4;0;1;0;0;0;0;0;0;0;0;0;0;0;0;0;0;0;0;1;0;0;0;0;0;0;0;0;0;0;0;0;8;0;0;0;0;0;0;1;0;0;0;0;0;0;0;0;0;0;0;0;0;0;0;0;0;0;0;0;0;0;0;0;0;0;3;0;5;1;0;11;19;2;0;0;0;0;0;0;0;0;0;0;0;0;0;0;0;0;0;0;0;0;0;0;0;0;0;0;0;6;0;0;0;0;0;0;0;0;0;0;0;2;0;0;0
2960;3;4;EV37;3;POS;danazol;2;0;0;0;0;0;0;0;0;0;0;0;0;0;0;0;0;0;0;1;0;0;0;0;0;0;0;0;0;0;0;0;3;0;0;0;0;0;0;1;0;0;0;0;0;0;0;0;0;0;0;0;0;0;0;0;0;0;0;0;0;0;0;0;0;0;1;0;1;0;0;3;7;0;0;0;0;0;0;1;0;0;0;0;0;0;0;0;0;0;0;0;0;0;1;0;0;0;0;0;0;6;0;0;0;0;0;0;0;0;0;0;1;2;0;0;0
3132;3;6;EV37;3;POS;danazol;2;0;0;0;0;0;0;0;0;0;0;0;0;0;0;0;0;0;0;2;0;0;0;0;0;1;0;0;0;0;0;0;17;0;0;0;0;0;0;2;0;0;0;0;0;0;0;0;0;0;0;0;0;0;0;0;0;0;0;0;0;0;0;0;0;0;2;0;5;0;0;5;24;0;0;0;1;1;0;2;0;0;0;0;1;0;0;0;0;0;0;0;0;0;2;0;1;0;0;0;0;14;1;1;0;0;0;0;0;0;0;0;9;4;0;0;0
3304;3;7;EV37;3;POS;danazol;1;0;0;0;0;0;0;0;0;0;0;0;0;0;0;0;0;0;0;1;0;0;0;0;0;2;0;0;0;0;0;0;19;0;0;0;0;0;0;2;0;0;0;0;0;0;0;0;0;0;0;0;0;0;0;0;0;0;0;0;0;0;0;0;0;0;3;0;10;2;0;20;27;4;0;0;0;0;1;3;0;0;0;0;2;0;0;0;0;0;0;0;0;0;5;0;3;0;0;0;0;17;1;0;0;0;0;2;0;0;0;0;4;3;0;0;0
3476;3;8;EV37;3;POS;danazol;4;0;1;0;0;0;0;0;0;0;0;0;0;0;0;0;0;0;0;0;0;0;0;0;0;0;0;0;0;0;0;0;0;0;0;0;0;0;0;1;0;0;0;0;0;0;0;0;0;0;0;0;0;0;0;0;0;0;0;0;0;0;0;0;0;0;1;0;2;0;0;2;6;1;0;0;0;0;0;0;0;0;0;0;0;0;0;0;0;0;0;0;0;0;0;0;0;0;0;0;0;1;0;0;0;0;0;0;0;0;0;0;0;0;0;0;0
2445;3;1;EV37;3;POS;daptomycin;8;2;0;0;14;30;0;0;0;0;2;0;7;0;0;0;0;0;0;0;5;0;0;0;3;5;0;0;8;13;24;3;13;10;1;10;0;0;4;0;3;2;0;0;2;0;3;0;0;0;0;0;0;0;3;0;2;0;0;0;1;1;2;8;0;0;26;3;16;3;0;41;65;13;0;0;2;0;3;4;0;0;0;0;1;0;0;0;0;0;0;0;0;0;3;0;3;0;0;0;0;53;1;0;0;0;0;2;0;0;0;0;9;8;0;0;0
2617;3;2;EV37;3;POS;daptomycin;11;2;0;0;12;16;0;0;0;0;1;1;9;0;1;0;0;0;0;2;2;0;0;0;0;4;0;0;2;9;13;2;11;12;0;5;0;0;3;0;3;0;0;0;1;0;0;0;0;0;0;0;0;0;3;0;0;0;0;0;2;4;2;6;0;0;27;2;30;3;0;43;86;25;0;0;3;0;3;10;1;0;0;4;2;0;0;0;0;0;0;0;0;0;7;0;5;0;0;0;0;4;3;2;0;1;0;0;0;0;0;0;32;28;0;0;0
2789;3;3;EV37;3;POS;daptomycin;15;3;0;0;19;31;0;0;0;0;1;2;12;0;2;0;0;0;0;1;5;0;0;0;2;7;0;0;7;15;18;2;24;19;0;15;0;0;6;0;4;1;0;0;1;0;2;0;0;0;0;0;0;1;1;0;1;0;0;0;2;3;2;10;0;0;39;3;29;5;0;73;117;52;0;0;4;0;5;7;0;0;0;0;5;0;0;0;0;0;0;0;0;0;5;0;6;0;0;0;0;48;4;0;0;1;0;5;0;0;1;0;28;39;0;0;0
2961;3;4;EV37;3;POS;daptomycin;8;2;0;0;8;18;0;0;0;0;0;1;6;0;0;1;0;0;0;1;3;0;0;0;1;3;0;0;4;11;20;2;11;6;0;8;0;0;4;0;4;1;0;0;1;0;0;0;0;0;0;0;0;0;1;0;1;0;0;0;2;1;2;6;0;0;11;1;19;0;0;22;44;1;0;0;2;0;1;6;0;0;0;1;0;0;0;0;0;0;0;0;0;0;11;0;1;0;0;0;0;36;2;0;0;0;0;1;0;0;0;0;14;9;0;0;0
3133;3;6;EV37;3;POS;daptomycin;20;2;0;0;23;55;0;0;0;0;2;5;17;0;0;1;0;0;0;1;8;0;0;0;3;12;0;0;8;28;31;5;34;22;1;44;0;0;17;0;8;0;0;0;2;0;2;1;0;0;0;0;0;0;1;1;1;0;0;0;2;2;4;17;0;0;58;8;28;5;0;76;142;32;0;0;5;1;5;23;1;0;0;1;6;0;0;0;0;0;0;0;0;0;15;0;16;0;0;0;0;77;4;1;0;0;0;7;0;0;0;0;35;41;0;0;0
3305;3;7;EV37;3;POS;daptomycin;21;5;0;0;20;32;0;0;0;0;1;1;19;0;0;0;0;0;0;2;6;0;0;0;6;6;0;0;6;22;23;4;25;9;0;28;0;0;11;0;5;2;0;0;2;0;1;0;0;0;0;0;0;0;3;1;3;0;0;0;0;2;3;13;0;0;28;8;25;4;0;67;86;15;0;0;2;0;4;8;0;0;0;0;3;0;0;0;0;0;0;0;0;0;12;0;4;0;0;0;0;41;3;1;0;0;0;1;0;0;0;0;12;17;0;0;0
3477;3;8;EV37;3;POS;daptomycin;9;1;0;0;10;18;0;0;0;0;0;0;7;0;0;0;0;0;0;1;1;0;0;0;0;7;0;0;10;11;8;2;16;10;0;2;0;0;1;0;1;0;0;0;1;0;2;0;0;0;0;0;0;1;3;0;0;0;0;0;2;5;0;7;0;0;28;1;22;0;0;39;69;21;0;0;1;0;3;3;0;0;0;0;2;0;0;0;0;0;0;0;0;0;5;0;1;0;0;0;0;28;0;0;0;1;0;2;0;0;0;0;12;12;0;0;0
2449;3;1;EV37;3;POS;desvenlafaxine;0;0;0;2;0;0;0;1;0;0;0;0;0;0;0;0;0;0;0;0;0;0;0;0;0;0;0;0;0;0;0;0;0;0;0;0;2;0;0;2;0;0;0;0;0;0;0;0;0;0;0;0;0;0;0;0;0;0;0;0;0;0;3;0;0;0;0;0;0;0;0;1;1;0;0;0;0;0;0;0;0;0;0;0;0;0;0;0;0;0;0;0;0;0;0;0;1;0;0;0;0;6;0;0;0;0;0;0;0;0;0;0;0;0;0;0;0
2621;3;2;EV37;3;POS;desvenlafaxine;0;0;0;11;0;0;0;0;0;0;0;0;0;0;0;0;0;0;0;0;0;0;0;0;0;0;0;0;0;0;0;1;0;0;1;0;0;0;0;0;0;0;0;0;0;0;0;0;0;0;0;0;0;0;0;0;0;0;0;0;0;0;2;0;0;0;4;0;3;1;0;0;14;0;0;0;0;0;0;2;0;0;0;0;0;0;0;0;0;0;0;0;0;0;0;0;6;0;0;0;0;0;0;0;0;0;0;0;0;0;0;0;7;5;0;0;0
2793;3;3;EV37;3;POS;desvenlafaxine;0;0;0;10;0;0;0;0;0;0;0;0;0;0;0;0;0;0;0;0;0;0;0;0;0;0;0;0;0;0;0;0;0;0;0;0;1;0;0;1;0;0;0;0;0;0;0;0;0;0;0;0;0;0;0;0;0;0;0;0;0;0;1;0;0;0;4;0;0;1;0;3;12;4;0;0;0;0;0;0;0;0;0;0;0;0;0;0;0;0;0;0;0;0;0;0;4;0;0;0;0;1;0;1;0;0;0;0;0;0;0;0;3;2;0;0;0
2965;3;4;EV37;3;POS;desvenlafaxine;0;0;0;11;0;0;0;0;0;0;0;0;0;0;0;0;0;0;0;0;0;0;0;0;0;0;0;0;0;0;0;0;0;0;0;0;0;0;0;0;0;0;0;0;0;0;0;0;0;0;0;0;0;0;1;0;0;0;0;0;0;0;1;0;0;0;1;0;0;0;0;0;10;0;0;0;0;0;0;1;0;0;0;0;0;0;0;0;0;0;0;0;0;0;0;0;0;0;0;0;0;7;0;0;0;0;0;0;0;0;0;0;0;1;0;0;0
3137;3;6;EV37;3;POS;desvenlafaxine;0;0;0;16;0;0;0;1;0;0;0;0;0;0;0;0;0;0;0;0;0;0;0;0;0;0;0;0;0;0;0;1;0;0;1;0;1;0;0;1;0;0;0;0;0;0;0;0;0;0;0;0;0;0;0;0;0;0;0;0;0;0;2;0;0;0;4;0;2;0;0;9;13;1;0;0;0;0;0;0;0;0;0;0;1;0;0;0;0;0;0;0;0;0;0;0;11;0;0;0;0;6;0;1;0;0;0;0;0;0;0;0;6;2;0;0;0
3309;3;7;EV37;3;POS;desvenlafaxine;0;0;0;6;0;0;0;0;0;0;0;0;0;0;0;0;0;0;0;0;0;0;0;0;0;0;0;0;0;0;0;0;0;0;0;0;0;0;0;0;0;0;0;0;0;0;0;0;0;0;0;0;0;0;0;0;0;0;0;0;0;0;2;0;0;0;2;0;0;0;0;2;5;0;0;0;0;0;0;0;0;0;0;0;0;0;0;0;0;0;0;0;0;0;0;0;0;0;0;0;0;2;0;0;0;0;0;0;0;0;0;0;0;0;0;0;0
3481;3;8;EV37;3;POS;desvenlafaxine;0;0;0;2;0;0;0;0;0;0;0;0;0;0;0;0;0;0;0;0;0;0;0;0;0;0;0;0;0;0;0;0;0;0;1;0;1;0;0;1;0;0;0;0;0;0;0;0;0;0;0;0;0;0;0;0;0;0;0;0;0;0;1;0;0;0;0;0;1;0;0;1;1;1;0;0;0;0;0;0;0;0;0;0;0;0;0;0;0;0;0;0;0;0;0;0;0;0;0;0;0;2;0;0;0;0;0;0;0;0;0;0;0;0;0;0;0
2452;3;1;EV37;3;POS;donepezil;0;0;2;0;0;0;0;0;0;0;0;0;0;0;0;0;0;0;0;0;0;0;0;0;0;0;0;0;0;2;1;0;8;0;0;0;0;0;0;2;0;0;0;1;0;0;0;0;0;0;0;0;0;0;0;0;0;0;0;0;0;0;0;0;0;0;0;0;2;0;0;8;9;0;0;0;1;0;0;0;0;0;0;0;0;0;0;0;0;0;0;0;0;0;1;0;0;0;0;0;0;4;0;0;0;0;0;0;0;0;0;0;2;1;0;0;0
2624;3;2;EV37;3;POS;donepezil;0;0;0;0;0;0;0;0;0;0;0;0;0;0;0;0;0;0;0;0;0;0;0;0;0;0;0;0;0;1;0;0;29;0;0;0;1;0;0;2;0;0;0;0;0;0;0;0;0;0;0;0;0;0;0;0;0;0;0;0;0;0;0;0;0;0;2;0;21;4;0;14;32;9;0;0;3;1;1;6;0;0;0;4;3;0;0;0;0;0;0;0;0;0;2;0;1;0;0;0;0;4;2;0;0;0;0;0;0;0;0;0;21;19;0;0;0
2796;3;3;EV37;3;POS;donepezil;0;0;0;0;0;0;0;0;0;0;0;0;0;0;0;0;0;0;0;0;0;0;0;0;0;0;0;0;0;1;0;0;17;0;0;0;0;0;0;1;0;0;0;0;0;0;0;0;0;0;0;0;0;0;0;0;0;0;0;0;0;0;0;0;0;0;0;0;7;3;0;15;24;11;0;0;1;0;1;1;0;0;0;0;2;0;0;0;0;0;0;0;0;0;2;0;3;0;0;0;0;3;2;0;0;0;0;0;0;0;0;0;6;11;0;0;0
2968;3;4;EV37;3;POS;donepezil;0;0;1;0;0;0;0;0;0;0;0;0;0;0;0;0;0;0;0;0;0;0;0;0;0;0;0;0;0;1;2;0;7;0;0;0;0;0;0;1;0;0;0;1;0;0;0;0;0;0;0;0;0;0;0;0;0;0;0;0;0;0;0;0;0;0;0;0;4;0;0;6;10;0;0;0;0;0;2;0;0;0;0;0;0;0;0;0;0;0;0;0;0;0;2;0;0;0;0;0;0;5;0;0;0;0;0;0;0;0;0;0;3;5;0;0;0
3140;3;6;EV37;3;POS;donepezil;0;0;0;0;0;0;0;0;0;0;0;0;0;0;0;0;0;0;0;0;0;0;0;0;0;0;0;0;0;2;0;0;33;0;0;0;0;0;0;2;0;0;0;0;0;0;0;0;0;0;0;0;0;0;0;0;0;0;0;0;0;0;0;0;0;0;0;0;3;0;0;9;24;2;0;0;2;0;0;2;0;0;0;0;2;0;0;0;0;0;0;0;0;0;4;0;5;0;0;0;0;12;2;1;0;0;0;0;0;0;0;0;4;5;0;0;0
3312;3;7;EV37;3;POS;donepezil;0;0;1;0;0;0;0;0;0;0;0;0;0;0;0;0;0;0;0;0;0;0;0;0;0;0;0;0;0;1;0;0;19;0;0;0;0;0;0;2;0;0;0;0;0;0;0;0;0;0;0;0;0;0;0;0;0;0;0;0;0;0;0;0;0;0;0;0;11;2;0;14;17;3;0;0;0;0;0;1;0;0;0;0;1;0;0;0;0;0;0;0;0;0;4;0;0;0;0;0;0;4;2;0;0;0;0;0;0;0;0;0;1;6;0;0;0
3484;3;8;EV37;3;POS;donepezil;0;0;0;0;0;0;0;0;0;0;0;0;0;0;0;0;0;0;0;0;0;0;0;0;0;0;0;0;0;1;0;0;17;0;0;0;0;0;0;1;0;0;0;0;0;0;0;0;0;0;0;0;0;1;0;0;0;0;0;0;0;0;0;0;1;0;0;0;3;0;0;13;16;6;0;0;0;0;0;1;0;0;0;0;0;0;0;0;0;0;0;0;0;0;1;0;0;0;0;0;0;4;0;0;0;0;0;0;0;0;0;0;5;5;0;0;0
2453;3;1;EV37;3;POS;doxorubicin;0;0;3;0;0;0;0;0;0;0;0;0;0;0;0;0;0;0;0;2;0;0;0;0;0;3;0;0;0;2;1;2;60;0;0;0;0;0;0;1;0;0;0;0;0;0;0;0;0;0;0;0;0;0;0;0;0;0;0;0;0;0;0;0;0;0;28;0;5;0;0;39;28;4;0;0;0;0;4;2;0;0;0;0;0;0;0;0;0;0;0;0;0;0;2;0;0;0;0;0;0;39;0;0;0;0;0;1;0;0;0;0;5;8;0;0;0
2625;3;2;EV37;3;POS;doxorubicin;0;0;3;0;0;0;0;0;0;0;0;0;0;0;0;0;0;0;0;8;0;0;0;0;0;2;0;0;0;3;1;0;30;0;0;0;0;0;0;1;0;0;0;0;0;0;0;0;0;0;0;0;0;0;1;0;0;0;0;0;0;0;0;0;0;0;12;0;17;4;0;18;47;5;0;0;2;0;2;7;0;0;0;2;1;0;0;0;0;0;0;0;0;0;4;0;4;0;0;0;0;5;1;0;0;0;0;1;0;0;0;0;22;14;0;0;0
2797;3;3;EV37;3;POS;doxorubicin;0;0;2;0;0;0;0;0;0;0;0;0;0;0;0;0;0;0;0;2;0;0;0;0;0;2;0;0;0;1;1;1;60;0;0;0;0;0;0;1;0;0;0;0;0;0;0;0;0;0;0;0;0;0;1;0;0;0;0;0;0;0;0;0;0;0;25;0;3;0;0;38;69;21;0;0;0;0;0;5;1;0;0;0;0;0;0;0;0;0;0;0;0;0;1;0;3;0;0;0;0;22;0;0;0;1;0;1;0;0;0;0;8;7;0;0;0
2969;3;4;EV37;3;POS;doxorubicin;0;0;0;0;0;0;0;0;0;0;0;0;0;0;0;0;0;0;0;1;0;0;0;0;0;0;0;0;0;0;2;0;18;0;0;0;0;0;0;1;0;0;0;0;0;0;0;0;0;0;0;0;0;0;0;0;0;0;0;0;0;0;0;0;0;0;6;0;7;0;0;9;19;0;0;0;3;0;2;2;0;0;0;0;1;0;0;0;0;0;0;0;0;0;2;0;0;0;0;0;0;12;2;0;0;0;0;0;0;0;0;0;6;4;0;0;0
3141;3;6;EV37;3;POS;doxorubicin;0;0;5;0;0;0;0;0;0;0;0;0;0;0;0;0;0;0;0;2;0;0;0;0;0;13;0;0;0;1;1;2;157;0;0;0;0;0;0;3;0;0;0;0;0;0;0;0;0;0;0;0;0;0;2;0;0;0;0;0;0;0;0;0;0;1;63;0;25;0;0;44;125;12;0;0;4;0;3;12;1;0;0;0;2;0;0;0;0;0;0;0;0;0;20;0;9;0;0;0;0;146;3;1;0;0;0;4;0;0;0;0;17;16;0;0;0
3313;3;7;EV37;3;POS;doxorubicin;0;0;2;0;0;0;0;0;0;0;0;0;0;0;0;0;0;0;0;1;0;0;0;0;0;7;0;0;0;1;1;0;114;0;0;0;0;0;0;2;0;0;0;0;0;0;0;0;0;0;0;0;0;0;2;0;0;0;0;0;0;0;0;0;0;0;41;0;23;2;0;59;128;22;0;0;3;0;5;12;1;0;0;2;2;0;0;0;0;0;0;0;0;0;20;0;5;0;0;0;0;76;4;0;0;0;0;7;0;0;0;0;29;22;0;0;0
3485;3;8;EV37;3;POS;doxorubicin;0;0;2;0;0;0;0;0;0;0;0;0;0;0;0;0;0;0;0;2;0;0;0;0;0;0;0;0;0;2;2;0;18;0;0;0;0;0;0;0;0;0;0;0;0;0;0;0;0;0;0;0;0;0;0;0;0;0;0;0;0;0;0;0;0;0;8;0;4;0;0;9;22;4;0;0;0;0;0;1;0;0;0;0;0;0;0;0;0;0;0;0;0;0;0;0;0;0;0;0;0;5;0;0;0;0;0;0;0;0;0;0;4;4;0;0;0
2461;3;1;EV37;3;POS;estradiol;34;0;0;0;0;0;0;1;0;0;0;0;0;0;0;0;0;0;0;2;1;0;0;0;0;0;0;0;0;1;1;0;18;0;0;0;0;0;0;0;0;0;0;0;0;0;0;0;0;0;0;0;0;0;0;0;0;0;0;0;0;0;3;0;0;0;12;0;14;2;0;36;34;5;0;0;4;0;1;5;0;0;0;0;1;0;0;0;0;0;0;0;0;0;2;0;2;0;0;0;0;29;1;0;0;0;0;2;0;0;0;0;8;6;0;0;0
2633;3;2;EV37;3;POS;estradiol;29;0;0;0;0;0;0;2;0;0;0;0;0;0;0;0;0;0;0;2;0;0;0;0;0;0;0;0;0;0;1;1;40;0;0;0;0;1;0;0;0;0;0;0;0;0;0;0;0;0;0;0;0;0;0;0;0;0;0;0;0;0;1;0;0;0;17;0;50;15;0;50;103;26;0;0;9;4;9;19;1;0;0;13;12;0;0;0;0;0;0;0;0;0;10;0;12;0;0;0;0;8;7;0;0;1;0;3;0;0;0;0;58;60;0;0;0
2805;3;3;EV37;3;POS;estradiol;33;0;0;0;0;0;0;4;0;0;0;0;0;0;0;0;0;0;0;1;0;0;0;0;0;0;0;0;0;0;0;0;33;0;0;0;0;0;0;0;0;0;0;0;0;0;0;0;0;0;0;0;0;0;0;0;0;0;0;0;0;0;2;0;0;0;17;0;13;4;0;53;69;27;0;0;2;0;1;6;0;0;0;0;1;0;0;0;0;0;0;0;0;0;1;0;1;0;0;0;0;20;1;0;0;0;0;0;0;0;0;0;16;22;0;0;0
2977;3;4;EV37;3;POS;estradiol;7;0;0;0;0;0;0;0;0;0;0;0;0;0;0;0;0;0;0;1;0;0;0;0;0;1;0;0;0;0;0;1;18;0;0;0;0;0;0;0;0;0;0;0;0;0;0;0;0;0;0;0;0;0;0;0;0;0;0;0;0;0;1;0;0;0;12;0;14;0;0;17;31;3;0;0;2;0;5;4;0;0;0;1;0;0;0;0;0;0;0;0;0;0;4;0;0;0;0;0;0;16;1;0;0;0;0;0;0;0;0;0;12;9;0;0;0
3149;3;6;EV37;3;POS;estradiol;33;0;0;0;0;0;0;0;0;0;0;0;0;0;0;0;0;0;0;1;1;0;0;0;0;1;0;0;0;0;0;0;50;0;0;0;0;0;0;0;0;0;0;0;0;0;0;0;0;0;0;0;0;0;0;0;0;0;0;0;0;0;3;0;0;0;21;0;15;4;0;30;81;14;0;0;5;1;5;11;0;0;0;1;3;0;0;0;0;0;0;0;0;0;12;0;7;0;0;0;0;35;4;2;0;0;0;0;0;0;0;0;14;13;0;0;0
3321;3;7;EV37;3;POS;estradiol;34;0;0;0;0;0;0;1;0;0;0;0;0;0;0;0;0;0;0;1;0;0;0;0;0;0;0;0;0;0;0;0;36;0;1;0;0;0;0;0;0;0;0;0;0;0;0;0;0;0;0;0;0;0;0;0;0;0;0;0;0;0;3;0;0;0;13;0;20;2;0;41;77;17;0;0;1;0;1;3;0;0;0;0;1;0;0;0;0;0;0;0;0;0;13;0;2;0;0;0;0;21;2;0;0;0;0;1;0;0;0;0;12;18;0;0;0
3493;3;8;EV37;3;POS;estradiol;25;0;1;0;0;0;0;0;0;0;0;0;0;0;0;0;0;0;0;1;1;0;0;0;0;0;0;0;0;1;0;0;15;0;0;0;0;0;0;0;0;0;0;0;0;0;0;0;0;0;0;0;0;0;0;0;0;0;0;0;0;0;2;2;1;0;6;0;6;0;0;13;42;8;0;0;0;0;3;0;0;0;0;0;1;0;0;0;0;0;0;0;0;0;1;0;0;0;0;0;0;9;0;0;0;0;0;0;0;0;0;0;7;8;0;0;0
2478;3;1;EV37;3;POS;gabapentin;2;0;0;0;0;0;0;0;0;0;0;0;0;0;0;0;0;0;0;4;0;0;0;0;0;0;0;0;0;1;0;0;39;0;1;0;0;1;0;2;0;0;0;0;0;0;0;0;0;0;0;0;0;0;0;0;0;0;0;0;0;0;0;0;1;0;9;0;10;2;0;22;35;6;0;0;2;0;0;2;0;0;0;0;0;0;0;0;0;0;0;0;0;0;2;0;1;0;0;0;0;25;1;0;0;0;0;1;0;0;0;0;7;3;0;0;0
2650;3;2;EV37;3;POS;gabapentin;0;0;0;0;0;0;0;0;0;0;0;0;0;0;0;0;0;0;0;9;1;0;0;0;0;0;0;0;0;1;0;0;45;0;1;0;0;0;0;1;0;0;0;0;0;0;0;0;0;0;0;0;0;0;1;0;0;0;0;0;0;0;0;0;1;0;10;0;32;5;0;35;65;19;0;0;4;2;7;11;0;0;0;4;6;0;0;0;0;0;0;0;0;0;5;0;10;0;0;0;0;4;2;0;0;0;0;0;0;0;0;0;33;25;0;0;0
2822;3;3;EV37;3;POS;gabapentin;0;0;0;0;0;0;0;0;0;0;0;0;0;0;0;0;0;0;0;3;0;0;0;0;0;0;0;0;0;1;0;0;66;0;1;0;0;1;0;1;0;0;0;0;0;0;0;0;0;0;0;0;0;0;1;0;0;0;0;0;0;0;0;0;1;0;10;0;16;4;0;51;57;22;0;0;2;0;1;4;0;0;1;0;3;0;0;0;0;0;0;0;0;0;2;0;4;0;0;0;0;20;3;0;0;0;0;2;0;0;1;0;16;22;0;0;0
2994;3;4;EV37;3;POS;gabapentin;1;0;0;0;0;0;0;0;0;0;0;0;0;0;0;0;0;0;0;1;0;0;0;0;0;0;0;0;0;0;0;0;31;0;0;0;0;1;0;1;0;0;0;0;0;0;0;0;0;0;0;0;0;0;0;0;0;0;0;0;0;0;0;0;0;0;7;0;11;0;0;13;28;0;0;0;2;0;2;4;0;0;0;1;0;0;0;0;0;0;0;0;0;0;4;0;0;0;0;0;0;22;1;0;0;0;0;0;0;0;0;0;12;9;0;0;0
3166;3;6;EV37;3;POS;gabapentin;3;0;0;0;0;0;0;0;0;0;0;0;0;0;0;0;0;0;0;2;0;0;0;0;0;0;0;0;0;0;0;0;90;0;2;0;0;0;0;2;0;0;0;0;0;0;0;0;0;0;0;0;0;0;2;0;0;0;0;0;0;0;0;0;0;0;15;0;11;4;0;36;61;8;0;0;4;1;4;7;0;0;0;1;4;0;0;0;0;0;0;0;0;0;9;0;13;0;0;0;0;49;2;2;0;0;0;0;0;0;0;0;17;12;0;0;0
3338;3;7;EV37;3;POS;gabapentin;0;0;0;0;0;0;0;0;0;0;0;0;0;0;0;0;0;0;0;1;0;0;0;0;0;0;0;0;0;0;0;0;49;0;3;0;0;0;0;2;0;0;0;0;0;0;0;0;0;0;0;0;0;0;2;0;0;0;0;0;0;0;0;0;0;0;11;0;14;2;0;29;47;12;0;0;1;0;1;3;0;0;0;0;1;0;0;0;0;0;0;0;0;0;7;0;2;0;0;0;0;20;2;0;0;0;0;1;0;0;0;0;9;16;0;0;0
3510;3;8;EV37;3;POS;gabapentin;2;0;0;0;0;0;0;0;0;0;0;0;0;0;0;0;0;0;0;1;0;0;0;0;0;0;0;0;0;2;0;0;39;0;1;0;0;0;0;1;0;0;0;0;0;0;0;0;0;0;0;0;0;0;0;0;0;0;0;0;0;0;0;0;2;0;8;0;8;0;0;26;40;9;0;0;0;0;2;1;0;0;0;0;2;0;0;0;0;0;0;0;0;0;2;0;1;0;0;0;0;11;0;0;0;0;0;1;0;0;0;0;10;8;0;0;0
2495;3;1;EV37;3;POS;leuprolide;9;2;0;17;10;16;0;0;0;0;0;2;2;0;0;1;0;0;0;2;4;0;0;0;0;1;0;0;4;15;14;7;18;5;0;18;0;0;3;2;2;0;0;0;0;0;0;0;0;0;0;0;0;0;1;0;0;0;0;0;0;2;0;10;0;0;11;3;13;1;0;49;48;8;0;0;3;0;3;3;0;0;0;0;0;0;0;0;0;0;0;0;0;0;2;0;3;0;0;0;0;62;0;0;0;0;0;0;0;0;0;0;4;7;0;0;0
2667;3;2;EV37;3;POS;leuprolide;11;3;0;25;12;10;0;0;0;0;0;3;3;0;0;0;0;0;0;2;4;0;0;0;0;1;0;0;10;16;15;3;15;7;0;9;0;0;1;1;3;0;0;0;0;0;0;0;0;0;0;0;0;1;4;0;0;0;0;0;0;3;0;8;0;0;20;2;51;11;0;62;125;31;0;0;10;4;10;23;2;0;0;12;17;0;0;0;0;0;0;0;0;0;15;0;22;0;0;0;0;10;8;3;0;1;0;3;1;0;0;0;62;62;0;0;0
2839;3;3;EV37;3;POS;leuprolide;14;3;0;25;12;14;0;0;0;0;0;3;2;0;0;1;0;0;0;1;4;0;0;0;0;2;0;0;9;15;16;6;17;9;0;15;0;0;5;1;5;0;0;0;0;0;0;0;0;0;0;0;0;0;4;0;0;0;0;0;0;5;2;12;0;0;23;4;23;4;0;84;109;37;0;0;2;0;3;9;0;0;0;0;3;0;0;0;0;0;0;0;0;0;3;0;8;0;0;0;0;37;3;1;0;2;0;3;1;0;0;0;18;35;0;0;0
3011;3;4;EV37;3;POS;leuprolide;3;2;0;19;5;8;0;0;0;0;0;0;0;0;0;0;0;0;0;1;1;0;0;0;0;1;0;0;3;8;10;5;8;3;0;12;0;0;1;1;3;0;0;0;0;0;0;0;0;0;0;0;0;1;2;0;0;0;0;0;0;2;3;7;0;0;17;3;23;0;0;22;62;2;0;0;2;0;3;9;0;0;0;1;0;0;0;0;0;0;0;0;0;0;7;0;1;0;0;0;0;39;2;0;0;0;0;1;2;0;0;0;23;15;0;0;0
3183;3;6;EV37;3;POS;leuprolide;16;8;0;57;24;6;0;0;0;0;0;7;5;0;0;0;0;0;0;3;2;0;0;0;0;4;0;0;18;16;16;4;42;12;2;18;0;0;0;2;9;0;0;0;0;0;2;0;0;0;0;0;0;2;2;0;1;0;0;0;0;8;0;4;0;0;57;2;31;1;0;55;145;12;0;0;6;1;4;13;1;0;0;0;5;0;0;0;0;0;0;0;0;0;23;0;27;0;0;0;0;90;6;2;0;0;0;3;0;0;0;0;33;28;0;0;0
3355;3;7;EV37;3;POS;leuprolide;8;6;0;28;17;10;0;0;0;0;0;4;2;0;0;1;0;0;0;4;4;0;0;0;0;2;0;0;5;19;18;4;31;11;0;21;0;0;3;2;4;0;0;0;0;0;1;0;0;0;0;0;0;0;1;0;2;0;0;0;0;8;1;7;0;0;28;2;28;4;0;70;128;17;0;0;2;0;5;10;0;0;0;0;3;0;0;0;0;0;0;0;0;0;24;0;6;0;0;0;0;48;4;1;0;0;0;7;0;0;0;0;19;22;0;0;0
3527;3;8;EV37;3;POS;leuprolide;6;0;0;14;6;1;0;0;0;0;0;1;0;0;0;0;0;0;0;1;1;0;0;0;0;1;0;0;10;11;6;2;13;5;0;5;0;0;0;1;0;0;0;0;0;0;0;0;0;0;0;0;0;0;0;0;0;0;0;0;0;3;0;3;0;0;10;1;14;0;0;28;48;16;0;0;0;0;1;2;0;0;0;0;1;0;0;0;0;0;0;0;0;0;4;0;1;0;0;0;0;19;0;0;0;0;0;1;0;0;0;0;13;12;0;0;0
2498;3;1;EV37;3;POS;levothyroxine;3;0;0;0;0;0;0;0;0;0;0;0;0;0;0;0;0;0;0;0;0;0;0;0;0;0;0;0;0;0;0;0;0;0;0;0;0;0;0;0;0;0;0;0;0;0;0;0;0;0;0;0;0;0;0;0;0;0;0;0;0;0;0;0;0;0;0;0;1;0;0;0;1;0;0;0;0;0;0;0;0;0;0;0;0;0;0;0;0;0;0;0;0;0;0;0;0;0;0;0;0;2;0;0;0;0;0;0;0;0;0;0;0;0;0;0;0
2670;3;2;EV37;3;POS;levothyroxine;2;0;0;0;0;0;0;0;0;0;0;0;0;0;0;0;0;0;0;0;0;0;0;0;0;0;0;0;0;0;0;0;0;0;0;0;0;0;0;0;0;0;0;0;0;0;0;0;0;0;0;0;0;0;0;0;0;0;0;0;0;0;0;0;0;0;1;0;1;1;0;1;1;0;0;0;0;0;0;0;0;0;0;0;0;0;0;0;0;0;0;0;0;0;0;0;0;0;0;0;0;0;0;0;0;0;0;0;0;0;0;0;3;1;0;0;0
2842;3;3;EV37;3;POS;levothyroxine;2;0;1;0;0;0;0;1;0;0;0;0;0;0;0;0;0;0;0;0;0;0;0;0;0;0;0;0;0;0;0;0;0;0;0;0;0;0;0;0;0;0;0;0;0;0;0;0;0;0;0;0;0;0;0;0;0;0;0;0;0;0;0;0;0;0;1;0;1;0;0;4;3;1;0;0;0;0;0;1;0;0;0;0;0;0;0;0;0;0;0;0;0;0;0;0;0;0;0;0;0;1;0;0;0;0;0;0;0;0;0;0;1;0;0;0;0
3014;3;4;EV37;3;POS;levothyroxine;0;0;0;0;0;0;0;0;0;0;0;0;0;0;0;0;0;0;0;0;0;0;0;0;0;0;0;0;0;0;0;0;0;0;0;0;0;0;0;0;0;0;0;0;0;0;0;0;0;0;0;0;0;0;0;0;0;0;0;0;0;0;1;0;0;0;1;0;0;0;0;1;1;2;0;0;0;0;2;0;0;0;0;0;0;0;0;0;0;0;0;0;0;0;0;0;0;0;0;0;0;0;0;0;0;0;0;0;0;0;0;0;2;0;0;0;0
3186;3;6;EV37;3;POS;levothyroxine;0;0;0;0;0;0;0;0;0;0;0;0;0;0;0;0;0;0;0;0;0;0;0;0;0;0;0;0;0;0;1;0;0;0;0;0;0;0;0;0;0;0;0;0;0;0;0;0;0;0;0;0;0;0;0;0;0;0;0;0;0;0;0;0;0;0;1;0;0;0;0;0;1;0;0;0;0;0;0;0;0;0;0;0;0;0;0;0;0;0;0;0;0;0;0;0;0;0;0;0;0;0;0;0;0;0;0;0;0;0;0;0;0;1;0;0;0
3358;3;7;EV37;3;POS;levothyroxine;0;0;0;0;0;0;0;0;0;0;0;0;0;0;0;0;0;0;0;0;0;0;0;0;0;0;0;0;0;0;0;0;0;0;0;0;0;0;0;0;0;0;0;0;0;0;0;0;0;0;0;0;0;0;0;0;0;0;0;0;0;0;2;0;0;0;2;0;0;0;0;1;2;1;0;0;0;0;0;0;0;0;0;0;0;0;0;0;0;0;0;0;0;0;0;0;0;0;0;0;0;0;0;0;0;0;0;0;0;0;0;0;0;0;0;0;0
3530;3;8;EV37;3;POS;levothyroxine;1;0;2;0;0;0;0;1;0;0;0;0;0;0;0;0;0;0;0;0;0;0;0;0;0;0;0;0;0;0;0;0;0;0;0;0;0;0;0;0;0;0;0;0;0;0;0;0;0;0;0;0;0;0;0;0;0;0;0;0;0;0;0;0;0;0;1;0;0;0;0;3;2;0;0;0;0;0;0;0;0;0;0;0;0;0;0;0;0;0;0;0;0;0;0;0;0;0;0;0;0;1;0;0;0;0;0;0;0;0;0;0;1;2;0;0;0
2501;3;1;EV37;3;POS;memantine;19;1;0;41;6;16;0;0;0;0;2;13;4;1;2;0;0;0;1;1;6;0;0;0;0;2;0;0;10;31;37;3;9;0;0;13;0;0;8;2;1;1;0;0;0;0;0;2;0;0;0;0;0;0;0;0;0;0;0;0;4;7;0;21;0;0;26;0;22;2;0;61;81;19;0;0;2;0;3;7;0;0;0;0;1;0;0;0;0;0;0;0;0;0;2;0;5;0;0;0;0;82;1;0;0;0;0;4;1;0;0;0;14;9;0;0;0
2673;3;2;EV37;3;POS;memantine;35;9;0;43;13;9;0;0;0;0;1;15;8;0;1;0;0;0;2;1;6;0;1;0;1;5;0;0;4;23;38;3;14;2;1;11;0;0;4;1;4;1;0;0;0;0;0;1;0;0;0;0;0;1;1;0;0;0;0;0;4;12;0;19;0;0;37;0;72;13;0;90;187;53;0;0;9;2;16;31;1;0;0;16;14;0;0;0;0;0;0;0;0;0;17;0;24;0;0;0;0;11;7;4;0;2;0;2;0;0;0;0;89;77;0;0;0
2845;3;3;EV37;3;POS;memantine;27;3;0;44;9;14;0;0;0;0;1;15;5;0;2;0;0;0;0;0;8;0;1;0;3;2;0;0;7;24;37;3;13;1;1;11;0;0;5;1;3;0;0;0;0;0;0;1;0;0;0;0;0;0;1;0;0;0;0;0;2;8;0;25;0;0;27;0;26;5;0;96;155;49;0;0;5;0;3;8;0;0;0;0;3;0;0;0;0;0;0;0;0;0;4;0;11;0;0;0;0;52;3;1;0;1;0;4;2;0;1;0;32;42;0;0;0
3017;3;4;EV37;3;POS;memantine;16;4;0;31;9;12;0;0;0;0;1;10;4;0;2;0;0;0;0;1;4;0;0;0;1;2;0;0;3;26;29;3;5;0;0;13;0;0;6;1;3;1;0;0;0;0;0;1;0;0;0;0;0;1;0;0;0;0;0;0;3;5;0;12;0;0;21;0;29;0;0;36;83;1;0;0;2;0;6;9;0;0;0;1;0;0;0;0;0;0;0;0;0;0;10;0;1;0;0;0;0;59;2;0;0;1;0;0;2;0;0;0;28;11;0;0;0
3189;3;6;EV37;3;POS;memantine;37;2;0;71;13;17;0;0;0;0;2;21;7;1;3;0;0;0;1;1;5;0;0;0;2;10;0;0;9;27;50;4;28;1;1;14;0;0;9;2;3;0;0;0;0;0;0;2;0;0;0;0;0;0;2;0;0;0;0;0;4;13;0;19;0;0;43;0;36;4;0;77;150;17;0;0;6;2;6;16;0;0;0;2;7;0;0;0;0;0;0;0;0;0;17;0;24;0;0;0;0;72;4;3;0;0;0;6;0;0;0;0;39;35;0;0;0
3361;3;7;EV37;3;POS;memantine;25;3;0;42;12;10;0;0;0;0;2;22;5;2;0;0;0;0;3;1;3;0;0;0;3;3;0;0;6;19;32;2;18;1;0;12;0;0;7;2;3;1;0;0;0;0;0;2;0;0;0;0;0;0;1;0;0;0;0;0;3;10;0;9;0;0;39;0;30;4;0;81;118;22;0;0;2;0;4;9;1;0;0;1;1;0;0;0;0;0;0;0;0;0;15;0;7;0;0;0;0;46;4;1;0;0;0;2;0;0;0;0;12;18;0;0;0
3533;3;8;EV37;3;POS;memantine;15;2;0;29;4;11;0;0;0;0;1;6;2;0;0;0;0;0;0;0;7;0;0;0;1;2;0;0;4;18;22;1;11;0;1;7;0;0;2;1;2;0;0;0;0;0;0;1;0;0;0;0;0;0;0;0;0;0;0;0;4;7;0;11;1;0;24;0;22;0;0;50;82;29;0;0;1;0;5;6;0;0;0;0;2;0;0;0;0;0;0;0;0;0;6;0;0;0;0;0;0;39;0;0;0;1;0;1;0;0;0;0;28;12;0;0;0
2502;3;1;EV37;3;POS;metformin;25;0;0;0;0;0;0;0;0;0;0;0;0;0;0;0;0;0;0;3;0;0;0;0;0;0;0;0;0;1;0;0;89;0;0;0;0;0;0;2;0;0;0;0;0;0;0;0;0;0;0;0;0;0;1;0;0;0;0;0;0;0;0;0;1;0;13;0;18;5;0;55;70;14;0;0;5;0;4;7;0;0;0;0;1;0;0;0;0;0;0;0;0;0;2;0;0;0;0;0;0;76;1;0;0;0;0;1;0;0;0;0;12;11;0;0;0
2674;3;2;EV37;3;POS;metformin;8;0;0;0;0;0;0;0;0;0;0;0;0;0;0;0;0;0;0;7;1;0;0;0;0;0;0;0;0;0;0;0;92;0;1;0;0;0;0;2;0;0;0;0;0;0;0;0;0;0;0;0;0;0;3;0;0;0;0;0;0;0;0;0;0;0;11;0;63;16;0;66;133;36;0;0;11;3;9;23;1;0;0;16;13;0;0;0;0;0;0;0;0;0;12;0;9;0;0;0;0;10;8;0;0;1;0;3;0;0;0;0;78;71;0;0;0
2846;3;3;EV37;3;POS;metformin;16;0;0;0;0;0;0;0;0;0;0;0;0;0;0;0;0;0;0;2;0;0;0;0;0;1;0;0;0;0;0;0;95;0;0;0;0;0;0;1;0;0;0;0;0;0;0;0;0;0;0;0;0;0;3;0;0;0;0;0;0;0;0;0;0;0;10;0;22;5;0;72;125;40;0;0;4;0;1;8;1;0;0;0;3;0;0;0;0;0;0;0;0;0;4;0;4;0;0;0;0;45;3;0;0;0;0;2;0;0;0;0;24;36;0;0;0
3018;3;4;EV37;3;POS;metformin;3;0;0;0;0;0;0;0;0;0;0;0;0;0;0;0;0;0;0;0;0;0;0;0;0;0;0;0;0;0;0;0;40;0;0;0;0;0;0;1;0;0;0;0;0;0;0;0;0;0;0;0;0;0;2;0;0;0;0;0;0;0;0;0;1;0;8;0;11;0;0;24;40;2;0;0;3;0;4;4;0;0;0;1;0;0;0;0;0;0;0;0;0;0;5;0;0;0;0;0;0;19;1;0;0;0;0;0;0;0;0;0;11;8;0;0;0
3190;3;6;EV37;3;POS;metformin;15;0;0;0;0;0;0;0;0;0;0;0;0;0;0;0;0;0;0;2;0;0;0;0;0;3;0;0;0;0;0;0;158;0;0;0;0;0;0;2;0;0;0;0;0;0;0;0;0;0;0;0;0;0;4;0;0;0;0;0;0;0;0;0;0;0;13;0;20;4;0;47;136;18;0;0;6;2;6;11;0;0;0;1;4;0;0;0;0;0;0;0;0;0;11;0;4;0;0;0;0;103;3;1;0;0;0;0;0;0;0;0;21;24;0;0;0
3362;3;7;EV37;3;POS;metformin;11;0;0;0;0;0;0;0;0;0;0;0;0;0;0;0;0;0;0;1;0;0;0;0;0;1;0;0;0;0;0;0;124;0;1;0;0;0;0;2;0;0;0;0;0;0;0;0;0;0;0;0;0;0;4;0;0;0;0;0;0;0;0;0;1;0;5;0;23;4;0;75;134;28;0;0;3;0;4;9;1;0;0;1;4;0;0;0;0;0;0;0;0;0;14;0;6;0;0;0;0;65;3;0;0;0;0;3;0;0;0;0;32;24;0;0;0
3534;3;8;EV37;3;POS;metformin;21;0;0;0;0;0;0;0;0;0;0;0;0;0;0;0;0;0;0;0;0;0;0;0;0;0;0;0;0;1;0;0;40;0;1;0;0;0;0;1;0;0;0;0;0;0;0;0;0;0;0;0;0;0;2;0;0;0;0;0;0;0;0;0;1;0;7;0;8;0;0;34;64;14;0;0;0;0;3;5;0;0;0;0;1;0;0;0;0;0;0;0;0;0;1;0;0;0;0;0;0;13;0;0;0;0;0;0;0;0;0;0;12;11;0;0;0
2503;3;1;EV37;3;POS;metoprolol;24;4;0;14;10;32;0;1;0;0;0;11;10;1;0;7;0;0;0;7;15;0;3;0;4;5;0;0;12;46;53;2;12;2;0;39;0;0;19;1;2;4;0;0;0;0;0;1;0;0;0;0;0;0;0;0;3;0;0;0;1;14;1;19;0;0;27;2;21;1;0;57;80;14;0;0;2;0;3;7;0;0;0;0;0;0;0;0;0;0;0;0;0;0;2;0;6;0;0;0;0;73;1;0;0;0;0;3;0;0;0;0;11;11;0;0;1
2675;3;2;EV37;3;POS;metoprolol;46;13;2;18;16;44;1;1;0;0;3;17;23;2;4;7;0;0;3;16;17;2;7;0;5;6;0;0;17;60;74;10;25;5;2;70;0;0;34;2;13;8;0;0;2;0;0;2;1;0;0;0;2;4;1;0;6;0;0;0;4;25;1;23;2;0;74;5;115;17;0;160;325;90;0;0;20;4;18;62;4;0;0;26;21;0;0;1;0;0;0;0;0;0;24;0;35;0;0;0;0;19;14;2;0;2;0;4;0;0;0;0;166;132;0;0;1
2847;3;3;EV37;3;POS;metoprolol;25;13;0;12;11;29;0;1;0;0;2;13;11;1;3;6;0;0;1;7;13;0;3;0;4;5;0;0;12;47;55;5;23;2;0;40;0;0;14;1;7;4;0;0;0;0;0;0;1;0;0;0;0;2;2;0;3;0;0;0;1;10;1;19;0;0;36;1;38;6;0;106;170;56;0;0;5;0;7;12;0;0;1;0;4;0;0;0;0;0;0;0;0;0;6;0;12;0;0;0;0;62;4;1;0;1;0;4;0;0;2;0;32;55;1;0;1
3019;3;4;EV37;3;POS;metoprolol;18;9;1;14;15;17;1;0;0;0;2;8;7;0;4;3;0;0;1;6;13;1;1;0;3;4;0;0;5;31;49;5;13;2;1;19;0;0;6;1;14;1;0;0;1;0;0;0;1;0;0;0;1;1;1;0;3;0;0;0;3;16;0;14;0;0;34;6;31;0;0;49;125;6;0;0;0;0;7;7;0;0;0;1;0;0;0;0;0;0;0;0;0;0;10;0;1;0;0;0;0;59;1;0;0;1;0;0;0;0;0;0;31;16;1;0;1
3191;3;6;EV37;3;POS;metoprolol;29;9;0;29;14;20;1;1;0;0;0;11;11;1;3;5;1;0;0;14;21;0;0;0;3;8;0;0;15;41;47;4;24;1;0;39;0;0;17;2;10;5;0;0;0;0;0;0;2;0;0;0;0;0;3;0;4;1;0;0;0;13;0;12;0;0;46;6;29;0;0;67;143;16;0;0;4;0;5;12;0;0;0;0;5;0;0;1;0;0;0;0;0;0;13;0;20;0;0;0;0;44;3;3;0;0;0;2;0;0;0;0;24;26;0;0;2
3363;3;7;EV37;3;POS;metoprolol;24;7;0;11;10;14;0;0;0;0;1;10;12;0;1;7;0;0;2;9;12;1;0;0;2;2;0;0;10;29;32;4;17;2;0;24;0;0;11;2;11;5;0;0;0;0;0;1;0;0;0;0;0;0;2;0;2;0;0;0;1;10;0;11;0;0;39;3;17;3;0;76;102;17;0;0;0;0;3;9;1;0;0;1;2;0;0;0;0;0;0;0;0;0;13;0;5;0;0;0;0;33;4;1;0;0;0;1;0;0;0;0;9;14;0;0;2
3535;3;8;EV37;3;POS;metoprolol;21;9;1;6;6;12;0;0;0;0;1;4;5;0;1;1;0;0;0;1;3;1;0;0;1;3;0;0;5;28;19;1;14;1;0;18;0;0;7;1;4;1;0;0;0;0;0;0;1;0;0;0;0;0;1;0;2;0;0;0;1;8;0;15;1;0;26;2;21;0;0;41;75;26;0;0;0;0;5;6;0;0;0;0;1;0;0;0;0;0;0;0;0;0;4;0;0;0;0;0;0;31;0;0;0;1;0;0;0;0;0;0;13;14;1;0;1
2504;3;1;EV37;3;POS;mexiletine;1;0;0;0;0;0;0;0;1;0;0;0;0;0;0;0;0;0;0;2;0;0;0;0;0;0;0;0;0;1;0;0;6;0;0;0;0;0;0;0;0;0;0;0;0;0;0;0;0;0;0;0;0;0;0;0;0;0;0;0;0;0;0;0;1;0;2;0;1;0;0;4;5;1;0;0;0;0;0;0;0;0;0;0;0;0;0;0;0;0;0;0;0;0;0;0;0;0;0;0;0;4;0;0;0;0;0;0;0;0;0;0;2;1;0;0;0
2676;3;2;EV37;3;POS;mexiletine;1;0;0;0;0;0;0;0;0;0;0;0;0;0;0;0;0;0;0;7;0;0;0;0;0;0;0;0;0;1;0;1;8;0;0;0;0;0;0;0;0;0;0;0;0;0;0;0;0;0;0;0;0;0;1;0;0;0;0;0;0;0;0;0;1;0;0;0;18;4;0;23;30;14;0;0;3;1;6;17;1;0;0;7;4;0;0;0;0;0;0;0;0;0;4;0;3;0;0;0;0;4;2;0;0;1;0;2;0;0;0;0;20;18;0;0;0
2848;3;3;EV37;3;POS;mexiletine;0;0;0;0;0;0;0;0;0;0;0;0;0;0;0;0;0;0;0;3;0;0;0;0;0;0;0;0;0;0;1;0;8;0;0;0;0;0;0;0;0;0;0;0;0;0;0;0;0;0;0;0;0;0;1;0;0;0;0;0;0;0;0;0;0;0;1;0;3;0;0;7;12;4;0;0;1;0;0;2;0;0;0;0;0;0;0;0;0;0;0;0;0;0;0;0;0;0;0;0;0;6;0;0;0;0;0;0;0;0;0;0;4;6;0;0;0
3020;3;4;EV37;3;POS;mexiletine;1;0;0;0;0;0;0;0;0;0;0;0;0;0;0;0;0;0;0;1;0;0;0;0;0;0;0;0;0;1;0;0;10;0;0;0;0;0;0;1;0;0;0;0;0;0;0;0;0;0;0;0;0;0;0;0;0;0;0;0;0;0;0;0;1;0;3;0;5;0;0;5;10;2;0;0;0;0;0;0;0;0;0;0;0;0;0;0;0;0;0;0;0;0;1;0;0;0;0;0;0;9;0;0;0;1;0;0;0;0;0;0;3;2;0;0;0
3192;3;6;EV37;3;POS;mexiletine;0;0;0;0;0;0;0;0;0;0;0;0;0;0;0;0;0;0;0;2;0;0;0;0;0;0;0;0;0;0;0;2;10;0;0;0;0;0;0;1;0;0;0;0;0;0;0;0;0;0;0;0;0;0;2;0;0;0;0;0;0;0;0;0;0;0;0;0;6;3;0;8;11;5;0;0;1;1;2;4;0;0;0;1;1;0;0;0;0;0;0;0;0;0;1;0;1;0;0;0;0;6;0;0;0;0;0;0;0;0;0;0;7;5;0;0;0
3364;3;7;EV37;3;POS;mexiletine;0;0;0;0;0;0;0;0;0;0;0;0;0;0;0;0;0;0;0;1;0;0;0;0;0;0;0;0;0;0;0;0;6;0;0;0;0;0;0;2;0;0;0;0;0;0;0;0;0;0;0;0;0;0;2;0;0;0;0;0;0;0;0;0;0;0;0;0;2;0;0;9;9;3;0;0;1;0;1;0;0;0;0;0;0;0;0;0;0;0;0;0;0;0;1;0;0;0;0;0;0;3;0;0;0;0;0;0;0;0;0;0;2;4;0;0;0
3536;3;8;EV37;3;POS;mexiletine;1;0;0;0;0;0;0;0;0;0;0;0;0;0;0;0;0;0;0;1;0;0;0;0;0;0;0;0;0;1;0;0;11;0;0;0;0;0;0;1;0;0;0;0;0;0;0;0;0;0;0;0;0;0;0;0;0;0;0;0;0;0;0;0;1;0;1;0;5;0;0;3;11;1;0;0;0;0;1;0;0;0;0;0;1;0;0;0;0;0;0;0;0;0;1;0;0;0;0;0;0;5;0;0;0;0;0;0;0;0;0;0;6;0;0;0;0
2510;3;1;EV37;3;POS;milnacipran;0;0;1;0;0;0;0;0;0;0;0;0;0;0;0;0;0;0;0;0;0;0;0;0;0;0;0;0;0;1;0;0;5;0;0;0;0;0;0;2;0;0;0;0;0;0;0;0;0;0;0;0;0;0;0;0;0;0;0;0;0;0;0;0;0;0;0;0;3;1;0;5;5;0;0;0;1;0;0;0;0;0;0;0;0;0;0;0;0;0;0;0;0;0;1;0;0;0;0;0;0;3;0;0;0;0;0;1;0;0;0;0;1;0;0;0;0
2682;3;2;EV37;3;POS;milnacipran;0;0;1;0;0;0;0;0;0;0;0;0;0;0;0;0;0;0;0;0;0;0;0;0;0;0;0;0;0;1;0;0;7;0;0;0;0;0;0;2;0;0;0;0;0;0;0;0;0;0;0;0;0;0;0;0;0;0;0;0;0;0;0;0;0;0;2;0;6;3;0;8;16;7;0;0;2;1;3;4;0;0;0;1;3;0;0;0;0;0;0;0;0;0;1;0;2;0;0;0;0;3;1;0;0;0;0;0;0;0;0;0;7;10;0;0;0
2854;3;3;EV37;3;POS;milnacipran;0;0;1;0;0;0;0;0;0;0;0;0;0;0;0;0;0;0;0;0;0;0;0;0;0;0;0;0;0;1;0;0;7;0;0;0;0;0;0;1;0;0;0;0;0;0;0;0;0;0;0;0;0;0;0;0;0;0;0;0;0;0;0;0;0;0;1;0;2;1;0;7;14;6;0;0;0;0;0;0;0;0;0;0;1;0;0;0;0;0;0;0;0;0;1;0;1;0;0;0;0;2;1;0;0;0;0;0;0;0;0;0;4;3;0;0;0
3026;3;4;EV37;3;POS;milnacipran;0;0;0;0;0;0;0;0;0;0;0;0;0;0;0;0;0;0;0;0;0;0;0;0;0;0;0;0;0;0;0;0;6;0;0;0;0;0;0;1;0;0;0;0;0;0;0;0;0;0;0;0;0;0;0;0;0;0;0;0;0;0;0;0;0;0;0;0;4;0;0;4;6;0;0;0;0;0;3;0;0;0;0;0;0;0;0;0;0;0;0;0;0;0;1;0;0;0;0;0;0;4;0;0;0;0;0;0;0;0;0;0;3;3;0;0;0
3198;3;6;EV37;3;POS;milnacipran;0;0;1;0;0;0;0;0;0;0;0;0;0;0;0;0;0;0;0;0;0;0;0;0;0;0;0;0;0;1;0;1;13;0;0;0;0;0;0;2;0;0;0;0;0;0;0;0;0;0;0;0;0;0;0;0;0;0;0;0;0;0;0;0;0;0;1;0;3;0;0;10;19;4;0;0;0;0;0;2;0;0;0;0;1;0;0;0;0;0;0;0;0;0;4;0;2;0;0;0;0;4;2;2;0;0;0;0;0;0;0;0;5;5;0;0;0
3370;3;7;EV37;3;POS;milnacipran;0;0;0;0;0;0;0;0;0;0;0;0;0;0;0;0;0;0;0;0;0;0;0;0;0;0;0;0;0;0;0;0;10;0;0;0;0;0;0;2;0;0;0;0;0;0;0;0;0;0;0;0;0;0;0;0;0;0;0;0;0;0;0;0;0;0;1;0;6;2;0;11;17;7;0;0;0;0;0;1;0;0;0;0;0;0;0;0;0;0;0;0;0;0;4;0;0;0;0;0;0;6;2;0;0;0;0;0;0;0;0;0;2;6;0;0;0
3542;3;8;EV37;3;POS;milnacipran;0;0;1;0;0;0;0;0;0;0;0;0;0;0;0;0;0;0;0;0;0;0;0;0;0;0;0;0;0;1;0;0;6;0;0;0;0;0;0;1;0;0;0;0;0;0;0;0;0;0;0;0;0;0;0;0;0;0;0;0;0;0;0;0;0;0;1;0;3;0;0;7;6;5;0;0;0;0;0;0;0;0;0;0;0;0;0;0;0;0;0;0;0;0;2;0;0;0;0;0;0;2;0;0;0;0;0;0;0;0;0;0;5;2;0;0;0
2513;3;1;EV37;3;POS;nelarabine;2;0;0;28;2;1;0;0;0;0;0;0;0;0;0;0;0;0;0;0;0;0;0;0;0;0;0;0;2;0;2;4;0;2;2;0;0;0;0;2;0;0;0;0;0;0;0;0;0;0;0;0;0;0;0;0;0;0;0;0;0;0;0;0;2;0;13;0;2;0;0;21;21;6;0;0;1;0;1;2;0;0;0;0;0;0;0;0;0;0;0;0;0;0;1;0;4;0;0;0;0;32;0;0;0;0;0;0;0;0;0;0;3;2;0;0;0
2685;3;2;EV37;3;POS;nelarabine;2;0;0;22;0;1;0;0;0;0;0;0;0;0;0;0;0;0;0;0;0;0;0;0;0;0;0;0;2;0;1;1;0;0;0;0;0;0;0;1;0;0;0;0;0;0;0;0;0;0;0;0;0;0;1;0;0;0;0;0;0;0;0;0;1;0;6;0;16;2;0;16;40;9;0;0;3;0;3;7;0;0;0;2;3;0;0;0;0;0;0;0;0;0;3;0;12;0;0;0;0;2;2;1;0;1;0;0;0;0;0;0;12;18;0;0;0
2857;3;3;EV37;3;POS;nelarabine;3;0;0;31;1;1;0;0;0;0;0;0;0;0;0;0;0;0;0;0;0;0;0;0;0;0;0;0;3;0;1;2;0;2;1;0;0;0;0;1;0;0;0;0;0;0;0;0;0;0;0;0;0;0;1;0;0;0;0;0;0;0;0;0;0;0;9;0;12;4;0;29;58;22;0;0;2;0;1;3;0;0;0;0;2;0;0;0;0;0;0;0;0;0;1;0;6;0;0;0;0;10;1;1;0;1;0;0;0;0;1;0;9;20;0;0;0
3029;3;4;EV37;3;POS;nelarabine;2;0;0;21;1;1;0;0;0;0;0;0;0;0;0;0;0;0;0;0;0;0;0;0;0;0;0;0;1;0;1;1;0;0;0;0;0;0;0;1;0;0;0;0;0;0;0;0;0;0;0;0;0;0;0;0;0;0;0;0;0;0;0;0;1;0;3;0;6;0;0;13;20;1;0;0;0;0;2;1;0;0;0;0;1;0;0;0;0;0;0;0;0;0;4;0;1;0;0;0;0;18;2;0;0;0;0;0;0;0;0;0;5;7;0;0;0
3201;3;6;EV37;3;POS;nelarabine;3;0;0;52;2;2;0;0;0;0;0;0;0;0;0;0;0;0;0;0;0;0;0;0;0;0;0;0;5;0;2;5;0;4;2;1;0;0;0;2;0;0;0;0;0;0;0;0;0;0;0;0;0;0;2;0;0;0;0;0;0;0;0;0;2;0;19;0;22;4;0;47;83;15;0;0;5;2;4;17;1;0;0;1;5;0;0;0;0;0;0;0;0;0;19;0;21;0;0;0;0;41;8;3;0;0;0;6;0;0;0;0;24;25;0;0;0
3373;3;7;EV37;3;POS;nelarabine;0;0;0;30;2;2;0;0;0;0;0;0;0;0;0;0;0;0;0;0;0;0;0;0;0;0;0;0;4;0;2;2;0;4;0;2;0;0;0;2;0;0;0;0;0;0;0;0;0;0;0;0;0;0;2;0;0;0;0;0;0;0;0;0;2;0;16;0;20;5;0;40;65;10;0;0;3;0;5;7;0;0;0;0;1;0;0;0;0;0;0;0;0;0;15;0;4;0;0;0;0;28;5;1;0;0;0;2;0;0;0;0;9;13;0;0;0
3545;3;8;EV37;3;POS;nelarabine;3;0;0;15;2;1;0;0;0;0;0;0;0;0;0;0;0;0;0;0;0;0;0;0;0;0;0;0;2;0;1;1;0;0;0;0;0;0;0;1;0;0;0;0;0;0;0;0;0;0;0;0;0;0;0;0;0;0;0;0;0;0;0;0;0;0;2;0;6;0;0;18;25;7;0;0;0;0;1;2;0;0;0;0;2;0;0;0;0;0;0;0;0;0;3;0;1;0;0;0;0;8;0;0;0;0;0;0;0;0;0;0;8;3;0;0;0
2517;3;1;EV37;3;POS;octreotide;33;9;0;19;12;34;0;0;0;0;0;22;10;1;1;3;0;0;3;4;5;0;0;0;2;12;0;0;18;49;46;3;21;21;0;28;0;0;9;0;5;1;0;0;1;0;2;0;2;1;0;0;1;0;9;0;0;0;0;0;0;15;7;22;0;0;74;2;25;4;0;101;114;21;0;0;4;0;3;7;0;0;0;0;0;0;0;0;0;0;0;0;0;0;5;0;5;0;0;0;0;104;2;0;0;0;0;5;0;0;0;0;16;18;0;0;1
2689;3;2;EV37;3;POS;octreotide;39;9;0;13;20;35;0;0;0;0;1;20;14;0;1;4;0;0;4;8;12;0;2;0;2;14;0;0;13;57;44;3;17;20;0;25;0;0;9;0;7;1;0;0;1;0;2;0;2;0;0;1;0;0;6;0;0;0;0;0;0;16;4;29;0;0;64;2;86;15;0;120;252;64;0;0;16;2;15;35;1;0;0;15;12;0;0;1;0;0;0;0;0;0;15;0;15;0;0;0;0;15;6;3;0;1;0;1;1;0;0;0;108;87;0;0;1
2861;3;3;EV37;3;POS;octreotide;40;13;0;23;21;40;0;0;0;0;1;20;13;2;0;3;0;0;3;8;10;0;2;0;2;12;0;0;26;43;45;5;23;34;0;23;0;0;11;0;9;0;1;0;2;0;3;0;2;0;0;1;0;1;9;0;2;0;0;0;0;18;8;28;0;0;85;5;40;5;0;145;246;69;0;0;6;0;3;13;0;0;1;0;4;0;0;0;0;0;0;0;0;0;5;0;15;0;0;0;0;87;4;1;0;1;0;4;0;0;2;0;44;66;1;0;1
3033;3;4;EV37;3;POS;octreotide;21;11;0;10;9;24;0;0;0;0;0;13;4;1;0;3;0;0;2;4;7;0;1;0;1;6;0;0;9;28;28;3;8;9;0;16;0;0;6;0;14;0;0;0;1;0;2;0;3;0;0;0;0;0;4;0;2;0;0;0;0;9;3;21;0;0;26;1;32;0;0;35;110;4;0;0;2;0;5;7;0;0;0;1;0;0;0;0;0;0;0;0;0;0;9;0;1;0;0;0;0;47;2;0;0;0;0;1;1;0;0;0;29;15;1;0;1
3205;3;6;EV37;3;POS;octreotide;40;13;0;30;24;55;0;0;0;0;0;20;13;0;2;5;0;0;3;4;6;0;3;0;3;17;0;0;26;52;61;8;45;43;0;29;0;0;10;0;14;1;0;0;2;0;6;0;5;0;0;1;0;2;10;0;1;0;0;0;0;22;7;18;0;0;124;3;48;5;0;100;236;31;0;0;10;2;7;25;1;0;0;1;6;0;0;1;0;0;0;0;0;0;25;0;24;0;0;0;0;135;6;3;0;0;0;2;0;0;0;0;36;45;0;0;2
3377;3;7;EV37;3;POS;octreotide;39;12;0;16;18;28;0;0;0;0;0;21;9;0;4;5;0;0;6;6;2;0;1;0;1;13;0;0;15;36;34;6;34;38;0;15;0;0;4;0;12;0;0;0;2;0;6;0;2;1;0;1;0;0;8;0;1;0;0;0;0;18;6;13;0;0;105;0;38;4;0;126;194;28;0;0;4;0;5;13;1;0;0;2;2;0;0;0;0;0;0;0;0;0;26;0;9;0;0;0;0;80;6;1;0;0;0;3;0;0;0;0;28;25;0;0;2
3549;3;8;EV37;3;POS;octreotide;25;6;0;9;9;17;0;0;0;0;0;9;3;0;2;1;0;0;3;2;5;0;2;0;0;9;0;0;14;27;29;1;10;18;0;16;0;0;4;0;4;2;0;0;1;0;2;0;2;0;0;1;0;0;2;0;0;0;0;0;0;14;2;14;0;0;42;2;24;0;0;66;112;28;0;0;0;0;7;8;0;0;0;0;3;0;0;0;0;0;0;0;0;0;5;0;0;0;0;0;0;47;0;0;0;1;0;0;0;0;0;0;22;15;1;0;1
2518;3;1;EV37;3;POS;orlistat;13;0;2;23;0;0;0;0;0;0;0;0;0;0;0;0;0;0;0;0;0;0;0;0;0;0;0;0;0;1;0;0;16;0;0;0;0;0;0;0;0;0;0;0;0;0;0;0;0;0;0;0;0;1;0;0;0;0;0;0;0;0;0;0;1;0;4;0;7;0;0;17;23;3;0;0;2;0;2;3;0;0;0;0;1;0;0;0;0;0;0;0;0;0;1;0;1;0;0;0;0;32;1;0;0;0;0;2;0;0;0;0;2;5;0;0;0
2690;3;2;EV37;3;POS;orlistat;1;0;0;29;0;0;0;0;0;0;0;0;0;0;0;0;0;0;0;0;0;0;0;0;0;0;0;0;0;1;1;1;17;0;0;0;0;0;0;0;0;0;0;0;0;0;0;0;0;0;0;0;0;0;1;0;0;0;0;0;0;0;0;0;0;0;4;0;22;7;0;19;53;9;0;0;1;0;5;8;0;0;0;4;3;0;0;0;0;0;0;0;0;0;2;0;11;0;0;0;0;1;0;0;0;0;0;1;0;0;0;0;23;20;0;0;0
2862;3;3;EV37;3;POS;orlistat;5;0;0;30;0;0;0;0;0;0;0;0;0;0;0;0;0;0;0;0;0;0;0;0;0;0;0;0;0;0;0;1;12;0;0;0;0;0;0;1;0;0;0;0;0;0;0;0;0;0;0;0;0;0;1;0;0;0;0;0;0;0;0;0;0;0;2;0;7;2;0;26;40;18;0;0;0;0;2;5;1;0;0;0;0;0;0;0;0;0;0;0;0;0;1;0;7;0;0;0;0;16;1;1;0;0;0;0;0;0;0;0;13;15;0;0;0
3034;3;4;EV37;3;POS;orlistat;0;0;0;24;0;0;0;0;0;0;0;0;0;0;0;0;0;0;0;0;0;0;0;0;0;0;0;0;0;0;0;1;5;0;0;0;0;0;0;0;0;0;0;0;0;0;0;0;0;0;0;0;0;1;0;0;0;0;0;0;0;0;0;0;0;0;1;0;11;0;0;8;24;0;0;0;2;0;1;5;0;0;0;0;1;0;0;0;0;0;0;0;0;0;3;0;0;0;0;0;0;22;2;0;0;0;0;0;0;0;0;0;7;4;0;0;0
3206;3;6;EV37;3;POS;orlistat;7;0;0;42;0;0;0;0;0;0;0;0;0;0;0;0;0;0;0;0;0;0;0;0;0;0;0;0;0;0;0;1;12;0;0;0;0;0;0;1;0;0;0;0;0;0;0;0;0;0;0;0;0;0;2;0;0;0;0;0;0;0;0;0;0;0;4;0;6;0;0;18;43;3;0;0;2;0;1;3;0;0;0;0;2;0;0;0;0;0;0;0;0;0;4;0;13;0;0;0;0;14;1;2;0;0;0;0;0;0;0;0;8;4;0;0;0
3378;3;7;EV37;3;POS;orlistat;2;0;0;23;0;0;0;0;0;0;0;0;0;0;0;0;0;0;0;0;0;0;0;0;0;0;0;0;0;0;0;0;15;0;0;0;0;0;0;2;0;0;0;0;0;0;0;0;0;0;0;0;0;0;2;0;0;0;0;0;0;0;0;0;0;0;3;0;5;0;0;19;33;7;0;0;0;0;3;3;1;0;0;1;0;0;0;0;0;0;0;0;0;0;4;0;0;0;0;0;0;10;1;0;0;0;0;1;0;0;0;0;8;5;0;0;0
3550;3;8;EV37;3;POS;orlistat;5;0;0;14;0;0;0;0;0;0;0;0;0;0;0;0;0;0;0;0;0;0;0;0;0;0;0;0;0;0;0;1;11;0;0;0;0;0;0;1;0;0;0;0;0;0;0;0;0;0;0;0;0;0;0;0;0;0;0;0;0;0;0;0;0;0;3;0;6;0;0;13;20;9;0;0;0;0;0;2;0;0;0;0;1;0;0;0;0;0;0;0;0;0;2;0;1;0;0;0;0;5;0;0;0;0;0;0;0;0;0;0;7;7;0;0;0
2523;3;1;EV37;3;POS;penicillamine;1;0;0;0;0;0;0;0;0;0;0;0;0;0;0;0;0;0;0;1;0;0;0;0;0;0;0;0;0;0;0;0;0;0;0;0;0;0;0;0;0;0;0;0;0;0;0;0;0;0;0;0;0;0;0;0;0;0;0;0;0;0;0;0;0;0;1;0;0;1;0;1;2;0;0;0;1;0;0;0;0;0;0;0;0;0;0;0;0;0;0;0;0;0;0;0;0;0;0;0;0;2;0;0;0;0;0;0;0;0;0;0;0;0;0;0;0
2695;3;2;EV37;3;POS;penicillamine;1;0;0;0;0;0;0;0;0;0;0;0;0;0;0;0;0;0;0;0;0;0;0;0;0;0;0;0;0;0;0;0;0;0;0;0;0;0;0;0;0;0;0;0;0;0;0;0;0;0;0;0;0;0;0;0;0;0;0;0;0;0;0;0;0;0;0;0;0;0;0;0;2;1;0;0;0;0;0;0;0;0;0;0;0;0;0;0;0;0;0;0;0;0;0;0;0;0;0;0;0;0;0;0;0;0;0;0;0;0;0;0;0;1;0;0;0
2867;3;3;EV37;3;POS;penicillamine;2;0;0;0;0;0;0;0;0;0;0;0;0;0;0;0;0;0;0;0;0;0;0;0;0;0;0;0;0;0;0;0;1;0;0;0;0;0;0;0;0;0;0;0;0;0;0;0;0;0;0;0;0;0;0;0;0;0;0;0;0;0;0;0;0;0;0;0;0;0;0;0;3;1;0;0;0;0;0;0;0;0;0;0;0;0;0;0;0;0;0;0;0;0;0;0;0;0;0;0;0;2;0;0;0;0;0;0;0;0;0;0;1;0;0;0;0
3039;3;4;EV37;3;POS;penicillamine;0;0;0;0;0;0;0;0;0;0;0;0;0;0;0;0;0;0;0;0;0;0;0;0;0;0;0;0;0;0;0;0;0;0;0;0;0;0;0;0;0;0;0;0;0;0;0;0;0;0;0;0;0;0;0;0;0;0;0;0;0;0;0;0;0;0;0;0;0;0;0;0;0;0;0;0;0;0;0;0;0;0;0;0;0;0;0;0;0;0;0;0;0;0;0;0;0;0;0;0;0;0;0;0;0;0;0;0;0;0;0;0;0;0;0;0;0
3211;3;6;EV37;3;POS;penicillamine;2;0;0;0;0;0;0;0;0;0;0;0;0;0;0;0;0;0;0;0;0;0;0;0;0;0;0;0;0;0;0;0;0;0;0;0;0;0;0;0;0;0;0;0;0;0;0;0;0;0;0;0;0;0;0;0;0;0;0;0;0;0;0;0;0;0;0;0;0;0;0;1;4;1;0;0;0;0;0;0;0;0;0;0;0;0;0;0;0;0;0;0;0;0;0;0;0;0;0;0;0;2;0;0;0;0;0;0;0;0;0;0;1;0;0;0;0
3383;3;7;EV37;3;POS;penicillamine;1;0;0;0;0;0;0;0;0;0;0;0;0;0;0;0;0;0;0;1;0;0;0;0;0;0;0;0;0;0;0;0;0;0;0;0;0;0;0;0;0;0;0;0;0;0;0;0;0;0;0;0;0;0;0;0;0;0;0;0;0;0;0;0;0;0;0;0;0;0;0;1;2;2;0;0;0;0;0;0;0;0;0;0;0;0;0;0;0;0;0;0;0;0;0;0;0;0;0;0;0;2;0;0;0;0;0;0;0;0;0;0;1;0;0;0;0
3555;3;8;EV37;3;POS;penicillamine;2;0;0;0;0;0;0;0;0;0;0;0;0;0;0;0;0;0;0;0;0;0;0;0;0;0;0;0;0;0;0;0;0;0;0;0;0;0;0;0;0;0;0;0;0;0;0;0;0;0;0;0;0;0;0;0;0;0;0;0;0;0;0;0;0;0;0;0;0;0;0;0;2;0;0;0;0;0;0;0;0;0;0;0;0;0;0;0;0;0;0;0;0;0;0;0;0;0;0;0;0;0;0;0;0;0;0;0;0;0;0;0;0;0;0;0;0
2529;3;1;EV37;3;POS;pregabalin;0;0;0;142;0;0;0;0;0;0;0;0;0;0;0;0;0;0;0;0;0;0;0;0;0;0;0;0;0;0;1;7;21;2;0;0;0;0;0;2;0;0;0;0;0;0;0;0;0;0;0;0;0;0;0;0;0;0;0;0;0;0;0;0;1;0;5;0;16;3;0;57;71;23;0;0;2;0;2;6;0;0;0;0;0;0;0;0;0;0;0;0;0;0;1;0;3;0;0;0;0;96;0;0;0;0;0;1;0;0;0;0;11;12;0;0;0
2701;3;2;EV37;3;POS;pregabalin;0;0;0;155;0;0;0;0;0;0;0;0;0;0;0;0;0;0;0;0;0;0;0;0;0;3;0;0;0;0;1;3;33;0;0;0;0;0;0;2;0;0;0;0;0;0;0;0;0;0;0;0;0;0;1;0;0;0;0;0;0;0;0;0;1;0;6;0;78;17;0;102;196;73;0;0;15;4;19;41;2;0;0;18;15;0;0;0;0;0;0;0;0;0;15;0;25;0;0;0;0;15;9;0;0;2;0;3;0;0;0;0;102;92;0;0;0
2873;3;3;EV37;3;POS;pregabalin;0;0;0;169;0;1;0;0;0;0;0;0;0;0;0;0;0;0;0;0;0;0;0;0;0;3;0;0;0;0;1;5;41;1;0;0;0;0;0;1;0;0;0;0;0;0;0;0;0;0;0;0;0;1;1;0;0;0;0;0;0;0;0;0;1;0;4;0;27;3;0;122;188;59;0;0;4;0;4;9;0;0;0;0;2;0;0;0;0;0;0;0;0;0;2;0;8;0;0;0;0;68;2;2;0;1;0;3;0;0;1;0;39;47;0;0;0
3045;3;4;EV37;3;POS;pregabalin;0;0;0;109;0;1;0;0;0;0;0;0;0;0;0;0;0;0;0;0;0;0;0;0;0;1;0;0;0;0;1;4;16;1;0;0;0;0;0;1;0;0;0;0;0;0;0;0;0;0;0;0;0;1;0;0;0;0;0;0;0;0;0;0;0;0;4;0;29;0;0;43;92;2;0;0;3;0;5;6;0;0;0;0;0;0;0;0;0;0;0;0;0;0;9;0;0;0;0;0;0;67;2;0;0;1;0;2;0;0;0;0;25;15;0;0;0
3217;3;6;EV37;3;POS;pregabalin;0;0;0;223;0;0;0;0;0;0;0;0;0;0;0;0;0;0;0;0;0;0;0;0;0;3;0;0;0;0;0;10;55;0;0;0;0;0;0;2;0;0;0;0;0;0;0;0;0;0;0;0;0;2;2;0;0;0;0;0;0;0;0;0;0;0;6;0;37;5;0;79;178;29;0;0;7;3;4;20;2;0;0;2;4;0;0;0;0;0;0;0;0;0;16;0;23;0;0;0;0;105;5;2;0;0;0;2;0;0;0;0;44;36;0;0;0
3389;3;7;EV37;3;POS;pregabalin;0;0;0;159;0;0;0;0;0;0;0;0;0;0;0;0;0;0;0;0;0;0;0;0;0;2;0;0;0;0;0;6;33;0;0;0;0;0;0;2;0;0;0;0;0;0;0;0;0;0;0;0;0;1;2;0;0;0;0;0;0;0;0;0;0;0;4;0;25;5;0;83;133;27;0;0;3;0;5;9;1;0;0;1;2;0;0;0;0;0;0;0;0;0;18;0;7;0;0;0;0;66;3;0;0;0;0;2;0;0;0;0;20;17;0;0;0
3561;3;8;EV37;3;POS;pregabalin;0;0;0;97;0;1;0;0;0;0;0;0;0;0;0;0;0;0;0;0;0;0;0;0;0;3;0;0;0;0;0;2;23;0;0;0;0;0;0;1;0;0;0;0;0;0;0;0;0;0;0;0;0;1;0;0;0;0;0;0;0;0;0;0;2;0;6;0;20;0;0;62;99;24;0;0;0;0;6;6;0;0;0;0;2;0;0;0;0;0;0;0;0;0;4;0;1;0;0;0;0;36;0;0;0;1;0;1;0;0;0;0;28;18;0;0;0
2530;3;1;EV37;3;POS;propafenone;6;0;3;27;12;11;2;0;0;0;0;2;0;0;5;2;0;0;1;4;3;1;0;0;3;2;0;0;16;11;19;1;9;0;0;12;0;0;6;1;3;2;0;0;1;0;0;0;0;0;0;0;0;0;0;0;0;0;0;0;3;5;0;11;0;0;18;0;10;2;0;42;53;11;0;0;2;0;3;2;0;0;0;0;0;0;0;0;0;0;0;0;0;0;4;0;4;0;0;0;0;57;1;0;0;0;0;3;0;0;0;0;7;8;0;0;0
2702;3;2;EV37;3;POS;propafenone;17;5;3;40;26;18;3;0;0;0;0;14;2;0;3;0;0;0;2;5;3;1;2;0;1;5;0;0;19;10;28;2;10;3;0;19;0;0;11;1;4;3;0;0;1;0;0;1;0;0;0;0;0;0;0;0;0;0;0;0;3;16;0;4;3;0;42;0;64;11;0;92;182;72;0;0;15;3;15;44;2;0;0;15;13;0;0;0;0;0;0;0;0;0;16;0;27;0;0;0;0;15;9;2;0;2;0;3;0;0;0;0;88;63;0;0;0
2874;3;3;EV37;3;POS;propafenone;12;3;2;32;17;15;2;0;0;0;0;4;1;0;4;1;0;0;1;2;4;1;1;0;2;3;0;0;12;9;25;2;8;2;0;15;0;0;7;1;1;3;0;0;1;0;0;0;0;0;0;0;0;0;1;0;0;0;0;0;2;6;1;10;0;0;15;0;20;1;0;56;112;35;0;0;2;0;2;9;0;0;0;0;2;0;0;0;0;0;0;0;0;0;2;0;7;0;0;0;0;35;2;1;0;1;0;3;0;0;1;0;24;31;0;0;0
3046;3;4;EV37;3;POS;propafenone;11;3;1;25;15;11;2;0;0;0;0;4;2;0;5;1;0;0;2;0;1;1;2;0;2;3;0;0;11;9;20;1;8;2;0;10;0;0;5;1;3;3;0;0;1;0;0;0;0;0;0;0;0;0;1;0;0;0;0;0;2;4;0;7;1;0;19;0;25;0;0;30;72;2;0;0;2;0;3;8;0;0;0;0;1;0;0;0;0;0;0;0;0;0;9;0;1;0;0;0;0;55;3;0;0;1;0;1;0;0;0;0;21;12;0;0;0
3218;3;6;EV37;3;POS;propafenone;6;2;3;47;19;15;3;0;0;0;0;3;1;0;2;3;0;0;0;1;5;2;0;0;4;1;0;0;10;8;29;3;7;1;0;18;0;0;7;2;2;4;0;0;2;0;0;0;1;0;0;0;0;0;0;0;2;0;0;0;4;3;0;17;0;0;20;0;27;0;0;51;99;11;0;0;3;1;1;12;1;0;0;0;3;0;0;0;0;0;0;0;0;0;17;0;25;0;0;0;0;41;4;3;0;0;0;6;0;0;0;0;26;24;0;0;0
3390;3;7;EV37;3;POS;propafenone;3;2;1;26;15;17;1;0;0;0;0;0;2;0;4;3;0;0;0;1;3;2;0;0;3;1;0;0;9;8;26;2;5;0;0;21;0;0;11;2;0;4;0;0;2;0;0;0;0;0;0;0;0;0;0;0;2;0;0;0;4;3;0;14;0;0;20;0;23;4;0;63;81;14;0;0;1;0;4;9;1;0;0;1;1;0;0;0;0;0;0;0;0;0;16;0;5;0;0;0;0;36;4;1;0;0;0;2;0;0;0;0;9;10;0;0;0
3562;3;8;EV37;3;POS;propafenone;4;0;2;18;11;8;1;0;0;0;0;2;1;0;2;0;0;0;1;1;3;1;1;0;1;1;0;0;9;3;14;1;6;1;0;8;0;0;3;1;3;2;0;0;1;0;0;0;1;0;0;0;0;0;0;0;0;0;0;0;2;5;0;5;0;0;16;0;13;0;0;31;50;17;0;0;0;0;2;6;0;0;0;0;0;0;0;0;0;0;0;0;0;0;5;0;0;0;0;0;0;29;0;0;0;0;0;0;0;0;0;0;14;6;0;0;0
2531;3;1;EV37;3;POS;propoxyphene;2;0;0;0;12;12;0;0;0;0;0;2;0;0;0;2;0;0;0;0;0;0;0;0;0;0;0;0;11;2;4;1;1;0;0;15;0;0;8;0;3;0;0;0;1;0;0;1;0;1;0;0;0;1;0;0;0;0;0;0;5;0;0;6;0;0;8;0;4;2;0;23;25;5;0;0;0;0;1;2;0;0;0;0;0;0;0;0;0;0;0;0;0;0;1;0;2;0;0;0;0;25;0;0;0;0;0;2;0;0;0;0;4;3;0;0;0
2703;3;2;EV37;3;POS;propoxyphene;4;1;0;0;14;9;0;0;0;0;0;1;0;0;0;0;0;0;0;0;1;0;0;0;0;1;0;0;10;3;4;1;1;0;0;13;0;0;6;0;4;0;0;0;0;0;0;1;0;1;0;0;0;0;0;0;0;0;0;0;5;1;0;2;0;0;8;0;26;5;0;39;61;26;0;0;3;0;9;13;3;0;0;4;5;0;0;0;0;0;0;0;0;0;5;0;8;0;0;0;0;2;2;2;0;0;0;1;0;0;0;0;26;23;0;0;0
2875;3;3;EV37;3;POS;propoxyphene;3;0;0;0;13;13;0;0;0;0;0;1;0;0;0;2;0;0;0;1;0;0;0;0;0;1;0;0;11;5;6;3;0;0;0;15;0;0;6;0;5;0;0;0;1;0;0;1;0;1;0;0;0;2;0;0;0;0;0;0;3;0;0;2;0;0;6;0;8;2;0;35;58;20;0;0;0;0;1;5;0;0;0;0;3;0;0;0;0;0;0;0;0;0;2;0;6;0;0;0;0;19;1;1;0;0;0;4;0;0;0;0;15;20;0;0;0
3047;3;4;EV37;3;POS;propoxyphene;3;0;0;0;8;2;0;0;0;0;0;2;1;0;0;0;0;0;0;0;0;0;0;0;0;0;0;0;3;0;2;0;0;0;0;4;0;0;2;0;5;0;0;0;0;0;0;1;0;1;0;0;0;0;0;0;0;0;0;0;1;0;0;1;0;0;5;0;8;0;0;9;23;0;0;0;0;0;1;3;0;0;0;0;0;0;0;0;0;0;0;0;0;0;3;0;1;0;0;0;0;13;1;0;0;0;0;0;0;0;0;0;7;5;0;0;0
3219;3;6;EV37;3;POS;propoxyphene;5;2;0;0;17;13;0;0;0;0;0;2;0;0;0;1;0;0;0;0;0;0;0;0;0;1;0;0;10;2;7;1;0;0;0;14;0;0;8;0;8;1;0;0;1;0;0;1;0;1;0;0;0;1;0;0;0;0;0;0;4;0;0;4;0;0;13;0;8;0;0;28;54;4;0;0;1;0;1;3;0;0;0;0;2;0;0;0;0;0;0;0;0;0;5;0;8;0;0;0;0;25;2;2;0;0;0;2;0;0;0;0;8;7;0;0;0
3391;3;7;EV37;3;POS;propoxyphene;4;1;0;0;10;7;0;0;0;0;0;2;2;0;0;0;0;0;0;0;0;0;0;0;0;0;0;0;11;5;5;0;0;0;0;9;0;0;5;0;1;0;0;0;0;0;0;1;0;1;0;0;0;0;0;0;0;0;0;0;3;0;0;2;0;0;12;0;6;0;0;30;34;4;0;0;0;0;1;4;0;0;0;0;0;0;0;0;0;0;0;0;0;0;4;0;1;0;0;0;0;13;0;1;0;0;0;0;0;0;0;0;3;4;0;0;0
3563;3;8;EV37;3;POS;propoxyphene;2;0;0;0;9;11;0;0;0;0;0;1;0;0;0;0;0;0;0;0;0;0;0;0;0;0;0;0;14;2;6;2;0;0;0;9;0;0;4;0;2;0;0;0;1;0;0;1;0;1;0;0;0;1;0;0;0;0;0;0;1;0;0;2;0;0;11;0;10;0;0;21;31;13;0;0;0;0;3;5;0;0;0;0;1;0;0;0;0;0;0;0;0;0;3;0;0;0;0;0;0;17;0;0;0;1;0;1;0;0;0;0;10;9;0;0;0
2542;3;1;EV37;3;POS;ropinirole;1;0;0;88;0;2;0;0;0;0;0;0;0;0;0;0;0;0;0;0;0;0;0;0;0;0;0;0;0;7;2;3;6;0;0;0;0;0;0;2;2;0;0;0;0;0;0;0;0;0;0;0;0;0;0;0;0;0;0;0;0;0;0;1;0;0;4;0;8;0;0;34;38;9;0;0;1;0;0;4;0;0;0;0;0;0;0;0;0;0;0;0;0;0;1;0;1;0;0;0;0;64;0;0;0;0;0;0;0;0;0;0;6;3;0;0;0
2714;3;2;EV37;3;POS;ropinirole;0;0;0;112;0;3;0;0;0;0;0;0;0;0;0;0;0;0;0;0;1;0;0;0;0;0;0;0;4;3;3;2;12;0;0;1;0;0;1;1;1;0;0;0;1;0;0;0;0;0;0;0;0;0;1;0;0;0;0;0;0;0;0;0;0;0;8;0;50;13;0;65;133;41;0;0;8;4;10;23;2;0;0;12;11;0;0;0;0;0;0;0;0;0;6;0;24;0;0;0;0;11;5;0;0;1;0;1;0;0;0;0;74;62;0;0;0
2886;3;3;EV37;3;POS;ropinirole;1;0;0;107;0;1;0;0;0;0;2;0;0;0;0;0;0;0;0;0;0;0;0;0;0;0;0;0;3;2;2;4;8;0;0;0;0;0;0;2;2;0;0;0;0;0;0;0;0;0;0;0;0;1;1;0;0;0;0;0;0;0;0;5;0;0;7;0;18;6;0;74;116;40;0;0;2;0;2;5;0;0;0;0;2;0;0;0;0;0;0;0;0;0;2;0;10;0;0;0;0;36;2;1;0;0;0;0;0;0;0;0;25;35;0;0;0
3058;3;4;EV37;3;POS;ropinirole;0;0;0;74;0;1;0;0;0;0;0;0;0;0;0;0;0;0;0;0;0;0;0;0;0;0;0;0;1;1;1;1;7;0;0;0;0;0;0;1;2;0;0;0;0;0;0;0;0;0;0;0;0;0;0;0;0;0;0;0;0;0;0;4;0;0;5;0;25;0;0;27;63;1;0;0;3;0;2;8;0;0;0;0;0;0;0;0;0;0;0;0;0;0;6;0;0;0;0;0;0;59;1;0;0;0;0;0;0;0;0;0;18;10;0;0;0
3230;3;6;EV37;3;POS;ropinirole;0;0;0;158;0;2;0;0;0;0;0;0;0;0;0;0;0;0;0;0;0;0;0;0;0;0;0;0;8;3;3;4;19;0;0;0;0;0;0;2;1;0;0;0;0;0;0;0;0;0;0;0;0;0;2;0;0;0;0;0;0;0;0;5;0;0;11;0;23;0;0;60;129;19;0;0;3;2;2;16;2;0;0;0;5;0;0;0;0;0;0;0;0;0;11;0;20;0;0;0;0;70;5;2;0;0;0;2;0;0;0;0;34;27;0;0;0
3402;3;7;EV37;3;POS;ropinirole;0;0;0;92;0;2;0;0;0;0;0;0;0;0;0;0;0;0;0;0;0;0;0;0;0;0;0;0;2;0;2;2;13;0;0;0;0;0;0;2;2;0;0;0;0;0;0;0;0;0;0;0;0;0;1;0;0;0;0;0;0;0;0;0;0;0;4;0;16;5;0;47;76;10;0;0;1;0;3;5;0;0;0;0;1;0;0;0;0;0;0;0;0;0;11;0;4;0;0;0;0;31;3;0;0;0;0;1;0;0;0;0;10;10;0;0;0
3574;3;8;EV37;3;POS;ropinirole;2;0;1;53;0;1;0;0;0;0;2;0;0;0;0;0;0;0;0;0;1;0;0;0;0;0;0;0;1;4;2;2;11;0;0;0;0;0;0;2;1;0;0;0;0;0;0;0;0;0;0;0;0;1;0;0;0;1;0;0;0;0;0;3;3;0;2;0;13;0;0;40;67;15;0;0;0;0;3;5;0;0;0;0;1;0;0;0;0;0;0;0;0;0;2;0;1;0;0;0;0;19;0;0;0;1;0;0;0;0;0;0;23;11;0;0;0
2551;3;1;EV37;3;POS;succimer;0;0;0;0;0;0;0;0;0;0;0;0;0;0;0;0;0;0;0;0;0;0;0;0;0;0;0;0;0;0;0;0;9;0;0;0;0;0;0;1;0;0;0;0;0;0;0;0;0;0;0;0;0;0;0;0;0;0;0;0;0;0;0;0;0;0;0;0;1;0;0;5;10;0;0;0;1;0;1;0;0;0;0;0;0;0;0;0;0;0;0;0;0;0;0;0;0;0;0;0;0;3;0;0;0;0;0;1;0;0;0;0;0;0;0;0;0
2723;3;2;EV37;3;POS;succimer;0;0;0;0;0;0;0;0;0;0;0;0;0;0;0;0;0;0;0;0;0;0;0;0;0;0;0;0;0;0;0;0;5;0;0;0;0;0;0;1;0;0;0;0;0;0;0;0;0;0;0;0;0;0;0;0;0;0;0;0;0;0;0;0;0;0;0;0;2;1;0;5;6;1;0;0;0;0;1;1;0;0;0;0;0;0;0;0;0;0;0;0;0;0;0;0;0;0;0;0;0;1;0;0;0;0;0;0;0;0;0;0;2;0;0;0;0
2895;3;3;EV37;3;POS;succimer;0;0;0;0;0;0;0;0;0;0;0;0;0;0;0;0;0;0;0;0;0;0;0;0;0;0;0;0;0;0;0;0;5;0;0;0;0;0;0;1;0;0;0;0;0;0;0;0;0;0;0;0;0;0;0;0;0;0;0;0;0;0;0;0;0;0;0;0;0;0;0;4;7;5;0;0;0;0;1;0;0;0;0;0;0;0;0;0;0;0;0;0;0;0;0;0;0;0;0;0;0;4;0;0;0;0;0;0;0;0;0;0;2;0;0;0;0
3067;3;4;EV37;3;POS;succimer;0;0;0;0;0;0;0;0;0;0;0;0;0;0;0;0;0;0;0;0;0;0;0;0;0;0;0;0;0;0;0;0;1;0;0;0;0;0;0;1;0;0;0;0;0;0;0;0;0;0;0;0;0;0;0;0;0;0;0;0;0;0;0;0;0;0;0;0;1;0;0;2;3;0;0;0;0;0;1;0;0;0;0;0;0;0;0;0;0;0;0;0;0;0;0;0;0;0;0;0;0;1;0;0;0;0;0;0;0;0;0;0;2;1;0;0;0
3239;3;6;EV37;3;POS;succimer;0;0;0;0;0;0;0;0;0;0;0;0;0;0;0;0;0;0;0;0;0;0;0;0;0;0;0;0;0;0;0;1;11;0;0;0;0;0;0;3;0;0;0;0;0;0;0;0;0;0;0;0;0;0;0;0;0;0;0;0;0;0;0;0;0;0;0;0;3;0;0;7;16;2;0;0;1;0;0;0;0;0;0;0;0;0;0;0;0;0;0;0;0;0;7;0;0;0;0;0;0;10;1;0;0;0;0;0;0;0;0;0;4;3;0;0;0
3411;3;7;EV37;3;POS;succimer;0;0;0;0;0;0;0;0;0;0;0;0;0;0;0;0;0;0;0;0;0;0;0;0;0;0;0;0;0;0;0;0;19;0;0;0;0;0;0;2;0;0;0;0;0;0;0;0;0;0;0;0;0;0;0;0;0;0;0;0;0;0;0;0;0;0;0;0;7;0;0;11;25;2;0;0;0;0;1;1;0;0;0;0;1;0;0;0;0;0;0;0;0;0;7;0;1;0;0;0;0;13;1;0;0;0;0;5;0;0;0;0;9;9;0;0;0
3583;3;8;EV37;3;POS;succimer;0;0;0;0;0;0;0;0;0;0;0;0;0;0;0;0;0;0;0;0;0;0;0;0;0;0;0;0;0;0;0;0;4;0;0;0;0;0;0;0;0;0;0;0;0;0;0;0;0;0;0;0;0;0;0;0;0;0;0;0;0;0;0;0;0;0;0;0;1;0;0;3;6;3;0;0;0;0;0;1;0;0;0;0;0;0;0;0;0;0;0;0;0;0;1;0;0;0;0;0;0;0;0;0;0;0;0;0;0;0;0;0;1;2;0;0;0
2557;3;1;EV37;3;POS;terbutaline;27;6;1;0;9;16;0;1;0;0;0;7;2;1;0;3;0;0;1;2;6;0;1;0;1;0;0;0;10;26;23;1;7;1;0;12;1;0;3;1;1;2;0;0;0;0;1;1;0;0;0;0;0;0;0;0;1;0;0;0;0;9;1;32;0;0;17;0;14;1;0;38;56;11;0;0;0;0;3;6;0;0;0;0;0;0;0;0;0;0;0;0;0;0;0;0;3;0;0;0;0;49;0;0;0;0;0;1;0;0;0;0;5;7;0;0;0
2729;3;2;EV37;3;POS;terbutaline;22;9;1;1;5;15;0;0;0;0;0;8;5;0;1;3;0;0;2;5;3;0;1;0;0;0;0;0;8;20;28;0;5;1;1;19;0;0;7;1;9;2;0;0;0;0;0;0;0;0;0;0;0;0;2;0;2;0;0;0;0;9;1;27;0;0;20;1;64;11;0;81;150;52;0;0;9;1;10;33;4;0;0;12;11;0;0;0;0;0;0;0;0;0;14;0;14;0;0;0;0;9;6;1;0;2;0;3;0;0;0;0;73;60;0;0;0
2901;3;3;EV37;3;POS;terbutaline;23;6;0;0;6;12;0;0;0;0;0;7;4;0;1;3;0;0;2;1;4;0;1;0;1;1;0;0;10;26;28;0;7;1;1;16;0;0;7;0;7;0;0;0;0;0;0;0;0;0;0;0;0;1;1;0;2;0;0;0;0;7;1;23;0;0;18;1;25;5;0;83;109;43;0;0;4;0;2;10;0;0;0;0;3;0;0;0;0;0;0;0;0;0;3;0;5;0;0;0;0;36;1;0;0;1;0;4;0;0;1;0;24;40;0;0;0
3073;3;4;EV37;3;POS;terbutaline;18;8;0;2;7;15;0;0;0;0;0;8;3;1;1;3;0;0;1;1;6;0;1;0;2;1;0;0;4;18;31;0;3;0;0;19;0;0;8;0;13;2;0;0;0;0;0;0;0;0;0;0;0;0;0;0;2;0;0;0;0;7;0;20;0;0;16;2;28;0;0;33;78;6;0;0;3;0;5;9;0;0;0;1;0;0;0;0;0;0;0;0;0;0;9;0;1;0;0;0;0;41;2;0;0;1;0;2;0;0;0;0;30;15;0;0;0
3245;3;6;EV37;3;POS;terbutaline;27;7;0;4;9;13;0;0;0;0;0;12;3;2;0;2;0;0;2;2;4;0;2;0;2;0;0;0;10;26;20;0;6;1;0;24;0;0;9;0;7;0;0;0;0;0;0;0;1;0;0;0;0;0;2;0;3;0;0;0;0;10;0;25;0;0;24;1;22;3;0;38;91;15;0;0;3;1;6;11;0;0;0;1;5;0;0;0;0;0;0;0;0;0;5;0;16;0;0;0;0;27;2;3;0;0;0;1;0;0;0;0;18;13;0;0;0
3417;3;7;EV37;3;POS;terbutaline;17;0;0;0;2;14;0;0;0;0;0;8;2;0;0;1;0;0;1;0;5;0;2;0;1;0;0;0;8;20;13;2;6;1;0;12;2;0;2;2;9;2;0;0;0;0;0;2;0;0;0;0;0;0;2;0;0;0;0;0;0;11;0;21;0;0;18;0;13;0;0;49;57;10;0;0;1;0;3;4;0;0;0;0;1;0;0;0;0;0;0;0;0;0;5;0;4;0;0;0;0;9;0;1;0;0;0;0;0;0;0;0;7;11;0;0;0
3589;3;8;EV37;3;POS;terbutaline;25;3;1;0;4;7;0;0;0;0;2;5;2;0;1;3;0;0;1;1;1;0;1;0;1;1;0;0;9;13;15;1;6;1;0;6;0;1;3;0;5;0;0;0;0;0;0;0;0;0;0;0;0;2;0;0;0;1;0;0;0;6;0;22;0;0;16;2;22;0;0;37;58;22;0;0;0;0;4;4;0;0;0;0;2;0;0;0;0;0;0;0;0;0;4;0;0;0;0;0;0;31;0;0;0;1;0;1;0;0;0;0;13;14;0;0;0
2568;3;1;EV37;3;POS;triptorelin pamoate;0;0;0;0;0;0;0;0;0;0;0;0;0;0;0;0;0;0;0;0;0;0;0;0;0;0;0;0;0;7;0;0;6;0;0;0;0;0;0;0;0;0;0;0;0;0;0;0;0;0;0;0;0;0;0;0;0;0;0;0;0;0;0;1;0;0;0;0;1;0;0;6;3;1;0;0;1;0;0;0;0;0;0;0;0;0;0;0;0;0;0;0;0;0;0;0;0;0;0;0;0;8;0;0;0;0;0;1;0;0;0;0;0;0;0;0;0
2740;3;2;EV37;3;POS;triptorelin pamoate;0;0;0;0;0;0;0;0;0;0;0;0;0;0;0;0;0;0;0;0;0;0;0;0;0;0;0;0;0;2;0;1;6;0;0;0;0;0;0;0;0;0;0;0;0;0;0;0;0;0;0;0;0;1;0;0;0;0;0;0;0;0;0;0;0;0;0;0;6;1;0;5;12;3;0;0;0;0;2;1;0;0;0;1;0;0;0;0;0;0;0;0;0;0;0;0;1;0;0;0;0;1;0;0;0;0;0;0;0;0;0;0;5;3;0;0;0
2912;3;3;EV37;3;POS;triptorelin pamoate;0;0;0;0;0;0;0;0;0;0;0;0;0;0;0;0;0;0;0;0;0;0;0;0;0;0;0;0;1;6;0;1;9;0;0;0;0;0;0;0;0;0;0;0;0;0;0;0;0;0;0;0;0;0;0;0;0;0;0;0;0;0;0;0;0;0;1;0;0;1;0;16;7;5;0;0;0;0;0;0;0;0;0;0;0;0;0;0;0;0;0;0;0;0;0;0;1;0;0;0;0;3;0;0;0;1;0;0;0;0;0;0;3;2;0;0;0
3084;3;4;EV37;3;POS;triptorelin pamoate;0;0;0;0;0;0;0;0;0;0;0;0;0;0;0;0;0;0;0;0;0;0;0;0;0;0;0;0;0;3;0;0;3;0;0;0;0;0;0;0;0;0;0;0;0;0;0;0;0;0;0;0;0;0;0;0;0;0;0;0;0;0;0;0;0;0;0;0;4;0;0;3;5;0;0;0;2;0;2;3;0;0;0;0;0;0;0;0;0;0;0;0;0;0;1;0;0;0;0;0;0;5;1;0;0;0;0;0;0;0;0;0;3;1;0;0;0
3256;3;6;EV37;3;POS;triptorelin pamoate;0;0;0;0;0;0;0;0;0;0;0;0;0;0;0;0;0;0;0;0;0;0;0;0;0;0;0;0;14;2;0;0;21;0;0;0;0;0;0;0;0;0;0;0;0;0;0;0;0;0;0;0;0;0;0;0;0;0;0;0;0;0;0;0;0;0;6;0;4;0;0;6;18;2;0;0;0;0;0;1;0;0;0;0;0;0;0;0;0;0;0;0;0;0;2;0;1;0;0;0;0;34;1;1;0;0;0;0;0;0;0;0;0;2;0;0;0
3428;3;7;EV37;3;POS;triptorelin pamoate;0;0;0;0;0;0;0;0;0;0;0;0;0;0;0;0;0;0;0;0;0;0;0;0;0;0;0;0;0;3;0;0;9;0;0;0;0;0;0;0;0;0;0;0;0;0;0;0;0;0;0;0;0;0;0;0;0;0;0;0;0;0;0;0;0;0;2;0;2;0;0;10;17;4;0;0;1;0;0;2;0;0;0;0;0;0;0;0;0;0;0;0;0;0;2;0;0;0;0;0;0;4;0;0;0;0;0;0;0;0;0;0;5;5;0;0;0
3600;3;8;EV37;3;POS;triptorelin pamoate;0;0;0;0;0;0;0;0;0;0;0;0;0;0;0;0;0;0;0;0;0;0;0;0;0;0;0;0;0;1;0;0;3;0;0;0;0;0;0;0;0;0;0;0;0;0;0;0;0;0;0;0;0;0;0;0;0;0;0;0;0;0;0;0;0;0;0;0;1;0;0;3;5;3;0;0;0;0;0;0;0;0;0;0;0;0;0;0;0;0;0;0;0;0;0;0;0;0;0;0;0;0;0;0;0;0;0;0;0;0;0;0;1;2;0;0;0
2571;3;1;EV37;3;POS;valproic acid;82;11;1;0;28;49;0;0;0;0;4;14;2;0;3;7;0;0;2;4;14;0;1;0;3;3;0;0;40;83;83;5;16;31;0;30;0;0;13;2;5;4;0;0;2;0;3;1;1;0;0;0;2;4;2;0;1;18;0;0;5;13;1;92;0;0;49;0;35;5;0;118;154;27;0;0;6;0;4;11;1;0;0;0;1;0;0;0;0;0;0;0;0;0;6;0;8;0;0;0;0;164;2;0;0;0;0;6;1;0;0;0;25;17;0;0;1
2743;3;2;EV37;3;POS;valproic acid;68;22;0;0;24;36;1;0;0;0;1;21;7;5;3;4;0;0;2;4;11;0;1;0;2;2;0;0;20;67;68;3;19;31;0;12;0;0;4;1;5;1;0;0;1;0;2;0;1;0;0;0;1;0;2;0;1;9;0;0;5;15;1;51;0;0;54;5;90;18;0;126;268;65;0;0;11;3;12;39;1;0;0;18;13;0;0;1;0;0;0;0;0;0;20;0;24;0;0;0;0;15;7;3;0;1;0;1;1;0;0;0;130;100;0;0;1
2915;3;3;EV37;3;POS;valproic acid;87;14;0;0;32;45;1;0;1;0;2;20;9;3;3;8;0;0;3;2;13;0;1;0;1;5;0;0;56;93;96;4;24;34;0;28;0;0;13;0;5;5;0;0;0;0;4;1;2;0;0;0;0;4;3;0;3;15;0;0;8;14;1;81;0;0;53;4;50;8;0;174;316;98;0;0;11;0;6;19;0;0;0;0;5;0;0;0;0;0;0;0;0;0;7;0;14;0;0;0;0;120;4;1;0;3;0;6;2;0;1;0;53;68;1;0;1
3087;3;4;EV37;3;POS;valproic acid;38;10;0;0;16;27;0;0;0;0;0;9;4;0;3;3;0;0;1;3;10;0;1;0;1;2;0;0;22;30;53;3;8;15;0;21;0;0;6;1;9;4;0;0;1;0;3;0;2;0;0;0;1;0;5;0;0;3;0;0;3;10;2;31;0;0;34;3;31;0;0;48;106;6;0;0;4;0;6;7;0;0;0;1;1;0;0;0;0;0;0;0;0;0;13;0;1;0;0;0;0;62;3;0;0;1;0;1;2;0;0;0;36;19;1;0;1
3259;3;6;EV37;3;POS;valproic acid;120;18;0;0;39;74;1;0;1;0;2;29;15;5;9;10;0;0;6;5;12;1;2;0;3;7;0;0;59;88;105;11;52;53;1;56;0;0;26;2;12;9;0;0;3;0;7;2;0;0;0;0;2;5;3;0;3;10;0;0;10;23;0;108;0;0;93;3;60;7;0;126;288;34;0;0;13;2;11;29;1;0;0;2;8;0;0;1;0;0;0;0;0;0;33;0;26;0;0;0;0;195;7;2;0;0;0;8;0;0;0;0;47;56;0;0;2
3431;3;7;EV37;3;POS;valproic acid;123;22;0;0;35;50;0;0;1;0;3;24;8;7;9;10;0;0;6;3;14;0;0;0;5;0;0;0;40;82;69;7;30;38;2;33;0;0;16;2;16;8;0;0;3;1;2;1;0;0;0;0;2;3;6;0;4;12;0;0;6;14;0;97;0;0;69;0;56;6;0;163;275;35;0;0;6;0;9;20;1;0;0;2;3;0;0;0;0;0;0;0;0;0;39;0;12;0;0;0;0;125;7;1;0;0;0;13;0;0;0;0;41;35;0;0;2
3603;3;8;EV37;3;POS;valproic acid;83;11;0;0;18;27;1;1;1;0;3;6;2;1;2;4;0;0;1;2;7;0;0;0;3;2;0;0;32;66;50;4;15;22;0;13;0;0;5;1;4;2;0;0;1;0;0;0;0;0;0;0;1;3;2;0;0;20;0;0;4;9;2;61;0;0;46;1;25;0;0;85;147;33;0;0;1;0;6;9;0;0;0;0;2;0;0;0;0;0;0;0;0;0;7;0;0;0;0;0;0;74;0;0;0;1;0;3;0;0;0;0;35;24;1;0;1
2572;3;1;EV37;3;POS;venlafaxine;16;3;1;54;20;30;0;2;0;0;0;8;0;0;0;4;0;0;0;4;8;1;0;0;3;2;0;0;0;28;58;4;0;0;0;28;0;0;10;2;3;1;0;0;0;0;0;0;0;0;0;0;0;0;2;0;1;0;0;0;6;2;1;23;0;0;26;0;19;2;0;63;81;14;0;0;3;0;3;7;0;0;0;0;0;0;0;0;0;0;0;0;0;0;1;0;6;0;0;0;0;90;0;0;0;0;0;1;0;0;0;0;11;10;0;0;0
2744;3;2;EV37;3;POS;venlafaxine;31;9;1;79;21;24;0;1;0;0;0;11;6;1;0;5;0;0;1;10;6;0;0;0;2;2;0;0;0;22;43;5;0;1;1;18;0;0;10;1;3;0;0;0;2;0;0;1;0;0;0;0;1;2;2;0;4;0;0;0;6;7;1;22;0;0;44;0;75;16;0;100;216;62;0;0;14;4;15;42;1;0;0;17;18;0;0;0;0;0;0;0;0;0;14;0;26;0;0;0;0;10;9;3;0;2;0;2;0;0;0;0;106;89;0;0;0
2916;3;3;EV37;3;POS;venlafaxine;24;5;1;76;20;26;0;2;0;0;0;5;3;0;0;3;0;0;0;5;7;1;0;0;4;1;0;0;0;21;43;5;0;0;1;21;0;0;11;1;6;0;0;0;1;0;0;0;0;0;0;0;1;1;3;0;1;0;0;0;9;6;1;21;0;0;28;0;35;6;0;112;187;61;0;0;5;0;5;12;0;0;0;0;4;0;0;0;0;0;0;0;0;0;3;0;13;0;0;0;0;53;3;2;0;1;0;2;0;0;1;0;38;56;0;0;0
3088;3;4;EV37;3;POS;venlafaxine;16;5;0;43;15;15;1;0;0;0;0;3;3;0;1;4;0;0;1;2;6;0;0;0;2;1;0;0;0;14;38;4;0;0;0;18;0;0;7;1;3;0;0;0;0;0;0;0;0;0;0;0;0;0;2;0;2;0;0;0;3;7;0;15;0;0;23;0;30;0;0;42;95;4;0;0;2;0;5;9;0;0;0;1;1;0;0;0;0;0;0;0;0;0;10;0;1;0;0;0;0;62;3;0;0;0;0;0;1;0;0;0;28;16;0;0;0
3260;3;6;EV37;3;POS;venlafaxine;29;6;1;101;30;29;1;1;0;0;0;12;4;1;1;7;0;0;1;5;4;1;1;0;3;2;0;0;0;28;57;9;0;0;1;28;0;0;10;2;10;1;0;0;1;0;0;0;2;0;0;0;1;1;3;0;2;0;0;0;6;10;0;26;0;0;57;0;46;4;0;90;191;22;0;0;9;3;7;26;2;0;0;1;7;0;0;0;0;0;0;0;0;0;17;0;26;0;0;0;0;86;6;3;0;0;0;6;0;0;0;0;48;42;0;0;0
3432;3;7;EV37;3;POS;venlafaxine;16;5;0;59;24;19;1;1;0;0;0;6;1;2;1;2;0;0;1;1;5;0;0;0;2;2;0;0;0;17;39;3;0;0;0;31;0;0;18;2;6;2;0;0;0;0;0;0;1;0;0;0;0;0;3;0;5;0;0;0;4;7;0;22;0;0;35;0;33;4;0;88;133;17;0;0;2;0;5;13;1;0;0;1;2;0;0;0;0;0;0;0;0;0;15;0;8;0;0;0;0;61;4;1;0;0;0;2;0;0;0;0;17;19;0;0;0
3604;3;8;EV37;3;POS;venlafaxine;18;3;0;44;18;15;1;0;0;0;0;2;2;1;1;2;0;0;1;5;6;0;0;0;1;1;0;0;0;13;27;5;0;0;1;20;0;0;11;1;2;1;0;0;2;0;0;1;0;0;0;0;1;2;1;0;3;0;0;0;5;5;0;10;0;0;29;0;22;0;0;55;100;26;0;0;0;0;5;4;0;0;0;0;2;0;0;0;0;0;0;0;0;0;6;0;0;0;0;0;0;28;0;0;0;1;0;1;0;0;0;0;23;17;0;0;0
2573;3;1;EV37;3;POS;verapamil;48;15;2;8;20;58;1;0;0;0;3;25;12;1;1;5;0;0;6;9;27;1;3;1;4;8;0;0;22;93;110;1;7;6;0;30;0;0;9;1;6;4;0;0;1;0;0;4;3;0;0;0;1;0;4;0;2;0;0;0;2;16;0;63;0;0;48;0;30;3;0;91;123;17;0;0;3;0;3;11;1;0;0;0;1;0;0;0;0;0;0;0;0;0;4;0;8;0;0;0;0;105;2;0;0;0;0;5;0;0;0;0;16;14;0;0;0
2745;3;2;EV37;3;POS;verapamil;92;34;0;14;42;73;1;0;0;0;2;40;29;9;3;7;0;0;6;12;40;1;4;0;6;22;0;0;20;102;143;6;15;11;2;56;0;0;24;1;15;5;0;0;2;0;2;2;5;0;0;0;1;3;3;0;2;0;0;0;5;32;1;69;0;0;85;2;137;20;0;176;403;99;1;0;22;4;21;69;4;0;0;26;21;0;0;0;0;0;0;0;0;0;24;0;39;0;0;0;0;25;13;3;0;2;0;4;1;1;0;0;196;139;0;0;1
2917;3;3;EV37;3;POS;verapamil;57;27;1;10;27;79;1;0;0;0;0;22;20;6;1;8;0;0;4;10;43;1;3;1;5;13;0;0;20;118;139;5;14;8;2;52;0;0;22;1;9;6;0;0;3;0;0;3;4;0;0;0;2;4;5;0;4;0;0;0;3;16;4;83;0;0;43;3;53;6;0;170;262;73;1;0;11;0;8;17;0;0;0;0;5;0;0;0;0;0;0;0;1;0;6;0;14;0;0;0;0;87;5;1;0;3;0;4;1;0;1;0;48;69;0;0;0
3089;3;4;EV37;3;POS;verapamil;44;19;0;12;22;53;1;0;0;0;1;20;14;3;0;6;0;0;2;16;27;1;2;0;3;16;0;0;15;77;93;2;5;2;0;26;0;0;12;1;15;4;0;0;2;0;0;0;5;0;0;0;1;1;4;0;1;0;0;0;3;13;0;55;0;0;34;1;43;0;0;56;157;6;1;0;4;0;7;14;0;0;0;1;1;0;0;0;0;0;0;0;0;0;12;0;1;0;0;0;0;72;3;0;0;1;0;1;1;0;0;0;39;17;0;0;0
3261;3;6;EV37;3;POS;verapamil;77;37;2;27;36;80;1;0;0;0;3;29;29;6;3;8;0;0;6;18;52;1;4;1;7;26;0;0;23;122;134;3;16;8;0;59;0;0;27;2;14;8;0;0;3;0;0;3;8;0;0;0;6;0;7;0;12;0;0;0;6;29;3;100;0;0;78;1;50;5;0;91;222;20;0;0;7;1;7;23;1;0;0;2;6;0;0;0;0;0;0;0;0;0;20;0;28;0;0;0;0;114;5;3;0;0;0;4;0;0;0;0;37;36;0;0;0
3433;3;7;EV37;3;POS;verapamil;53;19;1;12;29;60;1;1;0;0;0;33;19;3;5;5;0;0;3;14;36;0;4;1;7;18;0;0;16;87;96;3;11;6;0;53;0;0;24;2;11;6;0;0;3;0;0;2;4;0;0;0;2;1;4;0;7;0;0;0;5;22;1;64;1;0;61;1;39;2;0;105;188;24;0;0;4;0;6;18;1;0;0;1;1;0;0;0;0;0;0;0;0;0;16;0;6;0;0;0;0;68;4;1;0;0;0;2;0;0;0;0;28;28;0;0;0
3605;3;8;EV37;3;POS;verapamil;45;15;1;9;20;39;1;0;0;0;1;14;9;1;2;6;0;0;2;9;22;1;3;0;3;9;0;0;15;60;66;3;10;5;0;36;0;0;19;1;6;7;0;0;1;0;0;2;1;0;0;0;2;2;2;0;4;0;0;0;1;14;0;34;2;0;47;1;28;0;0;69;139;30;1;0;1;0;6;8;0;0;0;0;4;0;0;0;0;0;0;0;1;0;6;0;1;0;0;0;0;65;0;0;0;1;0;2;0;0;0;0;29;20;0;0;0
2574;3;1;EV37;3;POS;vincristine;32;11;0;7;29;57;0;0;0;1;2;18;4;0;3;11;0;0;1;0;14;0;0;0;5;6;0;0;23;52;67;2;16;12;1;34;0;0;10;1;5;4;0;0;1;0;0;3;0;0;0;0;0;1;2;0;2;0;0;0;6;3;3;47;0;0;42;12;22;4;0;93;106;17;0;0;3;0;5;6;0;0;0;0;0;0;0;0;0;0;0;0;0;0;4;0;6;0;0;0;0;99;1;0;0;0;0;4;0;0;0;0;20;13;0;0;1
2746;3;2;EV37;3;POS;vincristine;33;11;0;9;31;35;0;0;0;0;0;7;8;0;3;3;0;0;1;2;9;0;0;0;5;5;0;0;19;32;42;2;10;11;0;14;0;0;6;1;7;1;0;0;1;0;0;0;1;0;0;0;0;0;1;0;1;0;0;0;4;7;2;31;0;0;40;3;62;14;0;90;199;42;0;0;11;4;12;28;2;0;0;12;13;0;0;1;0;0;0;0;0;0;18;0;21;0;0;0;0;18;8;2;0;2;0;3;1;0;0;0;79;62;0;0;1
2918;3;3;EV37;3;POS;vincristine;40;12;0;8;33;50;0;0;0;0;2;9;10;0;3;6;0;0;1;3;14;0;0;1;3;7;0;0;33;61;65;4;15;17;0;27;0;0;7;0;9;2;0;0;0;0;0;1;2;0;0;0;1;2;2;0;0;1;0;0;5;5;5;35;0;0;60;8;36;4;0;134;233;63;0;0;6;0;4;17;1;0;0;0;4;0;0;0;0;0;0;0;0;0;6;0;12;0;0;0;0;91;4;1;0;2;0;6;0;0;1;0;39;50;1;0;1
3090;3;4;EV37;3;POS;vincristine;20;5;0;4;14;26;0;0;0;0;0;3;2;0;4;4;0;0;0;1;8;0;0;0;4;2;0;0;11;27;35;2;3;6;0;13;0;0;4;1;13;1;0;0;1;0;0;1;1;0;0;0;0;2;0;0;1;0;0;0;2;3;1;25;0;0;21;4;31;0;0;38;95;3;0;0;3;0;7;6;0;0;0;0;1;0;0;0;0;0;0;0;0;0;10;0;1;0;0;0;0;55;3;0;0;0;0;0;0;0;0;0;25;16;1;0;1
3262;3;6;EV37;3;POS;vincristine;82;15;0;20;51;122;0;1;0;2;6;21;16;0;8;15;0;0;2;0;18;0;0;1;9;22;0;0;62;94;113;5;57;50;1;74;0;0;31;2;17;13;0;0;2;0;0;2;3;0;0;0;3;3;3;0;2;0;0;0;12;13;6;78;0;0;202;19;56;5;0;126;292;43;0;0;11;2;8;33;1;0;0;1;6;0;0;1;0;0;0;0;0;0;36;0;23;0;0;0;0;325;8;3;0;0;0;8;0;0;0;0;57;64;0;0;2
3434;3;7;EV37;3;POS;vincristine;55;12;0;9;49;98;0;1;0;0;2;14;18;2;10;15;0;0;1;4;27;1;0;0;8;22;0;0;27;56;88;2;44;35;0;50;0;0;19;2;13;8;0;0;2;0;0;5;0;0;0;0;0;0;3;0;0;1;0;0;9;8;4;66;0;0;114;21;52;8;0;152;284;44;0;0;8;0;9;22;1;0;0;2;2;0;0;0;0;0;0;0;0;0;36;0;12;0;0;0;0;153;8;1;0;0;0;11;0;0;0;0;45;35;0;0;2
3606;3;8;EV37;3;POS;vincristine;27;4;1;7;19;23;0;0;0;0;0;5;3;0;2;2;0;0;0;2;6;0;0;0;4;2;0;0;24;30;27;1;9;5;0;14;0;0;5;1;3;1;0;0;1;0;0;2;0;0;0;0;0;0;2;0;0;1;0;0;6;4;1;32;0;0;28;4;24;0;0;54;109;26;0;0;0;0;4;6;0;0;0;0;1;0;0;0;0;0;0;0;0;0;6;0;0;0;0;0;0;42;0;0;0;1;0;1;0;0;0;0;24;15;1;0;1
2575;3;1;EV37;3;POS;vitamin a;59;18;1;0;25;59;0;0;0;0;2;14;13;1;2;10;1;1;5;5;21;2;2;0;5;2;0;0;24;68;102;5;18;53;0;21;0;0;4;1;7;1;0;0;2;0;6;1;1;0;0;0;1;1;2;0;0;0;0;0;15;23;9;52;0;0;60;3;33;6;0;118;144;23;0;0;6;0;4;9;0;0;0;1;1;0;0;0;0;0;0;0;0;0;6;0;8;0;0;0;0;133;2;0;0;0;0;4;0;0;0;0;20;20;0;0;1
2747;3;2;EV37;3;POS;vitamin a;60;26;0;0;20;66;0;0;0;0;4;17;15;2;2;11;1;1;2;2;23;3;3;0;3;4;0;0;9;42;91;7;17;49;0;21;0;0;7;1;10;3;1;0;2;0;10;1;3;0;0;0;1;0;4;0;1;0;0;0;16;29;9;58;0;0;62;2;95;20;0;113;265;49;0;0;8;5;13;39;2;0;0;15;18;0;0;1;0;0;0;0;0;0;26;0;22;0;0;0;0;12;10;2;0;2;0;3;0;0;0;0;114;113;0;0;1
2919;3;3;EV37;3;POS;vitamin a;60;20;0;0;22;74;2;0;0;0;6;18;12;3;2;12;1;2;3;5;18;3;3;0;4;3;0;0;27;63;105;6;24;72;0;26;0;0;8;1;9;3;0;0;1;0;11;1;3;0;0;0;0;1;2;0;1;0;0;0;16;29;9;64;0;0;68;5;50;10;0;168;290;87;0;0;7;0;6;14;0;0;0;0;5;0;0;0;0;0;0;0;0;0;6;0;10;0;0;0;0;109;5;1;0;1;0;6;1;0;1;0;51;68;1;0;1
3091;3;4;EV37;3;POS;vitamin a;37;14;0;0;12;49;0;0;0;0;3;11;9;1;3;4;1;1;2;3;19;4;3;0;4;4;0;0;5;29;67;3;9;25;0;11;0;0;3;1;14;1;0;0;1;0;5;1;3;0;0;0;1;0;3;0;0;0;0;0;11;16;5;32;0;0;28;2;38;0;0;47;113;5;0;0;4;0;7;12;0;0;0;1;0;0;0;0;0;0;0;0;0;0;14;0;1;0;0;0;0;61;2;0;0;0;0;1;2;0;0;0;33;22;2;0;1
3263;3;6;EV37;3;POS;vitamin a;83;42;0;0;38;83;2;0;0;0;9;37;20;7;6;14;0;0;11;5;29;8;6;0;9;6;0;0;29;62;135;10;51;117;0;25;0;0;8;2;19;5;0;0;3;0;22;1;8;0;0;0;1;1;6;0;3;0;0;0;38;57;9;75;0;0;127;6;51;7;0;131;314;40;0;0;11;3;8;27;1;0;0;2;10;0;0;1;0;0;0;0;0;0;29;0;24;0;0;0;0;196;6;3;0;0;0;0;0;0;0;0;45;52;0;0;3
3435;3;7;EV37;3;POS;vitamin a;95;35;0;0;46;64;3;0;0;0;3;27;17;4;5;12;1;0;5;4;19;7;4;1;3;4;0;0;20;45;106;5;33;91;0;18;0;0;5;2;15;0;0;0;2;0;11;0;5;0;0;0;0;2;4;0;0;0;0;0;23;48;15;52;0;0;98;2;50;4;0;151;270;40;0;0;4;0;8;14;1;0;0;2;2;0;0;0;0;0;0;0;0;0;27;0;9;0;0;0;0;114;6;1;0;0;0;5;0;0;0;0;39;35;0;0;2
3607;3;8;EV37;3;POS;vitamin a;37;11;0;0;14;29;0;1;0;0;2;7;10;2;2;2;0;0;2;4;14;1;2;0;1;4;0;0;19;19;40;1;13;47;0;11;0;0;1;1;3;0;0;0;0;0;5;0;2;0;0;0;0;0;2;0;0;1;0;0;9;19;2;32;0;0;48;2;25;0;0;69;147;34;0;0;1;0;6;6;0;0;0;0;2;0;0;0;0;0;0;0;0;0;6;0;0;0;0;0;0;46;0;0;0;1;0;2;0;0;0;0;25;21;1;0;1
3615;4;1;EV37;3;POS;acarbose;0;0;0;0;0;0;0;0;0;0;0;0;0;0;0;0;0;0;0;0;0;0;0;0;0;0;0;0;0;0;0;0;0;0;0;0;0;0;0;0;0;0;0;0;0;0;0;0;0;0;0;0;0;0;0;0;0;0;0;0;0;0;0;0;0;0;0;0;0;0;0;0;0;0;0;0;0;0;0;0;0;0;0;0;0;0;0;0;0;0;0;0;0;0;0;0;0;0;0;0;0;0;0;0;0;0;0;0;0;0;0;0;0;0;0;0;0
3787;4;2;EV37;3;POS;acarbose;0;0;0;0;0;0;0;0;0;0;0;0;0;0;0;0;0;0;0;0;0;0;0;0;0;0;0;0;0;0;0;0;0;0;0;0;0;0;0;0;0;0;0;0;0;0;0;0;0;0;0;0;0;0;0;0;0;0;0;0;0;0;0;0;0;0;0;0;0;0;0;0;0;0;0;0;0;0;0;0;0;0;0;0;0;0;0;0;0;0;0;0;0;0;0;0;0;0;0;0;0;0;0;0;0;0;0;0;0;0;0;0;0;0;0;0;0
3959;4;3;EV37;3;POS;acarbose;0;0;0;0;0;0;0;0;0;0;0;0;0;0;0;0;0;0;0;0;0;0;0;0;0;0;0;0;0;0;0;0;0;0;0;0;0;0;0;0;0;0;0;0;0;0;0;0;0;0;0;0;0;0;0;0;0;0;0;0;0;0;0;0;0;0;0;0;0;0;0;0;0;0;0;0;0;0;0;0;0;0;0;0;0;0;0;0;0;0;0;0;0;0;0;0;0;0;0;0;0;0;0;0;0;0;0;0;0;0;0;0;0;0;0;0;0
4131;4;4;EV37;3;POS;acarbose;0;0;0;0;0;0;0;0;0;0;0;0;0;0;0;0;0;0;0;0;0;0;0;0;0;0;0;0;0;0;0;0;0;0;0;0;0;0;0;0;0;0;0;0;0;0;0;0;0;0;0;0;0;0;0;0;0;0;0;0;0;0;0;0;0;0;1;0;0;0;0;0;0;0;0;0;0;0;0;0;0;0;0;0;0;0;0;0;0;0;0;0;0;0;0;0;0;0;0;0;0;0;0;0;0;0;0;0;0;0;0;0;0;0;1;0;0
4303;4;6;EV37;3;POS;acarbose;0;0;0;0;0;0;0;0;0;0;0;0;0;0;0;0;0;0;0;0;0;0;0;0;0;0;0;0;0;0;0;0;0;0;0;0;0;0;0;0;0;0;0;0;0;0;0;0;0;0;0;0;0;0;0;0;0;0;0;0;0;0;0;0;0;0;0;0;0;0;0;0;0;0;0;0;0;0;0;0;0;0;0;0;0;0;0;0;0;0;0;0;0;0;0;0;0;0;0;0;0;0;0;0;0;0;0;0;0;0;0;0;0;0;0;0;0
4475;4;7;EV37;3;POS;acarbose;0;0;0;0;0;0;0;0;0;0;0;0;0;0;0;0;0;0;0;0;0;0;0;0;0;0;0;0;0;0;0;0;0;0;0;0;0;0;0;0;0;0;0;0;0;0;0;0;0;0;0;0;0;0;0;0;0;0;0;0;0;0;0;0;0;0;0;0;0;0;0;0;0;0;0;0;0;0;0;0;0;0;0;0;0;0;0;0;0;0;0;0;0;0;0;0;0;0;0;0;0;0;0;0;0;0;0;0;0;0;0;0;0;0;0;0;0
4647;4;8;EV37;3;POS;acarbose;0;0;0;0;0;0;0;0;0;0;0;0;0;0;0;0;0;0;0;0;0;0;0;0;0;0;0;0;0;0;0;0;0;0;0;0;0;0;0;0;0;0;0;0;0;0;0;0;0;0;0;0;0;0;0;0;0;0;0;0;0;0;0;0;0;0;1;0;0;0;0;0;0;0;0;0;0;0;0;0;0;0;0;0;0;0;0;0;1;0;0;0;0;0;0;0;1;0;0;0;0;0;0;0;0;0;0;0;0;0;0;0;0;0;0;0;0
3618;4;1;EV37;3;POS;alendronate;0;0;0;0;0;0;0;0;0;0;0;0;0;0;0;0;0;0;0;0;0;0;0;0;0;0;0;0;0;0;0;0;0;0;0;0;0;0;0;0;0;0;0;0;0;0;0;0;0;0;0;0;0;0;0;0;0;0;0;0;0;0;0;0;0;0;0;0;0;0;0;0;0;0;0;0;0;0;0;0;0;0;0;0;0;0;0;0;0;0;0;0;0;0;0;0;0;0;0;0;0;0;0;0;0;0;0;0;0;0;0;0;0;0;0;0;0
3790;4;2;EV37;3;POS;alendronate;0;0;0;0;0;0;0;0;0;0;0;0;0;0;0;0;0;0;0;0;0;0;0;0;0;0;0;0;0;0;0;0;0;0;0;0;0;0;0;0;0;0;0;0;0;0;0;0;0;0;0;0;0;0;0;0;0;0;0;0;0;0;0;0;0;0;0;0;0;0;0;0;0;0;0;0;0;0;0;0;0;0;0;0;0;0;0;0;0;0;0;0;0;0;0;0;0;0;0;0;0;0;0;0;0;0;0;0;0;0;0;0;0;0;0;0;0
3962;4;3;EV37;3;POS;alendronate;0;0;0;0;0;0;0;0;0;0;0;0;0;0;0;0;0;0;0;0;0;0;0;0;0;0;0;0;0;0;0;0;0;0;0;0;0;0;0;0;0;0;0;0;0;0;0;0;0;0;0;0;0;0;0;0;0;0;0;0;0;0;0;0;0;0;0;0;0;0;0;0;0;0;0;0;0;0;0;0;0;0;0;0;0;0;0;0;0;0;0;0;0;0;0;0;0;0;0;0;0;0;0;0;0;0;0;0;0;0;0;0;0;0;0;0;0
4134;4;4;EV37;3;POS;alendronate;0;0;0;0;0;0;0;0;0;0;0;0;0;0;0;0;0;0;0;0;0;0;0;0;0;0;0;0;0;0;0;0;0;0;0;0;0;0;0;0;0;0;0;0;0;0;0;0;0;0;0;0;0;0;0;0;0;0;0;0;0;0;0;0;0;0;0;0;0;0;0;0;0;0;0;0;0;0;0;0;0;0;0;0;0;0;0;0;0;0;0;0;0;0;0;0;0;0;0;0;0;0;0;0;0;0;0;0;0;0;0;0;0;0;0;0;0
4306;4;6;EV37;3;POS;alendronate;0;0;0;0;0;0;0;0;0;0;0;0;0;0;0;0;0;0;0;0;0;0;0;0;0;0;0;0;0;0;0;0;0;0;0;0;0;0;0;0;0;0;0;0;0;0;0;0;0;0;0;0;0;0;0;0;0;0;0;0;0;0;0;0;0;0;0;0;0;0;0;0;0;0;0;0;0;0;0;0;0;0;0;0;0;0;0;0;0;0;0;0;0;0;0;0;0;0;0;0;0;0;0;0;0;0;0;0;0;0;0;0;0;0;0;0;0
4478;4;7;EV37;3;POS;alendronate;0;0;0;0;0;0;0;0;0;0;0;0;0;0;0;0;0;0;0;0;0;0;0;0;0;0;0;0;0;0;0;0;0;0;0;0;0;0;0;0;0;0;0;0;0;0;0;0;0;0;0;0;0;0;0;0;0;0;0;0;0;0;0;0;0;0;0;0;0;0;0;0;0;0;0;0;0;0;0;0;0;0;0;0;0;0;0;0;0;0;0;0;0;0;0;0;0;0;0;0;0;0;0;0;0;0;0;0;0;0;0;0;0;0;0;0;0
4650;4;8;EV37;3;POS;alendronate;0;0;0;0;0;0;0;0;0;0;0;0;0;0;0;0;0;0;0;0;0;0;0;0;0;0;0;0;0;0;0;0;0;0;0;0;0;0;0;0;0;0;0;0;0;0;0;0;0;0;0;0;0;0;0;0;0;0;0;0;0;0;0;0;0;0;0;0;0;0;0;0;0;0;0;0;0;0;0;0;0;0;0;0;0;0;0;0;0;0;0;0;0;0;0;0;0;0;0;0;0;0;0;0;0;0;0;0;0;0;0;0;0;0;0;0;0
3619;4;1;EV37;3;POS;alfuzosin;0;0;0;0;0;0;0;0;0;0;0;0;0;0;0;0;0;0;0;0;0;0;0;0;0;0;0;0;0;0;0;0;1;0;0;0;0;0;0;0;0;0;0;0;0;0;0;0;0;0;0;0;0;0;0;0;0;0;0;0;0;0;0;0;0;0;0;0;0;0;0;0;0;0;0;0;0;0;0;0;0;0;0;0;0;0;0;0;0;0;0;0;0;0;0;0;1;0;0;0;0;0;0;0;0;0;0;0;0;0;0;0;0;0;0;0;0
3791;4;2;EV37;3;POS;alfuzosin;0;0;0;0;0;0;0;0;0;0;0;0;0;0;0;0;0;0;0;0;0;0;0;0;0;0;0;0;0;0;0;0;0;0;0;0;0;0;0;0;0;0;0;0;0;0;0;0;0;0;0;0;0;0;0;0;0;0;0;0;0;0;0;0;0;0;0;0;0;0;0;0;0;0;0;0;0;0;0;0;0;0;0;0;0;0;0;0;0;0;0;0;0;0;0;0;0;0;0;0;0;0;0;0;0;0;0;0;0;0;0;0;0;0;0;0;0
3963;4;3;EV37;3;POS;alfuzosin;0;0;0;0;0;0;0;0;0;0;0;0;0;0;0;0;0;0;0;0;0;0;0;0;0;0;0;0;0;0;0;0;0;0;0;0;0;0;0;0;0;0;0;0;0;0;0;0;0;0;0;0;0;0;0;0;0;0;0;0;0;0;0;0;0;0;0;0;0;0;0;0;0;0;0;0;0;0;0;0;0;0;0;0;0;0;0;0;0;0;0;0;0;0;0;0;0;0;0;0;0;0;0;0;0;0;0;0;0;0;0;0;0;0;0;0;0
4135;4;4;EV37;3;POS;alfuzosin;0;0;0;0;0;0;0;0;0;0;0;0;0;0;0;0;0;0;0;0;0;0;0;0;0;0;0;0;0;0;0;0;0;0;0;0;0;0;0;1;0;0;0;0;0;0;0;0;0;0;0;0;0;0;0;0;0;0;0;0;0;0;0;0;0;0;0;0;0;0;0;0;0;0;0;0;0;0;0;0;0;0;0;0;0;0;0;0;0;0;0;0;0;0;0;0;0;0;0;0;0;0;0;1;0;0;0;0;0;0;0;0;0;0;0;0;0
4307;4;6;EV37;3;POS;alfuzosin;0;0;0;0;0;0;0;0;0;0;0;0;0;0;0;0;0;0;0;0;0;0;0;0;0;0;0;0;0;0;0;0;0;0;0;0;0;0;0;0;0;0;0;0;0;0;0;0;0;0;0;0;0;0;0;0;0;0;0;0;0;0;0;0;0;0;0;0;0;0;0;0;0;0;0;0;0;0;0;0;0;0;0;0;0;0;0;0;0;0;0;0;0;0;0;0;0;0;0;0;0;0;0;0;0;0;0;0;0;0;0;0;0;0;0;0;0
4479;4;7;EV37;3;POS;alfuzosin;0;0;0;0;0;0;0;0;0;0;0;0;0;0;0;0;0;0;0;0;0;0;0;0;0;0;0;0;0;0;0;0;0;0;0;0;0;0;0;0;0;0;0;0;0;0;0;0;0;0;0;0;0;0;0;0;0;0;0;0;0;0;0;0;0;0;0;0;0;0;0;0;0;0;0;0;0;0;0;0;0;0;0;0;0;0;0;0;0;0;0;0;0;0;0;0;0;0;0;0;0;0;0;0;0;0;0;0;0;0;0;0;0;0;0;0;0
4651;4;8;EV37;3;POS;alfuzosin;0;0;0;0;0;0;0;0;0;0;0;0;0;0;0;0;0;0;0;0;0;0;0;0;0;0;0;0;0;0;0;0;0;0;0;0;0;0;0;0;0;0;0;0;0;0;0;0;0;0;0;0;0;0;0;0;0;0;0;0;0;0;0;0;0;0;0;0;0;0;0;0;0;0;0;0;0;0;0;0;0;0;0;0;0;0;0;0;0;0;0;0;0;0;0;0;0;0;0;0;0;0;0;0;0;0;0;0;0;0;0;0;0;0;0;0;0
3623;4;1;EV37;3;POS;amphetamine;14;2;0;0;6;27;0;1;0;0;3;4;1;0;2;3;0;0;0;3;15;0;0;0;4;0;0;0;6;65;53;4;1;5;0;23;0;0;11;0;0;3;0;0;2;0;0;0;0;0;0;0;0;4;0;0;2;1;0;0;1;1;0;70;0;0;2;2;1;0;13;2;0;0;0;1;0;0;0;0;0;0;0;0;0;0;0;0;0;0;0;10;0;0;0;0;137;0;0;0;0;1;0;0;0;0;0;0;0;0;0;0;0;0;0;0;0
3795;4;2;EV37;3;POS;amphetamine;2;3;0;0;6;7;0;0;0;0;0;2;1;0;0;0;0;0;0;0;2;0;0;0;0;0;0;0;4;5;18;0;0;4;0;4;0;0;0;0;0;0;0;0;0;0;0;0;0;0;0;0;0;0;0;0;0;0;0;0;0;0;0;10;0;0;4;1;2;2;0;0;0;1;0;3;0;0;0;0;0;1;0;0;0;0;0;0;0;0;0;0;0;0;0;0;27;0;0;0;0;0;0;2;0;0;0;0;0;0;0;0;0;8;0;0;0
3967;4;3;EV37;3;POS;amphetamine;2;3;0;0;7;10;0;0;0;0;1;2;1;0;0;3;0;0;0;2;4;0;0;0;0;0;0;0;4;18;22;2;1;3;0;12;0;0;2;0;0;1;0;0;2;0;0;0;0;0;0;0;0;2;0;0;0;0;0;0;1;1;0;18;0;0;2;1;2;0;6;8;0;0;0;0;0;0;0;0;0;0;0;0;0;0;0;0;1;0;0;0;0;0;0;0;39;0;0;0;0;0;0;0;0;0;0;0;0;0;0;0;0;2;0;0;0
4139;4;4;EV37;3;POS;amphetamine;3;4;0;0;2;2;0;0;0;0;0;1;0;0;0;0;0;0;0;0;3;0;0;0;0;0;0;0;1;5;9;1;0;1;0;4;0;0;0;0;0;0;0;0;0;0;1;0;0;0;0;0;0;0;0;0;0;0;0;0;0;1;0;5;0;0;1;1;3;1;0;4;0;0;0;1;0;0;0;0;0;0;0;0;0;0;0;0;0;0;0;0;0;0;0;0;11;0;0;0;0;0;0;2;0;0;0;0;0;0;0;0;0;0;2;0;0
4311;4;6;EV37;3;POS;amphetamine;5;4;0;0;6;8;0;1;0;0;1;1;0;0;0;0;0;0;0;0;6;0;0;0;0;0;0;0;3;14;24;1;3;3;0;6;0;0;2;0;2;0;0;0;0;0;0;0;0;0;0;0;0;1;0;0;0;1;0;0;2;2;3;15;0;0;7;2;7;2;1;9;0;0;0;4;0;0;0;0;0;0;0;0;1;0;0;0;4;0;3;0;0;0;0;0;49;0;0;0;1;1;0;2;0;0;0;0;0;0;0;0;0;3;0;0;2
4483;4;7;EV37;3;POS;amphetamine;6;4;0;0;12;4;0;0;0;0;1;3;2;0;0;1;0;0;0;0;3;0;0;0;1;0;0;0;6;24;18;0;3;4;0;8;0;0;2;0;3;0;0;0;0;0;0;0;0;0;0;0;0;0;0;0;0;0;0;0;1;1;0;7;0;0;10;1;3;2;1;16;0;0;0;2;0;1;0;0;0;0;0;0;0;0;0;0;3;0;3;0;0;0;0;0;54;0;0;0;1;1;0;1;0;0;0;0;0;0;0;0;0;2;1;0;1
4655;4;8;EV37;3;POS;amphetamine;5;5;0;0;8;30;0;0;0;0;4;2;1;0;2;3;0;0;0;3;13;0;0;0;3;1;0;0;12;35;35;3;4;9;0;19;0;0;7;0;0;4;0;0;2;0;0;0;0;0;0;0;0;6;0;0;0;0;0;0;4;1;1;39;0;0;11;2;1;2;0;3;0;0;0;1;0;0;0;0;0;0;0;0;0;0;0;0;7;0;2;0;0;0;0;0;98;5;0;0;0;0;0;0;0;0;0;0;0;0;0;0;0;3;0;0;0
3624;4;1;EV37;3;POS;amphotericin b;0;0;0;0;0;0;0;0;0;0;0;0;0;0;0;0;0;0;0;0;0;0;0;0;0;0;0;0;0;0;0;0;0;0;0;0;0;0;0;0;0;0;0;0;0;0;0;0;0;0;0;0;0;0;0;0;0;0;0;0;0;0;0;0;0;0;0;0;0;0;0;0;0;0;0;0;0;0;0;0;0;0;0;0;0;0;0;0;0;0;0;0;0;0;0;0;0;0;0;0;0;0;0;0;0;0;0;0;0;0;0;0;0;0;0;0;0
3796;4;2;EV37;3;POS;amphotericin b;0;0;0;0;0;0;0;0;0;0;0;0;0;0;0;0;0;0;0;0;0;0;0;0;0;0;0;0;0;0;0;0;0;0;0;0;0;0;0;0;0;0;0;0;0;0;0;0;0;0;0;0;0;0;0;0;0;0;0;0;0;0;0;0;0;0;0;0;0;0;0;0;0;0;0;0;0;0;0;0;0;0;0;0;0;0;0;0;0;0;0;0;0;0;0;0;0;0;0;0;0;0;0;0;0;0;0;0;0;0;0;0;0;0;0;0;0
3968;4;3;EV37;3;POS;amphotericin b;0;0;0;0;0;0;0;0;0;0;0;0;0;0;0;0;0;0;0;0;0;0;0;0;0;0;0;0;0;0;0;0;0;0;0;0;0;0;0;0;0;0;0;0;0;0;0;0;0;0;0;0;0;0;0;0;0;0;0;0;0;0;0;0;0;0;0;0;0;0;0;0;0;0;0;0;0;0;0;0;0;0;0;0;0;0;0;0;0;0;0;0;0;0;0;0;0;0;0;0;0;0;0;0;0;0;0;0;0;0;0;0;0;0;0;0;0
4140;4;4;EV37;3;POS;amphotericin b;0;0;0;0;0;0;0;0;0;0;0;0;0;0;0;0;0;0;0;0;0;0;0;0;0;0;0;0;0;0;0;0;0;0;0;0;0;0;0;0;0;0;0;0;0;0;0;0;0;0;0;0;0;0;0;0;0;0;0;0;0;0;0;0;0;0;0;0;0;0;0;0;0;0;0;0;0;0;0;0;0;0;0;0;0;0;0;0;0;0;0;0;0;0;0;0;0;0;0;0;0;0;0;0;0;0;0;0;0;0;0;0;0;0;0;0;0
4312;4;6;EV37;3;POS;amphotericin b;0;0;0;0;0;0;0;0;0;0;0;0;0;0;0;0;0;0;0;0;0;0;0;0;0;0;0;0;0;0;0;0;0;0;0;0;0;0;0;0;0;0;0;0;0;0;0;0;0;0;0;0;0;0;0;0;0;0;0;0;0;0;0;0;0;0;0;0;0;0;0;0;0;0;0;0;0;0;0;0;0;0;0;0;0;0;0;0;0;0;0;0;0;0;0;0;0;0;0;0;0;0;0;0;0;0;0;0;0;0;0;0;0;0;0;0;0
4484;4;7;EV37;3;POS;amphotericin b;0;0;0;0;0;0;0;0;0;0;0;0;0;0;0;0;0;0;0;0;0;0;0;0;0;0;0;0;0;0;0;0;0;0;0;0;0;0;0;0;0;0;0;0;0;0;0;0;0;0;0;0;0;0;0;0;0;0;0;0;0;0;0;0;0;0;0;0;0;0;0;0;0;0;0;0;0;0;0;0;0;0;0;0;0;0;0;0;0;0;0;0;0;0;0;0;0;0;0;0;0;0;0;0;0;0;0;0;0;0;0;0;0;0;0;0;0
4656;4;8;EV37;3;POS;amphotericin b;0;0;0;0;0;0;0;0;0;0;0;0;0;0;0;0;0;0;0;0;0;0;0;0;0;0;0;0;0;0;0;0;0;0;0;0;0;0;0;0;0;0;0;0;0;0;0;0;0;0;0;0;0;0;0;0;0;0;0;0;0;0;0;0;0;0;0;0;0;0;0;0;0;0;0;0;0;0;0;0;0;0;0;0;0;0;0;0;0;0;0;0;0;0;0;0;0;0;0;0;0;0;0;0;0;0;0;0;0;0;0;0;0;0;0;0;0
3627;4;1;EV37;3;POS;atenolol;0;0;0;0;0;0;0;0;0;0;0;0;0;0;0;0;0;0;0;0;0;0;0;0;0;0;0;0;0;0;0;0;0;0;0;0;0;0;0;0;0;0;0;0;0;0;0;0;0;0;0;0;0;0;0;0;0;0;0;0;0;0;0;0;0;0;0;0;0;0;0;0;0;0;0;0;0;0;0;0;0;0;0;0;0;0;0;0;0;0;0;0;0;0;0;0;0;0;0;0;0;0;0;0;0;0;0;0;0;0;0;0;0;0;0;0;0
3799;4;2;EV37;3;POS;atenolol;0;0;0;0;0;0;0;0;0;0;0;0;0;0;0;0;0;0;0;0;0;0;0;0;0;0;0;0;0;0;0;0;1;0;0;0;0;0;0;0;0;0;0;0;0;0;0;0;0;0;0;0;0;0;0;0;0;0;0;0;0;0;0;0;0;0;0;0;0;0;0;0;0;0;0;0;0;0;0;0;0;0;0;0;0;0;0;0;0;0;0;0;0;0;0;0;1;0;0;0;0;0;0;0;0;0;0;0;0;0;0;0;0;0;0;0;0
3971;4;3;EV37;3;POS;atenolol;0;0;0;0;0;0;0;0;0;0;0;0;0;0;0;0;0;0;0;0;0;0;0;0;0;0;0;0;0;0;0;0;0;0;0;0;0;0;0;0;0;0;0;0;0;0;0;0;0;0;0;0;0;0;0;0;0;0;0;0;0;0;0;0;0;0;0;0;0;0;0;0;0;0;0;0;0;0;0;0;0;0;0;0;0;0;0;0;0;0;0;0;0;0;0;0;0;0;0;0;0;0;0;0;0;0;0;0;0;0;0;0;0;0;0;0;0
4143;4;4;EV37;3;POS;atenolol;0;0;0;0;0;0;0;0;0;0;0;0;0;0;0;0;0;0;0;0;0;0;0;0;0;0;0;0;0;0;0;0;0;0;0;0;0;0;0;0;0;0;0;0;0;0;0;0;0;0;0;0;0;0;0;0;0;0;0;0;0;0;0;0;0;0;0;0;0;0;0;0;0;0;0;0;0;0;0;0;0;0;0;0;0;0;0;0;0;0;0;0;0;0;0;0;0;0;0;0;0;0;0;0;0;0;0;0;0;0;0;0;0;0;0;0;0
4315;4;6;EV37;3;POS;atenolol;0;0;0;0;0;0;0;0;0;0;0;0;0;0;0;0;0;0;0;0;0;0;0;0;0;0;0;0;0;0;0;0;0;0;0;0;0;0;0;0;0;0;0;0;0;0;0;0;0;0;0;0;0;0;0;0;0;0;0;0;0;0;0;0;0;0;0;0;0;0;0;0;0;0;0;0;0;0;0;0;0;0;0;0;0;0;0;0;0;0;0;0;0;0;0;0;0;0;0;0;0;0;0;0;0;0;0;0;0;0;0;0;0;0;0;0;0
4487;4;7;EV37;3;POS;atenolol;0;0;0;0;0;0;0;0;0;0;0;0;0;0;0;0;0;0;0;0;0;0;0;0;0;0;0;0;0;0;0;0;0;0;0;0;0;0;0;0;0;0;0;0;0;0;0;0;0;0;0;0;0;0;0;0;0;0;0;0;0;0;0;0;0;0;0;0;0;0;0;0;0;0;0;0;0;0;0;0;0;0;0;0;0;0;0;0;0;0;0;0;0;0;0;0;0;0;0;0;0;0;0;0;0;0;0;0;0;0;0;0;0;0;0;0;0
4659;4;8;EV37;3;POS;atenolol;0;0;0;0;0;0;0;0;0;0;0;0;0;0;0;0;0;0;0;1;0;0;0;0;0;0;0;0;0;0;0;0;0;0;0;0;0;0;0;0;0;0;0;0;0;0;0;0;0;0;0;0;0;0;0;0;0;0;0;0;0;0;0;0;0;0;0;0;0;0;0;0;0;0;0;0;0;0;0;0;0;0;0;0;0;0;0;0;0;0;0;0;0;0;0;0;1;0;0;0;0;0;0;0;0;0;0;0;0;0;0;0;0;0;0;0;0
3628;4;1;EV37;3;POS;atomoxetine;0;0;0;0;0;0;0;0;0;0;0;0;0;0;0;0;0;0;0;0;0;0;0;0;0;0;0;0;0;0;0;0;0;0;0;0;0;0;0;0;0;0;0;0;0;0;0;0;0;0;0;0;0;0;0;0;0;0;0;0;0;0;0;0;0;0;1;0;0;0;0;0;0;0;0;0;0;0;0;0;0;0;0;0;0;0;0;0;0;0;0;0;0;0;0;0;1;0;0;0;0;0;0;0;0;0;0;0;0;0;0;0;0;0;0;0;0
3800;4;2;EV37;3;POS;atomoxetine;0;0;0;1;0;0;0;0;0;0;0;0;0;0;0;0;0;0;0;0;0;0;0;0;0;0;0;0;0;0;0;0;0;0;0;0;0;0;0;0;0;0;0;0;0;0;0;0;0;0;0;0;0;0;0;0;0;0;0;0;0;0;0;0;0;0;0;0;0;0;0;0;0;1;0;0;0;0;0;0;0;0;0;0;0;0;0;0;0;0;0;0;0;0;0;0;0;0;0;0;0;0;0;0;0;0;0;0;0;0;0;0;0;0;0;0;0
3972;4;3;EV37;3;POS;atomoxetine;0;0;0;0;0;0;0;0;0;0;0;0;0;0;0;0;0;0;0;0;0;0;0;0;0;0;0;0;0;0;0;0;0;0;0;0;0;0;0;0;0;0;0;0;0;0;0;0;0;0;0;0;0;0;0;0;0;0;0;0;0;0;0;0;0;0;1;0;0;0;0;0;0;0;0;0;0;0;0;0;0;0;0;0;0;0;0;0;0;0;0;0;0;0;0;0;1;0;0;0;0;0;0;0;0;0;0;0;0;0;0;0;0;0;0;0;0
4144;4;4;EV37;3;POS;atomoxetine;0;0;0;1;0;0;0;0;0;0;0;0;0;0;0;0;0;0;0;0;0;0;0;0;0;0;0;0;0;0;0;0;0;0;0;0;0;0;0;0;0;0;0;0;0;0;0;0;0;0;0;0;0;0;0;0;0;0;0;0;0;0;0;0;0;0;0;0;0;0;0;0;0;0;0;0;0;0;0;0;0;0;0;0;0;0;0;0;0;0;0;0;0;0;0;0;0;0;0;0;0;0;0;1;0;0;0;0;0;0;0;0;0;0;0;0;0
4316;4;6;EV37;3;POS;atomoxetine;0;0;0;0;0;0;0;0;0;0;0;0;0;0;0;0;0;0;0;0;0;0;0;0;0;0;0;0;0;0;0;0;0;0;0;0;0;0;0;0;0;0;0;0;0;0;0;0;0;0;0;0;0;0;0;0;0;0;0;0;0;0;0;0;0;0;0;0;0;0;0;0;0;0;0;0;0;0;0;0;0;0;0;0;0;0;0;0;0;0;0;0;0;0;0;0;0;0;0;0;0;0;0;0;0;0;0;0;0;0;0;0;0;0;0;0;0
4488;4;7;EV37;3;POS;atomoxetine;0;0;0;0;0;0;0;0;0;0;0;0;0;0;0;0;0;0;0;0;0;0;0;0;0;0;0;0;0;0;0;0;0;0;0;0;0;0;0;0;0;0;0;0;0;0;0;0;0;0;0;0;0;0;0;0;0;0;0;0;0;0;0;0;0;0;0;0;0;0;0;0;0;0;0;0;0;0;0;0;0;0;0;0;0;0;0;0;0;0;0;0;0;0;0;0;0;0;0;0;0;0;0;0;0;0;0;0;0;0;0;0;0;0;0;0;0
4660;4;8;EV37;3;POS;atomoxetine;0;0;0;0;0;0;0;0;0;0;0;0;0;0;0;0;0;0;0;0;0;0;0;0;0;0;0;0;0;0;0;0;0;0;0;0;0;0;0;0;0;0;0;0;0;0;0;0;0;0;0;0;0;0;0;0;0;0;0;0;0;0;0;0;0;0;0;0;0;0;0;0;0;0;0;0;0;0;0;0;0;0;0;0;0;0;0;0;0;0;0;0;0;0;0;0;0;0;0;0;0;0;0;0;0;0;0;0;0;0;0;0;0;0;0;0;0
3648;4;1;EV37;3;POS;danazol;7;0;1;0;0;0;0;0;0;0;0;0;0;0;0;0;0;0;0;1;0;0;0;0;0;0;0;0;0;0;0;0;5;0;0;0;0;0;0;1;0;0;0;0;0;0;0;0;0;0;0;0;0;0;0;0;0;0;0;0;0;0;0;0;1;0;2;0;0;0;2;1;0;0;0;0;0;0;0;0;0;0;0;0;0;0;0;0;0;0;0;0;0;0;0;0;15;0;0;0;0;0;0;0;0;0;0;0;0;0;0;0;0;0;0;0;0
3820;4;2;EV37;3;POS;danazol;0;0;0;0;0;0;0;0;0;0;0;0;0;0;0;0;0;0;0;5;0;0;0;0;0;0;0;0;0;0;0;0;2;0;0;0;0;0;0;0;0;0;0;0;0;0;0;0;0;0;0;0;0;0;0;0;0;0;0;0;0;0;0;0;0;0;0;0;0;0;0;0;0;1;0;0;0;0;0;0;0;0;0;0;0;0;0;0;0;0;0;0;0;0;0;0;3;0;0;0;0;0;0;0;0;0;0;0;0;0;0;0;0;2;1;0;1
3992;4;3;EV37;3;POS;danazol;2;0;1;0;0;0;0;0;0;0;0;0;0;0;0;0;0;0;0;2;0;0;0;0;0;0;0;0;0;0;0;0;3;0;0;0;0;0;0;0;0;0;0;0;0;0;0;0;0;0;0;0;0;0;0;0;0;0;0;0;0;0;0;0;0;0;2;0;0;0;0;2;0;0;0;0;0;0;0;0;0;0;0;0;0;0;0;0;0;0;0;0;0;0;0;0;9;0;0;0;0;0;0;0;0;0;0;0;0;0;0;0;0;0;0;0;0
4164;4;4;EV37;3;POS;danazol;0;0;0;0;0;0;0;0;0;0;0;0;0;0;0;0;0;0;0;0;0;0;0;0;0;0;0;0;0;0;0;0;1;0;0;0;0;0;0;0;0;0;0;0;0;0;0;0;0;0;0;0;0;0;0;0;0;0;0;0;0;0;0;0;0;0;1;0;1;0;0;0;0;0;0;0;0;0;0;0;0;0;0;0;0;0;0;0;0;0;0;0;0;0;0;0;3;0;0;0;0;0;0;0;0;0;0;0;0;0;0;0;0;0;0;0;0
4336;4;6;EV37;3;POS;danazol;0;0;0;0;0;0;0;0;0;0;0;0;0;0;0;0;0;0;0;0;0;0;0;0;0;0;0;0;0;0;0;0;4;0;0;0;0;0;0;0;0;0;0;0;0;0;0;0;0;0;0;0;0;0;0;0;0;0;0;0;0;0;0;0;0;0;2;0;1;0;0;2;0;0;0;0;0;0;0;0;0;0;0;0;0;0;0;0;0;0;0;0;0;0;0;0;2;0;0;0;0;0;0;1;0;0;0;0;0;0;0;0;0;0;0;0;0
4508;4;7;EV37;3;POS;danazol;0;0;0;0;0;0;0;0;0;0;0;0;0;0;0;0;0;0;0;0;0;0;0;0;0;0;0;0;0;0;0;0;0;0;0;0;0;0;0;0;0;0;0;0;0;0;0;0;0;0;0;0;0;0;0;0;0;0;0;0;0;0;0;0;0;0;1;0;0;0;0;0;0;0;0;0;0;0;0;0;0;0;0;0;0;0;0;0;0;0;0;0;0;0;0;0;1;0;0;0;0;0;0;1;0;0;0;0;0;0;0;0;0;0;0;0;0
4680;4;8;EV37;3;POS;danazol;2;0;2;0;0;0;0;0;0;0;0;0;0;0;0;0;0;0;0;1;0;0;0;0;0;0;0;0;0;0;0;0;3;0;0;0;0;0;0;0;0;0;0;0;0;0;0;0;0;0;0;0;0;0;0;0;0;0;0;0;0;0;0;0;0;0;2;0;0;1;0;0;0;0;0;0;0;0;0;0;0;0;0;0;0;0;0;0;0;0;0;0;0;0;0;0;9;1;0;0;0;0;0;0;0;0;0;0;0;0;0;0;0;0;0;0;0
3649;4;1;EV37;3;POS;daptomycin;1;0;0;0;1;6;0;0;0;0;0;0;0;0;0;0;0;0;0;0;0;0;0;0;1;0;0;0;2;1;0;0;0;4;0;1;0;0;1;0;0;0;0;0;0;0;0;0;0;0;0;0;0;0;0;0;0;0;0;0;1;2;0;0;0;0;3;0;1;0;1;1;0;0;0;1;0;0;0;0;0;0;0;0;0;0;0;0;0;0;0;0;0;0;0;0;9;0;0;0;0;0;0;0;0;0;0;0;0;0;0;0;0;0;0;0;0
3821;4;2;EV37;3;POS;daptomycin;1;1;0;0;2;1;0;0;0;0;0;0;1;0;0;0;0;0;0;0;0;0;0;0;0;1;0;0;0;0;0;0;1;1;0;1;0;0;1;0;0;0;0;0;0;0;0;0;0;0;0;0;0;0;0;0;0;0;0;0;0;0;0;0;0;0;2;0;1;0;0;2;0;0;0;0;0;0;0;0;0;1;0;0;0;0;0;0;0;0;0;0;0;0;0;0;6;0;0;0;0;0;0;1;0;0;0;0;0;0;0;0;0;3;0;0;0
3993;4;3;EV37;3;POS;daptomycin;1;0;0;0;0;4;0;0;0;0;0;0;0;0;0;0;0;0;0;0;0;0;0;0;0;1;0;0;0;0;1;0;1;2;0;1;0;0;1;0;0;0;0;0;0;0;0;0;0;0;0;0;0;0;0;0;0;0;0;0;1;0;0;1;0;0;2;0;1;0;0;2;0;0;0;0;0;0;0;0;0;0;0;0;0;0;0;0;0;0;0;0;0;0;0;0;3;0;0;0;0;0;0;1;0;0;0;0;0;0;0;0;0;1;0;0;0
4165;4;4;EV37;3;POS;daptomycin;0;0;0;0;0;4;0;0;0;0;0;0;0;0;0;0;0;0;0;0;0;0;0;0;0;0;0;0;0;1;0;0;0;0;0;3;0;0;2;0;0;0;0;0;0;0;0;0;0;0;0;0;0;0;0;0;0;0;0;0;0;0;0;0;0;0;0;0;0;0;0;0;0;0;0;0;0;0;0;0;0;0;0;0;0;0;0;0;0;0;0;0;0;0;0;0;4;0;0;0;0;0;0;1;0;0;0;0;0;0;0;0;0;0;1;0;0
4337;4;6;EV37;3;POS;daptomycin;0;2;0;0;1;2;0;0;0;0;0;1;1;0;0;0;0;0;1;0;0;0;0;0;0;3;0;0;1;0;0;0;2;7;0;3;0;0;2;0;0;0;0;0;0;0;0;0;0;0;0;0;0;0;0;0;0;0;0;0;3;1;0;0;0;0;5;0;6;1;1;6;0;0;0;1;0;1;0;0;0;0;0;0;1;0;0;0;0;0;0;0;0;0;0;0;13;0;0;0;0;0;0;0;0;0;0;0;0;0;0;0;0;3;0;0;1
4509;4;7;EV37;3;POS;daptomycin;1;3;0;0;2;3;0;0;0;0;0;1;2;0;0;0;0;0;1;0;0;0;0;0;0;0;0;0;0;0;0;0;1;2;0;1;0;0;1;0;1;0;0;0;0;0;0;0;0;0;0;0;0;0;0;0;0;0;0;0;2;2;0;0;0;0;3;0;1;0;1;5;0;0;0;0;0;0;0;0;0;0;0;0;1;0;0;0;0;0;0;0;0;0;0;0;6;0;0;0;0;0;0;1;0;0;0;0;0;0;0;0;0;2;0;0;1
4681;4;8;EV37;3;POS;daptomycin;1;1;0;0;1;2;0;0;0;0;0;0;0;0;0;0;0;0;0;0;0;0;0;0;0;0;0;0;1;0;1;0;0;4;0;0;0;0;0;0;0;0;0;0;0;0;0;0;0;0;0;0;0;0;0;0;0;0;0;0;1;0;0;1;0;0;4;0;0;1;0;1;0;0;0;0;0;0;0;0;0;0;0;0;0;0;0;0;0;0;0;0;0;0;0;0;10;0;0;0;0;0;0;0;0;0;0;0;0;0;0;0;0;2;0;0;0
3653;4;1;EV37;3;POS;desvenlafaxine;0;0;0;2;0;0;0;1;0;0;0;0;0;0;0;0;0;0;0;0;0;0;0;0;0;0;0;0;0;0;0;0;0;0;0;0;0;0;0;0;0;0;0;0;0;0;0;0;0;0;0;0;0;0;0;0;0;0;0;0;0;0;1;0;0;0;0;0;0;0;0;0;0;0;0;0;0;0;0;0;0;0;0;0;0;0;0;0;0;0;0;0;0;0;0;0;3;0;0;0;0;0;0;0;0;0;0;0;0;0;0;0;0;0;0;0;0
3825;4;2;EV37;3;POS;desvenlafaxine;0;0;0;1;0;0;0;1;0;0;0;0;0;0;0;0;0;0;0;0;0;0;0;0;0;0;0;0;0;0;0;0;0;0;0;0;0;0;0;0;0;0;0;0;0;0;0;0;0;0;0;0;0;0;0;0;0;0;0;0;0;0;1;0;0;0;0;0;0;0;0;0;0;1;0;0;0;0;0;0;0;0;0;0;0;0;0;0;0;0;0;0;0;0;0;0;1;0;0;0;0;0;0;0;0;0;0;0;0;0;0;0;0;0;0;0;0
3997;4;3;EV37;3;POS;desvenlafaxine;0;0;0;0;0;0;0;1;0;0;0;0;0;0;0;0;0;0;0;0;0;0;0;0;0;0;0;0;0;0;0;0;0;0;1;0;0;0;0;0;0;0;0;0;0;0;0;0;0;0;0;0;0;0;0;0;0;0;0;0;0;0;1;0;0;0;0;0;0;0;0;0;0;0;0;0;0;0;0;0;0;0;0;0;0;0;0;0;0;0;0;0;0;0;0;0;2;0;0;0;0;0;0;0;0;0;0;0;0;0;0;0;0;0;0;0;0
4169;4;4;EV37;3;POS;desvenlafaxine;0;0;0;0;0;0;0;0;0;0;0;0;0;0;0;0;0;0;0;0;0;0;0;0;0;0;0;0;0;0;0;0;0;0;0;0;0;0;0;0;0;0;0;0;0;0;0;0;0;0;0;0;0;0;0;0;0;0;0;0;0;0;0;0;0;0;0;0;0;0;0;0;0;0;0;0;0;0;0;0;0;0;0;0;0;0;0;0;0;0;0;0;0;0;0;0;0;0;0;0;0;0;0;0;0;0;0;0;0;0;0;0;0;0;0;0;0
4341;4;6;EV37;3;POS;desvenlafaxine;0;0;0;1;0;0;0;0;0;0;0;0;0;0;0;0;0;0;0;0;0;0;0;0;0;0;0;0;0;0;0;0;0;0;0;0;0;0;0;0;0;0;0;0;0;0;0;0;0;0;0;0;0;0;0;0;0;0;0;0;0;0;0;0;0;0;1;0;1;0;0;0;0;0;0;0;0;0;0;0;0;0;0;0;0;0;0;0;0;0;0;0;0;0;0;0;0;0;0;0;0;0;0;0;0;0;0;0;0;0;0;0;0;0;0;0;0
4513;4;7;EV37;3;POS;desvenlafaxine;0;0;0;1;0;0;0;0;0;0;0;0;0;0;0;0;0;0;0;0;0;0;0;0;0;0;0;0;0;0;0;0;0;0;0;0;0;0;0;0;0;0;0;0;0;0;0;0;0;0;0;0;0;0;0;0;0;0;0;0;0;0;0;0;0;0;1;0;0;0;0;0;0;0;0;0;0;0;0;0;0;0;0;0;0;0;0;0;0;0;0;0;0;0;0;0;1;0;0;0;0;0;0;0;0;0;0;0;0;0;0;0;0;0;0;0;0
4685;4;8;EV37;3;POS;desvenlafaxine;0;0;0;1;0;0;0;0;0;0;0;0;0;0;0;0;0;0;0;0;0;0;0;0;0;0;0;0;0;0;0;0;0;0;0;0;0;0;0;0;0;0;0;0;0;0;0;0;0;0;0;0;0;0;0;0;0;0;0;0;0;0;0;0;0;0;0;0;0;0;0;0;0;0;0;0;0;0;0;0;0;0;0;0;0;0;0;0;0;0;0;0;0;0;0;0;1;0;0;0;0;0;0;0;0;0;0;0;0;0;0;0;0;0;0;0;0
3656;4;1;EV37;3;POS;donepezil;0;0;0;0;0;0;0;0;0;0;0;0;0;0;0;0;0;0;0;0;0;0;0;0;0;0;0;0;0;0;0;0;1;0;0;0;0;0;0;0;0;0;0;0;0;0;0;0;0;0;0;0;0;0;0;0;0;0;0;0;0;0;0;0;0;0;0;0;0;0;0;0;0;0;0;0;0;0;0;0;0;0;0;0;0;0;0;0;0;0;0;0;0;0;0;0;1;0;0;0;0;0;0;0;0;0;0;0;0;0;0;0;0;0;0;0;0
3828;4;2;EV37;3;POS;donepezil;0;0;0;0;0;0;0;0;0;0;0;0;0;0;0;0;0;0;0;0;0;0;0;0;0;0;0;0;0;0;0;0;0;0;0;0;0;0;0;0;0;0;0;0;0;0;0;0;0;0;0;0;0;0;0;0;0;0;0;0;0;0;0;0;0;0;0;0;0;0;0;0;0;0;0;0;0;0;0;0;0;0;0;0;0;0;0;0;0;0;0;0;0;0;0;0;0;0;0;0;0;0;0;0;0;0;0;0;0;0;0;0;0;0;0;0;0
4000;4;3;EV37;3;POS;donepezil;0;0;0;0;0;0;0;0;0;0;0;0;0;0;0;0;0;0;0;0;0;0;0;0;0;0;0;0;0;0;0;0;0;0;0;0;0;0;0;0;0;0;0;0;0;0;0;0;0;0;0;0;0;0;0;0;0;0;0;0;0;0;0;0;0;0;0;0;0;0;0;0;0;0;0;0;0;0;0;0;0;0;0;0;0;0;0;0;0;0;0;0;0;0;0;0;0;0;0;0;0;0;0;0;0;0;0;0;0;0;0;0;0;0;0;0;0
4172;4;4;EV37;3;POS;donepezil;0;0;0;0;0;0;0;0;0;0;0;0;0;0;0;0;0;0;0;0;0;0;0;0;0;0;0;0;0;0;0;0;1;0;0;0;0;0;0;0;0;0;0;0;0;0;0;0;0;0;0;0;0;0;0;0;0;0;0;0;0;0;0;0;0;0;0;0;0;0;0;0;0;0;0;0;0;0;0;0;0;0;0;0;0;0;0;0;0;0;0;0;0;0;0;0;0;0;0;0;0;0;0;1;0;0;0;0;0;0;0;0;0;0;0;0;0
4344;4;6;EV37;3;POS;donepezil;0;0;0;0;0;0;0;0;0;0;0;0;0;0;0;0;0;0;0;0;0;0;0;0;0;0;0;0;0;0;0;0;0;0;0;0;0;0;0;0;0;0;0;0;0;0;0;0;0;0;0;0;0;0;0;0;0;0;0;0;0;0;0;0;0;0;0;0;0;0;0;0;0;0;0;0;0;0;0;0;0;0;0;0;0;0;0;0;0;0;0;0;0;0;0;0;0;0;0;0;0;0;0;0;0;0;0;0;0;0;0;0;0;0;0;0;0
4516;4;7;EV37;3;POS;donepezil;0;0;0;0;0;0;0;0;0;0;0;0;0;0;0;0;0;0;0;0;0;0;0;0;0;0;0;0;0;0;0;0;1;0;0;0;0;0;0;0;0;0;0;0;0;0;0;0;0;0;0;0;0;0;0;0;0;0;0;0;0;0;0;0;0;0;0;0;0;0;0;0;0;0;0;1;0;0;0;0;0;0;0;0;0;0;0;0;0;0;0;0;0;0;0;0;0;0;0;0;0;0;0;0;0;0;0;0;0;0;0;0;0;0;0;0;0
4688;4;8;EV37;3;POS;donepezil;0;0;1;0;0;0;0;0;0;0;0;0;0;0;0;0;0;0;0;0;0;0;0;0;0;0;0;0;0;0;0;0;1;0;0;0;0;0;0;0;0;0;0;0;0;0;0;0;0;0;0;0;0;0;0;0;0;0;0;0;0;0;0;0;0;0;0;0;0;1;0;0;0;0;0;0;0;0;0;0;0;0;0;0;0;0;0;0;0;0;0;0;0;0;0;0;2;0;0;0;0;0;0;0;0;0;0;0;0;0;0;0;0;0;0;0;0
3657;4;1;EV37;3;POS;doxorubicin;0;0;1;0;0;0;0;0;0;0;0;0;0;0;0;0;0;0;0;0;0;0;0;0;0;0;0;0;0;0;0;0;1;0;0;0;0;0;0;0;0;0;0;0;0;0;0;0;0;0;0;0;0;0;0;0;0;0;0;0;0;0;0;0;0;0;0;0;0;0;0;0;0;0;0;0;0;0;0;0;0;0;0;0;0;0;0;0;0;0;0;0;0;0;0;0;2;0;0;0;0;0;0;0;0;0;0;0;0;0;0;0;0;0;0;0;0
3829;4;2;EV37;3;POS;doxorubicin;0;0;0;0;0;0;0;0;0;0;0;0;0;0;0;0;0;0;0;0;0;0;0;0;0;0;0;0;0;0;0;0;0;0;0;0;0;0;0;0;0;0;0;0;0;0;0;0;0;0;0;0;0;0;0;0;0;0;0;0;0;0;0;0;0;0;0;0;0;0;0;0;0;0;0;0;0;0;0;0;0;0;0;0;0;0;0;0;0;0;0;0;0;0;0;0;0;0;0;0;0;0;0;0;0;0;0;0;0;0;0;0;0;0;0;0;0
4001;4;3;EV37;3;POS;doxorubicin;0;0;0;0;0;0;0;0;0;0;0;0;0;0;0;0;0;0;0;0;0;0;0;0;0;0;0;0;0;0;0;0;0;0;0;0;0;0;0;0;0;0;0;0;0;0;0;0;0;0;0;0;0;0;0;0;0;0;0;0;0;0;0;0;0;0;0;0;0;0;0;0;0;0;0;0;0;0;0;0;0;0;0;0;0;0;0;0;0;0;0;0;0;0;0;0;0;0;0;0;0;0;0;0;0;0;0;0;0;0;0;0;0;0;0;0;0
4173;4;4;EV37;3;POS;doxorubicin;0;0;0;0;0;0;0;0;0;0;0;0;0;0;0;0;0;0;0;0;0;0;0;0;0;0;0;0;0;0;0;0;0;0;0;0;0;0;0;0;0;0;0;0;0;0;0;0;0;0;0;0;0;0;0;0;0;0;0;0;0;0;0;0;0;0;1;0;1;0;0;0;0;0;0;0;0;0;0;0;0;0;0;0;0;0;0;0;0;0;0;0;0;0;0;0;0;0;0;0;0;0;0;0;0;0;0;0;0;0;0;0;0;0;0;0;0
4345;4;6;EV37;3;POS;doxorubicin;0;0;0;0;0;0;0;0;0;0;0;0;0;0;0;0;0;0;0;0;0;0;0;0;0;0;0;0;0;0;0;0;1;0;0;0;0;0;0;0;0;0;0;0;0;0;0;0;0;0;0;0;0;0;0;0;0;0;0;0;0;0;0;0;0;0;1;0;1;0;0;0;0;0;0;0;0;0;0;0;0;0;0;0;0;0;0;0;0;0;0;0;0;0;0;0;2;0;0;0;0;0;0;0;0;0;0;0;0;0;0;0;0;1;0;0;0
4517;4;7;EV37;3;POS;doxorubicin;0;0;0;0;0;0;0;0;0;0;0;0;0;0;0;0;0;0;0;0;0;0;0;0;0;0;0;0;0;0;0;0;0;0;0;0;0;0;0;0;0;0;0;0;0;0;0;0;0;0;0;0;0;0;0;0;0;0;0;0;0;0;0;0;0;0;0;0;0;0;0;0;0;0;0;0;0;0;0;0;0;0;0;0;0;0;0;0;0;0;0;0;0;0;0;0;0;0;0;0;0;0;0;0;0;0;0;0;0;0;0;0;0;0;0;0;0
4689;4;8;EV37;3;POS;doxorubicin;0;0;1;0;0;0;0;0;0;0;0;0;0;0;0;0;0;0;0;0;0;0;0;0;0;0;0;0;0;0;0;0;2;0;0;0;0;0;0;0;0;0;0;0;0;0;0;0;0;0;0;0;0;0;0;0;0;0;0;0;0;0;0;0;0;0;2;0;0;0;0;0;0;0;0;0;0;0;0;0;0;0;0;0;0;0;0;0;0;0;0;0;0;0;0;0;4;0;0;0;0;0;0;0;0;0;0;0;0;0;0;0;0;0;0;0;0
3665;4;1;EV37;3;POS;estradiol;326;0;3;0;0;0;0;15;0;0;0;0;0;0;0;0;0;0;0;3;0;0;0;0;0;1;0;0;0;0;0;1;28;0;0;0;0;1;0;0;0;0;0;0;0;0;0;0;0;0;0;0;0;0;0;0;0;0;0;0;0;0;5;1;0;0;7;0;4;1;27;5;0;1;0;0;0;0;0;0;0;0;0;0;0;0;0;0;0;0;0;12;0;0;0;0;345;0;0;0;0;0;0;0;0;0;0;0;0;0;0;0;0;0;0;0;0
3837;4;2;EV37;3;POS;estradiol;39;0;2;0;0;0;0;1;0;0;0;0;0;0;0;0;0;0;0;7;0;0;0;0;0;0;0;0;0;0;0;0;20;0;1;0;0;0;0;0;0;0;0;0;0;0;0;0;0;0;0;0;0;0;0;0;0;0;0;0;0;0;2;0;0;0;12;0;3;5;0;3;0;2;0;9;1;0;0;0;0;0;0;0;0;0;0;0;0;0;0;0;0;0;0;0;48;0;0;0;0;0;0;5;0;0;0;0;0;0;0;0;0;16;1;0;5
4009;4;3;EV37;3;POS;estradiol;54;0;0;0;0;0;0;0;0;0;0;0;0;0;0;0;0;0;0;2;0;0;0;0;0;0;0;0;0;0;1;1;23;0;0;0;0;0;0;0;0;0;0;0;0;0;0;0;0;0;0;0;0;0;0;0;0;0;0;0;0;0;2;0;0;0;11;0;3;1;11;12;0;0;0;0;0;0;0;0;0;0;0;0;0;0;0;0;1;0;0;0;0;0;0;0;73;0;0;0;0;0;0;0;0;0;0;0;0;0;0;0;0;0;1;0;1
4181;4;4;EV37;3;POS;estradiol;15;0;0;0;0;0;0;2;0;0;0;0;0;0;0;0;0;0;0;0;0;0;0;0;0;0;0;0;0;0;0;0;9;0;0;0;0;0;0;0;0;0;0;0;0;0;0;0;0;0;0;0;0;0;0;0;0;0;0;0;0;0;0;0;0;0;2;0;3;1;0;4;0;1;0;3;0;1;0;0;0;0;0;0;0;0;0;0;0;0;0;0;0;0;0;0;13;0;0;0;0;0;0;2;0;0;0;0;0;0;0;0;0;1;1;0;0
4353;4;6;EV37;3;POS;estradiol;71;0;1;0;0;0;0;7;0;0;0;0;0;0;0;0;0;0;0;1;0;0;0;0;0;0;0;0;0;0;0;0;25;0;0;0;0;1;0;0;0;0;0;0;0;0;0;0;0;0;0;0;0;0;0;0;0;0;0;0;0;0;0;1;0;0;13;0;7;1;3;13;0;0;0;4;0;0;0;0;0;0;0;0;1;0;0;0;10;0;0;0;0;0;0;0;89;0;0;0;0;1;0;4;0;0;0;0;0;0;0;0;0;10;0;0;3
4525;4;7;EV37;3;POS;estradiol;71;0;0;0;0;0;0;1;0;0;0;0;0;0;0;0;0;0;0;0;0;0;0;0;0;0;0;0;0;0;0;0;28;0;0;0;0;0;0;0;0;0;0;0;0;0;0;0;0;0;0;0;0;0;0;0;0;0;0;0;0;0;2;0;0;0;11;0;4;3;3;20;0;0;0;0;0;0;1;0;0;0;0;0;0;0;0;0;9;0;7;0;0;0;0;0;74;0;0;0;0;1;0;6;0;0;0;0;0;0;0;0;0;7;1;0;1
4697;4;8;EV37;3;POS;estradiol;153;0;0;0;0;0;0;6;0;0;0;0;0;0;0;0;0;0;0;1;1;0;0;0;0;0;0;0;0;0;0;0;19;0;0;0;0;0;0;0;0;0;0;0;0;0;0;0;0;0;0;0;0;0;0;0;0;0;0;0;0;0;0;0;0;0;8;0;1;0;0;2;0;0;0;1;0;0;0;0;0;0;0;0;0;0;0;0;9;0;1;0;0;0;0;0;173;14;0;0;0;0;0;0;0;0;0;0;0;0;0;0;0;0;0;0;0
3682;4;1;EV37;3;POS;gabapentin;0;0;0;0;0;0;0;0;0;0;0;0;0;0;0;0;0;0;0;0;0;0;0;0;0;0;0;0;0;0;0;0;3;0;1;0;0;0;0;0;0;0;0;0;0;0;0;0;0;0;0;0;0;0;0;0;0;0;0;0;0;0;0;0;0;0;0;0;0;0;0;0;0;0;0;0;0;0;0;0;0;0;0;0;0;0;0;0;0;0;0;0;0;0;0;0;4;0;0;0;0;0;0;0;0;0;0;0;0;0;0;0;0;0;0;0;0
3854;4;2;EV37;3;POS;gabapentin;0;0;0;0;0;0;0;0;0;0;0;0;0;0;0;0;0;0;0;0;0;0;0;0;0;0;0;0;0;0;0;0;1;0;0;0;0;0;0;0;0;0;0;0;0;0;0;0;0;0;0;0;0;0;0;0;0;0;0;0;0;0;0;0;0;0;0;0;0;0;0;0;0;0;0;1;0;0;0;0;0;0;0;0;0;0;0;0;0;0;0;0;0;0;0;0;0;0;0;0;0;0;0;0;0;0;0;0;0;0;0;0;0;0;0;0;0
4026;4;3;EV37;3;POS;gabapentin;0;0;0;0;0;0;0;0;0;0;0;0;0;0;0;0;0;0;0;0;0;0;0;0;0;0;0;0;0;0;0;0;1;0;0;0;0;0;0;0;0;0;0;0;0;0;0;0;0;0;0;0;0;0;0;0;0;0;0;0;0;0;0;0;0;0;0;0;0;0;0;0;0;0;0;0;0;0;0;0;0;0;0;0;0;0;0;0;0;0;0;0;0;0;0;0;1;0;0;0;0;0;0;0;0;0;0;0;0;0;0;0;0;0;0;0;0
4198;4;4;EV37;3;POS;gabapentin;0;0;0;0;0;0;0;0;0;0;0;0;0;0;0;0;0;0;0;0;0;0;0;0;0;0;0;0;0;0;0;0;1;0;0;0;0;0;0;0;0;0;0;0;0;0;0;0;0;0;0;0;0;0;0;0;0;0;0;0;0;0;0;0;0;0;0;0;0;0;0;0;0;0;0;0;0;0;0;0;0;0;0;0;0;0;0;0;0;0;0;0;0;0;0;0;0;0;0;0;0;0;0;1;0;0;0;0;0;0;0;0;0;0;0;0;0
4370;4;6;EV37;3;POS;gabapentin;0;0;0;0;0;0;0;0;0;0;0;0;0;0;0;0;0;0;0;0;0;0;0;0;0;0;0;0;0;0;0;0;2;0;0;0;0;0;0;0;0;0;0;0;0;0;0;0;0;0;0;0;0;0;0;0;0;0;0;0;0;0;0;0;0;0;0;0;1;0;0;0;0;0;0;0;0;0;0;0;0;0;0;0;0;0;0;0;0;0;0;0;0;0;0;0;2;0;0;0;0;0;0;0;0;0;0;0;0;0;0;0;0;1;0;0;0
4542;4;7;EV37;3;POS;gabapentin;0;0;0;0;0;0;0;0;0;0;0;0;0;0;0;0;0;0;0;0;0;0;0;0;0;0;0;0;0;0;0;0;0;0;0;0;0;0;0;0;0;0;0;0;0;0;0;0;0;0;0;0;0;0;0;0;0;0;0;0;0;0;0;0;0;0;0;0;0;0;0;0;0;0;0;0;0;0;0;0;0;0;0;0;0;0;0;0;0;0;0;0;0;0;0;0;0;0;0;0;0;0;0;0;0;0;0;0;0;0;0;0;0;0;0;0;0
4714;4;8;EV37;3;POS;gabapentin;0;0;0;0;0;0;0;0;0;0;0;0;0;0;0;0;0;0;0;0;0;0;0;0;0;0;0;0;0;0;0;0;3;0;0;0;0;0;0;0;0;0;0;0;0;0;0;0;0;0;0;0;0;0;0;0;0;0;0;0;0;0;0;0;0;0;2;0;0;0;0;0;0;0;0;0;0;0;0;0;0;0;0;0;0;0;0;0;0;0;1;0;0;0;0;0;5;0;0;0;0;0;0;0;0;0;0;0;0;0;0;0;0;0;0;0;0
3699;4;1;EV37;3;POS;leuprolide;1;0;0;3;2;3;0;0;0;0;0;0;0;0;0;0;0;0;0;1;0;0;0;0;0;0;0;0;1;6;1;1;4;0;1;3;0;0;0;0;0;0;0;0;0;0;0;0;0;0;0;0;0;1;0;0;0;0;0;0;0;0;0;3;0;0;3;0;0;0;2;1;0;0;0;0;0;0;0;0;0;0;0;0;0;0;0;0;0;0;0;0;0;0;0;0;16;0;0;0;0;0;0;1;0;0;0;0;0;0;0;0;0;0;0;0;0
3871;4;2;EV37;3;POS;leuprolide;1;0;0;1;2;0;0;0;0;0;0;1;0;0;0;0;0;0;0;0;0;0;0;0;0;0;0;0;1;0;0;0;0;1;0;0;0;0;0;0;0;0;0;0;0;0;1;0;0;0;0;0;0;0;0;0;0;0;0;0;0;1;1;1;0;0;2;0;1;0;0;0;0;0;0;0;0;0;0;0;0;0;0;0;0;0;0;0;0;0;0;0;0;0;0;0;2;0;0;0;0;0;0;0;0;0;0;0;0;0;0;0;0;2;0;0;0
4043;4;3;EV37;3;POS;leuprolide;1;0;0;2;1;0;0;0;0;0;0;1;0;0;0;0;0;0;0;0;0;0;0;0;0;0;0;0;1;3;0;0;0;1;1;2;0;0;0;0;0;0;0;0;0;0;1;0;0;0;0;0;0;1;0;0;0;0;0;0;0;1;1;2;0;0;3;0;1;0;3;1;0;0;0;0;0;0;0;0;0;0;0;0;0;0;0;0;0;0;0;0;0;0;0;0;7;0;0;0;0;0;0;1;0;0;0;0;0;0;0;0;0;0;0;0;0
4215;4;4;EV37;3;POS;leuprolide;0;0;0;2;0;0;0;0;0;0;0;0;0;0;0;0;0;0;0;0;0;0;0;0;0;0;0;0;0;0;0;0;0;0;0;0;0;0;0;0;0;0;0;0;0;0;0;0;0;0;0;0;0;0;0;0;0;0;0;0;0;0;0;0;0;0;0;0;0;0;0;0;0;0;0;0;0;0;0;0;0;0;0;0;0;0;0;0;0;0;0;0;0;0;0;0;2;0;0;0;0;0;0;0;0;0;0;0;0;0;0;0;0;0;0;0;0
4387;4;6;EV37;3;POS;leuprolide;0;0;0;1;0;0;0;0;0;0;0;0;0;0;0;0;0;0;0;0;0;0;0;0;0;0;0;0;0;0;0;0;2;0;0;0;0;0;0;0;0;0;0;0;0;0;0;0;0;0;0;0;0;0;0;0;0;0;0;0;0;0;0;0;0;0;2;0;1;0;0;1;0;0;0;0;0;0;0;0;0;0;0;0;0;0;0;0;0;0;0;0;0;0;0;0;2;0;0;0;0;0;0;0;0;0;0;0;0;0;0;0;0;2;0;0;0
4559;4;7;EV37;3;POS;leuprolide;1;0;0;0;1;0;0;0;0;0;0;1;0;0;0;0;0;0;0;0;0;0;0;0;0;0;0;0;0;0;0;0;1;1;0;0;0;0;0;0;0;0;0;0;0;0;1;0;0;0;0;0;0;0;0;0;0;0;0;0;0;1;0;0;0;0;2;0;0;0;0;2;0;0;0;0;0;0;0;0;0;0;0;0;0;0;0;0;0;0;0;0;0;0;0;0;1;0;0;0;0;0;0;0;0;0;0;0;0;0;0;0;0;0;0;0;0
4731;4;8;EV37;3;POS;leuprolide;4;2;0;5;2;0;0;0;0;0;0;1;0;0;0;0;0;0;0;0;0;0;0;0;0;1;0;0;2;2;0;0;1;2;0;0;0;0;0;0;0;0;0;0;0;0;1;0;0;0;0;0;0;0;1;0;0;0;0;0;0;1;0;1;0;0;4;1;0;0;0;0;0;0;0;1;0;0;0;0;0;0;0;0;0;0;0;0;0;0;0;0;0;0;0;0;12;0;0;0;0;0;0;0;0;0;0;0;0;0;0;0;0;0;0;0;0
3702;4;1;EV37;3;POS;levothyroxine;6;0;3;0;0;0;0;2;0;1;0;0;0;0;0;0;0;0;0;0;0;0;0;0;0;0;0;0;0;0;0;0;0;0;0;0;0;0;0;0;0;0;0;0;0;0;0;0;0;0;0;0;0;0;0;0;0;0;0;0;0;0;3;0;0;0;2;0;0;0;3;0;0;0;0;0;0;0;0;0;0;0;0;0;0;0;0;0;0;0;0;0;0;0;0;0;13;0;0;0;0;0;0;1;0;0;0;0;0;0;0;0;0;0;0;0;0
3874;4;2;EV37;3;POS;levothyroxine;0;1;0;0;1;0;0;0;0;0;0;0;0;0;0;0;0;0;0;0;0;0;0;0;0;0;0;0;0;0;0;0;0;0;0;0;0;0;0;0;0;0;0;0;0;0;0;0;0;0;0;0;0;0;0;0;0;0;0;0;0;0;1;0;0;0;1;0;0;0;0;0;0;0;0;0;0;0;0;0;0;0;0;0;0;0;0;0;0;0;0;0;0;0;0;0;1;0;0;0;0;0;0;0;0;0;0;0;0;0;0;0;0;1;0;0;0
4046;4;3;EV37;3;POS;levothyroxine;2;0;1;0;0;0;0;0;0;0;0;0;0;0;0;0;0;0;0;0;0;0;0;0;0;0;0;0;0;0;1;0;0;0;0;0;0;0;0;0;0;0;0;0;0;0;0;0;0;0;0;0;0;0;0;0;0;0;0;0;0;0;1;0;0;0;2;0;0;0;1;1;0;0;0;0;0;0;0;0;0;0;0;0;0;0;0;0;0;0;0;0;0;0;0;0;6;0;0;0;0;0;0;0;0;0;0;0;0;0;0;0;0;0;0;0;0
4218;4;4;EV37;3;POS;levothyroxine;0;0;0;0;0;0;0;0;0;0;0;0;0;0;0;0;0;0;0;0;0;0;0;0;0;0;0;0;0;0;0;0;0;0;0;0;0;0;0;0;0;0;0;0;0;0;0;0;0;0;0;0;0;0;0;0;0;0;0;0;0;0;0;0;0;0;0;0;0;0;0;0;0;0;0;0;0;0;0;0;0;0;0;0;0;0;0;0;0;0;0;0;0;0;0;0;0;0;0;0;0;0;0;0;0;0;0;0;0;0;0;0;0;0;0;0;0
4390;4;6;EV37;3;POS;levothyroxine;0;0;3;0;0;0;0;2;0;1;0;0;0;0;0;0;0;0;0;0;0;0;0;0;0;0;0;0;0;1;0;0;0;0;0;0;0;0;0;0;0;0;0;0;0;0;0;0;0;0;0;0;0;0;0;0;0;0;0;0;0;0;0;0;0;0;0;0;1;0;0;1;0;0;0;1;0;0;0;0;0;0;0;0;0;0;0;0;0;0;0;0;0;0;0;0;1;0;0;0;0;0;0;1;0;0;0;0;0;0;0;0;0;2;0;0;0
4562;4;7;EV37;3;POS;levothyroxine;2;0;1;0;0;0;0;0;0;0;0;0;0;0;0;0;0;0;0;0;0;0;0;0;0;0;0;0;0;0;0;0;0;0;0;0;0;0;0;0;0;0;0;0;0;0;0;0;0;0;0;0;0;0;0;0;0;0;0;0;0;0;0;0;0;0;3;0;2;0;0;2;0;0;0;0;0;0;0;0;0;0;0;0;0;0;0;0;1;0;2;0;0;0;0;0;3;0;0;0;0;0;0;0;0;0;0;0;0;0;0;0;0;0;0;0;0
4734;4;8;EV37;3;POS;levothyroxine;4;0;2;0;0;0;0;2;0;2;0;0;0;0;0;0;0;0;0;0;0;0;0;0;0;0;0;0;0;0;0;0;0;0;0;0;0;0;0;0;0;0;0;0;0;0;0;0;0;0;0;0;0;0;0;0;0;0;0;0;0;0;0;0;0;0;2;0;0;0;0;0;0;0;0;0;0;0;0;0;0;0;0;0;0;0;0;0;0;0;0;0;0;0;0;0;11;0;0;0;0;0;0;0;0;0;0;0;0;0;0;0;0;0;0;0;0
3705;4;1;EV37;3;POS;memantine;1;0;0;4;2;7;0;0;0;0;0;0;0;0;0;0;0;0;0;1;1;0;0;0;3;0;0;0;1;4;6;0;0;0;0;2;0;0;0;0;0;0;0;0;0;0;0;0;0;0;0;0;0;0;0;0;0;0;0;0;1;0;0;4;0;0;1;0;1;0;1;1;0;0;0;1;0;0;0;0;0;0;0;0;0;0;0;0;0;0;0;2;0;0;0;0;17;0;0;0;0;0;0;0;0;0;0;0;0;0;0;0;0;0;0;0;0
3877;4;2;EV37;3;POS;memantine;0;0;0;1;0;2;0;0;0;0;0;0;0;0;0;0;0;0;0;0;0;0;0;0;1;0;0;0;0;1;4;0;0;0;0;1;0;0;0;0;0;0;0;0;0;0;0;0;0;0;0;0;0;0;0;0;0;0;0;0;0;0;0;1;0;0;0;0;1;0;0;0;0;1;0;0;1;0;0;0;0;0;0;0;0;0;0;0;0;0;0;0;0;0;0;0;4;0;0;0;0;0;0;0;0;0;0;0;0;0;0;0;0;2;0;0;0
4049;4;3;EV37;3;POS;memantine;0;0;0;1;1;4;0;0;0;0;0;0;1;0;0;0;0;0;0;0;1;0;0;0;2;0;0;0;0;4;4;0;0;0;0;2;0;0;0;0;0;0;0;0;0;0;0;0;0;0;0;0;0;0;0;0;0;0;0;0;0;0;0;2;0;0;0;0;2;0;1;3;0;0;0;0;0;0;0;0;0;0;0;0;0;0;0;0;0;0;0;0;0;0;0;0;9;0;0;0;0;0;0;0;0;0;0;0;0;0;0;0;0;1;0;0;0
4221;4;4;EV37;3;POS;memantine;0;0;0;1;0;2;0;0;0;0;0;0;0;0;0;0;0;0;0;0;0;0;0;0;1;0;0;0;0;1;1;0;0;0;0;1;0;0;0;0;0;0;0;0;0;0;0;0;0;0;0;0;0;0;0;0;0;0;0;0;0;0;0;2;0;0;0;0;0;1;0;1;0;0;0;1;0;0;0;0;0;0;0;0;0;0;0;0;0;0;0;0;0;0;0;0;2;0;0;0;0;0;0;1;0;0;0;0;0;0;0;0;0;1;0;0;0
4393;4;6;EV37;3;POS;memantine;3;1;0;3;1;2;0;0;0;0;0;0;0;0;0;0;0;0;0;0;0;0;0;0;1;0;0;0;0;2;1;0;1;0;0;1;0;0;0;0;1;0;0;0;0;0;0;0;0;0;0;0;0;0;0;0;0;0;0;0;3;2;0;3;0;0;3;0;5;2;1;3;0;0;0;3;1;0;0;0;0;0;0;0;1;0;0;0;1;0;0;0;0;0;0;0;9;0;0;0;0;0;0;0;0;0;0;0;0;0;0;0;0;2;0;0;1
4565;4;7;EV37;3;POS;memantine;0;0;0;1;0;2;0;0;0;0;0;1;0;0;0;0;0;0;0;0;0;0;0;0;1;0;0;0;0;1;2;0;1;0;0;1;0;0;0;0;0;0;0;0;0;0;0;0;0;0;0;0;0;0;0;0;0;0;0;0;1;1;0;1;0;0;1;0;1;0;1;3;0;0;0;0;0;0;0;0;0;0;0;0;0;0;0;0;1;0;0;0;0;0;0;0;4;0;0;0;0;0;0;0;0;0;0;0;0;0;0;0;0;1;0;0;1
4737;4;8;EV37;3;POS;memantine;5;0;0;2;1;2;0;0;0;0;0;0;0;0;0;0;0;0;0;0;0;0;0;0;1;1;0;0;0;1;2;0;4;0;0;1;0;0;0;0;0;0;0;0;0;0;0;0;0;0;0;0;0;0;0;0;0;0;0;0;0;1;0;1;0;0;2;0;0;1;0;1;0;0;0;0;0;0;0;0;0;0;0;0;0;0;0;0;1;0;0;0;0;0;0;0;14;0;0;0;0;0;0;0;0;0;0;0;0;0;0;0;0;1;0;0;0
3706;4;1;EV37;3;POS;metformin;24;0;0;0;0;0;0;0;0;0;0;0;0;0;0;0;0;0;0;1;0;0;0;0;0;0;0;0;0;0;0;0;25;0;0;0;0;0;0;0;0;0;0;0;0;0;0;0;0;0;0;0;0;0;0;0;0;0;0;0;0;0;0;2;0;0;2;0;0;0;7;2;0;0;0;0;0;0;0;0;0;0;0;0;0;0;0;0;0;0;0;1;0;0;0;0;50;0;0;0;0;0;0;0;0;0;0;0;0;0;0;0;0;0;0;0;0
3878;4;2;EV37;3;POS;metformin;2;0;0;0;0;0;0;0;0;0;0;0;0;0;0;0;0;0;0;3;0;0;0;0;0;0;0;0;0;0;0;0;6;0;0;0;0;0;0;0;0;0;0;0;0;0;0;0;0;0;0;0;0;0;0;0;0;0;0;0;0;0;0;0;0;0;0;0;0;1;0;1;0;0;0;2;0;0;0;0;0;0;0;0;0;0;0;0;0;0;0;0;0;0;0;0;9;0;0;0;0;0;0;2;0;0;0;0;0;0;0;0;0;3;0;0;1
4050;4;3;EV37;3;POS;metformin;4;0;0;0;0;0;0;0;0;0;0;0;0;0;0;0;0;0;0;1;0;0;0;0;0;0;0;0;0;0;0;0;15;0;0;0;0;0;0;0;0;0;0;0;0;0;0;0;0;0;0;0;0;0;0;0;0;0;0;0;0;0;0;0;0;0;0;0;1;0;5;2;0;0;0;0;0;0;0;0;0;0;0;0;0;0;0;0;0;0;0;0;0;0;0;0;16;0;0;0;0;0;0;0;0;0;0;0;0;0;0;0;0;1;0;0;0
4222;4;4;EV37;3;POS;metformin;2;0;0;0;0;0;0;0;0;0;0;0;0;0;0;0;0;0;0;0;0;0;0;0;0;0;0;0;0;0;0;0;5;0;0;0;0;0;0;0;0;0;0;0;0;0;0;0;0;0;0;0;0;0;0;0;0;0;0;0;0;0;0;0;0;0;0;0;0;0;0;3;0;0;0;0;0;0;0;0;0;0;0;0;0;0;0;0;0;0;0;0;0;0;0;0;4;0;0;0;0;0;0;0;0;0;0;0;0;0;0;0;0;0;0;0;0
4394;4;6;EV37;3;POS;metformin;0;0;0;0;0;0;0;0;0;0;0;0;0;0;0;0;0;0;0;0;0;0;0;0;0;0;0;0;0;0;0;0;15;0;0;0;0;0;0;0;0;0;0;0;0;0;0;0;0;0;0;0;0;0;0;0;0;0;0;0;0;0;0;0;0;0;0;0;3;0;0;1;0;0;0;0;0;0;0;0;0;0;0;0;0;0;0;0;1;0;0;0;0;0;0;0;11;0;0;0;0;0;0;1;0;0;0;0;0;0;0;0;0;4;0;0;0
4566;4;7;EV37;3;POS;metformin;0;0;0;0;0;0;0;0;0;0;0;0;0;0;0;0;0;0;0;0;0;0;0;0;0;0;0;0;0;0;0;0;13;0;0;0;0;0;0;0;0;0;0;0;0;0;0;0;0;0;0;0;0;0;0;0;0;0;0;0;0;0;0;0;0;0;0;0;0;1;0;2;0;0;0;0;0;0;0;0;0;0;0;0;0;0;0;0;3;0;0;0;0;0;0;0;8;0;0;0;0;0;0;1;0;0;0;0;0;0;0;0;0;1;0;0;0
4738;4;8;EV37;3;POS;metformin;12;0;0;0;0;0;0;0;0;0;0;0;0;0;0;0;0;0;0;1;0;0;0;0;0;0;0;0;0;0;0;0;20;0;0;0;0;0;0;0;0;0;0;0;0;0;0;0;0;0;0;0;0;0;1;0;0;0;0;0;0;0;0;0;0;0;4;0;0;0;0;0;0;0;0;1;0;0;0;0;0;0;0;0;0;0;0;0;0;0;0;0;0;0;0;0;32;4;0;0;0;0;0;0;0;0;0;0;0;0;0;0;0;0;0;0;0
3707;4;1;EV37;3;POS;metoprolol;7;1;0;3;4;9;0;1;0;0;0;4;2;0;1;1;1;0;0;1;4;0;0;0;0;1;0;0;4;12;10;2;4;0;0;8;0;0;5;0;0;1;0;0;0;0;0;0;0;0;0;0;0;0;0;0;1;1;0;0;1;3;0;5;0;0;10;0;1;0;6;1;0;0;0;1;0;0;0;0;0;0;0;0;0;0;0;0;0;0;0;0;0;0;0;0;37;0;0;0;0;0;0;1;0;0;0;0;0;0;0;0;0;0;0;0;0
3879;4;2;EV37;3;POS;metoprolol;10;1;0;1;4;1;0;0;0;0;0;3;2;0;1;2;0;0;0;1;3;0;0;0;0;2;0;0;1;5;7;2;3;0;0;4;0;0;4;0;1;1;0;0;0;0;0;0;0;0;0;0;0;0;0;0;1;0;0;0;0;4;0;2;0;0;5;2;1;1;0;0;0;1;0;2;0;0;0;0;0;1;0;0;0;0;0;0;0;0;0;0;0;0;0;0;17;0;0;0;0;0;0;0;0;0;0;0;0;0;0;0;0;9;0;0;0
4051;4;3;EV37;3;POS;metoprolol;4;1;0;1;3;5;0;0;0;0;0;1;1;0;2;2;0;0;0;2;3;0;0;0;0;2;0;0;0;4;11;1;0;1;0;6;0;0;4;0;0;1;0;0;0;0;0;0;0;0;0;0;0;0;0;0;1;0;0;0;1;2;0;2;0;0;5;0;1;0;4;3;0;0;0;1;0;0;0;0;0;0;0;0;0;0;0;0;0;0;0;0;0;0;0;0;18;0;0;0;0;0;0;3;0;0;0;0;0;0;0;0;0;1;0;0;0
4223;4;4;EV37;3;POS;metoprolol;0;0;0;0;0;1;0;0;0;0;0;0;0;0;0;0;0;0;0;0;1;0;0;0;1;0;0;0;0;2;2;1;0;0;0;1;0;0;0;0;0;0;0;0;0;0;0;0;0;0;0;0;0;0;0;0;0;0;0;0;0;0;0;2;0;0;1;1;0;0;0;2;0;0;0;0;0;0;0;0;0;0;0;0;0;0;0;0;0;0;0;0;0;0;0;0;1;0;0;0;0;0;0;2;0;0;0;0;0;0;0;0;0;0;1;0;0
4395;4;6;EV37;3;POS;metoprolol;3;0;0;1;3;0;0;0;0;0;0;0;1;0;1;1;0;0;0;0;1;0;0;0;0;2;0;0;1;1;1;1;1;0;0;0;0;0;0;0;0;0;0;0;0;0;0;0;0;0;0;0;0;0;0;0;0;0;0;0;1;2;0;0;0;0;8;0;4;1;1;4;0;0;0;1;0;1;0;0;0;0;0;0;1;0;0;0;0;0;0;0;0;0;0;0;8;0;0;0;0;0;0;0;0;0;0;0;0;0;0;0;0;2;0;0;1
4567;4;7;EV37;3;POS;metoprolol;2;1;0;2;2;2;0;0;0;0;0;0;0;0;0;1;0;0;0;0;3;0;0;0;1;2;0;0;1;2;3;1;2;0;0;4;0;0;1;0;0;0;0;0;0;0;0;0;0;0;0;0;0;0;0;0;1;0;0;0;0;2;0;1;0;0;4;0;1;1;1;5;0;0;0;0;0;0;0;0;0;0;0;0;1;0;0;0;0;0;0;0;0;0;0;0;5;0;0;0;0;0;0;1;0;0;0;0;0;0;0;0;0;1;0;0;1
4739;4;8;EV37;3;POS;metoprolol;6;2;0;0;3;2;0;1;0;0;0;0;2;0;2;1;0;0;0;1;4;0;0;0;0;5;0;0;4;8;9;2;2;0;0;4;0;0;3;0;1;2;0;0;0;0;0;0;0;0;0;0;0;0;0;0;1;1;0;0;1;3;0;4;0;0;7;0;0;1;0;1;0;0;0;0;0;0;0;0;0;0;0;0;0;0;0;0;0;0;0;1;0;0;0;0;27;2;0;0;0;0;0;0;0;0;0;0;0;0;0;0;0;2;0;0;0
3708;4;1;EV37;3;POS;mexiletine;0;0;0;0;0;0;0;0;0;0;0;0;0;0;0;0;0;0;0;0;0;0;0;0;0;0;0;0;0;0;0;0;1;0;0;0;0;0;0;0;0;0;0;0;0;0;0;0;0;0;0;0;0;0;0;0;0;0;0;0;0;0;0;0;0;0;0;0;0;0;0;0;0;0;0;0;0;0;0;0;0;0;0;0;0;0;0;0;0;0;0;0;0;0;0;0;1;0;0;0;0;0;0;0;0;0;0;0;0;0;0;0;0;0;0;0;0
3880;4;2;EV37;3;POS;mexiletine;0;0;0;0;0;0;0;0;0;0;0;0;0;0;0;0;0;0;0;1;0;0;0;0;0;0;0;0;0;0;0;0;0;0;0;0;0;0;0;0;0;0;0;0;0;0;0;0;0;0;0;0;0;0;0;0;0;0;0;0;0;0;0;0;0;0;0;0;0;0;0;0;0;1;0;0;0;0;0;0;0;0;0;0;0;0;0;0;0;0;0;0;0;0;0;0;1;0;0;0;0;0;0;0;0;0;0;0;0;0;0;0;0;0;0;0;0
4052;4;3;EV37;3;POS;mexiletine;0;0;0;0;0;0;0;0;0;0;0;0;0;0;0;0;0;0;0;0;0;0;0;0;0;0;0;0;0;0;0;0;0;0;0;0;0;0;0;0;0;0;0;0;0;0;0;0;0;0;0;0;0;0;0;0;0;0;0;0;0;0;0;0;0;0;0;0;0;0;0;0;0;0;0;0;0;0;0;0;0;0;0;0;0;0;0;0;0;0;0;0;0;0;0;0;0;0;0;0;0;0;0;0;0;0;0;0;0;0;0;0;0;0;0;0;0
4224;4;4;EV37;3;POS;mexiletine;1;0;0;0;0;0;0;0;0;0;0;0;0;0;0;0;0;0;0;0;0;0;0;0;0;0;0;0;0;0;0;0;1;0;0;0;0;0;0;0;0;0;0;0;0;0;0;0;0;0;0;0;0;0;0;0;0;0;0;0;0;0;0;0;0;0;0;0;0;0;0;1;0;0;0;0;0;0;0;0;0;0;0;0;0;0;0;0;0;0;0;0;0;0;0;0;0;0;0;0;0;0;0;1;0;0;0;0;0;0;0;0;0;0;0;0;0
4396;4;6;EV37;3;POS;mexiletine;0;0;0;0;0;0;0;0;0;0;0;0;0;0;0;0;0;0;0;0;0;0;0;0;0;0;0;0;0;0;0;0;0;0;0;0;0;0;0;0;0;0;0;0;0;0;0;0;0;0;0;0;0;0;0;0;0;0;0;0;0;0;0;0;0;0;0;0;0;0;0;0;0;0;0;0;0;0;0;0;0;0;0;0;0;0;0;0;0;0;0;0;0;0;0;0;0;0;0;0;0;0;0;0;0;0;0;0;0;0;0;0;0;0;0;0;0
4568;4;7;EV37;3;POS;mexiletine;0;0;0;0;0;0;0;0;0;0;0;0;0;0;0;0;0;0;0;0;0;0;0;0;0;0;0;0;0;0;0;0;0;0;0;0;0;0;0;0;0;0;0;0;0;0;0;0;0;0;0;0;0;0;0;0;0;0;0;0;0;0;0;0;0;0;0;0;0;0;0;0;0;0;0;0;0;0;0;0;0;0;0;0;0;0;0;0;0;0;0;0;0;0;0;0;0;0;0;0;0;0;0;0;0;0;0;0;0;0;0;0;0;0;0;0;0
4740;4;8;EV37;3;POS;mexiletine;0;0;0;0;0;0;0;0;0;0;0;0;0;0;0;0;0;0;0;0;0;0;0;0;0;0;0;0;0;0;0;0;1;0;0;0;0;0;0;0;0;0;0;0;0;0;0;0;0;0;0;0;0;0;0;0;0;0;0;0;0;0;0;0;0;0;0;0;0;0;0;0;0;0;0;0;0;0;0;0;0;0;0;0;0;0;0;0;0;0;1;0;0;0;0;0;1;0;0;0;0;0;0;0;0;0;0;0;0;0;0;0;0;0;0;0;0
3714;4;1;EV37;3;POS;milnacipran;0;0;0;0;0;0;0;0;0;0;0;0;0;0;0;0;0;0;0;0;0;0;0;0;0;0;0;0;0;0;0;0;0;0;0;0;0;0;0;0;0;0;0;0;0;0;0;0;0;0;0;0;0;0;0;0;0;0;0;0;0;0;0;0;0;0;0;0;0;0;0;0;0;0;0;0;0;0;0;0;0;0;0;0;0;0;0;0;0;0;0;0;0;0;0;0;0;0;0;0;0;0;0;0;0;0;0;0;0;0;0;0;0;0;0;0;0
3886;4;2;EV37;3;POS;milnacipran;0;0;0;0;0;0;0;0;0;0;0;0;0;0;0;0;0;0;0;0;0;0;0;0;0;0;0;0;0;0;0;0;0;0;0;0;0;0;0;0;0;0;0;0;0;0;0;0;0;0;0;0;0;0;0;0;0;0;0;0;0;0;0;0;0;0;0;0;0;0;0;0;0;0;0;0;0;0;0;0;0;0;0;0;0;0;0;0;0;0;0;0;0;0;0;0;0;0;0;0;0;0;0;0;0;0;0;0;0;0;0;0;0;0;0;0;0
4058;4;3;EV37;3;POS;milnacipran;0;0;0;0;0;0;0;0;0;0;0;0;0;0;0;0;0;0;0;0;0;0;0;0;0;0;0;0;0;0;0;0;0;0;0;0;0;0;0;0;0;0;0;0;0;0;0;0;0;0;0;0;0;0;0;0;0;0;0;0;0;0;0;0;0;0;0;0;0;0;0;0;0;0;0;0;0;0;0;0;0;0;0;0;0;0;0;0;0;0;0;0;0;0;0;0;0;0;0;0;0;0;0;0;0;0;0;0;0;0;0;0;0;0;0;0;0
4230;4;4;EV37;3;POS;milnacipran;0;0;0;0;0;0;0;0;0;0;0;0;0;0;0;0;0;0;0;0;0;0;0;0;0;0;0;0;0;0;0;0;0;0;0;0;0;0;0;0;0;0;0;0;0;0;0;0;0;0;0;0;0;0;0;0;0;0;0;0;0;0;0;0;0;0;0;0;0;0;0;0;0;0;0;0;0;0;0;0;0;0;0;0;0;0;0;0;0;0;0;0;0;0;0;0;0;0;0;0;0;0;0;0;0;0;0;0;0;0;0;0;0;0;0;0;0
4402;4;6;EV37;3;POS;milnacipran;0;0;0;0;0;0;0;0;0;0;0;0;0;0;0;0;0;0;0;0;0;0;0;0;0;0;0;0;0;0;0;0;0;0;0;0;0;0;0;0;0;0;0;0;0;0;0;0;0;0;0;0;0;0;0;0;0;0;0;0;0;0;0;0;0;0;0;0;0;0;0;0;0;0;0;0;0;0;0;0;0;0;0;0;0;0;0;0;0;0;0;0;0;0;0;0;0;0;0;0;0;0;0;0;0;0;0;0;0;0;0;0;0;0;0;0;0
4574;4;7;EV37;3;POS;milnacipran;0;0;0;0;0;0;0;0;0;0;0;0;0;0;0;0;0;0;0;0;0;0;0;0;0;0;0;0;0;0;0;0;0;0;0;0;0;0;0;0;0;0;0;0;0;0;0;0;0;0;0;0;0;0;0;0;0;0;0;0;0;0;0;0;0;0;0;0;0;0;0;0;0;0;0;0;0;0;0;0;0;0;0;0;0;0;0;0;0;0;0;0;0;0;0;0;0;0;0;0;0;0;0;0;0;0;0;0;0;0;0;0;0;0;0;0;0
4746;4;8;EV37;3;POS;milnacipran;0;0;0;0;0;0;0;0;0;0;0;0;0;0;0;0;0;0;0;0;0;0;0;0;0;0;0;0;0;0;0;0;0;0;0;0;0;0;0;0;0;0;0;0;0;0;0;0;0;0;0;0;0;0;0;0;0;0;0;0;0;0;0;0;0;0;0;0;0;0;0;0;0;0;0;0;0;0;0;0;0;0;0;0;0;0;0;0;0;0;0;0;0;0;0;0;0;0;0;0;0;0;0;0;0;0;0;0;0;0;0;0;0;0;0;0;0
3717;4;1;EV37;3;POS;nelarabine;0;0;0;1;1;0;0;0;0;0;0;0;0;0;0;0;0;0;0;0;0;0;0;0;0;0;0;0;0;0;0;0;0;0;0;0;0;0;0;0;0;0;0;0;0;0;0;0;0;0;0;0;0;0;0;0;0;0;0;0;0;0;0;0;0;0;0;0;1;0;0;0;0;0;0;1;0;0;0;0;0;0;0;0;0;0;0;0;0;0;0;0;0;0;0;0;2;0;0;0;0;0;0;0;0;0;0;0;0;0;0;0;0;0;0;0;0
3889;4;2;EV37;3;POS;nelarabine;0;0;0;2;0;0;0;0;0;0;0;0;0;0;0;0;0;0;0;0;0;0;0;0;0;0;0;0;0;0;0;0;0;0;0;0;0;0;0;0;0;0;0;0;0;0;0;0;0;0;0;0;0;0;0;0;0;0;0;0;0;0;0;0;0;0;0;0;1;0;0;0;0;0;0;1;0;0;0;0;0;0;0;0;0;0;0;0;0;0;0;0;0;0;0;0;1;0;0;0;0;0;0;0;0;0;0;0;0;0;0;0;0;1;0;0;0
4061;4;3;EV37;3;POS;nelarabine;0;0;0;1;0;0;0;0;0;0;0;0;0;0;0;0;0;0;0;0;0;0;0;0;0;0;0;0;0;0;0;0;0;0;0;0;0;0;0;0;0;0;0;0;0;0;0;0;0;0;0;0;0;0;0;0;0;0;0;0;0;0;0;0;0;0;0;0;0;0;0;1;0;0;0;0;0;0;0;0;0;0;0;0;0;0;0;0;0;0;0;0;0;0;0;0;1;0;0;0;0;0;0;0;0;0;0;0;0;0;0;0;0;1;0;0;0
4233;4;4;EV37;3;POS;nelarabine;0;0;0;1;0;0;0;0;0;0;0;0;0;0;0;0;0;0;0;0;0;0;0;0;0;0;0;0;0;0;0;0;0;0;0;0;0;0;0;0;0;0;0;0;0;0;0;0;0;0;0;0;0;0;0;0;0;0;0;0;0;0;0;0;0;0;0;0;0;0;0;0;0;0;0;0;0;0;0;0;0;0;0;0;0;0;0;0;0;0;0;0;0;0;0;0;1;0;0;0;0;0;0;0;0;0;0;0;0;0;0;0;0;0;0;0;0
4405;4;6;EV37;3;POS;nelarabine;0;0;0;2;0;0;0;0;0;0;0;0;0;0;0;0;0;0;0;0;0;0;0;0;0;0;0;0;1;0;0;0;0;0;0;0;0;0;0;0;0;0;0;0;0;0;0;0;0;0;0;0;0;0;0;0;0;0;0;0;0;0;0;0;0;0;0;0;1;0;0;1;0;0;0;0;0;0;0;0;0;0;0;0;1;0;0;0;0;0;0;0;0;0;0;0;2;0;0;0;0;0;0;0;0;0;0;0;0;0;0;0;0;0;0;0;0
4577;4;7;EV37;3;POS;nelarabine;0;0;0;2;0;0;0;0;0;0;0;0;0;0;0;0;0;0;0;0;0;0;0;0;0;0;0;0;0;0;0;0;0;0;0;0;0;0;0;0;0;0;0;0;0;0;0;0;0;0;0;0;0;0;0;0;0;0;0;0;0;0;0;0;0;0;0;0;1;0;0;2;0;0;0;0;0;0;0;0;0;0;0;0;0;0;0;0;0;0;0;0;0;0;0;0;2;0;0;0;0;0;0;0;0;0;0;0;0;0;0;0;0;1;0;0;0
4749;4;8;EV37;3;POS;nelarabine;0;0;0;1;0;0;0;0;0;0;0;0;0;0;0;0;0;0;0;0;0;0;0;0;0;0;0;0;1;0;0;0;0;0;0;0;0;0;0;0;0;0;0;0;0;0;0;0;0;0;0;0;0;0;0;0;0;0;0;0;0;0;0;0;0;0;0;0;0;1;0;1;0;0;0;0;0;0;0;0;0;0;0;0;0;0;0;0;0;0;0;0;0;0;0;0;2;0;0;0;0;0;0;0;0;0;0;0;0;0;0;0;0;1;0;0;0
3721;4;1;EV37;3;POS;octreotide;2;0;0;1;2;7;0;0;0;0;0;3;0;0;0;0;0;0;0;1;0;0;1;0;0;1;0;0;2;9;5;0;3;2;0;4;0;0;0;0;0;2;0;0;0;0;1;0;0;0;0;0;0;0;0;0;0;0;0;0;0;4;0;2;0;0;5;0;2;0;3;2;0;1;0;0;0;0;0;0;0;0;0;0;0;0;0;0;0;0;0;0;0;0;0;0;28;0;0;0;0;0;0;0;0;0;0;0;0;0;0;0;0;0;0;0;0
3893;4;2;EV37;3;POS;octreotide;1;0;0;0;1;1;0;0;0;0;0;0;0;0;0;0;0;0;0;0;0;0;0;0;0;0;0;0;1;3;2;0;1;0;0;2;0;0;0;0;0;1;0;0;0;0;0;0;0;0;0;0;0;0;0;0;0;0;0;0;0;0;0;2;0;0;2;0;0;0;0;0;0;0;0;0;1;0;0;0;0;0;0;0;0;0;0;0;0;0;0;0;0;0;0;0;6;0;0;0;0;0;0;0;0;0;0;0;0;0;0;0;0;2;0;0;0
4065;4;3;EV37;3;POS;octreotide;2;1;0;1;3;1;0;0;0;0;0;2;0;0;0;0;0;0;0;0;2;0;1;0;0;0;0;0;2;4;5;1;2;3;0;1;0;0;0;0;0;1;0;0;0;0;1;0;0;0;0;0;0;0;1;0;0;0;0;0;0;1;0;1;0;0;5;0;1;0;4;1;0;0;0;0;0;0;0;0;0;0;0;0;0;0;0;0;0;0;0;0;0;0;0;0;12;0;0;0;0;0;0;0;0;0;0;0;0;0;0;0;0;1;0;0;1
4237;4;4;EV37;3;POS;octreotide;1;1;0;0;0;0;0;0;0;0;0;0;0;0;0;0;0;0;0;0;0;0;0;0;0;0;0;0;0;3;2;0;1;0;0;1;0;0;0;0;0;0;0;0;0;0;0;0;0;0;0;0;0;0;0;0;0;0;0;0;0;2;0;1;0;0;1;0;0;0;0;0;0;0;0;0;0;0;0;0;0;0;0;0;0;0;0;0;0;0;0;0;0;0;0;0;4;0;0;0;0;0;0;1;0;0;0;0;0;0;0;0;0;0;1;0;0
4409;4;6;EV37;3;POS;octreotide;4;1;0;1;2;1;0;0;0;0;0;1;0;0;0;0;0;0;0;0;0;0;1;0;0;1;0;0;1;1;2;0;2;2;0;0;0;0;0;0;1;0;0;0;0;0;2;0;0;0;0;0;0;0;0;0;0;0;0;0;0;2;0;1;0;0;4;0;3;0;0;2;0;0;0;0;0;0;0;0;0;0;0;0;0;0;0;0;1;0;0;0;0;0;0;0;11;0;0;0;0;0;0;0;0;0;0;0;0;0;0;0;0;4;0;0;0
4581;4;7;EV37;3;POS;octreotide;1;0;0;0;0;0;0;0;0;0;0;0;0;0;0;0;0;0;0;0;1;0;0;0;0;0;0;0;0;4;2;0;1;0;0;1;0;0;0;0;0;0;0;0;0;0;0;0;0;0;0;0;0;0;0;0;0;0;0;0;0;1;0;1;0;0;3;0;2;0;0;1;0;0;0;0;0;0;0;0;0;0;0;0;0;0;0;0;2;0;2;0;0;0;0;0;6;0;0;0;0;0;0;1;0;0;0;0;0;0;0;0;0;0;0;0;0
4753;4;8;EV37;3;POS;octreotide;1;0;0;1;2;2;0;0;0;0;0;1;1;0;1;1;0;0;0;0;0;0;1;0;0;0;0;0;1;4;3;0;1;3;0;2;0;0;0;0;1;1;0;0;0;0;1;0;0;0;0;0;0;0;0;0;0;0;0;0;0;4;0;2;0;0;7;0;1;0;0;0;0;0;0;1;0;0;0;0;0;0;0;0;0;0;0;0;0;0;0;0;0;0;0;0;17;1;0;0;0;0;0;0;0;0;0;0;0;0;0;0;0;0;0;0;0
3722;4;1;EV37;3;POS;orlistat;4;0;0;7;0;0;0;0;0;0;0;0;0;0;0;0;0;0;0;0;0;0;0;0;0;0;0;0;0;0;0;0;5;0;0;0;0;0;0;1;0;0;0;0;0;0;0;0;0;0;0;0;0;0;0;0;0;0;0;0;0;0;0;0;0;0;1;0;0;0;3;1;0;0;0;0;0;0;0;0;0;0;0;0;0;0;0;0;0;0;0;1;0;0;0;0;17;0;0;0;0;0;0;0;0;0;0;0;0;0;0;0;0;0;0;0;0
3894;4;2;EV37;3;POS;orlistat;1;0;0;0;0;0;0;0;0;0;0;0;0;0;0;0;0;0;0;0;0;0;0;0;0;0;0;0;0;0;0;0;1;0;0;0;0;0;0;0;0;0;0;0;0;0;0;0;0;0;0;0;0;0;0;0;0;0;0;0;0;0;0;0;0;0;0;0;0;1;0;0;0;0;0;0;0;0;0;0;0;0;0;0;0;0;0;0;0;0;0;0;0;0;0;0;1;0;0;0;0;0;0;0;0;0;0;0;0;0;0;0;0;1;0;0;0
4066;4;3;EV37;3;POS;orlistat;3;0;0;3;0;0;0;0;0;0;0;0;0;0;0;0;0;0;0;0;0;0;0;0;0;0;0;0;0;0;0;0;2;0;0;0;0;0;0;0;0;0;0;0;0;0;0;0;0;0;0;0;0;0;0;0;0;0;0;0;0;0;0;0;0;0;0;0;1;0;1;3;0;0;0;0;0;0;0;0;0;0;0;0;0;0;0;0;0;0;0;0;0;0;0;0;6;0;0;0;0;0;0;0;0;0;0;0;0;0;0;0;0;0;0;0;0
4238;4;4;EV37;3;POS;orlistat;0;0;0;0;0;0;0;0;0;0;0;0;0;0;0;0;0;0;0;0;0;0;0;0;0;0;0;0;0;0;0;0;0;0;0;0;0;0;0;0;0;0;0;0;0;0;0;0;0;0;0;0;0;0;0;0;0;0;0;0;0;0;0;0;0;0;0;0;0;0;0;0;0;0;0;0;0;0;0;0;0;0;0;0;0;0;0;0;0;0;0;0;0;0;0;0;0;0;0;0;0;0;0;0;0;0;0;0;0;0;0;0;0;0;0;0;0
4410;4;6;EV37;3;POS;orlistat;0;0;0;6;0;0;0;0;0;0;0;0;0;0;0;0;0;0;0;0;0;0;0;0;0;0;0;0;0;0;0;0;1;0;0;0;0;0;0;0;0;0;0;0;0;0;0;0;0;0;0;0;0;0;0;0;0;0;0;0;0;0;0;0;0;0;0;0;3;0;0;2;0;0;0;0;0;0;0;0;0;0;0;0;0;0;0;0;0;0;0;0;0;0;0;0;2;0;0;0;0;0;0;0;0;0;0;0;0;0;0;0;0;1;0;0;0
4582;4;7;EV37;3;POS;orlistat;0;0;0;2;0;0;0;0;0;0;0;0;0;0;0;0;0;0;0;0;0;0;0;0;0;0;0;0;0;0;0;0;0;0;0;0;0;0;0;0;0;0;0;0;0;0;0;0;0;0;0;0;0;0;0;0;0;0;0;0;0;0;0;0;0;0;0;0;0;0;0;0;0;0;0;0;0;0;0;0;0;0;0;0;0;0;0;0;0;0;1;0;0;0;0;0;1;0;0;0;0;0;0;0;0;0;0;0;0;0;0;0;0;0;0;0;0
4754;4;8;EV37;3;POS;orlistat;4;0;0;5;0;0;0;0;0;0;0;0;0;0;0;0;0;0;0;0;0;0;0;0;0;0;0;0;0;0;0;0;1;0;0;0;0;0;0;0;0;0;0;0;0;0;0;0;0;0;0;0;0;0;0;0;0;0;0;0;0;0;0;0;0;0;0;0;0;0;0;0;0;0;0;0;0;0;0;0;0;0;0;0;0;0;0;0;1;0;0;0;0;0;0;0;10;0;0;0;0;0;0;0;0;0;0;0;0;0;0;0;0;0;0;0;0
3727;4;1;EV37;3;POS;penicillamine;24;0;0;0;0;0;0;0;0;0;0;0;0;0;0;0;0;0;0;0;0;0;0;0;0;0;0;0;0;0;0;0;0;0;0;0;0;0;0;0;0;0;0;0;0;0;0;0;0;0;0;0;0;0;0;0;0;0;0;0;0;0;0;0;0;0;1;0;0;0;2;0;0;0;0;0;0;0;0;0;0;0;0;0;0;0;0;0;0;0;0;0;0;0;0;0;24;0;0;0;0;0;0;0;0;0;0;0;0;0;0;0;0;0;0;0;0
3899;4;2;EV37;3;POS;penicillamine;1;0;0;0;0;0;0;0;0;0;0;0;1;0;0;0;0;0;0;4;0;0;0;0;0;0;0;0;0;0;0;0;1;1;0;0;0;0;0;0;0;0;0;0;0;0;1;0;0;0;0;0;0;0;0;0;0;0;0;0;0;0;0;0;0;0;1;0;0;0;0;0;0;0;0;1;0;0;0;0;0;0;0;0;0;0;0;0;0;0;0;0;0;0;0;0;4;0;0;0;0;0;0;0;0;0;0;0;0;0;0;0;0;2;0;0;0
4071;4;3;EV37;3;POS;penicillamine;9;0;0;0;0;0;0;0;0;0;0;0;0;0;0;0;0;0;0;3;0;0;0;0;0;0;0;0;0;0;0;0;0;0;1;0;0;0;0;0;0;0;0;0;0;0;0;0;0;0;0;0;0;0;0;0;0;0;0;0;0;0;0;0;0;0;1;0;1;0;3;0;0;0;0;0;0;0;0;0;0;0;0;0;0;0;0;0;0;0;0;0;0;0;0;0;12;0;0;0;0;0;0;0;0;0;0;0;0;0;0;0;0;0;1;0;0
4243;4;4;EV37;3;POS;penicillamine;0;0;0;0;0;0;0;0;0;0;0;0;0;0;0;0;0;0;0;0;0;0;0;0;0;0;0;0;0;0;0;0;0;0;0;0;0;0;0;0;0;0;0;0;0;0;0;0;0;0;0;0;0;0;0;0;0;0;0;0;0;0;0;0;0;0;0;0;0;0;0;0;0;0;0;0;0;0;0;0;0;0;0;0;0;0;0;0;0;0;0;0;0;0;0;0;0;0;0;0;0;0;0;0;0;0;0;0;0;0;0;0;0;0;0;0;0
4415;4;6;EV37;3;POS;penicillamine;2;0;0;0;0;0;0;0;0;0;0;0;0;0;0;0;0;0;0;3;0;0;0;0;0;0;0;0;0;0;0;0;0;0;1;0;0;0;0;0;0;0;0;0;0;0;0;0;0;0;0;0;0;0;0;0;0;0;0;0;0;0;0;0;0;0;0;0;0;0;0;1;0;0;0;0;0;0;0;0;0;0;0;0;0;0;0;0;0;0;0;0;0;0;0;0;4;0;0;0;0;0;0;0;0;0;0;0;0;0;0;0;0;1;0;0;0
4587;4;7;EV37;3;POS;penicillamine;2;0;0;0;0;0;0;0;0;0;0;0;0;0;0;0;0;0;0;0;0;0;0;0;0;0;0;0;0;0;0;0;0;0;1;0;0;0;0;0;0;0;0;0;0;0;0;0;0;0;0;0;0;0;0;0;0;0;0;0;0;0;0;0;0;0;2;0;1;0;0;3;0;0;0;0;0;0;0;0;0;0;0;0;0;0;0;0;1;0;1;0;0;0;0;0;1;0;0;0;0;0;0;0;0;0;0;0;0;0;0;0;0;1;0;0;0
4759;4;8;EV37;3;POS;penicillamine;10;0;0;0;0;0;0;0;0;0;0;0;0;0;0;0;0;0;0;1;0;0;0;0;0;0;0;0;0;0;0;0;0;0;0;0;0;0;0;0;0;0;0;0;0;0;0;0;0;0;0;0;0;0;0;0;0;0;0;0;0;0;0;0;0;0;1;0;0;0;0;0;0;0;0;0;0;0;0;0;0;0;0;0;0;0;0;0;0;0;0;0;0;0;0;0;12;0;0;0;0;0;0;0;0;0;0;0;0;0;0;0;0;0;0;0;0
3733;4;1;EV37;3;POS;pregabalin;0;0;0;1;0;0;0;0;0;0;0;0;0;0;0;0;0;0;0;0;0;0;0;0;0;0;0;0;0;0;0;0;0;0;0;0;0;0;0;0;0;0;0;0;0;0;0;0;0;0;0;0;0;0;0;0;0;0;0;0;0;0;0;0;0;0;0;0;0;0;0;0;0;0;0;0;0;0;0;0;0;0;0;0;0;0;0;0;0;0;0;0;0;0;0;0;1;0;0;0;0;0;0;0;0;0;0;0;0;0;0;0;0;0;0;0;0
3905;4;2;EV37;3;POS;pregabalin;0;0;0;0;0;0;0;0;0;0;0;0;0;0;0;0;0;0;0;0;0;0;0;0;0;0;0;0;0;0;0;0;1;0;0;0;0;0;0;0;0;0;0;0;0;0;0;0;0;0;0;0;0;0;0;0;0;0;0;0;0;0;0;0;0;0;0;0;0;0;0;0;0;0;0;1;0;0;0;0;0;0;0;0;0;0;0;0;0;0;0;0;0;0;0;0;0;0;0;0;0;0;0;0;0;0;0;0;0;0;0;0;0;0;0;0;0
4077;4;3;EV37;3;POS;pregabalin;0;0;0;1;0;0;0;0;0;0;0;0;0;0;0;0;0;0;0;0;0;0;0;0;0;0;0;0;0;0;0;0;0;0;0;0;0;0;0;0;0;0;0;0;0;0;0;0;0;0;0;0;0;0;0;0;0;0;0;0;0;0;0;0;0;0;0;0;0;0;0;0;0;0;0;0;0;0;0;0;0;0;0;0;0;0;0;0;0;0;0;0;0;0;0;0;1;0;0;0;0;0;0;0;0;0;0;0;0;0;0;0;0;0;0;0;0
4249;4;4;EV37;3;POS;pregabalin;0;0;0;0;0;0;0;0;0;0;0;0;0;0;0;0;0;0;0;0;0;0;0;0;0;0;0;0;0;0;0;0;0;0;0;0;0;0;0;0;0;0;0;0;0;0;0;0;0;0;0;0;0;0;0;0;0;0;0;0;0;0;0;0;0;0;0;0;0;0;0;0;0;0;0;0;0;0;0;0;0;0;0;0;0;0;0;0;0;0;0;0;0;0;0;0;0;0;0;0;0;0;0;0;0;0;0;0;0;0;0;0;0;0;0;0;0
4421;4;6;EV37;3;POS;pregabalin;0;0;0;0;0;0;0;0;0;0;0;0;0;0;0;0;0;0;0;0;0;0;0;0;0;0;0;0;0;0;0;0;0;0;0;0;0;0;0;0;0;0;0;0;0;0;0;0;0;0;0;0;0;0;0;0;0;0;0;0;0;0;0;0;0;0;0;0;0;0;0;0;0;0;0;0;0;0;0;0;0;0;0;0;0;0;0;0;0;0;0;0;0;0;0;0;0;0;0;0;0;0;0;0;0;0;0;0;0;0;0;0;0;0;0;0;0
4593;4;7;EV37;3;POS;pregabalin;0;0;0;0;0;0;0;0;0;0;0;0;0;0;0;0;0;0;0;0;0;0;0;0;0;0;0;0;0;0;0;0;0;0;0;0;0;0;0;0;0;0;0;0;0;0;0;0;0;0;0;0;0;0;0;0;0;0;0;0;0;0;0;0;0;0;0;0;0;0;0;0;0;0;0;0;0;0;0;0;0;0;0;0;0;0;0;0;0;0;0;0;0;0;0;0;0;0;0;0;0;0;0;0;0;0;0;0;0;0;0;0;0;0;0;0;0
4765;4;8;EV37;3;POS;pregabalin;0;0;0;2;0;0;0;0;0;0;0;0;0;0;0;0;0;0;0;0;0;0;0;0;0;0;0;0;0;0;0;0;0;0;0;0;0;0;0;0;0;0;0;0;0;0;0;0;0;0;0;0;0;0;0;0;0;0;0;0;0;0;0;0;0;0;0;0;0;0;0;0;0;0;0;0;0;0;0;0;0;0;0;0;0;0;0;0;0;0;1;0;0;0;0;0;3;0;0;0;0;0;0;0;0;0;0;0;0;0;0;0;0;0;0;0;0
3734;4;1;EV37;3;POS;propafenone;0;0;0;2;1;1;1;0;0;0;0;0;0;0;0;0;0;0;0;0;1;0;0;0;0;0;0;0;0;0;0;0;0;0;0;1;0;0;1;0;0;0;0;0;0;0;0;0;0;0;0;0;0;0;0;0;0;0;0;0;0;0;0;0;0;0;0;0;0;0;0;0;0;0;0;0;0;0;0;0;0;0;0;0;0;0;0;0;0;0;0;0;0;0;0;0;4;0;0;0;0;0;0;0;0;0;0;0;0;0;0;0;0;0;0;0;0
3906;4;2;EV37;3;POS;propafenone;0;0;0;1;1;0;0;0;0;0;0;0;0;0;0;0;0;0;0;0;0;0;0;0;0;0;0;0;0;0;2;0;1;0;0;0;0;0;0;0;0;0;0;0;0;0;0;0;0;0;0;0;0;0;0;0;0;0;0;0;0;0;0;0;0;0;1;0;0;0;0;0;0;2;0;0;0;0;0;0;0;0;0;0;0;0;0;0;0;0;0;0;0;0;0;0;4;0;0;0;0;0;0;0;0;0;0;0;0;0;0;0;0;0;0;0;0
4078;4;3;EV37;3;POS;propafenone;1;0;0;0;0;1;0;0;0;0;0;0;0;0;0;0;0;0;0;0;0;0;0;0;0;0;0;0;0;1;2;0;0;0;0;2;0;0;1;0;0;1;0;0;0;0;0;0;0;0;0;0;0;0;0;0;0;0;0;0;0;0;0;1;0;0;0;0;1;0;0;0;0;0;0;0;0;0;0;0;0;0;0;0;0;0;0;0;0;0;0;0;0;0;0;0;2;0;0;0;0;0;0;0;0;0;0;0;0;0;0;0;0;0;0;0;0
4250;4;4;EV37;3;POS;propafenone;0;0;0;2;0;0;0;0;0;0;0;0;0;0;0;0;0;0;0;0;0;0;0;0;0;0;0;0;0;0;0;0;0;0;0;0;0;0;0;0;0;0;0;0;0;0;0;0;0;0;0;0;0;0;0;0;0;0;0;0;0;0;0;0;0;0;0;0;0;0;0;0;0;0;0;0;0;0;0;0;0;0;0;0;0;0;0;0;0;0;0;0;0;0;0;0;0;0;0;0;0;0;0;1;0;0;0;0;0;0;0;0;0;0;1;0;0
4422;4;6;EV37;3;POS;propafenone;0;0;0;2;0;0;0;0;0;0;0;0;0;0;0;0;0;0;0;0;0;0;0;0;0;0;0;0;0;0;0;0;1;0;0;0;0;0;0;0;0;0;0;0;0;0;0;0;0;0;0;0;0;0;0;0;0;0;0;0;0;0;0;0;0;0;0;0;1;0;0;0;0;0;0;0;0;0;0;0;0;0;0;0;0;0;0;0;0;0;0;0;0;0;0;0;3;0;0;0;0;0;0;0;0;0;0;0;0;0;0;0;0;1;0;0;0
4594;4;7;EV37;3;POS;propafenone;0;0;0;0;0;0;0;0;0;0;0;0;0;0;0;0;0;0;0;0;0;0;0;0;0;0;0;0;0;0;0;0;0;0;0;0;0;0;0;0;0;0;0;0;0;0;0;0;0;0;0;0;0;0;0;0;0;0;0;0;0;0;0;2;0;0;0;0;1;0;0;1;0;0;0;0;0;0;0;0;0;0;0;0;0;0;0;0;1;0;1;0;0;0;0;0;1;0;0;0;0;0;0;0;0;0;0;0;0;0;0;0;0;0;0;0;0
4766;4;8;EV37;3;POS;propafenone;2;0;1;1;0;1;0;0;0;0;0;0;0;0;0;0;0;0;0;0;1;0;0;0;0;0;0;0;0;1;4;0;1;0;0;2;0;0;1;0;0;0;0;0;0;0;0;0;0;0;0;0;0;0;0;0;0;0;0;0;0;1;0;0;1;0;1;0;0;1;0;1;0;0;0;0;0;0;0;0;0;0;0;0;0;0;0;0;0;0;1;0;0;0;0;0;10;0;0;0;0;0;0;0;0;0;0;0;0;0;0;0;0;0;0;0;0
3735;4;1;EV37;3;POS;propoxyphene;0;0;0;0;0;0;0;0;0;0;0;0;0;0;0;0;0;0;0;0;1;0;0;0;0;0;0;0;1;0;1;0;0;0;0;1;0;0;0;0;0;0;0;0;0;0;0;0;0;0;0;0;0;0;0;0;0;0;0;0;0;0;0;0;0;0;0;0;0;0;0;0;0;0;0;0;0;0;0;0;0;0;0;0;0;0;0;0;0;0;0;0;0;0;0;0;4;0;0;0;0;0;0;0;0;0;0;0;0;0;0;0;0;0;0;0;0
3907;4;2;EV37;3;POS;propoxyphene;0;0;0;0;0;0;0;0;0;0;0;0;0;0;0;0;0;0;0;0;1;0;0;0;0;0;0;0;0;0;0;0;0;0;0;0;0;0;0;0;0;0;0;0;0;0;0;0;0;0;0;0;0;0;0;0;0;0;0;0;0;0;0;0;0;0;0;0;0;0;0;0;0;1;0;0;0;0;0;0;0;0;0;0;0;0;0;0;0;0;0;0;0;0;0;0;0;0;0;0;0;0;0;0;0;0;0;0;0;0;0;0;0;0;0;0;0
4079;4;3;EV37;3;POS;propoxyphene;0;0;0;0;0;0;0;0;0;0;0;0;0;0;0;0;0;0;0;0;0;0;0;0;0;0;0;0;0;1;0;0;0;0;0;0;0;0;0;0;0;0;0;0;0;0;0;0;0;0;0;0;0;0;0;0;0;0;0;0;0;0;0;1;0;0;0;0;0;0;0;0;0;0;0;0;0;0;0;0;0;0;0;0;0;0;0;0;0;0;0;0;0;0;0;0;1;0;0;0;0;0;0;0;0;0;0;0;0;0;0;0;0;0;0;0;0
4251;4;4;EV37;3;POS;propoxyphene;1;0;0;0;0;0;0;0;0;0;0;0;0;0;0;0;0;0;0;0;0;0;0;0;0;0;0;0;0;0;0;0;0;0;0;0;0;0;0;0;0;0;0;0;0;0;0;0;0;0;0;0;0;0;0;0;0;0;0;0;0;0;0;0;0;0;0;0;0;0;0;0;0;0;0;0;0;0;0;0;0;0;0;0;0;0;0;0;0;0;0;0;0;0;0;0;0;0;0;0;0;0;0;1;0;0;0;0;0;0;0;0;0;0;0;0;0
4423;4;6;EV37;3;POS;propoxyphene;1;0;0;0;0;0;0;0;0;0;0;0;0;0;0;0;0;0;0;0;0;0;0;0;0;0;0;0;1;0;0;0;0;0;0;0;0;0;0;0;0;0;0;0;0;0;0;0;0;0;0;0;0;0;0;0;0;0;0;0;0;0;0;0;0;0;1;0;1;0;0;0;0;0;0;0;0;0;0;0;0;0;0;0;0;0;0;0;0;0;0;0;0;0;0;0;1;0;0;0;0;0;0;0;0;0;0;0;0;0;0;0;0;0;0;0;0
4595;4;7;EV37;3;POS;propoxyphene;0;0;0;0;0;0;0;0;0;0;0;0;0;0;0;0;0;0;0;0;0;0;0;0;0;0;0;0;0;0;0;0;0;0;0;0;0;0;0;0;0;0;0;0;0;0;0;0;0;0;0;0;0;0;0;0;0;0;0;0;0;0;0;0;0;0;0;0;0;0;0;0;0;0;0;0;0;0;0;0;0;0;0;0;0;0;0;0;0;0;0;0;0;0;0;0;0;0;0;0;0;0;0;0;0;0;0;0;0;0;0;0;0;0;0;0;0
4767;4;8;EV37;3;POS;propoxyphene;0;0;0;0;0;0;0;0;0;0;0;0;0;0;0;0;0;0;0;0;0;0;0;0;0;0;0;0;0;0;0;0;0;0;0;0;0;0;0;0;0;0;0;0;0;0;0;0;0;0;0;0;0;0;0;0;0;0;0;0;1;0;0;0;0;0;0;0;0;0;0;0;0;0;0;0;0;0;0;0;0;0;0;0;0;0;0;0;0;0;0;0;0;0;0;0;1;0;0;0;0;0;0;0;0;0;0;0;0;0;0;0;0;0;0;0;0
3746;4;1;EV37;3;POS;ropinirole;1;0;0;4;0;0;0;0;0;0;0;0;0;0;0;0;0;0;0;0;0;0;0;0;0;0;0;0;0;0;0;0;1;0;0;0;0;0;0;0;0;0;0;0;0;0;0;0;0;0;0;0;0;0;0;0;0;0;0;0;0;0;0;1;0;0;0;0;0;0;2;1;0;0;0;0;0;0;0;0;0;0;0;0;0;0;0;0;0;0;0;0;0;0;0;0;6;0;0;0;0;0;0;0;0;0;0;0;0;0;0;0;0;0;0;0;0
3918;4;2;EV37;3;POS;ropinirole;0;0;0;1;0;0;0;0;0;0;0;0;0;0;0;0;0;0;0;0;0;0;0;0;0;0;0;0;0;0;0;0;0;0;0;0;0;0;0;0;0;0;0;0;0;0;0;0;0;0;0;0;0;0;0;0;0;0;0;0;0;0;0;0;0;0;0;0;0;0;0;0;0;0;0;1;0;0;0;0;0;0;0;0;0;0;0;0;0;0;0;0;0;0;0;0;0;0;0;0;0;0;0;0;0;0;0;0;0;0;0;0;0;0;0;0;0
4090;4;3;EV37;3;POS;ropinirole;0;0;0;1;0;0;0;0;0;0;0;0;0;0;0;0;0;0;0;0;0;0;0;0;0;0;0;0;0;0;0;0;1;0;0;0;0;0;0;0;0;0;0;0;0;0;0;0;0;0;0;0;0;0;0;0;0;0;0;0;0;0;0;0;0;0;0;0;0;0;0;1;0;0;0;0;0;0;0;0;0;0;0;0;0;0;0;0;0;0;0;0;0;0;0;0;2;0;0;0;0;0;0;0;0;0;0;0;0;0;0;0;0;0;0;0;0
4262;4;4;EV37;3;POS;ropinirole;0;0;0;0;0;0;0;0;0;0;0;0;0;0;0;0;0;0;0;0;0;0;0;0;0;0;0;0;0;0;0;0;0;0;0;0;0;0;0;0;0;0;0;0;0;0;0;0;0;0;0;0;0;0;0;0;0;0;0;0;0;0;0;0;0;0;0;0;0;0;0;0;0;0;0;0;0;0;0;0;0;0;0;0;0;0;0;0;0;0;0;0;0;0;0;0;0;0;0;0;0;0;0;0;0;0;0;0;0;0;0;0;0;0;0;0;0
4434;4;6;EV37;3;POS;ropinirole;0;0;0;2;0;0;0;0;0;0;0;0;0;0;0;0;0;0;0;0;0;0;0;0;0;0;0;0;0;0;0;0;1;0;0;0;0;0;0;0;0;0;0;0;0;0;0;0;0;0;0;0;0;0;0;0;0;0;0;0;0;0;0;0;0;0;0;0;1;0;0;1;0;0;0;0;0;0;0;0;0;0;0;0;0;0;0;0;0;0;0;0;0;0;0;0;2;0;0;0;0;0;0;0;0;0;0;0;0;0;0;0;0;0;0;0;0
4606;4;7;EV37;3;POS;ropinirole;0;0;0;0;0;0;0;0;0;0;0;0;0;0;0;0;0;0;0;0;0;0;0;0;0;0;0;0;0;0;0;0;0;0;0;0;0;0;0;0;0;0;0;0;0;0;0;0;0;0;0;0;0;0;0;0;0;0;0;0;0;0;0;0;0;0;0;0;0;0;0;0;0;0;0;0;0;0;0;0;0;0;0;0;0;0;0;0;0;0;0;0;0;0;0;0;0;0;0;0;0;0;0;0;0;0;0;0;0;0;0;0;0;0;0;0;0
4778;4;8;EV37;3;POS;ropinirole;0;0;0;8;0;0;0;0;0;0;0;0;0;0;0;0;0;0;0;0;0;0;0;0;0;0;0;0;0;0;0;0;2;0;0;0;0;0;0;0;0;0;0;0;0;0;0;0;0;0;0;0;0;0;0;0;0;0;0;0;0;0;0;0;0;0;1;0;0;1;0;0;0;0;0;0;0;0;0;0;0;0;0;0;0;0;0;0;0;0;0;0;0;0;0;0;7;1;0;0;0;0;0;0;0;0;0;0;0;0;0;0;0;0;0;0;0
3755;4;1;EV37;3;POS;succimer;0;0;0;0;0;0;0;0;0;0;0;0;0;0;0;0;0;0;0;0;0;0;0;0;0;0;0;0;0;0;0;0;0;0;0;0;0;0;0;0;0;0;0;0;0;0;0;0;0;0;0;0;0;0;0;0;0;0;0;0;0;0;0;0;0;0;0;0;0;0;0;0;0;0;0;0;0;0;0;0;0;0;0;0;0;0;0;0;0;0;0;0;0;0;0;0;0;0;0;0;0;0;0;0;0;0;0;0;0;0;0;0;0;0;0;0;0
3927;4;2;EV37;3;POS;succimer;0;0;0;0;0;0;0;0;0;0;0;0;0;0;0;0;0;0;0;0;0;0;0;0;0;0;0;0;0;0;0;0;0;0;0;0;0;0;0;0;0;0;0;0;0;0;0;0;0;0;0;0;0;0;0;0;0;0;0;0;0;0;0;0;0;0;0;0;0;0;0;0;0;0;0;0;0;0;0;0;0;0;0;0;0;0;0;0;0;0;0;0;0;0;0;0;0;0;0;0;0;0;0;0;0;0;0;0;0;0;0;0;0;0;0;0;0
4099;4;3;EV37;3;POS;succimer;0;0;0;0;0;0;0;0;0;0;0;0;0;0;0;0;0;0;0;0;0;0;0;0;0;0;0;0;0;0;0;0;0;0;0;0;0;0;0;0;0;0;0;0;0;0;0;0;0;0;0;0;0;0;0;0;0;0;0;0;0;0;0;0;0;0;0;0;0;0;0;0;0;0;0;0;0;0;0;0;0;0;0;0;0;0;0;0;0;0;0;0;0;0;0;0;0;0;0;0;0;0;0;0;0;0;0;0;0;0;0;0;0;0;0;0;0
4271;4;4;EV37;3;POS;succimer;0;0;0;0;0;0;0;0;0;0;0;0;0;0;0;0;0;0;0;0;0;0;0;0;0;0;0;0;0;0;0;0;0;0;0;0;0;0;0;0;0;0;0;0;0;0;0;0;0;0;0;0;0;0;0;0;0;0;0;0;0;0;0;0;0;0;0;0;0;0;0;0;0;0;0;0;0;0;0;0;0;0;0;0;0;0;0;0;0;0;0;0;0;0;0;0;0;0;0;0;0;0;0;0;0;0;0;0;0;0;0;0;0;0;0;0;0
4443;4;6;EV37;3;POS;succimer;0;0;0;0;0;0;0;0;0;0;0;0;0;0;0;0;0;0;0;0;0;0;0;0;0;0;0;0;0;0;0;0;0;0;0;0;0;0;0;0;0;0;0;0;0;0;0;0;0;0;0;0;0;0;0;0;0;0;0;0;0;0;0;0;0;0;0;0;0;0;0;0;0;0;0;0;0;0;0;0;0;0;0;0;0;0;0;0;0;0;0;0;0;0;0;0;0;0;0;0;0;0;0;0;0;0;0;0;0;0;0;0;0;0;0;0;0
4615;4;7;EV37;3;POS;succimer;0;0;0;0;0;0;0;0;0;0;0;0;0;0;0;0;0;0;0;0;0;0;0;0;0;0;0;0;0;0;0;0;0;0;0;0;0;0;0;0;0;0;0;0;0;0;0;0;0;0;0;0;0;0;0;0;0;0;0;0;0;0;0;0;0;0;0;0;0;0;0;0;0;0;0;0;0;0;0;0;0;0;0;0;0;0;0;0;0;0;0;0;0;0;0;0;0;0;0;0;0;0;0;0;0;0;0;0;0;0;0;0;0;0;0;0;0
4787;4;8;EV37;3;POS;succimer;0;0;0;0;0;0;0;0;0;0;0;0;0;0;0;0;0;0;0;0;0;0;0;0;0;0;0;0;0;0;0;0;0;0;0;0;0;0;0;0;0;0;0;0;0;0;0;0;0;0;0;0;0;0;0;0;0;0;0;0;0;0;0;0;0;0;0;0;0;0;0;0;0;0;0;0;0;0;0;0;0;0;0;0;0;0;0;0;0;0;0;0;0;0;0;0;0;0;0;0;0;0;0;0;0;0;0;0;0;0;0;0;0;0;0;0;0
3761;4;1;EV37;3;POS;terbutaline;1;0;0;0;1;4;0;0;0;0;0;1;0;0;0;1;0;0;0;0;2;0;0;0;1;0;0;0;2;8;8;1;0;0;0;8;0;0;2;0;0;0;0;0;0;0;0;0;0;0;0;0;0;0;0;0;2;0;0;0;0;0;0;5;0;0;3;0;0;0;4;2;0;0;0;1;0;0;0;0;0;0;0;0;0;0;0;0;0;0;0;0;0;0;0;0;25;0;0;0;0;0;0;0;0;0;0;0;0;0;0;0;0;0;0;0;0
3933;4;2;EV37;3;POS;terbutaline;0;1;0;0;4;1;0;0;0;0;0;0;0;1;0;0;0;0;0;0;0;0;0;0;0;0;0;0;1;1;0;0;1;0;0;0;0;0;0;0;0;0;0;0;0;0;0;0;0;0;0;0;0;0;0;0;0;0;0;0;0;0;0;0;0;0;1;0;0;0;0;0;0;0;0;0;0;0;0;0;0;0;0;0;0;0;0;0;0;0;0;0;0;0;0;0;4;0;0;0;0;0;0;0;0;0;0;0;0;0;0;0;0;2;0;0;0
4105;4;3;EV37;3;POS;terbutaline;0;2;0;1;2;2;0;0;0;0;0;0;0;1;0;0;0;0;0;1;1;0;0;0;0;0;0;0;0;2;3;0;0;0;0;4;0;0;0;0;0;0;0;0;0;0;0;0;0;0;0;0;0;0;0;0;0;0;0;0;0;0;0;3;0;0;2;0;1;0;3;1;0;0;0;0;0;0;0;0;0;0;0;0;0;0;0;0;0;0;0;0;0;0;0;0;10;0;0;0;0;0;0;0;0;0;0;0;0;0;0;0;0;0;0;0;0
4277;4;4;EV37;3;POS;terbutaline;0;0;0;0;0;1;0;0;0;0;0;0;0;0;0;0;0;0;0;0;0;0;0;0;0;0;0;0;1;0;0;0;0;0;0;1;0;0;0;0;0;0;0;0;0;0;0;0;0;0;0;0;0;0;0;0;0;0;0;0;0;0;0;0;0;0;1;0;0;1;0;1;0;0;0;2;0;0;0;0;0;0;0;0;0;0;0;0;0;0;0;0;0;0;0;0;0;0;0;0;0;0;0;0;0;0;0;0;0;0;0;0;0;0;1;0;0
4449;4;6;EV37;3;POS;terbutaline;2;1;0;0;3;0;0;0;0;0;0;1;0;0;0;0;0;0;0;0;0;0;0;0;0;2;0;0;1;1;1;0;1;1;0;1;0;0;0;0;0;0;0;0;0;0;0;0;0;0;0;0;0;0;0;0;0;0;0;0;0;2;0;0;0;0;3;0;1;0;0;4;0;0;0;0;0;0;0;0;0;0;0;0;0;0;0;0;0;0;0;0;0;0;0;0;5;0;0;0;0;0;0;0;0;0;0;0;0;0;0;0;0;0;0;0;0
4621;4;7;EV37;3;POS;terbutaline;0;0;0;1;1;0;0;0;0;0;0;0;0;0;0;0;0;0;0;0;0;0;0;0;0;0;0;0;1;0;3;0;0;0;0;0;0;0;0;0;0;0;0;0;0;0;0;0;0;0;0;0;0;0;0;0;0;0;0;0;0;1;0;2;0;0;2;0;0;0;0;2;0;0;0;1;0;0;0;0;0;0;0;0;0;0;0;0;1;0;0;0;0;0;0;0;4;0;0;0;0;0;0;0;0;0;0;0;0;0;0;0;0;0;0;0;0
4793;4;8;EV37;3;POS;terbutaline;6;2;1;0;4;6;0;0;0;0;0;2;0;1;0;0;0;0;0;1;1;0;0;0;2;1;0;0;2;3;3;0;2;1;0;6;0;0;1;0;0;0;0;0;0;0;0;0;0;0;0;0;0;0;0;0;0;1;0;0;0;1;1;9;1;0;5;0;0;0;0;0;0;0;0;0;0;0;0;0;0;0;0;0;0;0;0;0;0;0;0;0;0;0;0;0;20;2;0;0;0;0;0;0;0;0;0;0;0;0;0;0;0;0;0;0;0
3772;4;1;EV37;3;POS;triptorelin pamoate;0;0;0;0;0;0;0;0;0;0;0;0;0;0;0;0;0;0;0;0;0;0;0;0;0;0;0;0;0;0;0;0;0;0;0;0;0;0;0;0;0;0;0;0;0;0;0;0;0;0;0;0;0;0;0;0;0;0;0;0;0;0;0;0;0;0;0;0;0;0;0;0;0;0;0;0;0;0;0;0;0;0;0;0;0;0;0;0;0;0;0;0;0;0;0;0;0;0;0;0;0;0;0;0;0;0;0;0;0;0;0;0;0;0;0;0;0
3944;4;2;EV37;3;POS;triptorelin pamoate;0;0;0;0;0;0;0;0;0;0;0;0;0;0;0;0;0;0;0;0;0;0;0;0;0;0;0;0;0;0;0;0;0;0;0;0;0;0;0;0;0;0;0;0;0;0;0;0;0;0;0;0;0;0;0;0;0;0;0;0;0;0;0;0;0;0;0;0;0;0;0;0;0;0;0;0;0;0;0;0;0;0;0;0;0;0;0;0;0;0;0;0;0;0;0;0;0;0;0;0;0;0;0;0;0;0;0;0;0;0;0;0;0;0;0;0;0
4116;4;3;EV37;3;POS;triptorelin pamoate;0;0;0;0;0;0;0;0;0;0;0;0;0;0;0;0;0;0;0;0;0;0;0;0;0;0;0;0;0;0;0;0;1;0;0;0;0;0;0;0;0;0;0;0;0;0;0;0;0;0;0;0;0;0;0;0;0;0;0;0;0;0;0;0;0;0;0;0;0;0;0;0;0;0;0;0;0;0;0;0;0;0;0;0;0;0;0;0;0;0;0;0;0;0;0;0;1;0;0;0;0;0;0;0;0;0;0;0;0;0;0;0;0;0;0;0;0
4288;4;4;EV37;3;POS;triptorelin pamoate;0;0;0;0;0;0;0;0;0;0;0;0;0;0;0;0;0;0;0;0;0;0;0;0;0;0;0;0;0;0;0;0;0;0;0;0;0;0;0;0;0;0;0;0;0;0;0;0;0;0;0;0;0;0;0;0;0;0;0;0;0;0;0;0;0;0;0;0;0;0;0;0;0;0;0;0;0;0;0;0;0;0;0;0;0;0;0;0;0;0;0;0;0;0;0;0;0;0;0;0;0;0;0;0;0;0;0;0;0;0;0;0;0;0;0;0;0
4460;4;6;EV37;3;POS;triptorelin pamoate;0;0;0;0;0;0;0;0;0;0;0;0;0;0;0;0;0;0;0;0;0;0;0;0;0;0;0;0;0;0;0;0;0;0;0;0;0;0;0;0;0;0;0;0;0;0;0;0;0;0;0;0;0;0;0;0;0;0;0;0;0;0;0;0;0;0;0;0;0;0;0;0;0;0;0;0;0;0;0;0;0;0;0;0;0;0;0;0;0;0;0;0;0;0;0;0;0;0;0;0;0;0;0;0;0;0;0;0;0;0;0;0;0;0;0;0;0
4632;4;7;EV37;3;POS;triptorelin pamoate;0;0;0;0;0;0;0;0;0;0;0;0;0;0;0;0;0;0;0;0;0;0;0;0;0;0;0;0;0;0;0;0;0;0;0;0;0;0;0;0;0;0;0;0;0;0;0;0;0;0;0;0;0;0;0;0;0;0;0;0;0;0;0;0;0;0;0;0;0;0;0;0;0;0;0;0;0;0;0;0;0;0;0;0;0;0;0;0;0;0;0;0;0;0;0;0;0;0;0;0;0;0;0;0;0;0;0;0;0;0;0;0;0;0;0;0;0
4804;4;8;EV37;3;POS;triptorelin pamoate;0;0;0;0;0;0;0;0;0;0;0;0;0;0;0;0;0;0;0;0;0;0;0;0;0;0;0;0;0;1;0;0;0;0;0;0;0;0;0;0;0;0;0;0;0;0;0;0;0;0;0;0;0;0;0;0;0;0;0;0;0;0;0;0;0;0;0;0;0;0;0;0;0;0;0;0;0;0;0;0;0;0;0;0;0;0;0;0;0;0;0;0;0;0;0;0;1;0;0;0;0;0;0;0;0;0;0;0;0;0;0;0;0;0;0;0;0
3775;4;1;EV37;3;POS;valproic acid;427;8;2;0;20;58;0;2;0;0;2;6;1;0;1;6;0;0;2;6;12;2;0;0;2;1;0;0;35;282;83;2;12;13;1;27;0;0;13;0;1;7;0;0;1;0;1;0;1;0;0;0;0;1;1;0;1;72;0;0;7;4;2;332;1;0;31;1;7;2;34;8;0;1;0;2;0;0;0;0;0;0;0;0;0;0;0;0;1;0;1;27;0;0;0;0;612;0;0;0;0;1;0;3;0;0;0;0;0;0;0;0;0;0;0;0;0
3947;4;2;EV37;3;POS;valproic acid;33;2;0;0;14;15;0;0;0;0;1;5;1;0;2;0;0;0;0;3;3;0;0;0;1;2;0;0;19;32;26;1;7;8;0;4;0;0;0;0;1;0;0;0;0;0;2;0;0;0;0;0;0;0;0;0;0;8;0;0;3;9;0;27;1;0;28;0;8;7;0;5;0;3;0;13;1;0;0;0;0;1;0;0;0;0;0;0;0;0;0;0;0;0;0;0;87;0;0;0;0;0;0;9;0;0;0;0;0;0;0;0;0;27;1;0;3
4119;4;3;EV37;3;POS;valproic acid;35;1;0;0;12;18;0;0;0;0;1;3;0;0;2;0;0;0;0;1;1;0;0;0;0;0;0;0;20;35;30;1;7;12;0;8;0;0;1;0;1;1;0;0;0;0;1;0;0;0;0;0;0;0;2;0;0;2;0;0;4;6;1;44;0;0;28;0;5;2;17;19;0;0;0;1;0;0;0;0;0;0;0;0;0;0;0;0;1;0;0;0;0;0;0;0;107;0;0;0;0;0;0;2;0;0;0;0;0;0;0;0;0;4;1;0;1
4291;4;4;EV37;3;POS;valproic acid;13;2;0;0;8;11;0;0;0;0;0;0;1;0;1;0;0;0;0;1;3;0;0;0;0;0;0;0;8;13;14;0;3;5;0;4;0;0;2;0;2;0;0;0;0;0;0;0;0;0;0;0;0;0;0;0;1;1;0;0;3;2;0;16;0;0;5;1;13;4;0;12;0;1;0;6;1;2;1;0;0;1;0;0;1;0;0;0;0;0;0;0;0;0;0;0;34;0;0;0;0;0;0;6;0;0;0;0;0;0;0;0;0;5;7;0;0
4463;4;6;EV37;3;POS;valproic acid;96;5;0;0;11;28;0;1;0;0;0;3;2;0;0;2;0;0;1;1;8;0;0;0;0;1;0;0;24;69;40;3;19;14;0;18;0;0;9;0;2;4;0;0;0;0;0;1;0;0;0;0;0;0;0;0;2;17;0;0;2;8;0;73;0;0;34;1;12;2;3;26;0;0;0;8;1;1;3;0;0;1;0;0;2;0;0;0;29;0;9;0;0;0;0;0;189;0;0;0;1;1;0;7;0;0;0;0;0;0;0;0;0;17;0;0;3
4635;4;7;EV37;3;POS;valproic acid;83;8;0;0;26;21;0;0;0;0;0;1;1;1;1;0;0;0;1;1;6;0;0;0;0;2;0;0;28;58;55;1;23;14;0;15;0;0;5;0;1;2;0;0;0;0;1;0;0;0;0;0;0;0;1;0;0;17;0;0;7;3;0;69;0;0;39;4;7;5;4;41;0;0;0;3;0;1;1;0;0;0;0;0;1;0;0;0;13;0;14;0;0;0;0;0;169;0;0;0;1;1;0;10;0;0;0;0;0;0;0;0;0;9;1;0;3
4807;4;8;EV37;3;POS;valproic acid;205;1;1;0;16;39;0;0;0;0;0;3;1;1;2;3;0;0;1;2;10;0;0;0;1;1;0;0;38;121;51;2;5;18;0;31;0;0;15;0;2;6;0;0;0;0;3;2;0;0;0;0;0;0;0;0;2;62;0;0;5;8;0;132;1;0;45;2;2;3;0;7;0;0;0;1;0;0;0;0;0;0;0;0;0;0;0;0;29;0;8;1;0;0;0;0;332;18;0;0;0;0;0;0;0;0;0;0;0;0;0;0;0;3;0;0;0
3776;4;1;EV37;3;POS;venlafaxine;0;1;0;3;1;2;0;1;0;0;0;0;1;0;0;0;0;0;0;0;1;0;0;0;0;0;0;0;0;1;5;0;0;0;0;2;0;0;1;0;0;1;0;0;0;0;0;0;0;0;0;0;0;0;0;0;0;0;0;0;0;0;0;2;0;0;2;0;1;0;0;0;0;0;0;1;0;0;0;0;0;0;0;0;0;0;0;0;0;0;0;0;0;0;0;0;13;0;0;0;0;0;0;0;0;0;0;0;0;0;0;0;0;0;0;0;0
3948;4;2;EV37;3;POS;venlafaxine;1;0;0;2;1;1;0;0;0;0;0;0;0;0;0;0;0;0;0;0;1;0;0;0;0;0;0;0;0;0;2;0;0;0;0;0;0;0;0;0;0;0;0;0;0;0;0;0;0;0;0;0;0;0;0;0;0;0;0;0;0;0;0;0;0;0;0;0;1;0;0;0;0;1;0;0;0;0;0;0;0;0;0;0;0;0;0;0;0;0;0;0;0;0;0;0;3;0;0;0;0;0;0;0;0;0;0;0;0;0;0;0;0;2;0;0;0
4120;4;3;EV37;3;POS;venlafaxine;0;0;0;0;0;1;0;0;0;0;0;0;0;0;0;0;0;0;0;0;0;0;0;0;0;0;0;0;0;1;2;0;0;0;0;0;0;0;0;0;0;0;0;0;0;0;0;0;0;0;0;0;0;0;0;0;0;0;0;0;0;1;0;0;0;0;1;0;0;0;0;1;0;0;0;0;0;0;0;0;0;0;0;0;0;0;0;0;0;0;0;0;0;0;0;0;4;0;0;0;0;0;0;0;0;0;0;0;0;0;0;0;0;1;0;0;0
4292;4;4;EV37;3;POS;venlafaxine;1;1;0;0;1;1;0;0;0;0;0;0;1;0;0;0;0;0;0;0;0;0;0;0;0;0;0;0;0;0;2;0;0;0;0;0;0;0;0;0;0;0;0;0;0;0;0;0;0;0;0;0;0;0;0;0;0;0;0;0;0;0;0;0;0;0;2;0;0;1;0;1;0;0;0;1;0;0;0;0;0;0;0;0;0;0;0;0;0;0;0;0;0;0;0;0;2;0;0;0;0;0;0;1;0;0;0;0;0;0;0;0;0;0;0;0;0
4464;4;6;EV37;3;POS;venlafaxine;1;2;0;3;3;1;1;0;0;0;0;0;1;0;0;0;0;0;0;0;0;0;0;0;0;1;0;0;0;0;2;0;0;0;0;0;0;0;0;0;0;0;0;0;0;0;0;0;0;0;0;0;0;0;0;0;0;0;0;0;0;1;0;0;0;0;3;0;3;0;0;1;0;0;0;0;0;0;0;0;0;0;0;0;1;0;0;0;0;0;0;0;0;0;0;0;4;0;0;0;0;0;0;0;0;0;0;0;0;0;0;0;0;2;0;0;0
4636;4;7;EV37;3;POS;venlafaxine;0;1;0;1;2;1;1;0;0;0;0;0;1;0;0;0;0;0;0;0;0;0;0;0;0;0;0;0;0;0;2;0;0;0;0;1;0;0;0;0;1;0;0;0;0;0;0;0;0;0;0;0;0;0;0;0;0;0;0;0;0;0;0;1;0;0;2;0;1;0;0;2;0;0;0;0;0;0;0;0;0;0;0;0;0;0;0;0;0;0;0;0;0;0;0;0;5;0;0;0;0;0;0;0;0;0;0;0;0;0;0;0;0;1;0;0;0
4808;4;8;EV37;3;POS;venlafaxine;0;0;0;2;1;3;0;1;0;0;0;0;0;0;0;0;0;0;0;0;0;1;0;0;0;0;0;0;0;1;5;0;0;0;0;1;0;0;0;0;0;0;0;0;0;0;0;0;0;0;0;0;0;0;0;0;0;0;0;0;1;0;0;1;0;0;1;0;0;2;0;1;0;0;0;0;0;0;0;0;0;0;0;0;0;0;0;0;0;0;0;0;0;0;0;0;9;0;0;0;0;0;0;0;0;0;0;0;0;0;0;0;0;1;0;0;0
3777;4;1;EV37;3;POS;verapamil;12;5;0;1;4;25;0;0;0;0;0;0;0;0;0;4;0;0;1;4;7;0;0;0;4;2;0;0;3;31;31;1;2;2;0;18;0;0;8;0;0;2;0;0;0;0;0;0;0;0;0;0;2;1;0;0;2;0;0;0;1;4;0;27;0;0;9;2;3;0;7;3;0;1;0;1;0;0;0;0;0;0;0;0;0;0;0;0;0;0;0;0;0;0;0;0;62;0;0;0;0;0;0;1;0;0;0;0;0;0;0;0;0;0;0;0;0
3949;4;2;EV37;3;POS;verapamil;11;2;0;0;6;7;0;0;0;0;0;4;1;1;1;1;0;0;0;5;3;0;1;0;2;4;0;0;2;8;10;1;2;0;0;3;0;0;2;0;0;0;0;0;1;0;0;0;0;0;0;0;0;1;0;0;0;0;0;0;1;6;1;8;0;0;7;1;1;1;0;1;0;2;0;3;1;0;0;0;0;1;0;0;0;0;0;0;0;0;0;0;0;0;0;0;24;0;0;0;0;0;0;1;0;0;0;0;0;0;0;0;0;8;0;0;1
4121;4;3;EV37;3;POS;verapamil;5;5;0;2;5;11;0;0;0;0;0;2;0;1;1;0;0;0;0;4;3;0;1;0;1;4;0;0;1;15;13;0;0;0;0;9;0;0;5;0;1;2;0;0;0;0;0;0;0;0;0;0;0;0;0;0;2;0;0;0;2;3;0;8;0;0;7;0;2;0;4;4;0;0;0;1;0;0;0;0;0;0;0;0;0;0;0;0;0;0;0;0;0;0;0;0;25;0;0;0;0;0;0;1;0;0;0;0;0;0;0;0;0;1;1;0;1
4293;4;4;EV37;3;POS;verapamil;3;0;0;1;1;8;0;0;0;0;0;0;0;0;0;1;0;0;1;1;3;0;0;0;2;0;0;0;1;8;6;0;1;0;0;5;0;0;2;0;1;0;0;0;0;0;0;0;0;0;0;0;1;0;0;0;1;0;0;0;0;2;0;4;0;0;3;1;2;1;0;3;0;0;0;2;0;1;0;0;0;0;0;0;0;0;0;0;0;0;0;0;0;0;0;0;7;0;0;0;0;0;0;2;0;0;0;0;0;0;0;0;0;0;2;0;0
4465;4;6;EV37;3;POS;verapamil;10;2;1;3;6;6;0;0;0;0;1;3;3;0;0;3;0;0;1;3;3;0;0;1;1;1;0;0;3;12;8;0;3;1;0;2;0;0;2;0;3;1;0;0;0;0;0;0;0;0;0;0;0;0;1;0;0;0;0;0;0;2;0;4;0;0;11;0;9;2;1;6;0;0;0;4;1;0;0;0;0;0;0;0;1;0;0;0;1;0;0;0;0;0;0;0;28;0;0;0;0;0;0;0;0;0;0;0;0;0;0;0;0;4;0;0;1
4637;4;7;EV37;3;POS;verapamil;8;1;0;2;5;3;0;0;0;0;1;2;1;0;0;1;0;0;0;1;1;0;0;0;0;0;0;0;1;14;7;0;1;0;0;2;0;0;0;0;0;0;0;0;0;0;0;0;0;0;0;0;0;0;0;0;1;0;0;0;0;2;0;8;0;0;8;0;2;2;1;8;0;0;0;1;0;1;0;0;0;0;0;0;0;0;0;0;1;0;1;0;0;0;0;0;20;0;0;0;0;0;0;1;0;0;0;0;0;0;0;0;0;3;0;0;1
4809;4;8;EV37;3;POS;verapamil;10;4;0;2;8;13;0;0;0;0;0;3;2;2;2;3;0;0;0;5;4;0;1;0;2;3;0;0;5;24;20;0;1;1;0;7;0;0;2;0;3;1;0;0;0;0;0;0;1;0;0;0;1;0;0;0;2;0;0;0;2;6;0;17;0;0;13;1;1;2;0;2;0;0;0;1;0;0;0;0;0;0;0;0;0;0;0;0;4;0;2;0;0;0;0;0;45;4;0;0;0;0;0;0;0;0;0;0;0;0;0;0;0;3;0;0;0
3778;4;1;EV37;3;POS;vincristine;28;7;4;2;10;33;0;1;0;1;2;5;3;0;2;4;0;0;0;2;5;0;0;0;1;3;0;0;10;49;30;3;4;6;1;24;0;0;6;0;0;1;0;0;0;0;1;1;0;0;0;0;1;2;1;0;1;1;0;0;0;0;3;38;4;0;10;4;2;0;11;3;0;1;0;1;0;0;0;0;0;0;0;0;0;0;0;0;0;0;0;3;0;0;0;0;115;0;0;0;0;0;0;1;0;0;0;0;0;0;0;0;0;0;0;0;0
3950;4;2;EV37;3;POS;vincristine;5;0;0;1;7;5;0;0;0;0;0;2;1;0;1;0;0;0;0;3;2;0;0;0;0;1;0;0;1;9;12;0;1;1;0;4;0;0;2;0;1;0;0;0;0;0;0;0;0;0;0;0;1;0;0;0;1;0;0;0;1;1;1;8;0;0;9;0;2;0;0;2;0;1;0;4;1;0;0;0;0;1;0;0;0;0;0;0;0;0;0;0;0;0;0;0;28;0;0;0;0;0;0;4;0;0;0;0;0;0;0;0;0;14;1;0;2
4122;4;3;EV37;3;POS;vincristine;5;1;0;2;10;5;0;0;0;0;0;3;1;0;3;1;0;0;0;0;1;0;0;0;1;2;0;0;4;9;10;1;5;3;1;5;0;0;3;0;0;0;0;0;0;0;0;0;0;0;0;0;1;1;1;0;1;0;0;0;2;1;0;10;0;0;9;1;2;0;5;7;0;0;0;0;0;0;0;0;0;0;0;0;0;0;0;0;0;0;0;0;0;0;0;0;28;0;0;0;0;0;0;0;0;0;0;0;0;0;0;0;0;1;0;0;1
4294;4;4;EV37;3;POS;vincristine;1;0;0;0;1;3;0;0;0;0;0;0;0;0;0;0;0;0;0;0;0;0;0;0;0;0;0;0;2;2;2;0;3;2;0;1;0;0;0;0;0;0;0;0;0;0;0;0;0;0;0;0;0;0;0;0;0;0;0;0;0;0;0;3;0;0;2;1;1;0;0;2;0;0;0;1;0;0;0;0;0;0;0;0;0;0;0;0;0;0;0;0;0;0;0;0;9;0;0;0;0;0;0;1;0;0;0;0;0;0;0;0;0;1;1;0;0
4466;4;6;EV37;3;POS;vincristine;6;1;0;0;7;13;0;0;0;0;0;3;4;0;1;3;0;0;0;5;4;0;0;0;3;3;0;0;13;11;12;0;14;6;0;7;0;0;2;0;3;0;0;0;0;0;0;0;1;0;0;0;0;0;0;0;0;0;0;0;1;0;0;9;0;0;23;2;8;2;1;10;0;0;0;4;1;0;0;0;0;0;0;0;1;0;0;0;9;0;0;0;0;0;0;0;54;0;0;0;1;0;0;2;0;0;0;0;0;0;0;0;0;7;0;0;1
4638;4;7;EV37;3;POS;vincristine;7;4;0;0;4;10;0;0;0;0;0;5;3;0;1;2;0;0;0;0;2;0;0;0;0;2;0;0;8;8;7;0;13;7;0;10;0;0;1;0;4;2;0;0;0;0;0;0;0;0;0;0;0;0;0;0;1;0;0;0;2;1;0;10;0;0;13;1;3;2;1;14;0;0;0;1;0;0;0;0;0;0;0;0;0;0;0;0;9;0;5;0;0;0;0;0;35;0;0;0;1;0;0;3;0;0;0;0;0;0;0;0;0;3;0;0;1
4810;4;8;EV37;3;POS;vincristine;13;5;0;0;12;24;0;1;0;1;1;3;1;0;3;3;0;0;0;0;5;0;0;0;0;1;0;0;9;20;18;0;2;2;0;17;0;0;9;0;2;3;0;0;0;0;0;1;0;0;0;0;1;0;0;0;1;0;0;0;1;2;2;14;0;0;8;2;1;2;0;3;0;0;0;1;0;0;0;0;0;0;0;0;0;0;0;0;3;0;0;0;0;0;0;0;67;4;0;0;0;0;0;0;0;0;0;0;0;0;0;0;0;2;0;0;0
3779;4;1;EV37;3;POS;vitamin a;18;2;1;0;5;18;0;0;0;0;2;4;0;0;1;4;0;1;1;4;10;1;0;0;2;0;0;0;3;23;42;1;6;12;0;8;0;0;2;0;0;2;0;0;1;0;2;0;0;0;0;0;0;2;0;0;0;0;0;0;5;5;0;23;0;0;9;1;5;0;12;4;0;1;0;1;0;0;0;0;0;0;0;0;0;0;0;0;0;0;0;1;0;0;0;0;82;0;0;0;0;0;0;0;0;0;0;0;0;0;0;0;0;0;0;0;0
3951;4;2;EV37;3;POS;vitamin a;4;2;0;0;3;7;0;0;0;0;0;0;0;0;0;1;0;0;0;0;2;1;0;0;0;0;0;0;0;3;11;0;0;8;0;1;0;0;0;0;0;0;0;0;0;0;1;0;0;0;0;0;0;0;0;0;0;0;0;0;1;2;0;4;0;0;5;0;1;2;0;1;0;0;0;2;1;0;0;0;0;1;0;0;0;0;0;0;0;0;0;0;0;0;0;0;20;0;0;0;0;0;0;3;0;0;0;0;0;0;0;0;0;9;0;0;1
4123;4;3;EV37;3;POS;vitamin a;11;1;0;0;2;4;0;0;0;0;0;2;0;0;0;0;0;0;0;0;4;1;0;0;0;0;0;0;2;5;13;0;3;7;0;1;0;0;0;0;1;0;0;0;0;0;2;0;0;0;0;0;0;0;0;0;0;0;0;0;3;5;0;4;0;0;6;0;1;0;6;5;0;0;0;0;0;0;0;0;0;0;0;0;0;0;0;0;0;0;0;0;0;0;0;0;26;0;0;0;0;0;0;0;0;0;0;0;0;0;0;0;0;1;1;0;0
4295;4;4;EV37;3;POS;vitamin a;3;0;0;0;0;7;0;0;0;0;1;0;0;0;0;1;0;0;0;1;1;0;0;1;0;0;0;0;0;3;8;0;1;2;0;4;0;0;2;0;1;0;0;0;0;0;0;0;0;0;0;0;0;0;0;0;2;0;0;0;1;1;1;5;0;0;2;0;3;2;0;6;0;0;0;2;1;0;1;0;0;1;0;0;1;0;0;0;0;0;0;0;0;0;0;0;13;0;0;0;0;0;0;2;0;0;0;0;0;0;0;0;0;1;4;0;0
4467;4;6;EV37;3;POS;vitamin a;7;1;0;0;2;5;0;0;0;0;0;1;0;0;0;0;0;0;0;0;2;0;0;0;0;0;0;0;4;3;6;0;7;7;0;2;0;0;0;0;2;0;0;0;0;0;1;0;0;0;0;0;0;0;0;0;0;0;0;0;0;2;0;6;0;0;6;1;5;0;0;7;0;0;0;1;0;0;0;0;0;0;0;0;1;0;0;0;1;0;0;0;0;0;0;0;24;0;0;0;0;0;0;1;0;0;0;0;0;0;0;0;0;4;0;0;0
4639;4;7;EV37;3;POS;vitamin a;8;1;0;0;2;5;0;0;0;0;0;2;1;0;1;0;0;0;0;0;4;1;0;0;1;0;0;0;1;5;10;0;9;10;0;6;0;0;0;0;3;1;0;0;0;0;0;0;0;0;0;0;0;0;0;0;0;0;0;0;1;4;0;3;0;0;12;0;3;1;1;15;0;0;0;0;0;1;0;0;0;0;0;0;0;0;0;0;2;0;3;0;0;0;0;0;20;0;0;0;0;0;0;4;0;0;0;0;0;0;0;0;0;3;2;0;1
4811;4;8;EV37;3;POS;vitamin a;9;3;0;0;6;7;0;0;0;0;0;2;0;0;0;3;0;0;0;1;4;0;0;0;0;0;0;0;2;9;18;0;2;14;0;4;0;0;0;0;3;1;0;0;0;0;2;0;1;0;0;0;1;0;0;0;0;0;0;0;2;8;0;8;0;0;12;1;1;1;0;2;0;0;0;1;0;0;0;0;0;0;0;0;0;0;0;0;0;0;0;0;0;0;0;0;44;3;0;0;0;0;0;0;0;0;0;0;0;0;0;0;0;2;0;0;0
4819;5;1;EV37;3;POS;acarbose;0;0;0;0;0;0;0;0;0;0;0;0;0;0;0;0;0;0;0;0;0;0;0;0;0;0;0;0;0;0;0;0;0;0;0;0;0;0;0;0;0;0;0;0;0;0;0;0;0;0;0;0;0;0;0;0;0;0;0;0;0;0;0;0;0;0;0;0;0;0;0;0;0;0;0;0;0;0;0;0;0;0;0;0;0;0;0;0;0;0;0;0;0;0;0;0;0;0;0;0;0;0;0;0;0;0;0;0;0;0;0;0;0;0;0;0;0
4991;5;2;EV37;3;POS;acarbose;0;0;0;0;0;0;0;0;0;0;0;0;0;0;0;0;0;0;0;0;0;0;0;0;0;0;0;0;0;0;0;0;0;0;0;0;0;0;0;0;0;0;0;0;0;0;0;0;0;0;0;0;0;0;0;0;0;0;0;0;0;0;0;0;0;0;0;0;0;0;0;0;0;0;0;0;0;0;0;0;0;0;0;0;0;0;0;0;0;0;0;0;0;0;0;0;0;0;0;0;0;0;0;0;0;0;0;0;0;0;0;0;0;0;0;0;0
5163;5;3;EV37;3;POS;acarbose;0;0;0;0;0;0;0;0;0;0;0;0;0;0;0;0;0;0;0;0;0;0;0;0;0;0;0;0;0;0;0;0;0;0;0;0;0;0;0;0;0;0;0;0;0;0;0;0;0;0;0;0;0;0;0;0;0;0;0;0;0;0;0;0;0;0;0;0;0;0;0;0;0;0;0;0;0;0;0;0;0;0;0;0;0;0;0;0;0;0;0;0;0;0;0;0;0;0;0;0;0;0;0;0;0;0;0;0;0;0;0;0;0;0;0;0;0
5335;5;4;EV37;3;POS;acarbose;0;0;0;0;0;0;0;0;0;0;0;0;0;0;0;0;0;0;0;0;0;0;0;0;0;0;0;0;0;0;0;0;0;0;0;0;0;0;0;0;0;0;0;0;0;0;0;0;0;0;0;0;0;0;0;0;0;0;0;0;0;0;0;0;0;0;0;0;0;0;0;0;0;0;0;0;0;0;0;0;0;0;0;0;0;0;0;0;0;0;0;0;0;0;0;0;0;0;0;0;0;0;0;0;0;0;0;0;0;0;0;0;0;0;0;0;0
5507;5;6;EV37;3;POS;acarbose;0;0;0;0;0;0;0;0;0;0;0;0;0;0;0;0;0;0;0;0;0;0;0;0;0;0;0;0;0;0;0;0;0;0;0;0;0;0;0;0;0;0;0;0;0;0;0;0;0;0;0;0;0;0;0;0;0;0;0;0;0;0;0;0;0;0;0;0;0;0;0;0;0;0;0;0;0;0;0;0;0;0;0;0;0;0;0;0;0;0;0;0;0;0;0;0;0;0;0;0;0;0;0;0;0;0;0;0;0;0;0;0;0;0;0;0;0
5679;5;7;EV37;3;POS;acarbose;0;0;0;0;0;0;0;0;0;0;0;0;0;0;0;0;0;0;0;0;0;0;0;0;0;0;0;0;0;0;0;0;0;0;0;0;0;0;0;0;0;0;0;0;0;0;0;0;0;0;0;0;0;0;0;0;0;0;0;0;0;0;0;0;0;0;0;0;0;0;0;0;0;0;0;0;0;0;0;0;0;0;0;0;0;0;0;0;0;0;0;0;0;0;0;0;0;0;0;0;0;0;0;0;0;0;0;0;0;0;0;0;0;0;0;0;0
5851;5;8;EV37;3;POS;acarbose;0;0;0;0;0;0;0;0;0;0;0;0;0;0;0;0;0;0;0;0;0;0;0;0;0;0;0;0;0;0;0;0;0;0;0;0;0;0;0;0;0;0;0;0;0;0;0;0;0;0;0;0;0;0;0;0;0;0;0;0;0;0;0;0;0;0;0;0;0;0;0;0;0;0;0;0;0;0;0;0;0;0;0;0;0;0;0;0;0;0;0;0;0;0;0;0;0;0;0;0;0;0;0;0;0;0;0;0;0;0;0;0;0;0;0;0;0
4822;5;1;EV37;3;POS;alendronate;0;0;0;0;0;0;0;0;0;0;0;0;0;0;0;0;0;0;0;0;0;0;0;0;0;0;0;0;0;0;0;0;0;0;0;0;0;0;0;0;0;0;0;0;0;0;0;0;0;0;0;0;0;0;0;0;0;0;0;0;0;0;0;0;0;0;0;0;0;0;0;0;0;0;0;0;0;0;0;0;0;0;0;0;0;0;0;0;0;0;0;0;0;0;0;0;0;0;0;0;0;0;0;0;0;0;0;0;0;0;0;0;0;0;0;0;0
4994;5;2;EV37;3;POS;alendronate;0;0;0;0;0;0;0;0;0;0;0;0;0;0;0;0;0;0;0;0;0;0;0;0;0;0;0;0;0;0;0;0;0;0;0;0;0;0;0;0;0;0;0;0;0;0;0;0;0;0;0;0;0;0;0;0;0;0;0;0;0;0;0;0;0;0;0;0;0;0;0;0;0;0;0;0;0;0;0;0;0;0;0;0;0;0;0;0;0;0;0;0;0;0;0;0;0;0;0;0;0;0;0;0;0;0;0;0;0;0;0;0;0;0;0;0;0
5166;5;3;EV37;3;POS;alendronate;0;0;0;0;0;0;0;0;0;0;0;0;0;0;0;0;0;0;0;0;0;0;0;0;0;0;0;0;0;0;0;0;0;0;0;0;0;0;0;0;0;0;0;0;0;0;0;0;0;0;0;0;0;0;0;0;0;0;0;0;0;0;0;0;0;0;0;0;0;0;0;0;0;0;0;0;0;0;0;0;0;0;0;0;0;0;0;0;0;0;0;0;0;0;0;0;0;0;0;0;0;0;0;0;0;0;0;0;0;0;0;0;0;0;0;0;0
5338;5;4;EV37;3;POS;alendronate;0;0;0;0;0;0;0;0;0;0;0;0;0;0;0;0;0;0;0;0;0;0;0;0;0;0;0;0;0;0;0;0;0;0;0;0;0;0;0;0;0;0;0;0;0;0;0;0;0;0;0;0;0;0;0;0;0;0;0;0;0;0;0;0;0;0;0;0;0;0;0;0;0;0;0;0;0;0;0;0;0;0;0;0;0;0;0;0;0;0;0;0;0;0;0;0;0;0;0;0;0;0;0;0;0;0;0;0;0;0;0;0;0;0;0;0;0
5510;5;6;EV37;3;POS;alendronate;0;0;0;0;0;0;0;0;0;0;0;0;0;0;0;0;0;0;0;0;0;0;0;0;0;0;0;0;0;0;0;0;0;0;0;0;0;0;0;0;0;0;0;0;0;0;0;0;0;0;0;0;0;0;0;0;0;0;0;0;0;0;0;0;0;0;0;0;0;0;0;0;0;0;0;0;0;0;0;0;0;0;0;0;0;0;0;0;0;0;0;0;0;0;0;0;0;0;0;0;0;0;0;0;0;0;0;0;0;0;0;0;0;0;0;0;0
5682;5;7;EV37;3;POS;alendronate;0;0;0;0;0;0;0;0;0;0;0;0;0;0;0;0;0;0;0;0;0;0;0;0;0;0;0;0;0;0;0;0;0;0;0;0;0;0;0;0;0;0;0;0;0;0;0;0;0;0;0;0;0;0;0;0;0;0;0;0;0;0;0;0;0;0;0;0;0;0;0;0;0;0;0;0;0;0;0;0;0;0;0;0;0;0;0;0;0;0;0;0;0;0;0;0;0;0;0;0;0;0;0;0;0;0;0;0;0;0;0;0;0;0;0;0;0
5854;5;8;EV37;3;POS;alendronate;0;0;0;0;0;0;0;0;0;0;0;0;0;0;0;0;0;0;0;0;0;0;0;0;0;0;0;0;0;0;0;0;0;0;0;0;0;0;0;0;0;0;0;0;0;0;0;0;0;0;0;0;0;0;0;0;0;0;0;0;0;0;0;0;0;0;0;0;0;0;0;0;0;0;0;0;0;0;0;0;0;0;0;0;0;0;0;0;0;0;0;0;0;0;0;0;0;0;0;0;0;0;0;0;0;0;0;0;0;0;0;0;0;0;0;0;0
4823;5;1;EV37;3;POS;alfuzosin;0;0;0;0;0;0;0;0;0;0;0;0;0;0;0;0;0;0;0;0;0;0;0;0;0;0;0;0;0;0;0;0;0;0;0;0;0;0;0;0;0;0;0;0;0;0;0;0;0;0;0;0;0;0;0;0;0;0;0;0;0;0;0;0;0;0;0;0;0;0;0;0;0;0;0;0;0;0;0;0;0;0;0;0;0;0;0;0;0;0;0;0;0;0;0;0;0;0;0;0;0;0;0;0;0;0;0;0;0;0;0;0;0;0;0;0;0
4995;5;2;EV37;3;POS;alfuzosin;0;0;0;0;0;0;0;0;0;0;0;0;0;0;0;0;0;0;0;0;0;0;0;0;0;0;0;0;0;0;0;0;0;0;0;0;0;0;0;0;0;0;0;0;0;0;0;0;0;0;0;0;0;0;0;0;0;0;0;0;0;0;0;0;0;0;0;0;0;0;0;0;0;0;0;0;0;0;0;0;0;0;0;0;0;0;0;0;0;0;0;0;0;0;0;0;0;0;0;0;0;0;0;0;0;0;0;0;0;0;0;0;0;0;0;0;0
5167;5;3;EV37;3;POS;alfuzosin;0;0;0;0;0;0;0;0;0;0;0;0;0;0;0;0;0;0;0;0;0;0;0;0;0;0;0;0;0;0;0;0;0;0;0;0;0;0;0;0;0;0;0;0;0;0;0;0;0;0;0;0;0;0;0;0;0;0;0;0;0;0;0;0;0;0;0;0;0;0;0;0;0;0;0;0;0;0;0;0;0;0;0;0;0;0;0;0;0;0;0;0;0;0;0;0;0;0;0;0;0;0;0;0;0;0;0;0;0;0;0;0;0;0;0;0;0
5339;5;4;EV37;3;POS;alfuzosin;0;0;0;0;0;0;0;0;0;0;0;0;0;0;0;0;0;0;0;0;0;0;0;0;0;0;0;0;0;0;0;0;0;0;0;0;0;0;0;0;0;0;0;0;0;0;0;0;0;0;0;0;0;0;0;0;0;0;0;0;0;0;0;0;0;0;0;0;0;0;0;0;0;0;0;0;0;0;0;0;0;0;0;0;0;0;0;0;0;0;0;0;0;0;0;0;0;0;0;0;0;0;0;0;0;0;0;0;0;0;0;0;0;0;0;0;0
5511;5;6;EV37;3;POS;alfuzosin;0;0;0;0;0;0;0;0;0;0;0;0;0;0;0;0;0;0;0;0;0;0;0;0;0;0;0;0;0;0;0;0;0;0;0;0;0;0;0;0;0;0;0;0;0;0;0;0;0;0;0;0;0;0;0;0;0;0;0;0;0;0;0;0;0;0;0;0;0;0;0;0;0;0;0;0;0;0;0;0;0;0;0;0;0;0;0;0;0;0;0;0;0;0;0;0;0;0;0;0;0;0;0;0;0;0;0;0;0;0;0;0;0;0;0;0;0
5683;5;7;EV37;3;POS;alfuzosin;0;0;0;0;0;0;0;0;0;0;0;0;0;0;0;0;0;0;0;0;0;0;0;0;0;0;0;0;0;0;0;0;0;0;0;0;0;0;0;0;0;0;0;0;0;0;0;0;0;0;0;0;0;0;0;0;0;0;0;0;0;0;0;0;0;0;0;0;0;0;0;0;0;0;0;0;0;0;0;0;0;0;0;0;0;0;0;0;0;0;0;0;0;0;0;0;0;0;0;0;0;0;0;0;0;0;0;0;0;0;0;0;0;0;0;0;0
5855;5;8;EV37;3;POS;alfuzosin;0;0;0;0;0;0;0;0;0;0;0;0;0;0;0;0;0;0;0;0;0;0;0;0;0;0;0;0;0;0;0;0;0;0;0;0;0;0;0;0;0;0;0;0;0;0;0;0;0;0;0;0;0;0;0;0;0;0;0;0;0;0;0;0;0;0;0;0;0;0;0;0;0;0;0;0;0;0;0;0;0;0;0;0;0;0;0;0;0;0;0;0;0;0;0;0;0;0;0;0;0;0;0;0;0;0;0;0;0;0;0;0;0;0;0;0;0
4827;5;1;EV37;3;POS;amphetamine;6;2;0;0;5;12;0;0;0;0;1;0;0;0;0;1;0;0;0;3;4;0;0;0;0;0;0;0;1;12;14;0;1;1;0;2;0;0;0;0;3;0;0;0;0;0;0;0;0;0;0;0;0;0;1;0;0;0;0;0;1;0;1;8;0;0;2;1;17;0;0;4;8;0;0;2;0;0;0;0;0;0;0;0;0;0;0;0;0;0;0;0;0;0;0;0;9;0;4;0;0;1;0;0;0;0;0;0;1;0;0;0;2;0;0;0;0
4999;5;2;EV37;3;POS;amphetamine;8;3;0;0;7;15;0;0;0;0;1;4;2;0;1;0;0;0;0;2;4;0;0;0;1;0;0;0;8;9;23;0;2;4;0;5;0;0;3;0;1;1;0;0;0;0;0;0;0;0;0;0;1;0;0;0;0;0;0;0;2;1;1;15;0;0;5;1;41;0;0;7;13;0;0;2;3;0;1;2;0;0;0;0;0;0;0;0;0;0;0;0;0;0;1;0;24;0;0;0;0;2;1;2;0;0;1;0;1;0;1;0;7;3;0;0;0
5171;5;3;EV37;3;POS;amphetamine;4;4;0;0;7;6;0;0;0;0;2;3;3;0;0;2;0;0;0;3;3;0;0;0;2;0;0;0;3;7;8;1;1;3;0;2;1;0;2;1;3;1;0;0;1;0;0;0;0;0;0;0;1;0;0;0;1;0;0;0;0;1;2;6;0;0;5;1;21;0;0;3;9;0;0;1;2;0;1;2;0;0;0;0;0;0;0;0;0;0;0;0;0;0;0;0;11;0;2;0;0;5;0;3;0;0;0;0;1;0;0;0;1;1;0;0;0
5343;5;4;EV37;3;POS;amphetamine;3;0;0;0;3;8;0;0;0;0;0;1;0;0;0;0;0;0;0;0;1;0;0;0;0;0;0;0;1;4;3;0;1;0;0;0;0;0;0;0;0;0;0;0;0;0;0;0;0;0;0;0;0;0;0;0;0;0;0;0;0;1;1;2;0;0;5;0;24;0;0;4;3;0;0;0;4;0;2;0;0;0;0;0;0;0;0;0;0;0;0;0;0;0;0;0;0;0;0;0;0;1;0;0;0;0;0;0;1;0;0;0;1;0;0;0;0
5515;5;6;EV37;3;POS;amphetamine;7;1;0;0;5;2;0;0;0;0;1;2;1;0;1;0;0;0;0;1;0;0;0;0;0;1;0;0;4;6;7;0;1;1;0;3;0;0;1;0;3;0;0;0;0;0;0;0;0;0;0;0;0;0;2;0;0;0;0;0;2;1;0;3;0;0;1;1;17;0;0;3;4;2;0;0;2;0;0;0;0;0;0;0;0;0;0;0;0;0;0;0;0;0;0;0;9;0;1;0;0;3;0;1;0;0;0;0;1;0;0;0;0;1;0;0;0
5687;5;7;EV37;3;POS;amphetamine;6;3;0;0;6;0;0;0;0;0;0;2;3;0;0;0;0;0;0;0;0;0;0;0;0;0;0;0;1;5;4;0;2;1;0;3;0;0;2;0;2;0;0;0;0;0;0;0;0;0;0;0;1;0;2;0;0;0;0;0;0;0;0;2;0;0;2;1;20;0;0;3;1;0;0;0;4;0;0;0;0;0;0;0;0;0;0;0;0;0;0;0;0;0;0;0;10;0;1;0;0;0;0;2;0;0;0;0;2;0;1;0;0;0;0;0;0
5859;5;8;EV37;3;POS;amphetamine;1;1;0;0;0;1;0;0;0;0;0;0;0;0;0;0;0;0;0;0;2;0;0;0;0;0;0;0;1;0;1;0;0;0;0;2;0;0;0;0;0;0;0;0;0;0;0;0;0;0;0;0;0;0;0;0;0;0;0;0;0;0;0;1;0;0;0;0;6;0;0;1;2;0;0;0;0;0;1;0;0;0;0;0;0;0;0;0;0;0;0;0;0;0;0;0;0;0;0;0;0;0;0;0;0;1;0;0;0;0;0;0;0;0;0;0;0
4828;5;1;EV37;3;POS;amphotericin b;0;0;0;0;0;0;0;0;0;0;0;0;0;0;0;0;0;0;0;0;0;0;0;0;0;0;0;0;0;0;0;0;1;0;0;0;0;0;0;0;0;0;0;0;0;0;0;0;0;0;0;0;0;0;0;0;0;0;0;0;0;0;0;0;0;0;0;0;1;0;0;0;0;0;0;0;0;0;0;0;0;0;0;0;0;0;0;0;0;0;0;0;0;0;0;0;0;0;0;0;0;0;0;0;0;0;0;0;0;0;0;0;0;0;0;0;0
5000;5;2;EV37;3;POS;amphotericin b;0;0;0;0;0;0;0;0;0;0;0;0;0;0;0;0;0;0;0;1;0;0;0;0;0;0;0;0;0;0;0;0;0;0;0;0;0;0;0;0;0;0;0;0;0;0;0;0;0;0;0;0;0;0;0;0;0;0;0;0;0;0;0;0;0;0;0;0;0;0;0;0;0;0;0;0;0;0;0;0;0;0;0;0;0;0;0;0;0;0;0;0;0;0;0;0;0;0;0;0;0;1;0;0;0;0;0;0;0;0;0;0;0;0;0;0;0
5172;5;3;EV37;3;POS;amphotericin b;0;0;0;0;0;0;0;0;0;0;0;0;0;0;0;0;0;0;0;1;0;0;0;0;0;0;0;0;0;0;0;0;0;0;0;0;0;0;0;0;0;0;0;0;0;0;0;0;0;0;0;0;0;0;0;0;0;0;0;0;0;0;0;0;0;0;0;0;2;0;0;0;0;0;0;0;0;0;0;0;0;0;0;0;0;0;0;0;0;0;0;0;0;0;0;0;0;0;0;0;0;0;0;0;0;0;0;0;0;0;0;0;0;0;0;0;0
5344;5;4;EV37;3;POS;amphotericin b;0;0;0;0;0;0;0;0;0;0;0;0;0;0;0;0;0;0;0;0;0;0;0;0;0;0;0;0;0;0;0;0;0;0;0;0;0;0;0;0;0;0;0;0;0;0;0;0;0;0;0;0;0;0;0;0;0;0;0;0;0;0;0;0;0;0;0;0;0;0;0;0;0;0;0;0;0;0;0;0;0;0;0;0;0;0;0;0;0;0;0;0;0;0;0;0;0;0;0;0;0;0;0;0;0;0;0;0;0;0;0;0;0;0;0;0;0
5516;5;6;EV37;3;POS;amphotericin b;0;0;0;0;0;0;0;0;0;0;0;0;0;0;0;0;0;0;0;0;0;0;0;0;0;0;0;0;0;0;0;0;1;0;0;0;0;0;0;0;0;0;0;0;0;0;0;0;0;0;0;0;0;0;0;0;0;0;0;0;0;0;0;0;0;0;0;0;1;0;0;0;0;0;0;0;0;0;0;0;0;0;0;0;0;0;0;0;0;0;0;0;0;0;0;0;0;0;0;0;0;0;0;0;0;0;0;0;0;0;0;0;0;0;0;0;0
5688;5;7;EV37;3;POS;amphotericin b;0;0;0;0;0;0;0;0;0;0;0;0;0;0;0;0;0;0;0;0;0;0;0;0;0;0;0;0;0;0;0;0;1;0;0;0;0;0;0;0;0;0;0;0;0;0;0;0;0;0;0;0;0;0;0;0;0;0;0;0;0;0;0;0;0;0;0;0;1;0;0;0;0;0;0;0;0;0;0;0;0;0;0;0;0;0;0;0;0;0;0;0;0;0;0;0;0;0;0;0;0;0;0;0;0;0;0;0;0;0;0;0;0;0;0;0;0
5860;5;8;EV37;3;POS;amphotericin b;0;0;0;0;0;0;0;0;0;0;0;0;0;0;0;0;0;0;0;0;0;0;0;0;0;0;0;0;0;0;0;0;0;0;0;0;0;0;0;0;0;0;0;0;0;0;0;0;0;0;0;0;0;0;0;0;0;0;0;0;0;0;0;0;0;0;0;0;0;0;0;0;0;0;0;0;0;0;0;0;0;0;0;0;0;0;0;0;0;0;0;0;0;0;0;0;0;0;0;0;0;0;0;0;0;0;0;0;0;0;0;0;0;0;0;0;0
4831;5;1;EV37;3;POS;atenolol;0;0;0;0;0;0;0;0;0;0;0;0;0;0;0;0;0;0;0;0;0;0;0;0;0;0;0;0;0;0;0;0;0;0;0;0;0;0;0;0;0;0;0;0;0;0;0;0;0;0;0;0;0;0;0;0;0;0;0;0;0;0;0;0;0;0;0;0;0;0;0;0;0;0;0;0;0;0;0;0;0;0;0;0;0;0;0;0;0;0;0;0;0;0;0;0;0;0;0;0;0;0;0;0;0;0;0;0;0;0;0;0;0;0;0;0;0
5003;5;2;EV37;3;POS;atenolol;0;0;0;0;0;0;0;0;0;0;0;0;0;0;0;0;0;0;0;0;0;0;0;0;0;0;0;0;0;0;0;0;0;0;0;0;0;0;0;0;0;0;0;0;0;0;0;0;0;0;0;0;0;0;0;0;0;0;0;0;0;0;0;0;0;0;0;0;0;0;0;0;0;0;0;0;0;0;0;0;0;0;0;0;0;0;0;0;0;0;0;0;0;0;0;0;0;0;0;0;0;0;0;0;0;0;0;0;0;0;0;0;0;0;0;0;0
5175;5;3;EV37;3;POS;atenolol;0;0;0;0;0;0;0;0;0;0;0;0;0;0;0;0;0;0;0;0;0;0;0;0;0;0;0;0;0;0;0;0;0;0;0;0;0;0;0;0;0;0;0;0;0;0;0;0;0;0;0;0;0;0;0;0;0;0;0;0;0;0;0;0;0;0;0;0;0;0;0;0;0;0;0;0;0;0;0;0;0;0;0;0;0;0;0;0;0;0;0;0;0;0;0;0;0;0;0;0;0;0;0;0;0;0;0;0;0;0;0;0;0;0;0;0;0
5347;5;4;EV37;3;POS;atenolol;0;0;0;0;0;0;0;0;0;0;0;0;0;0;0;0;0;0;0;0;0;0;0;0;0;0;0;0;0;0;0;0;0;0;0;0;0;0;0;0;0;0;0;0;0;0;0;0;0;0;0;0;0;0;0;0;0;0;0;0;0;0;0;0;0;0;0;0;0;0;0;0;0;0;0;0;0;0;0;0;0;0;0;0;0;0;0;0;0;0;0;0;0;0;0;0;0;0;0;0;0;0;0;0;0;0;0;0;0;0;0;0;0;0;0;0;0
5519;5;6;EV37;3;POS;atenolol;0;0;0;0;0;0;0;0;0;0;0;0;0;0;0;0;0;0;0;0;0;0;0;0;0;0;0;0;0;0;0;0;0;0;0;0;0;0;0;0;0;0;0;0;0;0;0;0;0;0;0;0;0;0;0;0;0;0;0;0;0;0;0;0;0;0;0;0;0;0;0;0;0;0;0;0;0;0;0;0;0;0;0;0;0;0;0;0;0;0;0;0;0;0;0;0;0;0;0;0;0;0;0;0;0;0;0;0;0;0;0;0;0;0;0;0;0
5691;5;7;EV37;3;POS;atenolol;0;0;0;0;0;0;0;0;0;0;0;0;0;0;0;0;0;0;0;0;0;0;0;0;0;0;0;0;0;0;0;0;0;0;0;0;0;0;0;0;0;0;0;0;0;0;0;0;0;0;0;0;0;0;0;0;0;0;0;0;0;0;0;0;0;0;0;0;0;0;0;0;0;0;0;0;0;0;0;0;0;0;0;0;0;0;0;0;0;0;0;0;0;0;0;0;0;0;0;0;0;0;0;0;0;0;0;0;0;0;0;0;0;0;0;0;0
5863;5;8;EV37;3;POS;atenolol;0;0;0;0;0;0;0;0;0;0;0;0;0;0;0;0;0;0;0;0;0;0;0;0;0;0;0;0;0;0;0;0;0;0;0;0;0;0;0;0;0;0;0;0;0;0;0;0;0;0;0;0;0;0;0;0;0;0;0;0;0;0;0;0;0;0;0;0;0;0;0;0;0;0;0;0;0;0;0;0;0;0;0;0;0;0;0;0;0;0;0;0;0;0;0;0;0;0;0;0;0;0;0;0;0;0;0;0;0;0;0;0;0;0;0;0;0
4832;5;1;EV37;3;POS;atomoxetine;0;0;0;0;0;0;0;0;0;0;0;0;0;0;0;0;0;0;0;0;0;0;0;0;0;0;0;0;0;0;0;0;0;0;0;0;0;0;0;0;0;0;0;0;0;0;0;0;0;0;0;0;0;0;0;0;0;0;0;0;0;0;0;0;0;0;0;0;0;0;0;0;0;0;0;0;0;0;0;0;0;0;0;0;0;0;0;0;0;0;0;0;0;0;0;0;0;0;0;0;0;0;0;0;0;0;0;0;0;0;0;0;0;0;0;0;0
5004;5;2;EV37;3;POS;atomoxetine;0;0;0;0;0;0;0;0;0;0;0;0;0;0;0;0;0;0;0;0;0;0;0;0;0;0;0;0;0;0;0;0;0;0;0;0;0;0;0;0;0;0;0;0;0;0;0;0;0;0;0;0;0;0;0;0;0;0;0;0;0;0;0;0;0;0;0;0;0;0;0;0;0;0;0;0;0;0;0;0;0;0;0;0;0;0;0;0;0;0;0;0;0;0;0;0;0;0;0;0;0;0;0;0;0;0;0;0;0;0;0;0;0;0;0;0;0
5176;5;3;EV37;3;POS;atomoxetine;0;0;0;0;0;0;0;0;0;0;0;0;0;0;0;0;0;0;0;0;0;0;0;0;0;0;0;0;0;0;0;0;0;0;0;0;0;0;0;0;0;0;0;0;0;0;0;0;0;0;0;0;0;0;0;0;0;0;0;0;0;0;0;0;0;0;0;0;0;0;0;0;0;0;0;0;0;0;0;0;0;0;0;0;0;0;0;0;0;0;0;0;0;0;0;0;0;0;0;0;0;0;0;0;0;0;0;0;0;0;0;0;0;0;0;0;0
5348;5;4;EV37;3;POS;atomoxetine;0;0;0;0;0;0;0;0;0;0;0;0;0;0;0;0;0;0;0;0;0;0;0;0;0;0;0;0;0;0;0;0;0;0;0;0;0;0;0;0;0;0;0;0;0;0;0;0;0;0;0;0;0;0;0;0;0;0;0;0;0;0;0;0;0;0;0;0;0;0;0;0;0;0;0;0;0;0;0;0;0;0;0;0;0;0;0;0;0;0;0;0;0;0;0;0;0;0;0;0;0;0;0;0;0;0;0;0;0;0;0;0;0;0;0;0;0
5520;5;6;EV37;3;POS;atomoxetine;0;0;0;0;0;0;0;0;0;0;0;0;0;0;0;0;0;0;0;0;0;0;0;0;0;0;0;0;0;0;0;0;0;0;0;0;0;0;0;0;0;0;0;0;1;0;0;0;0;0;0;0;0;0;0;0;0;0;0;0;0;0;0;0;0;0;0;0;0;0;0;0;1;0;0;0;0;0;0;0;0;0;0;0;0;0;0;0;0;0;0;0;0;0;0;0;0;0;0;0;0;0;0;0;0;0;0;0;0;0;0;0;0;0;0;0;0
5692;5;7;EV37;3;POS;atomoxetine;0;0;0;0;0;0;0;0;0;0;0;0;0;0;0;0;0;0;0;0;0;0;0;0;0;0;0;0;0;0;0;0;0;0;0;0;0;0;0;0;0;0;0;0;0;0;0;0;0;0;0;0;0;0;0;0;0;0;0;0;0;0;0;0;0;0;0;0;0;0;0;0;0;0;0;0;0;0;0;0;0;0;0;0;0;0;0;0;0;0;0;0;0;0;0;0;0;0;0;0;0;0;0;0;0;0;0;0;0;0;0;0;0;0;0;0;0
5864;5;8;EV37;3;POS;atomoxetine;0;0;0;0;0;0;0;0;0;0;0;0;0;0;0;0;0;0;0;0;0;0;0;0;0;0;0;0;0;0;0;0;0;0;0;0;0;0;0;0;0;0;0;0;0;0;0;0;0;0;0;0;0;0;0;0;0;0;0;0;0;0;0;0;0;0;0;0;0;0;0;0;0;0;0;0;0;0;0;0;0;0;0;0;0;0;0;0;0;0;0;0;0;0;0;0;0;0;0;0;0;0;0;0;0;0;0;0;0;0;0;0;0;0;0;0;0
4852;5;1;EV37;3;POS;danazol;0;0;0;0;0;0;0;0;0;0;0;0;0;0;0;0;0;0;0;0;0;0;0;0;0;0;0;0;0;0;0;0;0;0;0;0;0;0;0;0;0;0;0;0;0;0;0;0;0;0;0;0;0;0;0;0;0;0;0;0;0;0;0;0;0;0;0;0;0;0;0;0;0;0;0;0;0;0;0;0;0;0;0;0;0;0;0;0;0;0;0;0;0;0;0;0;0;0;0;0;0;0;0;0;0;0;0;0;0;0;0;0;0;0;0;0;0
5024;5;2;EV37;3;POS;danazol;0;0;0;0;0;0;0;0;0;0;0;0;0;0;0;0;0;0;0;0;0;0;0;0;0;0;0;0;0;0;0;0;0;0;0;0;0;0;0;0;0;0;0;0;0;0;0;0;0;0;0;0;0;0;0;0;0;0;0;0;0;0;0;0;0;0;0;0;0;0;0;0;0;0;0;0;0;0;0;0;0;0;0;0;0;0;0;0;0;0;0;0;0;0;0;0;0;0;0;0;0;0;0;0;0;0;0;0;0;0;0;0;0;0;0;0;0
5196;5;3;EV37;3;POS;danazol;0;0;0;0;0;0;0;0;0;0;0;0;0;0;0;0;0;0;0;0;0;0;0;0;0;0;0;0;0;0;0;0;0;0;0;0;0;0;0;0;0;0;0;0;0;0;0;0;0;0;0;0;0;0;0;0;0;0;0;0;0;0;0;0;0;0;0;0;0;0;0;0;0;0;0;0;0;0;0;0;0;0;0;0;0;0;0;0;0;0;0;0;0;0;0;0;0;0;0;0;0;0;0;0;0;0;0;0;0;0;0;0;0;0;0;0;0
5368;5;4;EV37;3;POS;danazol;0;0;0;0;0;0;0;0;0;0;0;0;0;0;0;0;0;0;0;0;0;0;0;0;0;0;0;0;0;0;0;0;0;0;0;0;0;0;0;0;0;0;0;0;0;0;0;0;0;0;0;0;0;0;0;0;0;0;0;0;0;0;0;0;0;0;0;0;0;0;0;0;0;0;0;0;0;0;0;0;0;0;0;0;0;0;0;0;0;0;0;0;0;0;0;0;0;0;0;0;0;0;0;0;0;0;0;0;0;0;0;0;0;0;0;0;0
5540;5;6;EV37;3;POS;danazol;0;0;0;0;0;0;0;0;0;0;0;0;0;0;0;0;0;0;0;0;0;0;0;0;0;0;0;0;0;0;0;0;0;0;0;0;0;0;0;0;0;0;0;0;0;0;0;0;0;0;0;0;0;0;0;0;0;0;0;0;0;0;0;0;0;0;0;0;0;0;0;0;0;0;0;0;0;0;0;0;0;0;0;0;0;0;0;0;0;0;0;0;0;0;0;0;0;0;0;0;0;0;0;0;0;0;0;0;0;0;0;0;0;0;0;0;0
5712;5;7;EV37;3;POS;danazol;0;0;0;0;0;0;0;0;0;0;0;0;0;0;0;0;0;0;0;0;0;0;0;0;0;0;0;0;0;0;0;0;0;0;0;0;0;0;0;0;0;0;0;0;0;0;0;0;0;0;0;0;0;0;0;0;0;0;0;0;0;0;0;0;0;0;0;0;0;0;0;0;0;0;0;0;0;0;0;0;0;0;0;0;0;0;0;0;0;0;0;0;0;0;0;0;0;0;0;0;0;0;0;0;0;0;0;0;0;0;0;0;0;0;0;0;0
5884;5;8;EV37;3;POS;danazol;0;0;0;0;0;0;0;0;0;0;0;0;0;0;0;0;0;0;0;0;0;0;0;0;0;0;0;0;0;0;0;0;0;0;0;0;0;0;0;0;0;0;0;0;0;0;0;0;0;0;0;0;0;0;0;0;0;0;0;0;0;0;0;0;0;0;0;0;0;0;0;0;0;0;0;0;0;0;0;0;0;0;0;0;0;0;0;0;0;0;0;0;0;0;0;0;0;0;0;0;0;0;0;0;0;0;0;0;0;0;0;0;0;0;0;0;0
4853;5;1;EV37;3;POS;daptomycin;3;1;0;0;2;3;0;0;0;0;0;1;2;0;0;0;0;0;0;1;1;0;0;0;0;0;0;0;0;2;3;2;0;0;0;2;0;0;1;0;1;0;0;0;0;0;0;0;0;0;0;0;0;0;0;0;0;0;0;0;0;0;0;2;0;0;1;1;8;0;0;4;2;0;0;0;0;0;0;0;0;0;0;0;0;0;0;0;0;0;0;0;0;0;0;0;4;0;0;0;0;1;0;0;0;0;0;0;0;0;0;0;1;0;0;0;0
5025;5;2;EV37;3;POS;daptomycin;1;1;0;0;2;2;0;0;0;0;0;1;1;0;0;0;0;0;0;0;0;0;0;0;0;2;0;0;0;1;5;1;3;4;0;0;0;0;0;0;0;0;0;0;0;0;2;0;0;0;1;0;0;0;1;0;0;0;0;0;1;1;3;0;0;0;4;0;8;0;0;5;6;0;0;0;1;0;1;0;0;0;0;0;0;0;0;0;0;0;0;0;0;0;1;0;8;0;0;0;0;2;1;1;0;0;0;0;0;0;0;0;1;1;0;0;0
5197;5;3;EV37;3;POS;daptomycin;2;0;0;0;2;5;0;0;0;0;0;0;2;0;0;0;0;0;0;0;0;0;0;0;2;0;0;0;2;1;4;1;3;0;0;3;0;0;2;0;2;0;0;0;0;0;0;1;0;0;0;0;0;0;0;0;0;0;0;0;0;0;0;2;0;0;1;1;13;0;0;3;4;0;0;1;0;0;1;2;0;0;0;0;0;0;0;0;0;0;0;0;0;0;0;0;3;0;0;0;0;3;0;1;0;0;0;0;0;0;0;0;1;1;0;0;0
5369;5;4;EV37;3;POS;daptomycin;0;1;0;0;2;1;0;0;0;0;0;1;0;0;0;0;0;0;0;0;1;0;0;0;0;0;0;0;1;0;1;1;1;0;0;0;0;0;0;0;0;0;0;0;0;0;0;0;0;0;0;0;0;0;0;0;0;0;0;0;0;0;1;0;0;0;1;0;9;0;0;2;1;0;0;0;1;0;1;0;0;0;0;0;0;0;0;0;0;0;0;0;0;0;0;0;0;0;0;0;0;1;0;0;0;0;0;0;0;0;0;0;1;0;0;0;0
5541;5;6;EV37;3;POS;daptomycin;4;2;0;0;4;3;0;0;0;0;0;2;3;0;0;0;0;0;0;1;2;0;0;0;0;1;0;0;1;2;5;1;4;3;0;3;0;0;1;0;0;0;0;0;0;0;3;0;0;0;0;0;0;0;0;0;0;0;0;0;0;1;0;2;0;0;6;2;14;0;0;4;3;2;0;0;1;0;0;0;0;0;0;0;0;0;0;0;0;0;0;0;0;0;0;0;10;0;0;0;0;0;0;1;0;0;0;0;0;0;0;0;0;0;0;0;0
5713;5;7;EV37;3;POS;daptomycin;1;2;0;0;4;1;0;0;0;0;0;2;0;0;0;0;0;0;0;0;1;0;0;0;0;0;0;0;3;1;0;0;2;2;0;5;0;0;4;0;1;0;0;0;0;0;2;0;0;0;0;0;0;0;0;0;0;0;0;0;0;0;0;0;0;0;4;1;7;0;0;5;0;0;0;0;1;0;1;0;0;0;0;0;0;0;0;0;0;0;0;0;0;0;0;0;11;0;0;0;0;0;0;2;0;0;0;0;0;0;0;0;0;0;0;0;0
5885;5;8;EV37;3;POS;daptomycin;0;0;0;0;2;0;0;0;0;0;0;0;0;0;0;0;0;0;0;0;1;0;0;0;0;0;0;0;0;0;0;0;0;1;0;1;0;0;0;0;0;0;0;0;0;0;1;0;0;0;0;0;0;0;0;0;0;0;0;0;0;0;0;0;0;0;1;1;5;0;0;1;2;0;0;0;0;0;1;0;0;0;0;0;0;0;0;0;0;0;0;0;0;0;0;0;0;0;0;0;0;1;0;0;0;1;0;0;0;0;0;0;0;0;0;0;0
4857;5;1;EV37;3;POS;desvenlafaxine;0;0;0;0;0;0;0;0;0;0;0;0;0;0;0;0;0;0;0;0;0;0;0;0;0;0;0;0;0;0;0;0;0;0;0;0;0;0;0;0;0;0;0;0;0;0;0;0;0;0;0;0;0;0;0;0;0;0;0;0;0;0;0;0;0;0;0;0;0;0;0;0;0;0;0;0;0;0;0;0;0;0;0;0;0;0;0;0;0;0;0;0;0;0;0;0;0;0;0;0;0;0;0;0;0;0;0;0;0;0;0;0;0;0;0;0;0
5029;5;2;EV37;3;POS;desvenlafaxine;0;0;0;0;0;0;0;0;0;0;0;0;0;0;0;0;0;0;0;0;0;0;0;0;0;0;0;0;0;0;0;0;0;0;0;0;0;0;0;0;0;0;0;0;0;0;0;0;0;0;0;0;0;0;0;0;0;0;0;0;0;0;0;0;0;0;0;0;0;0;0;0;0;0;0;0;0;0;0;0;0;0;0;0;0;0;0;0;0;0;0;0;0;0;0;0;0;0;0;0;0;0;0;0;0;0;0;0;0;0;0;0;0;0;0;0;0
5201;5;3;EV37;3;POS;desvenlafaxine;0;0;0;0;0;0;0;0;0;0;0;0;0;0;0;0;0;0;0;0;0;0;0;0;0;0;0;0;0;0;0;0;0;0;0;0;0;0;0;0;0;0;0;0;0;0;0;0;0;0;0;0;0;0;0;0;0;0;0;0;0;0;0;0;0;0;0;0;0;0;0;0;0;0;0;0;0;0;0;0;0;0;0;0;0;0;0;0;0;0;0;0;0;0;0;0;0;0;0;0;0;0;0;0;0;0;0;0;0;0;0;0;0;0;0;0;0
5373;5;4;EV37;3;POS;desvenlafaxine;0;0;0;0;0;0;0;0;0;0;0;0;0;0;0;0;0;0;0;0;0;0;0;0;0;0;0;0;0;0;0;0;0;0;0;0;0;0;0;0;0;0;0;0;0;0;0;0;0;0;0;0;0;0;0;0;0;0;0;0;0;0;0;0;0;0;0;0;0;0;0;0;0;0;0;0;0;0;0;0;0;0;0;0;0;0;0;0;0;0;0;0;0;0;0;0;0;0;0;0;0;0;0;0;0;0;0;0;0;0;0;0;0;0;0;0;0
5545;5;6;EV37;3;POS;desvenlafaxine;0;0;0;0;0;0;0;0;0;0;0;0;0;0;0;0;0;0;0;0;0;0;0;0;0;0;0;0;0;0;0;0;0;0;0;0;0;0;0;0;0;0;0;0;0;0;0;0;0;0;0;0;0;0;0;0;0;0;0;0;0;0;0;0;0;0;0;0;0;0;0;0;0;0;0;0;0;0;0;0;0;0;0;0;0;0;0;0;0;0;0;0;0;0;0;0;0;0;0;0;0;0;0;0;0;0;0;0;0;0;0;0;0;0;0;0;0
5717;5;7;EV37;3;POS;desvenlafaxine;0;0;0;0;0;0;0;0;0;0;0;0;0;0;0;0;0;0;0;0;0;0;0;0;0;0;0;0;0;0;0;0;0;0;0;0;0;0;0;0;0;0;0;0;0;0;0;0;0;0;0;0;0;0;0;0;0;0;0;0;0;0;0;0;0;0;0;0;0;0;0;0;0;0;0;0;0;0;0;0;0;0;0;0;0;0;0;0;0;0;0;0;0;0;0;0;0;0;0;0;0;0;0;0;0;0;0;0;0;0;0;0;0;0;0;0;0
5889;5;8;EV37;3;POS;desvenlafaxine;0;0;0;0;0;0;0;0;0;0;0;0;0;0;0;0;0;0;0;0;0;0;0;0;0;0;0;0;0;0;0;0;0;0;0;0;0;0;0;0;0;0;0;0;0;0;0;0;0;0;0;0;0;0;0;0;0;0;0;0;0;0;0;0;0;0;0;0;0;0;0;0;0;0;0;0;0;0;0;0;0;0;0;0;0;0;0;0;0;0;0;0;0;0;0;0;0;0;0;0;0;0;0;0;0;0;0;0;0;0;0;0;0;0;0;0;0
4860;5;1;EV37;3;POS;donepezil;0;0;0;0;0;0;0;0;0;0;0;0;0;0;0;0;0;0;0;0;0;0;0;0;0;0;0;0;0;0;0;0;0;0;0;0;0;0;0;0;0;0;0;0;0;0;0;0;0;0;0;0;0;0;0;0;0;0;0;0;0;0;0;0;0;0;0;0;0;0;0;0;0;0;0;0;0;0;0;0;0;0;0;0;0;0;0;0;0;0;0;0;0;0;0;0;0;0;0;0;0;0;0;0;0;0;0;0;0;0;0;0;0;0;0;0;0
5032;5;2;EV37;3;POS;donepezil;0;0;0;0;0;0;0;0;0;0;0;0;0;0;0;0;0;0;0;0;0;0;0;0;0;0;0;0;0;0;0;0;0;0;0;0;0;0;0;0;0;0;0;0;0;0;0;0;0;0;0;0;0;0;0;0;0;0;0;0;0;0;0;0;0;0;0;0;0;0;0;0;0;0;0;0;0;0;0;0;0;0;0;0;0;0;0;0;0;0;0;0;0;0;0;0;0;0;0;0;0;0;0;0;0;0;0;0;0;0;0;0;0;0;0;0;0
5204;5;3;EV37;3;POS;donepezil;0;0;0;0;0;0;0;0;0;0;0;0;0;0;0;0;0;0;0;0;0;0;0;0;0;0;0;0;0;0;0;0;0;0;0;0;0;0;0;0;0;0;0;0;0;0;0;0;0;0;0;0;0;0;0;0;0;0;0;0;0;0;0;0;0;0;0;0;0;0;0;0;0;0;0;0;0;0;0;0;0;0;0;0;0;0;0;0;0;0;0;0;0;0;0;0;0;0;0;0;0;0;0;0;0;0;0;0;0;0;0;0;0;0;0;0;0
5376;5;4;EV37;3;POS;donepezil;0;0;0;0;0;0;0;0;0;0;0;0;0;0;0;0;0;0;0;0;0;0;0;0;0;0;0;0;0;0;0;0;0;0;0;0;0;0;0;0;0;0;0;0;0;0;0;0;0;0;0;0;0;0;0;0;0;0;0;0;0;0;0;0;0;0;0;0;0;0;0;0;0;0;0;0;0;0;0;0;0;0;0;0;0;0;0;0;0;0;0;0;0;0;0;0;0;0;0;0;0;0;0;0;0;0;0;0;0;0;0;0;0;0;0;0;0
5548;5;6;EV37;3;POS;donepezil;0;0;0;0;0;0;0;0;0;0;0;0;0;0;0;0;0;0;0;0;0;0;0;0;0;0;0;0;0;0;0;0;0;0;0;0;0;0;0;0;0;0;0;0;0;0;0;0;0;0;0;0;0;0;0;0;0;0;0;0;0;0;0;0;0;0;0;0;0;0;0;0;0;0;0;0;0;0;0;0;0;0;0;0;0;0;0;0;0;0;0;0;0;0;0;0;0;0;0;0;0;0;0;0;0;0;0;0;0;0;0;0;0;0;0;0;0
5720;5;7;EV37;3;POS;donepezil;0;0;0;0;0;0;0;0;0;0;0;0;0;0;0;0;0;0;0;0;0;0;0;0;0;0;0;0;0;0;0;0;0;0;0;0;0;0;0;0;0;0;0;0;0;0;0;0;0;0;0;0;0;0;0;0;0;0;0;0;0;0;0;0;0;0;0;0;0;0;0;0;0;0;0;0;0;0;0;0;0;0;0;0;0;0;0;0;0;0;0;0;0;0;0;0;0;0;0;0;0;0;0;0;0;0;0;0;0;0;0;0;0;0;0;0;0
5892;5;8;EV37;3;POS;donepezil;0;0;0;0;0;0;0;0;0;0;0;0;0;0;0;0;0;0;0;0;0;0;0;0;0;0;0;0;0;0;0;0;0;0;0;0;0;0;0;0;0;0;0;0;0;0;0;0;0;0;0;0;0;0;0;0;0;0;0;0;0;0;0;0;0;0;0;0;0;0;0;0;0;0;0;0;0;0;0;0;0;0;0;0;0;0;0;0;0;0;0;0;0;0;0;0;0;0;0;0;0;0;0;0;0;0;0;0;0;0;0;0;0;0;0;0;0
4861;5;1;EV37;3;POS;doxorubicin;0;0;0;0;0;0;0;0;0;0;0;0;0;0;0;0;0;0;0;0;0;0;0;0;0;0;0;0;0;0;0;0;0;0;0;0;0;0;0;0;0;0;0;0;0;0;0;0;0;0;0;0;0;0;0;0;0;0;0;0;0;0;0;0;0;0;0;0;0;0;0;0;0;0;0;0;0;0;0;0;0;0;0;0;0;0;0;0;0;0;0;0;0;0;0;0;0;0;0;0;0;0;0;0;0;0;0;0;0;0;0;0;0;0;0;0;0
5033;5;2;EV37;3;POS;doxorubicin;0;0;0;0;0;0;0;0;0;0;0;0;0;0;0;0;0;0;0;0;0;0;0;0;0;1;0;0;0;0;0;0;1;0;0;0;0;0;0;0;0;0;0;0;0;0;0;0;0;0;0;0;0;0;0;0;0;0;0;0;0;0;0;0;0;0;1;0;0;0;0;1;0;0;0;0;0;0;0;0;0;0;0;0;0;0;0;0;0;0;0;0;0;0;0;0;0;0;0;0;0;0;0;0;0;0;0;0;0;0;0;0;0;0;0;0;0
5205;5;3;EV37;3;POS;doxorubicin;0;0;0;0;0;0;0;0;0;0;0;0;0;0;0;0;0;0;0;0;0;0;0;0;0;0;0;0;0;0;0;0;0;0;0;0;0;0;0;0;0;0;0;0;0;0;0;0;0;0;0;0;0;0;0;0;0;0;0;0;0;0;0;0;0;0;0;0;0;0;0;0;0;0;0;0;0;0;0;0;0;0;0;0;0;0;0;0;0;0;0;0;0;0;0;0;0;0;0;0;0;0;0;0;0;0;0;0;0;0;0;0;0;0;0;0;0
5377;5;4;EV37;3;POS;doxorubicin;0;0;0;0;0;0;0;0;0;0;0;0;0;0;0;0;0;0;0;0;0;0;0;0;0;0;0;0;0;0;0;0;0;0;0;0;0;0;0;0;0;0;0;0;0;0;0;0;0;0;0;0;0;0;0;0;0;0;0;0;0;0;0;0;0;0;0;0;0;0;0;0;0;0;0;0;0;0;0;0;0;0;0;0;0;0;0;0;0;0;0;0;0;0;0;0;0;0;0;0;0;0;0;0;0;0;0;0;0;0;0;0;0;0;0;0;0
5549;5;6;EV37;3;POS;doxorubicin;0;0;0;0;0;0;0;0;0;0;0;0;0;0;0;0;0;0;0;0;0;0;0;0;0;0;0;0;0;0;0;0;1;0;0;0;0;0;0;0;0;0;0;0;0;0;0;0;0;0;0;0;0;0;0;0;0;0;0;0;0;0;0;0;0;0;0;0;0;0;0;0;1;0;0;0;0;0;0;0;0;0;0;0;0;0;0;0;0;0;0;0;0;0;0;0;0;0;0;0;0;0;0;0;0;0;0;0;0;0;0;0;0;0;0;0;0
5721;5;7;EV37;3;POS;doxorubicin;0;0;0;0;0;0;0;0;0;0;0;0;0;0;0;0;0;0;0;0;0;0;0;0;0;0;0;0;0;0;0;0;0;0;0;0;0;0;0;0;0;0;0;0;0;0;0;0;0;0;0;0;0;0;0;0;0;0;0;0;0;0;0;0;0;0;0;0;0;0;0;0;0;0;0;0;0;0;0;0;0;0;0;0;0;0;0;0;0;0;0;0;0;0;0;0;0;0;0;0;0;0;0;0;0;0;0;0;0;0;0;0;0;0;0;0;0
5893;5;8;EV37;3;POS;doxorubicin;0;0;0;0;0;0;0;0;0;0;0;0;0;0;0;0;0;0;0;0;0;0;0;0;0;0;0;0;0;0;0;0;0;0;0;0;0;0;0;0;0;0;0;0;0;0;0;0;0;0;0;0;0;0;0;0;0;0;0;0;0;0;0;0;0;0;0;0;0;0;0;0;0;0;0;0;0;0;0;0;0;0;0;0;0;0;0;0;0;0;0;0;0;0;0;0;0;0;0;0;0;0;0;0;0;0;0;0;0;0;0;0;0;0;0;0;0
4869;5;1;EV37;3;POS;estradiol;0;0;0;0;0;0;0;0;0;0;0;0;0;0;0;0;0;0;0;0;0;0;0;0;0;0;0;0;0;0;0;0;0;0;0;0;0;0;0;0;0;0;0;0;0;0;0;0;0;0;0;0;0;0;0;0;0;0;0;0;0;0;0;0;0;0;0;0;0;0;0;0;0;0;0;0;0;0;0;0;0;0;0;0;0;0;0;0;0;0;0;0;0;0;0;0;0;0;0;0;0;0;0;0;0;0;0;0;0;0;0;0;0;0;0;0;0
5041;5;2;EV37;3;POS;estradiol;1;0;0;0;0;0;0;0;0;0;0;0;0;0;0;0;0;0;0;0;0;0;0;0;0;0;0;0;0;0;0;0;0;0;0;0;0;0;0;0;0;0;0;0;0;0;0;0;0;0;0;0;0;0;0;0;0;0;0;0;0;0;0;0;0;0;0;0;0;0;0;1;0;0;0;0;0;0;0;0;0;0;0;0;0;0;0;0;0;0;0;0;0;0;0;0;0;0;0;0;0;0;0;0;0;0;0;0;0;0;0;0;0;0;0;0;0
5213;5;3;EV37;3;POS;estradiol;0;0;0;0;0;0;0;0;0;0;0;0;0;0;0;0;0;0;0;0;0;0;0;0;0;0;0;0;0;0;0;0;0;0;0;0;0;0;0;0;0;0;0;0;0;0;0;0;0;0;0;0;0;0;0;0;0;0;0;0;0;0;0;0;0;0;0;0;0;0;0;0;0;0;0;0;0;0;0;0;0;0;0;0;0;0;0;0;0;0;0;0;0;0;0;0;0;0;0;0;0;0;0;0;0;0;0;0;0;0;0;0;0;0;0;0;0
5385;5;4;EV37;3;POS;estradiol;1;0;0;0;0;0;0;0;0;0;0;0;0;0;0;0;0;0;0;0;0;0;0;0;0;0;0;0;0;0;0;0;0;0;0;0;0;0;0;0;0;0;0;0;0;0;0;0;0;0;0;0;0;0;0;0;0;0;0;0;0;0;0;0;0;0;0;0;1;0;0;0;0;0;0;0;0;0;0;0;0;0;0;0;0;0;0;0;0;0;0;0;0;0;0;0;0;0;0;0;0;0;0;0;0;0;0;0;0;0;0;0;0;0;0;0;0
5557;5;6;EV37;3;POS;estradiol;1;0;0;0;0;0;0;0;0;0;0;0;0;0;0;0;0;0;0;0;0;0;0;0;0;0;0;0;0;0;0;0;0;0;0;0;0;0;0;0;0;0;0;0;0;0;0;0;0;0;0;0;0;0;0;0;0;0;0;0;0;0;0;0;0;0;0;0;1;0;0;0;0;0;0;0;0;0;0;0;0;0;0;0;0;0;0;0;0;0;0;0;0;0;0;0;0;0;0;0;0;0;0;0;0;0;0;0;0;0;0;0;0;0;0;0;0
5729;5;7;EV37;3;POS;estradiol;0;0;0;0;0;0;0;0;0;0;0;0;0;0;0;0;0;0;0;0;0;0;0;0;0;0;0;0;0;0;0;0;0;0;0;0;0;0;0;0;0;0;0;0;0;0;0;0;0;0;0;0;0;0;0;0;0;0;0;0;0;0;0;0;0;0;0;0;0;0;0;0;0;0;0;0;0;0;0;0;0;0;0;0;0;0;0;0;0;0;0;0;0;0;0;0;0;0;0;0;0;0;0;0;0;0;0;0;0;0;0;0;0;0;0;0;0
5901;5;8;EV37;3;POS;estradiol;0;0;0;0;0;0;0;0;0;0;0;0;0;0;0;0;0;0;0;0;0;0;0;0;0;0;0;0;0;0;0;0;0;0;0;0;0;0;0;0;0;0;0;0;0;0;0;0;0;0;0;0;0;0;0;0;0;0;0;0;0;0;0;0;0;0;0;0;0;0;0;0;0;0;0;0;0;0;0;0;0;0;0;0;0;0;0;0;0;0;0;0;0;0;0;0;0;0;0;0;0;0;0;0;0;0;0;0;0;0;0;0;0;0;0;0;0
4886;5;1;EV37;3;POS;gabapentin;0;0;0;0;0;0;0;0;0;0;0;0;0;0;0;0;0;0;0;0;0;0;0;0;0;0;0;0;0;0;0;0;1;0;0;0;0;0;0;0;0;0;0;0;0;0;0;0;0;0;0;0;0;0;0;0;0;0;0;0;0;0;0;0;0;0;0;0;0;0;0;0;1;0;0;0;0;0;0;0;0;0;0;0;0;0;0;0;0;0;0;0;0;0;0;0;0;0;0;0;0;0;0;0;0;0;0;0;0;0;0;0;0;0;0;0;0
5058;5;2;EV37;3;POS;gabapentin;0;0;0;0;0;0;0;0;0;0;0;0;0;0;0;0;0;0;0;0;0;0;0;0;0;0;0;0;0;0;0;0;0;0;0;0;0;0;0;0;0;0;0;0;0;0;0;0;0;0;0;0;0;0;0;0;0;0;0;0;0;0;0;0;0;0;0;0;0;0;0;0;0;0;0;0;0;0;0;0;0;0;0;0;0;0;0;0;0;0;0;0;0;0;0;0;0;0;0;0;0;0;0;0;0;0;0;0;0;0;0;0;0;0;0;0;0
5230;5;3;EV37;3;POS;gabapentin;0;0;0;0;0;0;0;0;0;0;0;0;0;0;0;0;0;0;0;0;0;0;0;0;0;0;0;0;0;0;0;0;0;0;0;0;0;0;0;0;0;0;0;0;0;0;0;0;0;0;0;0;0;0;0;0;0;0;0;0;0;0;0;0;0;0;0;0;0;0;0;0;0;0;0;0;0;0;0;0;0;0;0;0;0;0;0;0;0;0;0;0;0;0;0;0;0;0;0;0;0;0;0;0;0;0;0;0;0;0;0;0;0;0;0;0;0
5402;5;4;EV37;3;POS;gabapentin;0;0;0;0;0;0;0;0;0;0;0;0;0;0;0;0;0;0;0;0;0;0;0;0;0;0;0;0;0;0;0;0;0;0;0;0;0;0;0;0;0;0;0;0;0;0;0;0;0;0;0;0;0;0;0;0;0;0;0;0;0;0;0;0;0;0;0;0;0;0;0;0;0;0;0;0;0;0;0;0;0;0;0;0;0;0;0;0;0;0;0;0;0;0;0;0;0;0;0;0;0;0;0;0;0;0;0;0;0;0;0;0;0;0;0;0;0
5574;5;6;EV37;3;POS;gabapentin;0;0;0;0;0;0;0;0;0;0;0;0;0;0;0;0;0;0;0;0;0;0;0;0;0;0;0;0;0;0;0;0;0;0;0;0;0;0;0;0;0;0;0;0;0;0;0;0;0;0;0;0;0;0;0;0;0;0;0;0;0;0;0;0;0;0;0;0;0;0;0;0;0;0;0;0;0;0;0;0;0;0;0;0;0;0;0;0;0;0;0;0;0;0;0;0;0;0;0;0;0;0;0;0;0;0;0;0;0;0;0;0;0;0;0;0;0
5746;5;7;EV37;3;POS;gabapentin;0;0;0;0;0;0;0;0;0;0;0;0;0;0;0;0;0;0;0;0;0;0;0;0;0;0;0;0;0;0;0;0;0;0;0;0;0;0;0;0;0;0;0;0;0;0;0;0;0;0;0;0;0;0;0;0;0;0;0;0;0;0;0;0;0;0;0;0;0;0;0;0;0;0;0;0;0;0;0;0;0;0;0;0;0;0;0;0;0;0;0;0;0;0;0;0;0;0;0;0;0;0;0;0;0;0;0;0;0;0;0;0;0;0;0;0;0
5918;5;8;EV37;3;POS;gabapentin;0;0;0;0;0;0;0;0;0;0;0;0;0;0;0;0;0;0;0;0;0;0;0;0;0;0;0;0;0;0;0;0;0;0;0;0;0;0;0;0;0;0;0;0;0;0;0;0;0;0;0;0;0;0;0;0;0;0;0;0;0;0;0;0;0;0;0;0;0;0;0;0;0;0;0;0;0;0;0;0;0;0;0;0;0;0;0;0;0;0;0;0;0;0;0;0;0;0;0;0;0;0;0;0;0;0;0;0;0;0;0;0;0;0;0;0;0
4903;5;1;EV37;3;POS;leuprolide;0;0;0;1;0;0;0;0;0;0;0;0;0;0;0;0;0;0;0;0;0;0;0;0;0;1;0;0;0;0;2;1;2;0;0;0;0;0;0;0;0;0;0;0;0;0;0;0;0;0;0;0;0;0;0;0;0;0;0;0;0;0;0;0;0;0;2;0;5;0;0;1;0;0;0;1;0;0;0;0;0;0;0;0;0;0;0;0;0;0;0;0;0;0;0;0;3;0;2;0;0;2;0;0;0;0;0;0;0;0;0;0;0;0;0;0;0
5075;5;2;EV37;3;POS;leuprolide;0;0;0;0;1;0;0;0;0;0;0;0;0;0;0;0;0;0;0;0;0;0;0;0;0;0;0;0;1;0;2;1;1;0;0;1;0;0;1;0;0;0;0;0;0;0;0;0;0;0;0;0;0;0;0;1;0;0;0;0;0;0;0;1;0;0;2;0;6;0;0;2;2;0;0;1;0;0;0;0;0;0;0;0;0;0;0;0;0;0;0;0;0;0;0;0;7;0;0;0;0;0;0;0;0;0;0;0;0;0;0;0;2;0;0;0;0
5247;5;3;EV37;3;POS;leuprolide;0;0;0;2;1;0;0;0;0;0;0;0;0;0;0;0;0;0;0;0;0;0;0;0;0;0;0;0;1;0;3;0;1;0;0;1;0;0;0;0;0;0;0;0;0;0;0;0;0;0;0;0;0;0;0;0;0;0;0;0;0;0;0;0;0;0;2;0;6;0;0;0;2;0;0;0;0;0;0;0;0;0;0;0;0;0;0;0;0;0;0;0;0;0;0;0;3;0;1;0;0;2;0;0;0;0;0;0;0;0;0;0;0;0;0;0;0
5419;5;4;EV37;3;POS;leuprolide;0;0;0;0;0;0;0;0;0;0;0;0;0;0;0;0;0;0;0;0;0;0;0;0;0;0;0;0;0;1;1;0;0;0;0;0;0;0;0;0;0;0;0;0;0;0;0;0;0;0;0;0;0;0;0;0;0;0;0;0;0;0;0;0;0;0;1;0;3;0;0;0;0;0;0;0;0;0;0;0;0;0;0;0;0;0;0;0;0;0;0;0;0;0;0;0;0;0;0;0;0;0;0;0;0;0;0;0;0;0;0;0;0;0;0;0;0
5591;5;6;EV37;3;POS;leuprolide;0;0;0;2;0;0;0;0;0;0;0;1;0;0;0;0;0;0;0;0;0;0;0;0;0;0;0;0;0;0;0;0;2;0;0;0;0;0;0;0;0;0;0;0;0;0;0;0;0;0;0;0;0;0;0;0;0;0;0;0;0;1;0;0;0;0;4;0;8;0;0;0;0;0;0;0;0;0;0;0;0;0;0;0;0;0;0;0;0;0;0;0;0;0;0;0;3;0;1;0;0;2;0;0;0;0;0;0;0;0;0;0;0;0;0;0;0
5763;5;7;EV37;3;POS;leuprolide;2;0;0;0;3;1;0;0;0;0;0;0;0;0;0;0;0;0;0;0;0;0;0;0;0;0;0;0;0;0;0;0;1;0;0;1;0;0;0;0;1;0;0;0;0;0;0;0;0;0;0;0;0;0;0;0;0;0;0;0;0;0;0;0;0;0;3;0;8;0;0;1;0;0;0;0;3;0;0;0;0;0;0;0;0;0;0;0;0;0;0;0;0;0;0;0;4;0;1;0;0;0;0;1;0;0;0;0;0;0;0;0;0;0;0;0;0
5935;5;8;EV37;3;POS;leuprolide;0;0;0;0;0;0;0;0;0;0;0;0;0;0;0;0;0;0;0;0;0;0;0;0;0;0;0;0;0;0;1;0;0;0;0;0;0;0;0;0;0;0;0;0;0;0;0;0;0;0;0;0;0;0;0;0;0;0;0;0;0;0;0;0;0;0;0;0;1;0;0;0;0;0;0;0;0;0;0;0;0;0;0;0;0;0;0;0;0;0;0;0;0;0;0;0;0;0;0;0;0;0;0;0;0;0;0;0;0;0;0;0;0;0;0;0;0
4906;5;1;EV37;3;POS;levothyroxine;0;0;0;0;0;0;0;0;0;0;0;0;0;0;0;0;0;0;0;0;0;0;0;0;0;0;0;0;0;0;0;0;0;0;0;0;0;0;0;0;0;0;0;0;0;0;0;0;0;0;0;0;0;0;0;0;0;0;0;0;0;0;0;0;0;0;0;0;0;0;0;0;0;0;0;0;0;0;0;0;0;0;0;0;0;0;0;0;0;0;0;0;0;0;0;0;0;0;0;0;0;0;0;0;0;0;0;0;0;0;0;0;0;0;0;0;0
5078;5;2;EV37;3;POS;levothyroxine;0;0;0;0;0;0;0;0;0;0;0;0;0;0;0;0;0;0;0;0;0;0;0;0;0;0;0;0;0;0;0;0;0;0;0;0;0;0;0;0;0;0;0;0;0;0;0;0;0;0;0;0;0;0;0;0;0;0;0;0;0;0;0;0;0;0;0;0;0;0;0;0;0;0;0;0;0;0;0;0;0;0;0;0;0;0;0;0;0;0;0;0;0;0;0;0;0;0;0;0;0;0;0;0;0;0;0;0;0;0;0;0;0;0;0;0;0
5250;5;3;EV37;3;POS;levothyroxine;0;0;0;0;0;0;0;0;0;0;0;0;0;0;0;0;0;0;0;0;0;0;0;0;0;0;0;0;0;0;0;0;0;0;0;0;0;0;0;0;0;0;0;0;0;0;0;0;0;0;0;0;0;0;0;0;0;0;0;0;0;0;0;0;0;0;0;0;0;0;0;0;0;0;0;0;0;0;0;0;0;0;0;0;0;0;0;0;0;0;0;0;0;0;0;0;0;0;0;0;0;0;0;0;0;0;0;0;0;0;0;0;0;0;0;0;0
5422;5;4;EV37;3;POS;levothyroxine;0;0;0;0;0;0;0;0;0;0;0;0;0;0;0;0;0;0;0;0;0;0;0;0;0;0;0;0;0;0;0;0;0;0;0;0;0;0;0;0;0;0;0;0;0;0;0;0;0;0;0;0;0;0;0;0;0;0;0;0;0;0;0;0;0;0;0;0;0;0;0;0;0;0;0;0;0;0;0;0;0;0;0;0;0;0;0;0;0;0;0;0;0;0;0;0;0;0;0;0;0;0;0;0;0;0;0;0;0;0;0;0;0;0;0;0;0
5594;5;6;EV37;3;POS;levothyroxine;0;0;0;0;0;0;0;0;0;0;0;0;0;0;0;0;0;0;0;0;0;0;0;0;0;0;0;0;0;0;0;0;0;0;0;0;0;0;0;0;0;0;0;0;0;0;0;0;0;0;0;0;0;0;0;0;0;0;0;0;0;0;0;0;0;0;0;0;0;0;0;0;0;0;0;0;0;0;0;0;0;0;0;0;0;0;0;0;0;0;0;0;0;0;0;0;0;0;0;0;0;0;0;0;0;0;0;0;0;0;0;0;0;0;0;0;0
5766;5;7;EV37;3;POS;levothyroxine;0;0;0;0;0;0;0;0;0;0;0;0;0;0;0;0;0;0;0;0;0;0;0;0;0;0;0;0;0;0;0;0;0;0;0;0;0;0;0;0;0;0;0;0;0;0;0;0;0;0;0;0;0;0;0;0;0;0;0;0;0;0;0;0;0;0;0;0;0;0;0;0;0;0;0;0;0;0;0;0;0;0;0;0;0;0;0;0;0;0;0;0;0;0;0;0;0;0;0;0;0;0;0;0;0;0;0;0;0;0;0;0;0;0;0;0;0
5938;5;8;EV37;3;POS;levothyroxine;0;0;0;0;0;0;0;0;0;0;0;0;0;0;0;0;0;0;0;0;0;0;0;0;0;0;0;0;0;0;0;0;0;0;0;0;0;0;0;0;0;0;0;0;0;0;0;0;0;0;0;0;0;0;0;0;0;0;0;0;0;0;0;0;0;0;0;0;0;0;0;0;0;0;0;0;0;0;0;0;0;0;0;0;0;0;0;0;0;0;0;0;0;0;0;0;0;0;0;0;0;0;0;0;0;0;0;0;0;0;0;0;0;0;0;0;0
4909;5;1;EV37;3;POS;memantine;7;1;0;1;5;2;0;0;0;0;0;2;2;0;0;0;0;0;0;0;0;0;0;0;0;0;0;0;1;3;3;0;0;0;0;2;0;0;0;0;1;0;0;0;0;0;0;0;0;0;0;0;0;0;0;0;0;0;0;0;0;1;0;1;0;0;2;0;13;0;0;3;4;0;0;2;0;0;0;0;0;0;0;0;0;0;0;0;0;0;0;0;0;0;0;0;4;0;2;0;0;1;0;0;0;0;0;0;0;0;0;0;2;0;0;0;0
5081;5;2;EV37;3;POS;memantine;4;1;0;8;1;3;0;0;0;0;0;1;0;0;0;0;0;0;0;1;0;0;0;0;1;0;0;0;1;4;6;0;2;0;0;0;0;0;0;0;0;0;0;0;0;0;0;0;0;0;0;0;0;0;0;0;0;0;0;0;0;2;0;3;0;0;6;0;18;0;0;5;8;0;0;2;1;0;1;0;0;0;0;0;0;0;0;0;0;0;0;0;0;0;1;0;12;0;0;0;0;2;1;1;0;0;0;0;0;0;0;0;4;3;0;0;0
5253;5;3;EV37;3;POS;memantine;2;0;0;3;2;0;0;0;0;0;0;3;1;0;0;0;0;0;0;1;0;0;0;0;0;0;0;0;2;6;4;0;1;0;0;1;0;0;0;0;2;0;0;0;0;0;0;0;0;0;0;0;0;0;0;0;0;0;0;0;0;1;0;3;0;0;1;0;15;0;0;3;6;0;0;0;0;0;1;2;0;0;0;0;0;0;0;0;0;0;0;0;0;0;0;0;5;0;1;0;0;4;0;2;0;0;0;0;0;0;0;0;1;1;0;0;0
5425;5;4;EV37;3;POS;memantine;1;0;0;2;0;1;0;0;0;0;0;2;0;0;0;0;0;0;0;0;0;0;0;0;0;0;0;0;0;1;1;0;0;0;0;0;0;0;0;0;1;0;0;0;0;0;0;0;0;0;0;0;0;0;0;0;0;0;0;0;0;1;0;0;0;0;1;0;7;0;0;3;1;0;0;0;1;0;2;0;0;0;0;0;0;0;0;0;0;0;0;0;0;0;0;0;0;0;0;0;0;1;0;0;0;0;0;0;0;0;0;0;1;0;0;0;0
5597;5;6;EV37;3;POS;memantine;6;0;0;5;1;0;0;0;0;0;0;3;1;0;0;0;0;0;0;0;0;0;0;0;0;1;0;0;0;2;2;0;3;0;0;2;0;0;0;0;1;0;0;0;0;0;0;0;0;0;0;0;0;0;0;0;0;0;0;0;1;2;0;1;0;0;3;0;14;0;0;3;3;2;0;0;1;0;0;0;0;0;0;0;0;0;0;0;0;0;0;0;0;0;0;0;6;0;1;0;0;3;0;2;0;0;0;0;0;0;0;0;0;0;0;0;0
5769;5;7;EV37;3;POS;memantine;6;0;0;1;2;1;0;0;0;0;0;3;2;0;1;0;0;0;0;0;0;0;0;0;0;1;0;0;0;4;3;0;2;0;0;2;0;0;0;0;2;0;0;0;0;0;0;0;0;0;0;0;0;0;0;0;0;0;0;0;0;1;0;1;0;0;3;0;12;0;0;4;0;0;0;0;1;0;0;0;0;0;0;0;0;0;0;0;0;0;0;0;0;0;0;0;7;0;1;0;0;0;0;1;0;0;0;0;0;0;0;0;0;0;0;0;0
5941;5;8;EV37;3;POS;memantine;2;0;0;0;1;0;0;0;0;0;0;1;0;0;1;0;0;0;0;0;0;0;0;0;0;1;0;0;0;1;0;0;0;0;0;0;0;0;0;0;0;0;0;0;0;0;0;0;0;0;0;0;0;0;0;0;0;0;0;0;0;0;0;0;0;0;2;0;4;0;0;1;2;0;0;0;0;0;1;0;0;0;0;0;0;0;0;0;0;0;0;0;0;0;0;0;0;0;0;0;0;0;0;0;0;1;0;0;0;0;0;0;0;0;0;0;0
4910;5;1;EV37;3;POS;metformin;0;0;0;0;0;0;0;0;0;0;0;0;0;0;0;0;0;0;0;0;0;0;0;0;0;0;0;0;0;0;0;0;0;0;0;0;0;0;0;0;0;0;0;0;0;0;0;0;0;0;0;0;0;0;0;0;0;0;0;0;0;0;0;0;0;0;0;0;0;0;0;0;0;0;0;0;0;0;0;0;0;0;0;0;0;0;0;0;0;0;0;0;0;0;0;0;0;0;0;0;0;0;0;0;0;0;0;0;0;0;0;0;0;0;0;0;0
5082;5;2;EV37;3;POS;metformin;0;0;0;0;0;0;0;0;0;0;0;0;0;0;0;0;0;0;0;0;0;0;0;0;0;0;0;0;0;0;0;0;0;0;0;0;0;0;0;0;0;0;0;0;0;0;0;0;0;0;0;0;0;0;0;0;0;0;0;0;0;0;0;0;0;0;0;0;0;0;0;0;0;0;0;0;0;0;0;0;0;0;0;0;0;0;0;0;0;0;0;0;0;0;0;0;0;0;0;0;0;0;0;0;0;0;0;0;0;0;0;0;0;0;0;0;0
5254;5;3;EV37;3;POS;metformin;0;0;0;0;0;0;0;0;0;0;0;0;0;0;0;0;0;0;0;0;0;0;0;0;0;0;0;0;0;0;0;0;0;0;0;0;0;0;0;0;0;0;0;0;0;0;0;0;0;0;0;0;0;0;0;0;0;0;0;0;0;0;0;0;0;0;0;0;0;0;0;0;0;0;0;0;0;0;0;0;0;0;0;0;0;0;0;0;0;0;0;0;0;0;0;0;0;0;0;0;0;0;0;0;0;0;0;0;0;0;0;0;0;0;0;0;0
5426;5;4;EV37;3;POS;metformin;0;0;0;0;0;0;0;0;0;0;0;0;0;0;0;0;0;0;0;0;0;0;0;0;0;0;0;0;0;0;0;0;0;0;0;0;0;0;0;0;0;0;0;0;0;0;0;0;0;0;0;0;0;0;0;0;0;0;0;0;0;0;0;0;0;0;0;0;0;0;0;0;0;0;0;0;0;0;0;0;0;0;0;0;0;0;0;0;0;0;0;0;0;0;0;0;0;0;0;0;0;0;0;0;0;0;0;0;0;0;0;0;0;0;0;0;0
5598;5;6;EV37;3;POS;metformin;0;0;0;0;0;0;0;0;0;0;0;0;0;0;0;0;0;0;0;0;0;0;0;0;0;0;0;0;0;0;0;0;0;0;0;0;0;0;0;0;0;0;0;0;0;0;0;0;0;0;0;0;0;0;0;0;0;0;0;0;0;0;0;0;0;0;0;0;0;0;0;0;0;0;0;0;0;0;0;0;0;0;0;0;0;0;0;0;0;0;0;0;0;0;0;0;0;0;0;0;0;0;0;0;0;0;0;0;0;0;0;0;0;0;0;0;0
5770;5;7;EV37;3;POS;metformin;0;0;0;0;0;0;0;0;0;0;0;0;0;0;0;0;0;0;0;0;0;0;0;0;0;0;0;0;0;0;0;0;0;0;0;0;0;0;0;0;0;0;0;0;0;0;0;0;0;0;0;0;0;0;0;0;0;0;0;0;0;0;0;0;0;0;0;0;0;0;0;0;0;0;0;0;0;0;0;0;0;0;0;0;0;0;0;0;0;0;0;0;0;0;0;0;0;0;0;0;0;0;0;0;0;0;0;0;0;0;0;0;0;0;0;0;0
5942;5;8;EV37;3;POS;metformin;0;0;0;0;0;0;0;0;0;0;0;0;0;0;0;0;0;0;0;0;0;0;0;0;0;0;0;0;0;0;0;0;0;0;0;0;0;0;0;0;0;0;0;0;0;0;0;0;0;0;0;0;0;0;0;0;0;0;0;0;0;0;0;0;0;0;0;0;0;0;0;0;0;0;0;0;0;0;0;0;0;0;0;0;0;0;0;0;0;0;0;0;0;0;0;0;0;0;0;0;0;0;0;0;0;0;0;0;0;0;0;0;0;0;0;0;0
4911;5;1;EV37;3;POS;metoprolol;7;3;0;1;4;3;0;0;0;0;0;2;1;0;0;0;1;0;1;0;0;0;1;0;1;1;0;0;0;3;4;1;4;0;0;4;0;0;1;0;2;0;0;0;0;0;0;0;0;0;0;0;0;0;1;0;0;0;0;0;0;5;0;3;0;0;6;1;14;0;0;2;4;0;0;1;0;0;0;0;0;0;0;0;0;0;0;0;0;0;0;0;0;0;0;0;11;0;3;0;0;2;0;0;0;0;0;0;1;0;0;0;0;0;0;0;0
5083;5;2;EV37;3;POS;metoprolol;12;5;0;2;7;6;0;0;0;0;0;3;3;0;0;0;1;0;1;1;2;0;0;0;0;1;0;0;5;9;7;1;10;0;0;8;0;0;3;0;2;0;0;0;0;0;0;0;1;0;0;0;0;1;0;0;0;0;0;0;0;4;0;2;0;0;20;1;49;0;0;4;9;0;0;2;6;0;1;2;0;0;0;0;1;0;0;0;0;0;0;0;0;0;0;0;18;0;0;0;0;2;0;2;0;0;1;0;1;0;1;0;9;7;0;0;0
5255;5;3;EV37;3;POS;metoprolol;9;5;0;1;2;1;0;0;0;0;0;3;1;0;0;0;1;0;0;0;2;0;0;0;1;0;0;0;1;6;11;1;4;0;1;9;0;0;2;0;4;1;0;0;0;0;0;0;1;0;0;0;0;1;0;0;0;0;0;0;0;1;0;4;0;0;8;2;25;0;0;2;9;0;1;1;3;0;1;1;0;0;0;0;0;0;0;0;0;0;0;0;0;0;0;0;11;0;1;0;0;5;0;4;0;0;0;0;1;0;0;0;0;1;0;0;0
5427;5;4;EV37;3;POS;metoprolol;5;2;0;2;3;1;0;0;0;0;0;1;2;0;0;0;0;0;0;1;1;0;1;0;1;1;0;0;2;3;5;0;3;0;0;3;0;0;1;0;2;0;0;0;0;0;0;0;1;0;0;0;0;0;0;0;0;0;0;0;0;1;0;2;0;0;4;0;19;0;0;4;3;0;0;0;3;0;2;0;0;0;0;0;0;0;0;0;0;0;0;0;0;0;0;0;0;0;0;0;0;1;0;0;0;0;0;0;1;0;0;0;0;0;0;0;0
5599;5;6;EV37;3;POS;metoprolol;7;3;0;4;2;0;0;0;0;0;0;0;2;0;0;0;0;0;0;0;0;0;0;0;0;1;0;0;5;4;4;0;4;1;0;4;0;0;1;0;1;0;0;0;0;0;0;0;0;0;0;0;0;0;0;0;0;0;0;0;0;5;0;1;0;0;6;1;13;0;0;2;1;0;0;0;5;0;0;0;0;0;0;0;0;0;0;0;0;0;0;0;0;0;0;0;9;0;1;0;0;3;0;1;0;0;0;0;1;0;0;0;0;2;0;0;0
5771;5;7;EV37;3;POS;metoprolol;9;4;0;1;4;0;0;0;0;0;0;1;1;0;1;0;0;0;0;0;0;0;1;0;0;2;0;0;0;5;4;0;3;0;0;4;0;0;2;0;2;0;0;0;0;0;0;0;0;0;0;0;0;0;2;0;0;0;0;0;0;3;0;0;0;0;7;1;14;0;0;3;0;0;0;0;4;0;0;0;0;0;0;0;0;0;0;0;0;0;0;0;0;0;0;0;8;0;1;0;0;0;0;2;0;0;0;0;2;0;1;0;0;0;0;0;0
5943;5;8;EV37;3;POS;metoprolol;1;0;0;0;0;2;0;0;0;0;0;0;0;0;0;0;0;0;0;0;0;0;1;0;0;0;0;0;0;1;2;0;1;0;0;2;0;0;1;0;0;0;0;0;0;0;0;0;0;0;0;0;0;0;0;0;0;0;0;0;0;1;0;2;0;0;2;0;7;0;0;1;0;0;0;0;0;0;1;0;0;0;0;0;0;0;0;0;0;0;0;0;0;0;0;0;0;0;0;0;0;1;0;0;0;0;0;0;0;0;0;0;0;0;0;0;0
4912;5;1;EV37;3;POS;mexiletine;0;0;0;0;0;0;0;0;0;0;0;0;0;0;0;0;0;0;0;0;0;0;0;0;0;0;0;0;0;0;0;0;0;0;0;0;0;0;0;0;0;0;0;0;0;0;0;0;0;0;0;0;0;0;0;0;0;0;0;0;0;0;0;0;0;0;0;0;0;0;0;0;0;0;0;0;0;0;0;0;0;0;0;0;0;0;0;0;0;0;0;0;0;0;0;0;0;0;0;0;0;0;0;0;0;0;0;0;0;0;0;0;0;0;0;0;0
5084;5;2;EV37;3;POS;mexiletine;0;0;0;0;0;0;0;0;0;0;0;0;0;0;0;0;0;0;0;0;0;0;0;0;0;0;0;0;0;0;0;0;0;0;0;0;0;0;0;0;0;0;0;0;0;0;0;0;0;0;0;0;0;0;0;0;0;0;0;0;0;0;0;0;0;0;0;0;0;0;0;0;0;0;0;0;0;0;0;0;0;0;0;0;0;0;0;0;0;0;0;0;0;0;0;0;0;0;0;0;0;0;0;0;0;0;0;0;0;0;0;0;0;0;0;0;0
5256;5;3;EV37;3;POS;mexiletine;0;0;0;0;0;0;0;0;0;0;0;0;0;0;0;0;0;0;0;0;0;0;0;0;0;0;0;0;0;0;0;0;0;0;0;0;0;0;0;0;0;0;0;0;0;0;0;0;0;0;0;0;0;0;0;0;0;0;0;0;0;0;0;0;0;0;0;0;0;0;0;0;0;0;0;0;0;0;0;0;0;0;0;0;0;0;0;0;0;0;0;0;0;0;0;0;0;0;0;0;0;0;0;0;0;0;0;0;0;0;0;0;0;0;0;0;0
5428;5;4;EV37;3;POS;mexiletine;0;0;0;0;0;0;0;0;0;0;0;0;0;0;0;0;0;0;0;0;0;0;0;0;0;0;0;0;0;0;0;0;0;0;0;0;0;0;0;0;0;0;0;0;0;0;0;0;0;0;0;0;0;0;0;0;0;0;0;0;0;0;0;0;0;0;0;0;0;0;0;0;0;0;0;0;0;0;0;0;0;0;0;0;0;0;0;0;0;0;0;0;0;0;0;0;0;0;0;0;0;0;0;0;0;0;0;0;0;0;0;0;0;0;0;0;0
5600;5;6;EV37;3;POS;mexiletine;0;0;0;0;0;0;0;0;0;0;0;0;0;0;0;0;0;0;0;0;0;0;0;0;0;0;0;0;0;0;0;0;0;0;0;0;0;0;0;0;0;0;0;0;0;0;0;0;0;0;0;0;0;0;0;0;0;0;0;0;0;0;0;0;0;0;0;0;0;0;0;0;0;0;0;0;0;0;0;0;0;0;0;0;0;0;0;0;0;0;0;0;0;0;0;0;0;0;0;0;0;0;0;0;0;0;0;0;0;0;0;0;0;0;0;0;0
5772;5;7;EV37;3;POS;mexiletine;0;0;0;0;0;0;0;0;0;0;0;0;0;0;0;0;0;0;0;0;0;0;0;0;0;0;0;0;0;0;0;0;0;0;0;0;0;0;0;0;0;0;0;0;0;0;0;0;0;0;0;0;0;0;0;0;0;0;0;0;0;0;0;0;0;0;0;0;0;0;0;0;0;0;0;0;0;0;0;0;0;0;0;0;0;0;0;0;0;0;0;0;0;0;0;0;0;0;0;0;0;0;0;0;0;0;0;0;0;0;0;0;0;0;0;0;0
5944;5;8;EV37;3;POS;mexiletine;0;0;0;0;0;0;0;0;0;0;0;0;0;0;0;0;0;0;0;0;0;0;0;0;0;0;0;0;0;0;0;0;0;0;0;0;0;0;0;0;0;0;0;0;0;0;0;0;0;0;0;0;0;0;0;0;0;0;0;0;0;0;0;0;0;0;0;0;0;0;0;0;0;0;0;0;0;0;0;0;0;0;0;0;0;0;0;0;0;0;0;0;0;0;0;0;0;0;0;0;0;0;0;0;0;0;0;0;0;0;0;0;0;0;0;0;0
4918;5;1;EV37;3;POS;milnacipran;0;0;0;0;0;0;0;0;0;0;0;0;0;0;0;0;0;0;0;0;0;0;0;0;0;0;0;0;0;0;0;0;0;0;0;0;0;0;0;0;0;0;0;0;0;0;0;0;0;0;0;0;0;0;0;0;0;0;0;0;0;0;0;0;0;0;0;0;0;0;0;0;0;0;0;0;0;0;0;0;0;0;0;0;0;0;0;0;0;0;0;0;0;0;0;0;0;0;0;0;0;0;0;0;0;0;0;0;0;0;0;0;0;0;0;0;0
5090;5;2;EV37;3;POS;milnacipran;0;0;0;0;0;0;0;0;0;0;0;0;0;0;0;0;0;0;0;0;0;0;0;0;0;0;0;0;0;0;0;0;0;0;0;0;0;0;0;0;0;0;0;0;0;0;0;0;0;0;0;0;0;0;0;0;0;0;0;0;0;0;0;0;0;0;0;0;0;0;0;0;0;0;0;0;0;0;0;0;0;0;0;0;0;0;0;0;0;0;0;0;0;0;0;0;0;0;0;0;0;0;0;0;0;0;0;0;0;0;0;0;0;0;0;0;0
5262;5;3;EV37;3;POS;milnacipran;0;0;0;0;0;0;0;0;0;0;0;0;0;0;0;0;0;0;0;0;0;0;0;0;0;0;0;0;0;0;0;0;0;0;0;0;0;0;0;0;0;0;0;0;0;0;0;0;0;0;0;0;0;0;0;0;0;0;0;0;0;0;0;0;0;0;0;0;0;0;0;0;0;0;0;0;0;0;0;0;0;0;0;0;0;0;0;0;0;0;0;0;0;0;0;0;0;0;0;0;0;0;0;0;0;0;0;0;0;0;0;0;0;0;0;0;0
5434;5;4;EV37;3;POS;milnacipran;0;0;0;0;0;0;0;0;0;0;0;0;0;0;0;0;0;0;0;0;0;0;0;0;0;0;0;0;0;0;0;0;0;0;0;0;0;0;0;0;0;0;0;0;0;0;0;0;0;0;0;0;0;0;0;0;0;0;0;0;0;0;0;0;0;0;0;0;0;0;0;0;0;0;0;0;0;0;0;0;0;0;0;0;0;0;0;0;0;0;0;0;0;0;0;0;0;0;0;0;0;0;0;0;0;0;0;0;0;0;0;0;0;0;0;0;0
5606;5;6;EV37;3;POS;milnacipran;0;0;0;0;0;0;0;0;0;0;0;0;0;0;0;0;0;0;0;0;0;0;0;0;0;0;0;0;0;0;0;0;0;0;0;0;0;0;0;0;0;0;0;0;0;0;0;0;0;0;0;0;0;0;0;0;0;0;0;0;0;0;0;0;0;0;0;0;0;0;0;0;0;0;0;0;0;0;0;0;0;0;0;0;0;0;0;0;0;0;0;0;0;0;0;0;0;0;0;0;0;0;0;0;0;0;0;0;0;0;0;0;0;0;0;0;0
5778;5;7;EV37;3;POS;milnacipran;0;0;0;0;0;0;0;0;0;0;0;0;0;0;0;0;0;0;0;0;0;0;0;0;0;0;0;0;0;0;0;0;0;0;0;0;0;0;0;0;0;0;0;0;0;0;0;0;0;0;0;0;0;0;0;0;0;0;0;0;0;0;0;0;0;0;0;0;0;0;0;0;0;0;0;0;0;0;0;0;0;0;0;0;0;0;0;0;0;0;0;0;0;0;0;0;0;0;0;0;0;0;0;0;0;0;0;0;0;0;0;0;0;0;0;0;0
5950;5;8;EV37;3;POS;milnacipran;0;0;0;0;0;0;0;0;0;0;0;0;0;0;0;0;0;0;0;0;0;0;0;0;0;0;0;0;0;0;0;0;0;0;0;0;0;0;0;0;0;0;0;0;0;0;0;0;0;0;0;0;0;0;0;0;0;0;0;0;0;0;0;0;0;0;0;0;0;0;0;0;0;0;0;0;0;0;0;0;0;0;0;0;0;0;0;0;0;0;0;0;0;0;0;0;0;0;0;0;0;0;0;0;0;0;0;0;0;0;0;0;0;0;0;0;0
4921;5;1;EV37;3;POS;nelarabine;0;0;0;0;0;0;0;0;0;0;0;0;0;0;0;0;0;0;0;0;0;0;0;0;0;0;0;0;0;0;0;0;0;0;0;0;0;0;0;0;0;0;0;0;0;0;0;0;0;0;0;0;0;0;0;0;0;0;0;0;0;0;0;0;0;0;0;0;0;0;0;0;0;0;0;0;0;0;0;0;0;0;0;0;0;0;0;0;0;0;0;0;0;0;0;0;0;0;0;0;0;0;0;0;0;0;0;0;0;0;0;0;0;0;0;0;0
5093;5;2;EV37;3;POS;nelarabine;0;0;0;0;0;0;0;0;0;0;0;0;0;0;0;0;0;0;0;0;0;0;0;0;0;0;0;0;0;0;0;0;0;0;0;0;0;0;0;0;0;0;0;0;0;0;0;0;0;0;0;0;0;0;0;0;0;0;0;0;0;0;0;0;0;0;0;0;0;0;0;0;0;0;0;0;0;0;0;0;0;0;0;0;0;0;0;0;0;0;0;0;0;0;0;0;0;0;0;0;0;0;0;0;0;0;0;0;0;0;0;0;0;0;0;0;0
5265;5;3;EV37;3;POS;nelarabine;0;0;0;0;0;0;0;0;0;0;0;0;0;0;0;0;0;0;0;0;0;0;0;0;0;0;0;0;0;0;0;0;0;0;0;0;0;0;0;0;0;0;0;0;0;0;0;0;0;0;0;0;0;0;0;0;0;0;0;0;0;0;0;0;0;0;0;0;0;0;0;0;0;0;0;0;0;0;0;0;0;0;0;0;0;0;0;0;0;0;0;0;0;0;0;0;0;0;0;0;0;0;0;0;0;0;0;0;0;0;0;0;0;0;0;0;0
5437;5;4;EV37;3;POS;nelarabine;0;0;0;0;0;0;0;0;0;0;0;0;0;0;0;0;0;0;0;0;0;0;0;0;0;0;0;0;0;0;0;0;0;0;0;0;0;0;0;0;0;0;0;0;0;0;0;0;0;0;0;0;0;0;0;0;0;0;0;0;0;0;0;0;0;0;0;0;0;0;0;0;0;0;0;0;0;0;0;0;0;0;0;0;0;0;0;0;0;0;0;0;0;0;0;0;0;0;0;0;0;0;0;0;0;0;0;0;0;0;0;0;0;0;0;0;0
5609;5;6;EV37;3;POS;nelarabine;0;0;0;0;0;0;0;0;0;0;0;0;0;0;0;0;0;0;0;0;0;0;0;0;0;0;0;0;0;0;0;0;0;0;0;0;0;0;0;0;0;0;0;0;0;0;0;0;0;0;0;0;0;0;0;0;0;0;0;0;0;0;0;0;0;0;0;0;0;0;0;0;0;0;0;0;0;0;0;0;0;0;0;0;0;0;0;0;0;0;0;0;0;0;0;0;0;0;0;0;0;0;0;0;0;0;0;0;0;0;0;0;0;0;0;0;0
5781;5;7;EV37;3;POS;nelarabine;0;0;0;0;0;0;0;0;0;0;0;0;0;0;0;0;0;0;0;0;0;0;0;0;0;0;0;0;0;0;0;0;0;0;0;0;0;0;0;0;0;0;0;0;0;0;0;0;0;0;0;0;0;0;0;0;0;0;0;0;0;0;0;0;0;0;0;0;0;0;0;0;0;0;0;0;0;0;0;0;0;0;0;0;0;0;0;0;0;0;0;0;0;0;0;0;0;0;0;0;0;0;0;0;0;0;0;0;0;0;0;0;0;0;0;0;0
5953;5;8;EV37;3;POS;nelarabine;0;0;0;0;0;0;0;0;0;0;0;0;0;0;0;0;0;0;0;0;0;0;0;0;0;0;0;0;0;0;0;0;0;0;0;0;0;0;0;0;0;0;0;0;0;0;0;0;0;0;0;0;0;0;0;0;0;0;0;0;0;0;0;0;0;0;0;0;0;0;0;0;0;0;0;0;0;0;0;0;0;0;0;0;0;0;0;0;0;0;0;0;0;0;0;0;0;0;0;0;0;0;0;0;0;0;0;0;0;0;0;0;0;0;0;0;0
4925;5;1;EV37;3;POS;octreotide;4;2;0;2;2;3;1;0;0;0;0;2;1;0;0;0;0;0;0;0;0;0;0;0;0;0;0;0;3;4;6;3;4;4;0;3;0;0;0;0;1;1;0;0;0;0;1;0;1;0;0;0;0;0;1;0;0;0;0;0;0;2;1;5;0;0;9;1;18;0;0;3;5;0;0;2;0;0;0;0;0;0;0;0;0;0;0;0;0;0;0;0;0;0;0;0;10;0;4;0;0;3;0;0;0;0;0;0;0;0;0;0;2;0;0;0;1
5097;5;2;EV37;3;POS;octreotide;9;4;0;4;4;6;1;0;0;0;0;6;2;0;0;0;0;0;1;0;1;0;0;0;0;0;0;0;4;7;7;2;7;7;0;3;0;0;1;0;1;1;0;0;0;0;1;0;1;0;0;0;0;0;0;0;0;0;0;0;0;5;1;4;0;0;24;0;39;0;0;8;15;0;0;4;3;0;0;2;0;0;0;0;0;0;0;0;0;0;0;0;0;0;1;0;17;0;0;0;0;1;1;2;0;0;0;0;0;0;0;0;8;2;0;0;1
5269;5;3;EV37;3;POS;octreotide;5;2;0;1;2;8;1;0;0;0;0;3;2;0;0;0;0;0;2;0;0;0;0;0;0;2;0;0;4;5;8;1;8;6;0;2;0;0;1;0;3;1;0;0;0;0;2;0;1;0;0;0;0;0;1;0;0;0;0;0;0;7;1;1;0;0;15;0;29;0;0;3;11;0;0;0;3;0;0;3;0;0;0;0;0;0;0;0;0;0;0;0;0;0;0;0;11;0;2;0;0;5;0;1;0;0;0;0;0;0;0;0;1;1;0;0;1
5441;5;4;EV37;3;POS;octreotide;7;3;0;2;5;1;0;0;0;0;0;3;2;0;1;0;0;0;0;1;0;0;0;0;0;0;0;0;2;5;4;0;2;2;0;1;0;0;0;0;0;1;0;0;0;0;0;0;0;0;0;0;0;0;0;0;0;0;0;0;0;1;1;2;0;0;6;0;20;0;0;4;4;0;0;0;3;0;1;0;0;0;0;0;0;0;0;0;0;0;0;0;0;0;0;0;0;0;0;0;0;0;0;0;0;0;0;0;0;0;0;0;1;0;0;0;1
5613;5;6;EV37;3;POS;octreotide;3;0;0;3;1;1;0;0;0;0;0;2;0;0;0;0;0;0;1;0;0;0;0;0;0;0;0;0;1;4;5;0;4;2;0;2;0;0;0;0;1;1;0;0;0;0;0;0;1;0;0;0;0;0;0;0;0;0;0;0;0;2;0;2;0;0;11;0;16;0;0;2;3;2;0;2;2;0;0;0;0;0;0;0;0;0;0;0;0;0;0;0;0;0;0;0;9;0;2;0;0;3;0;1;0;0;0;0;0;0;0;0;0;0;0;0;1
5785;5;7;EV37;3;POS;octreotide;5;1;0;0;0;2;0;0;0;0;0;2;1;0;0;0;0;0;0;0;0;0;0;0;0;1;0;0;1;3;5;0;5;3;0;0;0;0;0;0;1;0;0;0;0;0;0;0;1;0;0;0;0;0;1;0;0;0;0;0;0;1;0;3;0;0;6;0;14;0;0;4;1;0;0;0;3;0;1;0;0;0;0;0;0;0;0;0;0;0;0;0;0;0;0;0;7;0;1;0;0;0;0;1;0;0;0;0;0;0;0;0;0;0;0;0;0
5957;5;8;EV37;3;POS;octreotide;1;0;0;1;0;0;0;0;0;0;0;0;0;0;0;0;0;0;0;0;0;0;0;0;0;0;0;0;1;0;0;0;0;0;0;0;0;0;0;0;0;0;0;0;0;0;0;0;0;0;0;0;0;0;0;0;0;0;0;0;0;0;0;1;0;0;2;0;6;0;0;0;2;0;0;0;0;0;0;0;0;0;0;0;0;0;0;0;0;0;0;0;0;0;0;0;0;0;0;0;0;1;0;0;0;1;0;0;0;0;0;0;0;0;0;0;0
4926;5;1;EV37;3;POS;orlistat;0;0;0;0;0;0;0;0;0;0;0;0;0;0;0;0;0;0;0;0;0;0;0;0;0;0;0;0;0;0;0;0;0;0;0;0;0;0;0;0;0;0;0;0;0;0;0;0;0;0;0;0;0;0;0;0;0;0;0;0;0;0;0;0;0;0;0;0;0;0;0;0;0;0;0;0;0;0;0;0;0;0;0;0;0;0;0;0;0;0;0;0;0;0;0;0;0;0;0;0;0;0;0;0;0;0;0;0;0;0;0;0;0;0;0;0;0
5098;5;2;EV37;3;POS;orlistat;0;0;0;0;0;0;0;0;0;0;0;0;0;0;0;0;0;0;0;0;0;0;0;0;0;0;0;0;0;0;0;0;0;0;0;0;0;0;0;0;0;0;0;0;0;0;0;0;0;0;0;0;0;0;0;0;0;0;0;0;0;0;0;0;0;0;0;0;0;0;0;0;0;0;0;0;0;0;0;0;0;0;0;0;0;0;0;0;0;0;0;0;0;0;0;0;0;0;0;0;0;0;0;0;0;0;0;0;0;0;0;0;0;0;0;0;0
5270;5;3;EV37;3;POS;orlistat;0;0;0;0;0;0;0;0;0;0;0;0;0;0;0;0;0;0;0;0;0;0;0;0;0;0;0;0;0;0;0;0;0;0;0;0;0;0;0;0;0;0;0;0;0;0;0;0;0;0;0;0;0;0;0;0;0;0;0;0;0;0;0;0;0;0;0;0;0;0;0;0;0;0;0;0;0;0;0;0;0;0;0;0;0;0;0;0;0;0;0;0;0;0;0;0;0;0;0;0;0;0;0;0;0;0;0;0;0;0;0;0;0;0;0;0;0
5442;5;4;EV37;3;POS;orlistat;0;0;0;0;0;0;0;0;0;0;0;0;0;0;0;0;0;0;0;0;0;0;0;0;0;0;0;0;0;0;0;0;0;0;0;0;0;0;0;0;0;0;0;0;0;0;0;0;0;0;0;0;0;0;0;0;0;0;0;0;0;0;0;0;0;0;0;0;0;0;0;0;0;0;0;0;0;0;0;0;0;0;0;0;0;0;0;0;0;0;0;0;0;0;0;0;0;0;0;0;0;0;0;0;0;0;0;0;0;0;0;0;0;0;0;0;0
5614;5;6;EV37;3;POS;orlistat;0;0;0;0;0;0;0;0;0;0;0;0;0;0;0;0;0;0;0;0;0;0;0;0;0;0;0;0;0;0;0;0;0;0;0;0;0;0;0;1;0;0;0;0;0;0;0;0;0;0;0;0;0;0;0;0;0;0;0;0;0;0;0;0;0;0;0;0;0;0;0;0;1;0;0;0;0;0;0;0;0;0;0;0;0;0;0;0;0;0;0;0;0;0;0;0;0;0;0;0;0;0;0;0;0;0;0;0;0;0;0;0;0;0;0;0;0
5786;5;7;EV37;3;POS;orlistat;0;0;0;0;0;0;0;0;0;0;0;0;0;0;0;0;0;0;0;0;0;0;0;0;0;0;0;0;0;0;0;0;0;0;0;0;0;0;0;0;0;0;0;0;0;0;0;0;0;0;0;0;0;0;0;0;0;0;0;0;0;0;0;0;0;0;0;0;0;0;0;0;0;0;0;0;0;0;0;0;0;0;0;0;0;0;0;0;0;0;0;0;0;0;0;0;0;0;0;0;0;0;0;0;0;0;0;0;0;0;0;0;0;0;0;0;0
5958;5;8;EV37;3;POS;orlistat;0;0;0;0;0;0;0;0;0;0;0;0;0;0;0;0;0;0;0;0;0;0;0;0;0;0;0;0;0;0;0;0;0;0;0;0;0;0;0;0;0;0;0;0;0;0;0;0;0;0;0;0;0;0;0;0;0;0;0;0;0;0;0;0;0;0;0;0;0;0;0;0;0;0;0;0;0;0;0;0;0;0;0;0;0;0;0;0;0;0;0;0;0;0;0;0;0;0;0;0;0;0;0;0;0;0;0;0;0;0;0;0;0;0;0;0;0
4931;5;1;EV37;3;POS;penicillamine;0;0;0;0;0;0;0;0;0;0;0;0;0;0;0;0;0;0;0;0;0;0;0;0;0;0;0;0;0;0;0;0;0;0;0;0;0;0;0;0;0;0;0;0;0;0;0;0;0;0;0;0;0;0;0;0;0;0;0;0;0;0;0;0;0;0;0;0;0;0;0;0;0;0;0;0;0;0;0;0;0;0;0;0;0;0;0;0;0;0;0;0;0;0;0;0;0;0;0;0;0;0;0;0;0;0;0;0;0;0;0;0;0;0;0;0;0
5103;5;2;EV37;3;POS;penicillamine;0;0;0;0;0;0;0;0;0;0;0;0;0;0;0;0;0;0;0;0;0;0;0;0;0;0;0;0;0;0;0;0;0;0;0;0;0;0;0;0;0;0;0;0;0;0;0;0;0;0;0;0;0;0;0;0;0;0;0;0;0;0;0;0;0;0;0;0;0;0;0;0;0;0;0;0;0;0;0;0;0;0;0;0;0;0;0;0;0;0;0;0;0;0;0;0;0;0;0;0;0;0;0;0;0;0;0;0;0;0;0;0;0;0;0;0;0
5275;5;3;EV37;3;POS;penicillamine;0;0;0;0;0;0;0;0;0;0;0;0;0;0;0;0;0;0;0;0;0;0;0;0;0;0;0;0;0;0;0;0;0;0;0;0;0;0;0;0;0;0;0;0;0;0;0;0;0;0;0;0;0;0;0;0;0;0;0;0;0;0;0;0;0;0;0;0;0;0;0;0;0;0;0;0;0;0;0;0;0;0;0;0;0;0;0;0;0;0;0;0;0;0;0;0;0;0;0;0;0;0;0;0;0;0;0;0;0;0;0;0;0;0;0;0;0
5447;5;4;EV37;3;POS;penicillamine;0;0;0;0;0;0;0;0;0;0;0;0;0;0;0;0;0;0;0;0;0;0;0;0;0;0;0;0;0;0;0;0;0;0;0;0;0;0;0;0;0;0;0;0;0;0;0;0;0;0;0;0;0;0;0;0;0;0;0;0;0;0;0;0;0;0;0;0;0;0;0;0;0;0;0;0;0;0;0;0;0;0;0;0;0;0;0;0;0;0;0;0;0;0;0;0;0;0;0;0;0;0;0;0;0;0;0;0;0;0;0;0;0;0;0;0;0
5619;5;6;EV37;3;POS;penicillamine;0;0;0;0;0;0;0;0;0;0;0;0;0;0;0;0;0;0;0;0;0;0;0;0;0;0;0;0;0;0;0;0;0;0;0;0;0;0;0;0;0;0;0;0;0;0;0;0;0;0;0;0;0;0;0;0;0;0;0;0;0;0;0;0;0;0;0;0;0;0;0;0;0;0;0;0;0;0;0;0;0;0;0;0;0;0;0;0;0;0;0;0;0;0;0;0;0;0;0;0;0;0;0;0;0;0;0;0;0;0;0;0;0;0;0;0;0
5791;5;7;EV37;3;POS;penicillamine;0;0;0;0;0;0;0;0;0;0;0;0;0;0;0;0;0;0;0;0;0;0;0;0;0;0;0;0;0;0;0;0;0;0;0;0;0;0;0;0;0;0;0;0;0;0;0;0;0;0;0;0;0;0;0;0;0;0;0;0;0;0;0;0;0;0;0;0;0;0;0;0;0;0;0;0;0;0;0;0;0;0;0;0;0;0;0;0;0;0;0;0;0;0;0;0;0;0;0;0;0;0;0;0;0;0;0;0;0;0;0;0;0;0;0;0;0
5963;5;8;EV37;3;POS;penicillamine;0;0;0;0;0;0;0;0;0;0;0;0;0;0;0;0;0;0;0;0;0;0;0;0;0;0;0;0;0;0;0;0;0;0;0;0;0;0;0;0;0;0;0;0;0;0;0;0;0;0;0;0;0;0;0;0;0;0;0;0;0;0;0;0;0;0;0;0;0;0;0;0;0;0;0;0;0;0;0;0;0;0;0;0;0;0;0;0;0;0;0;0;0;0;0;0;0;0;0;0;0;0;0;0;0;0;0;0;0;0;0;0;0;0;0;0;0
4937;5;1;EV37;3;POS;pregabalin;0;0;0;0;0;0;0;0;0;0;0;0;0;0;0;0;0;0;0;0;0;0;0;0;0;0;0;0;0;0;0;0;0;0;0;0;0;0;0;0;0;0;0;0;0;0;0;0;0;0;0;0;0;0;0;0;0;0;0;0;0;0;0;0;0;0;0;0;0;0;0;0;0;0;0;0;0;0;0;0;0;0;0;0;0;0;0;0;0;0;0;0;0;0;0;0;0;0;0;0;0;0;0;0;0;0;0;0;0;0;0;0;0;0;0;0;0
5109;5;2;EV37;3;POS;pregabalin;0;0;0;1;0;0;0;0;0;0;0;0;0;0;0;0;0;0;0;0;0;0;0;0;0;0;0;0;0;0;0;0;0;0;0;0;0;0;0;0;0;0;0;0;0;0;0;0;0;0;0;0;0;0;0;0;0;0;0;0;0;0;0;0;0;0;0;0;0;0;0;1;0;0;0;0;0;0;0;0;0;0;0;0;0;0;0;0;0;0;0;0;0;0;0;0;0;0;0;0;0;0;0;0;0;0;0;0;0;0;0;0;0;0;0;0;0
5281;5;3;EV37;3;POS;pregabalin;0;0;0;0;0;0;0;0;0;0;0;0;0;0;0;0;0;0;0;0;0;0;0;0;0;0;0;0;0;0;0;0;0;0;0;0;0;0;0;0;0;0;0;0;0;0;0;0;0;0;0;0;0;0;0;0;0;0;0;0;0;0;0;0;0;0;0;0;0;0;0;0;0;0;0;0;0;0;0;0;0;0;0;0;0;0;0;0;0;0;0;0;0;0;0;0;0;0;0;0;0;0;0;0;0;0;0;0;0;0;0;0;0;0;0;0;0
5453;5;4;EV37;3;POS;pregabalin;0;0;0;0;0;0;0;0;0;0;0;0;0;0;0;0;0;0;0;0;0;0;0;0;0;0;0;0;0;0;0;0;0;0;0;0;0;0;0;0;0;0;0;0;0;0;0;0;0;0;0;0;0;0;0;0;0;0;0;0;0;0;0;0;0;0;0;0;0;0;0;0;0;0;0;0;0;0;0;0;0;0;0;0;0;0;0;0;0;0;0;0;0;0;0;0;0;0;0;0;0;0;0;0;0;0;0;0;0;0;0;0;0;0;0;0;0
5625;5;6;EV37;3;POS;pregabalin;0;0;0;0;0;0;0;0;0;0;0;0;0;0;0;0;0;0;0;0;0;0;0;0;0;0;0;0;0;0;0;0;0;0;0;0;0;0;0;0;0;0;0;0;0;0;0;0;0;0;0;0;0;0;0;0;0;0;0;0;0;0;0;0;0;0;0;0;0;0;0;0;0;0;0;0;0;0;0;0;0;0;0;0;0;0;0;0;0;0;0;0;0;0;0;0;0;0;0;0;0;0;0;0;0;0;0;0;0;0;0;0;0;0;0;0;0
5797;5;7;EV37;3;POS;pregabalin;0;0;0;0;0;0;0;0;0;0;0;0;0;0;0;0;0;0;0;0;0;0;0;0;0;0;0;0;0;0;0;0;0;0;0;0;0;0;0;0;0;0;0;0;0;0;0;0;0;0;0;0;0;0;0;0;0;0;0;0;0;0;0;0;0;0;0;0;0;0;0;0;0;0;0;0;0;0;0;0;0;0;0;0;0;0;0;0;0;0;0;0;0;0;0;0;0;0;0;0;0;0;0;0;0;0;0;0;0;0;0;0;0;0;0;0;0
5969;5;8;EV37;3;POS;pregabalin;0;0;0;0;0;0;0;0;0;0;0;0;0;0;0;0;0;0;0;0;0;0;0;0;0;0;0;0;0;0;0;0;0;0;0;0;0;0;0;0;0;0;0;0;0;0;0;0;0;0;0;0;0;0;0;0;0;0;0;0;0;0;0;0;0;0;0;0;0;0;0;0;0;0;0;0;0;0;0;0;0;0;0;0;0;0;0;0;0;0;0;0;0;0;0;0;0;0;0;0;0;0;0;0;0;0;0;0;0;0;0;0;0;0;0;0;0
4938;5;1;EV37;3;POS;propafenone;0;0;0;1;3;0;0;0;0;0;0;0;0;0;0;0;0;0;0;0;0;0;0;0;0;0;0;0;2;2;3;0;0;0;0;2;0;0;0;0;0;0;0;0;0;0;0;0;0;0;0;0;0;0;0;0;0;0;0;0;1;0;0;0;0;0;3;0;7;0;0;0;2;0;0;1;0;0;0;0;0;0;0;0;0;0;0;0;0;0;0;0;0;0;0;0;2;0;2;0;0;1;0;0;0;0;0;0;1;0;0;0;0;0;0;0;0
5110;5;2;EV37;3;POS;propafenone;1;1;0;4;0;0;0;0;0;0;0;0;0;0;0;0;0;0;0;0;0;0;0;0;0;0;0;0;3;0;4;0;1;0;0;1;0;0;0;0;2;1;0;0;0;0;0;0;1;0;0;0;0;0;1;0;0;0;0;0;0;0;0;0;0;0;3;0;16;0;0;1;2;0;0;1;3;0;0;1;0;0;0;0;0;0;0;0;0;0;0;0;0;0;0;0;4;0;0;0;0;0;0;0;0;0;1;0;1;0;1;0;2;2;0;0;0
5282;5;3;EV37;3;POS;propafenone;1;1;0;1;0;2;0;0;0;0;0;0;0;0;0;0;0;0;0;0;1;0;0;0;0;0;0;0;2;1;5;1;1;0;0;1;0;0;0;0;2;0;0;0;0;0;0;0;1;0;0;0;0;0;1;0;0;0;0;0;0;0;0;2;0;0;1;0;8;0;0;0;1;0;0;0;0;0;0;0;0;0;0;0;0;0;0;0;0;0;0;0;0;0;0;0;1;0;1;0;0;1;0;2;0;0;0;0;1;0;0;0;0;0;0;0;0
5454;5;4;EV37;3;POS;propafenone;0;1;0;5;0;1;0;0;0;0;0;1;0;0;0;0;0;0;0;0;0;0;0;0;0;0;0;0;0;0;0;0;0;0;0;1;0;0;0;0;2;0;0;0;0;0;0;0;1;0;0;0;0;0;0;0;0;0;0;0;0;0;0;0;0;0;2;0;6;0;0;2;3;0;0;0;1;0;1;0;0;0;0;0;0;0;0;0;0;0;0;0;0;0;0;0;0;0;0;0;0;0;0;0;0;0;0;0;1;0;0;0;0;0;0;0;0
5626;5;6;EV37;3;POS;propafenone;2;3;0;2;0;2;0;0;0;0;0;0;0;0;0;0;0;0;0;0;1;0;0;0;0;0;0;0;0;1;4;1;1;0;0;1;0;0;0;0;2;0;0;0;0;0;0;0;0;0;0;0;0;0;2;0;0;0;0;0;0;0;0;2;0;0;0;0;10;0;0;0;0;0;0;0;1;0;0;0;0;0;0;0;0;0;0;0;0;0;0;0;0;0;0;0;2;0;1;0;0;2;0;0;0;0;0;0;1;0;0;0;0;1;0;0;0
5798;5;7;EV37;3;POS;propafenone;2;2;0;2;1;0;0;0;0;0;0;0;0;0;0;0;0;0;0;0;0;0;0;0;0;0;0;0;0;0;1;0;1;0;0;0;0;0;0;0;2;0;0;0;0;0;0;0;0;0;0;0;0;0;2;0;0;0;0;0;0;0;0;0;0;0;0;0;5;0;0;1;0;0;0;0;2;0;0;0;0;0;0;0;0;0;0;0;0;0;0;0;0;0;0;0;1;0;1;0;0;0;0;0;0;0;0;0;2;0;1;0;0;0;0;0;0
5970;5;8;EV37;3;POS;propafenone;0;0;0;0;1;0;0;0;0;0;0;0;0;0;0;0;0;0;0;0;0;0;0;0;0;0;0;0;1;0;0;0;0;0;0;0;0;0;0;0;0;0;0;0;0;0;0;0;0;0;0;0;0;0;0;0;0;0;0;0;1;0;0;0;0;0;0;0;1;0;0;0;0;0;0;0;0;0;0;0;0;0;0;0;0;0;0;0;0;0;0;0;0;0;0;0;0;0;0;0;0;0;0;0;0;0;0;0;0;0;0;0;0;0;0;0;0
4939;5;1;EV37;3;POS;propoxyphene;0;0;0;0;1;0;0;0;0;0;0;1;0;0;0;0;0;0;0;0;0;0;0;0;0;0;0;0;0;0;0;0;0;0;0;1;0;0;0;0;1;0;0;0;0;0;0;0;0;0;0;0;0;0;0;0;0;0;0;0;0;0;0;0;0;0;1;0;2;0;0;1;1;0;0;0;0;0;0;0;0;0;0;0;0;0;0;0;0;0;0;0;0;0;0;0;2;0;0;0;0;0;0;0;0;0;0;0;0;0;0;0;0;0;0;0;0
5111;5;2;EV37;3;POS;propoxyphene;0;0;0;0;1;0;0;0;0;0;0;1;1;0;0;0;0;0;0;0;0;0;0;0;0;0;0;0;0;0;0;0;0;0;0;0;0;0;0;0;1;0;0;0;0;0;0;0;0;0;0;0;0;0;0;0;0;0;0;0;0;0;0;0;0;0;1;0;2;0;0;2;0;0;0;0;1;0;1;0;0;0;0;0;0;0;0;0;0;0;0;0;0;0;0;0;3;0;0;0;0;1;0;1;0;0;0;0;0;0;0;0;0;0;0;0;0
5283;5;3;EV37;3;POS;propoxyphene;0;0;0;0;1;0;0;0;0;0;0;1;1;0;0;0;0;0;0;0;0;0;0;0;0;0;0;0;0;0;0;0;0;0;0;0;0;0;0;0;1;0;0;0;0;0;0;0;0;0;0;0;0;0;0;0;0;0;0;0;0;0;0;0;0;0;1;0;3;0;0;1;1;0;0;0;0;0;1;0;0;0;0;0;0;0;0;0;0;0;0;0;0;0;0;0;2;0;0;0;0;1;0;1;0;0;0;0;0;0;0;0;0;0;0;0;0
5455;5;4;EV37;3;POS;propoxyphene;0;0;0;0;1;1;0;0;0;0;0;1;0;0;0;0;0;0;0;1;0;0;0;0;0;0;0;0;0;1;2;0;0;0;0;0;0;0;0;0;0;0;0;0;0;0;0;0;0;0;0;0;0;0;0;0;0;0;0;0;0;0;0;1;0;0;1;0;5;0;0;1;0;0;0;0;1;0;1;0;0;0;0;0;0;0;0;0;0;0;0;0;0;0;0;0;0;0;0;0;0;1;0;0;0;0;0;0;0;0;0;0;0;0;0;0;0
5627;5;6;EV37;3;POS;propoxyphene;0;0;0;0;2;0;0;0;0;0;0;2;0;0;0;0;0;0;0;0;0;0;0;0;0;0;0;0;1;0;0;0;0;0;0;0;0;0;0;0;1;0;0;0;0;0;0;0;0;0;0;0;0;0;0;0;0;0;0;0;0;0;0;0;0;0;2;0;3;0;0;2;0;0;0;0;0;0;0;0;0;0;0;0;0;0;0;0;0;0;0;0;0;0;0;0;4;0;0;0;0;0;0;1;0;0;0;0;0;0;0;0;0;0;0;0;0
5799;5;7;EV37;3;POS;propoxyphene;0;0;0;0;2;0;0;0;0;0;0;2;0;0;0;0;0;0;0;0;0;0;0;0;0;0;0;0;0;0;0;0;0;0;0;0;0;0;0;0;2;0;0;0;0;0;0;0;0;0;0;0;0;0;0;0;0;0;0;0;0;0;0;0;0;0;2;0;2;0;0;3;0;0;0;0;0;0;0;0;0;0;0;0;0;0;0;0;0;0;0;0;0;0;0;0;3;0;0;0;0;0;0;1;0;0;0;0;0;0;0;0;0;0;0;0;0
5971;5;8;EV37;3;POS;propoxyphene;0;0;0;0;1;0;0;0;0;0;0;1;0;0;0;0;0;0;0;0;0;0;0;0;0;0;0;0;0;0;0;0;0;0;0;0;0;0;0;0;0;0;0;0;0;0;0;0;0;0;0;0;0;0;0;0;0;0;0;0;0;0;0;0;0;0;1;0;2;0;0;1;0;0;0;0;0;0;1;0;0;0;0;0;0;0;0;0;0;0;0;0;0;0;0;0;0;0;0;0;0;0;0;0;0;0;0;0;0;0;0;0;0;0;0;0;0
4950;5;1;EV37;3;POS;ropinirole;0;0;0;0;0;0;0;0;0;0;0;0;0;0;0;0;0;0;0;0;0;0;0;0;0;0;0;0;0;0;0;0;0;0;0;0;0;0;0;0;0;0;0;0;0;0;0;0;0;0;0;0;0;0;0;0;0;0;0;0;0;0;0;0;0;0;0;0;0;0;0;0;0;0;0;0;0;0;0;0;0;0;0;0;0;0;0;0;0;0;0;0;0;0;0;0;0;0;0;0;0;0;0;0;0;0;0;0;0;0;0;0;0;0;0;0;0
5122;5;2;EV37;3;POS;ropinirole;0;0;0;0;0;0;0;0;0;0;0;0;0;0;0;0;0;0;0;0;0;0;0;0;0;0;0;0;0;0;0;0;0;0;0;0;0;0;0;0;0;0;0;0;0;0;0;0;0;0;0;0;0;0;0;0;0;0;0;0;0;0;0;0;0;0;0;0;0;0;0;0;0;0;0;0;0;0;0;0;0;0;0;0;0;0;0;0;0;0;0;0;0;0;0;0;0;0;0;0;0;0;0;0;0;0;0;0;0;0;0;0;0;0;0;0;0
5294;5;3;EV37;3;POS;ropinirole;0;0;0;0;0;0;0;0;0;0;0;0;0;0;0;0;0;0;0;0;0;0;0;0;0;0;0;0;0;0;0;0;0;0;0;0;0;0;0;0;0;0;0;0;0;0;0;0;0;0;0;0;0;0;0;0;0;0;0;0;0;0;0;0;0;0;0;0;0;0;0;0;0;0;0;0;0;0;0;0;0;0;0;0;0;0;0;0;0;0;0;0;0;0;0;0;0;0;0;0;0;0;0;0;0;0;0;0;0;0;0;0;0;0;0;0;0
5466;5;4;EV37;3;POS;ropinirole;0;0;0;0;0;0;0;0;0;0;0;0;0;0;0;0;0;0;0;0;0;0;0;0;0;0;0;0;0;0;0;0;0;0;0;0;0;0;0;0;0;0;0;0;0;0;0;0;0;0;0;0;0;0;0;0;0;0;0;0;0;0;0;0;0;0;0;0;0;0;0;0;0;0;0;0;0;0;0;0;0;0;0;0;0;0;0;0;0;0;0;0;0;0;0;0;0;0;0;0;0;0;0;0;0;0;0;0;0;0;0;0;0;0;0;0;0
5638;5;6;EV37;3;POS;ropinirole;0;0;0;0;0;0;0;0;0;0;0;0;0;0;0;0;0;0;0;0;0;0;0;0;0;0;0;0;0;0;0;0;0;0;0;0;0;0;0;0;0;0;0;0;0;0;0;0;0;0;0;0;0;0;0;0;0;0;0;0;0;0;0;0;0;0;0;0;0;0;0;0;0;0;0;0;0;0;0;0;0;0;0;0;0;0;0;0;0;0;0;0;0;0;0;0;0;0;0;0;0;0;0;0;0;0;0;0;0;0;0;0;0;0;0;0;0
5810;5;7;EV37;3;POS;ropinirole;0;0;0;0;0;0;0;0;0;0;0;0;0;0;0;0;0;0;0;0;0;0;0;0;0;0;0;0;0;0;0;0;0;0;0;0;0;0;0;0;0;0;0;0;0;0;0;0;0;0;0;0;0;0;0;0;0;0;0;0;0;0;0;0;0;0;0;0;0;0;0;0;0;0;0;0;0;0;0;0;0;0;0;0;0;0;0;0;0;0;0;0;0;0;0;0;0;0;0;0;0;0;0;0;0;0;0;0;0;0;0;0;0;0;0;0;0
5982;5;8;EV37;3;POS;ropinirole;0;0;0;0;0;0;0;0;0;0;0;0;0;0;0;0;0;0;0;0;0;0;0;0;0;0;0;0;0;0;0;0;0;0;0;0;0;0;0;0;0;0;0;0;0;0;0;0;0;0;0;0;0;0;0;0;0;0;0;0;0;0;0;0;0;0;0;0;0;0;0;0;0;0;0;0;0;0;0;0;0;0;0;0;0;0;0;0;0;0;0;0;0;0;0;0;0;0;0;0;0;0;0;0;0;0;0;0;0;0;0;0;0;0;0;0;0
4959;5;1;EV37;3;POS;succimer;0;0;0;0;0;0;0;0;0;0;0;0;0;0;0;0;0;0;0;0;0;0;0;0;0;0;0;0;0;0;0;0;0;0;0;0;0;0;0;0;0;0;0;0;0;0;0;0;0;0;0;0;0;0;0;0;0;0;0;0;0;0;0;0;0;0;0;0;0;0;0;0;0;0;0;0;0;0;0;0;0;0;0;0;0;0;0;0;0;0;0;0;0;0;0;0;0;0;0;0;0;0;0;0;0;0;0;0;0;0;0;0;0;0;0;0;0
5131;5;2;EV37;3;POS;succimer;0;0;0;0;0;0;0;0;0;0;0;0;0;0;0;0;0;0;0;0;0;0;0;0;0;0;0;0;0;0;0;0;0;0;0;0;0;0;0;0;0;0;0;0;0;0;0;0;0;0;0;0;0;0;0;0;0;0;0;0;0;0;0;0;0;0;0;0;0;0;0;0;0;0;0;0;0;0;0;0;0;0;0;0;0;0;0;0;0;0;0;0;0;0;0;0;0;0;0;0;0;0;0;0;0;0;0;0;0;0;0;0;0;0;0;0;0
5303;5;3;EV37;3;POS;succimer;0;0;0;0;0;0;0;0;0;0;0;0;0;0;0;0;0;0;0;0;0;0;0;0;0;0;0;0;0;0;0;0;0;0;0;0;0;0;0;0;0;0;0;0;0;0;0;0;0;0;0;0;0;0;0;0;0;0;0;0;0;0;0;0;0;0;0;0;0;0;0;0;0;0;0;0;0;0;0;0;0;0;0;0;0;0;0;0;0;0;0;0;0;0;0;0;0;0;0;0;0;0;0;0;0;0;0;0;0;0;0;0;0;0;0;0;0
5475;5;4;EV37;3;POS;succimer;0;0;0;0;0;0;0;0;0;0;0;0;0;0;0;0;0;0;0;0;0;0;0;0;0;0;0;0;0;0;0;0;0;0;0;0;0;0;0;0;0;0;0;0;0;0;0;0;0;0;0;0;0;0;0;0;0;0;0;0;0;0;0;0;0;0;0;0;0;0;0;0;0;0;0;0;0;0;0;0;0;0;0;0;0;0;0;0;0;0;0;0;0;0;0;0;0;0;0;0;0;0;0;0;0;0;0;0;0;0;0;0;0;0;0;0;0
5647;5;6;EV37;3;POS;succimer;0;0;0;0;0;0;0;0;0;0;0;0;0;0;0;0;0;0;0;0;0;0;0;0;0;0;0;0;0;0;0;0;0;0;0;0;0;0;0;0;0;0;0;0;0;0;0;0;0;0;0;0;0;0;0;0;0;0;0;0;0;0;0;0;0;0;0;0;0;0;0;0;0;0;0;0;0;0;0;0;0;0;0;0;0;0;0;0;0;0;0;0;0;0;0;0;0;0;0;0;0;0;0;0;0;0;0;0;0;0;0;0;0;0;0;0;0
5819;5;7;EV37;3;POS;succimer;0;0;0;0;0;0;0;0;0;0;0;0;0;0;0;0;0;0;0;0;0;0;0;0;0;0;0;0;0;0;0;0;0;0;0;0;0;0;0;0;0;0;0;0;0;0;0;0;0;0;0;0;0;0;0;0;0;0;0;0;0;0;0;0;0;0;0;0;0;0;0;0;0;0;0;0;0;0;0;0;0;0;0;0;0;0;0;0;0;0;0;0;0;0;0;0;0;0;0;0;0;0;0;0;0;0;0;0;0;0;0;0;0;0;0;0;0
5991;5;8;EV37;3;POS;succimer;0;0;0;0;0;0;0;0;0;0;0;0;0;0;0;0;0;0;0;0;0;0;0;0;0;0;0;0;0;0;0;0;0;0;0;0;0;0;0;0;0;0;0;0;0;0;0;0;0;0;0;0;0;0;0;0;0;0;0;0;0;0;0;0;0;0;0;0;0;0;0;0;0;0;0;0;0;0;0;0;0;0;0;0;0;0;0;0;0;0;0;0;0;0;0;0;0;0;0;0;0;0;0;0;0;0;0;0;0;0;0;0;0;0;0;0;0
4965;5;1;EV37;3;POS;terbutaline;4;0;0;0;0;1;0;0;0;0;0;1;0;0;0;0;0;0;0;0;1;0;0;0;0;0;0;0;3;2;3;0;2;0;0;2;0;0;1;0;2;1;0;0;0;0;0;0;0;0;0;0;0;0;0;0;0;0;0;0;0;1;0;3;0;0;2;0;7;0;0;1;3;0;0;1;0;0;0;0;0;0;0;0;0;0;0;0;0;0;0;0;0;0;0;0;7;0;0;0;0;0;0;0;0;0;0;0;0;0;0;0;0;0;0;0;0
5137;5;2;EV37;3;POS;terbutaline;6;1;0;0;4;1;0;0;0;0;0;1;2;0;0;0;0;0;0;0;1;0;0;0;0;2;0;0;6;8;6;0;4;0;0;4;0;0;2;0;0;0;0;0;0;0;0;0;0;0;0;0;0;0;0;0;2;0;0;0;0;2;0;8;0;0;10;0;23;0;0;4;6;0;0;1;2;0;0;2;0;0;0;0;0;0;0;0;0;0;0;0;0;0;0;0;11;0;0;0;0;0;0;1;0;0;0;0;0;0;0;0;3;2;0;0;0
5309;5;3;EV37;3;POS;terbutaline;4;0;0;0;2;1;0;0;0;0;0;2;0;0;1;0;0;0;0;0;1;0;0;0;0;0;0;0;4;2;3;0;2;0;0;2;0;0;1;0;2;0;0;0;0;0;0;0;0;0;0;0;0;0;0;0;0;0;0;0;0;1;0;6;0;0;2;0;14;0;0;0;3;0;0;1;2;0;0;0;0;0;0;0;0;0;0;0;0;0;0;0;0;0;0;0;6;0;0;0;0;1;0;1;0;0;0;0;0;0;0;0;0;0;0;0;0
5481;5;4;EV37;3;POS;terbutaline;6;2;0;0;1;1;0;0;0;0;0;0;2;0;0;0;0;0;0;0;0;0;0;0;0;0;0;0;4;5;2;0;0;0;0;0;0;0;0;0;2;0;0;0;0;0;0;0;0;0;0;0;0;0;0;0;0;0;0;0;0;1;0;3;0;0;6;0;22;0;0;3;2;0;0;0;4;0;1;0;0;0;0;0;0;0;0;0;0;0;0;0;0;0;0;0;0;0;0;0;0;1;0;0;0;0;0;0;0;0;0;0;0;0;0;0;0
5653;5;6;EV37;3;POS;terbutaline;3;0;0;0;2;0;0;0;0;0;0;2;1;0;0;0;0;0;0;0;1;0;0;0;0;1;0;0;1;2;2;0;2;0;0;0;0;0;0;0;2;0;0;0;0;0;0;0;0;0;0;0;0;0;0;0;0;0;0;0;0;0;0;0;0;0;3;0;9;0;0;0;1;0;0;0;3;0;0;0;0;0;0;0;0;0;0;0;0;0;0;0;0;0;0;0;5;0;0;0;0;1;0;0;0;0;0;0;0;0;0;0;0;0;0;0;0
5825;5;7;EV37;3;POS;terbutaline;4;2;0;0;4;1;0;0;0;0;0;0;0;2;1;1;0;0;0;0;0;0;0;0;0;0;0;0;0;3;5;0;0;0;0;7;0;0;2;0;2;0;0;0;0;0;0;0;0;0;0;0;0;0;0;0;2;0;0;0;0;0;0;0;0;0;0;0;11;0;0;1;0;0;0;0;2;0;0;0;0;0;0;0;0;0;0;0;0;0;0;0;0;0;0;0;7;0;0;0;0;0;0;1;0;0;0;0;0;0;0;0;0;0;0;0;0
5997;5;8;EV37;3;POS;terbutaline;1;0;0;0;0;0;0;0;0;0;0;0;0;0;0;0;0;0;0;0;0;0;0;0;0;0;0;0;1;1;3;0;0;0;0;0;0;0;0;0;0;0;0;0;0;0;0;0;0;0;0;0;0;0;0;0;0;0;0;0;0;0;0;2;0;0;0;0;4;0;0;0;0;0;0;0;0;0;0;0;0;0;0;0;0;0;0;0;0;0;0;0;0;0;0;0;0;0;0;0;0;0;0;0;0;0;0;0;0;0;0;0;0;0;0;0;0
4976;5;1;EV37;3;POS;triptorelin pamoate;0;0;0;0;0;0;0;0;0;0;0;0;0;0;0;0;0;0;0;0;0;0;0;0;0;0;0;0;0;0;0;0;0;0;0;0;0;0;0;0;0;0;0;0;0;0;0;0;0;0;0;0;0;0;0;0;0;0;0;0;0;0;0;0;0;0;0;0;0;0;0;0;0;0;0;0;0;0;0;0;0;0;0;0;0;0;0;0;0;0;0;0;0;0;0;0;0;0;0;0;0;0;0;0;0;0;0;0;0;0;0;0;0;0;0;0;0
5148;5;2;EV37;3;POS;triptorelin pamoate;0;0;0;0;0;0;0;0;0;0;0;0;0;0;0;0;0;0;0;0;0;0;0;0;0;0;0;0;0;0;0;0;0;0;0;0;0;0;0;0;0;0;0;0;0;0;0;0;0;0;0;0;0;0;0;0;0;0;0;0;0;0;0;0;0;0;0;0;0;0;0;0;0;0;0;0;0;0;0;0;0;0;0;0;0;0;0;0;0;0;0;0;0;0;0;0;0;0;0;0;0;0;0;0;0;0;0;0;0;0;0;0;0;0;0;0;0
5320;5;3;EV37;3;POS;triptorelin pamoate;0;0;0;0;0;0;0;0;0;0;0;0;0;0;0;0;0;0;0;0;0;0;0;0;0;0;0;0;0;0;0;0;0;0;0;0;0;0;0;0;0;0;0;0;0;0;0;0;0;0;0;0;0;0;0;0;0;0;0;0;0;0;0;0;0;0;0;0;0;0;0;0;0;0;0;0;0;0;0;0;0;0;0;0;0;0;0;0;0;0;0;0;0;0;0;0;0;0;0;0;0;0;0;0;0;0;0;0;0;0;0;0;0;0;0;0;0
5492;5;4;EV37;3;POS;triptorelin pamoate;0;0;0;0;0;0;0;0;0;0;0;0;0;0;0;0;0;0;0;0;0;0;0;0;0;0;0;0;0;0;0;0;0;0;0;0;0;0;0;0;0;0;0;0;0;0;0;0;0;0;0;0;0;0;0;0;0;0;0;0;0;0;0;0;0;0;0;0;0;0;0;0;0;0;0;0;0;0;0;0;0;0;0;0;0;0;0;0;0;0;0;0;0;0;0;0;0;0;0;0;0;0;0;0;0;0;0;0;0;0;0;0;0;0;0;0;0
5664;5;6;EV37;3;POS;triptorelin pamoate;0;0;0;0;0;0;0;0;0;0;0;0;0;0;0;0;0;0;0;0;0;0;0;0;0;0;0;0;0;0;0;0;0;0;0;0;0;0;0;0;0;0;0;0;0;0;0;0;0;0;0;0;0;0;0;0;0;0;0;0;0;0;0;0;0;0;0;0;0;0;0;0;0;0;0;0;0;0;0;0;0;0;0;0;0;0;0;0;0;0;0;0;0;0;0;0;0;0;0;0;0;0;0;0;0;0;0;0;0;0;0;0;0;0;0;0;0
5836;5;7;EV37;3;POS;triptorelin pamoate;0;0;0;0;0;0;0;0;0;0;0;0;0;0;0;0;0;0;0;0;0;0;0;0;0;0;0;0;0;0;0;0;0;0;0;0;0;0;0;0;0;0;0;0;0;0;0;0;0;0;0;0;0;0;0;0;0;0;0;0;0;0;0;0;0;0;0;0;0;0;0;0;0;0;0;0;0;0;0;0;0;0;0;0;0;0;0;0;0;0;0;0;0;0;0;0;0;0;0;0;0;0;0;0;0;0;0;0;0;0;0;0;0;0;0;0;0
6008;5;8;EV37;3;POS;triptorelin pamoate;0;0;0;0;0;0;0;0;0;0;0;0;0;0;0;0;0;0;0;0;0;0;0;0;0;0;0;0;0;0;0;0;0;0;0;0;0;0;0;0;0;0;0;0;0;0;0;0;0;0;0;0;0;0;0;0;0;0;0;0;0;0;0;0;0;0;0;0;0;0;0;0;0;0;0;0;0;0;0;0;0;0;0;0;0;0;0;0;0;0;0;0;0;0;0;0;0;0;0;0;0;0;0;0;0;0;0;0;0;0;0;0;0;0;0;0;0
4979;5;1;EV37;3;POS;valproic acid;16;6;0;0;6;9;0;0;0;0;0;6;1;1;2;0;0;0;0;0;2;0;0;0;0;0;0;0;5;8;7;1;4;2;0;2;0;0;0;0;1;0;0;0;0;0;1;0;0;0;0;0;0;1;1;0;0;3;0;0;1;4;0;11;0;0;7;1;15;0;0;5;11;0;0;3;0;0;0;0;0;0;0;0;0;0;0;0;0;0;0;0;0;0;0;0;15;0;8;0;0;2;0;0;0;0;0;0;1;0;0;0;1;0;0;0;1
5151;5;2;EV37;3;POS;valproic acid;19;8;0;0;6;6;0;0;0;0;1;6;0;0;0;0;0;0;0;0;4;0;0;0;1;0;0;0;10;10;15;0;7;3;0;6;0;0;1;0;1;1;0;0;0;0;1;0;0;0;0;0;0;0;0;0;0;4;0;0;2;3;0;16;0;0;10;0;40;0;0;8;9;0;0;4;1;0;1;1;0;0;0;1;0;0;0;0;0;0;0;0;0;0;1;0;22;0;0;0;0;2;1;3;0;0;1;0;1;0;1;0;9;3;0;0;1
5323;5;3;EV37;3;POS;valproic acid;10;5;0;0;5;9;1;0;0;0;0;3;1;0;0;1;0;0;0;1;3;0;1;0;2;0;0;0;4;12;9;2;6;2;0;7;0;0;1;1;2;1;0;0;1;0;0;0;0;0;0;0;1;1;1;0;0;0;0;0;1;3;0;10;0;0;9;0;28;0;0;4;10;0;0;2;3;0;1;2;0;0;0;0;0;0;0;0;0;0;0;0;0;0;0;0;9;0;3;0;0;7;0;3;0;0;0;0;1;0;0;0;1;1;0;0;1
5495;5;4;EV37;3;POS;valproic acid;4;4;0;0;3;5;1;0;0;0;1;1;1;0;0;0;0;0;0;0;1;0;0;0;0;1;0;0;3;4;10;0;2;1;0;0;0;0;0;0;0;0;0;0;0;0;0;0;0;0;0;0;0;0;0;0;0;0;0;0;1;2;0;9;0;0;3;0;21;0;0;3;2;0;0;0;2;0;2;0;0;0;0;0;0;0;0;0;0;0;0;0;0;0;0;0;0;0;0;0;0;1;0;0;0;0;0;0;1;0;0;0;1;0;0;0;1
5667;5;6;EV37;3;POS;valproic acid;17;6;0;0;4;6;0;0;0;0;0;3;0;0;0;0;0;0;0;1;4;0;1;0;0;0;0;0;6;12;15;1;6;2;0;4;0;0;2;0;1;2;0;0;0;0;0;0;0;0;0;0;0;1;0;0;0;2;0;0;2;3;0;17;0;0;10;0;24;0;0;6;5;2;0;2;3;0;0;0;0;0;0;0;0;0;0;0;0;0;0;0;0;0;0;0;15;0;1;0;0;2;0;2;0;0;0;0;1;0;0;0;1;1;0;0;1
5839;5;7;EV37;3;POS;valproic acid;12;7;0;0;7;4;0;0;0;0;0;5;4;3;3;0;0;0;0;1;1;0;0;0;0;1;0;0;9;4;6;3;8;7;0;2;0;0;0;0;2;0;0;0;0;0;1;0;0;0;0;0;0;3;2;0;0;0;0;0;2;3;0;4;0;0;14;1;26;0;0;9;2;0;0;0;5;0;1;0;0;0;0;0;0;0;0;0;0;0;0;0;0;0;0;0;19;0;1;0;0;1;0;4;0;0;0;0;2;0;1;0;0;0;0;0;0
6011;5;8;EV37;3;POS;valproic acid;2;0;0;0;1;0;0;0;0;0;0;0;0;0;0;0;0;0;0;0;1;0;0;0;0;0;0;0;2;2;0;1;0;0;0;0;0;0;0;0;0;0;0;0;0;0;0;0;0;0;0;0;0;1;0;0;0;0;0;0;0;0;0;3;0;0;0;0;9;0;0;1;2;0;0;0;0;0;1;0;0;0;0;0;0;0;0;0;0;0;0;0;0;0;0;0;0;0;0;0;0;1;0;0;0;1;0;0;0;0;0;0;0;0;0;0;0
4980;5;1;EV37;3;POS;venlafaxine;3;0;0;2;3;0;0;0;0;0;0;0;0;0;0;0;0;0;0;0;0;0;0;0;0;0;0;0;0;2;0;0;0;0;0;2;0;0;0;0;0;2;0;0;0;0;0;0;0;0;0;0;0;0;0;0;0;0;0;0;0;0;0;1;0;0;3;0;7;0;0;3;5;0;0;1;0;0;0;0;0;0;0;0;0;0;0;0;0;0;0;0;0;0;0;0;3;0;2;0;0;1;0;0;0;0;0;0;0;0;0;0;1;0;0;0;0
5152;5;2;EV37;3;POS;venlafaxine;3;1;0;8;2;2;0;0;0;0;0;0;0;0;0;0;0;0;1;1;1;1;1;0;0;1;0;0;0;1;5;0;0;1;0;1;0;0;0;0;0;0;0;0;0;0;0;0;0;0;0;0;0;0;0;0;0;0;0;0;2;1;0;3;0;0;5;0;15;0;0;2;7;0;0;1;0;0;0;1;0;0;0;0;1;0;0;0;0;0;0;0;0;0;1;0;8;0;0;0;0;1;1;3;0;0;0;0;0;0;0;0;4;4;0;0;0
5324;5;3;EV37;3;POS;venlafaxine;2;0;0;5;1;0;0;0;0;0;0;0;0;0;0;0;0;0;0;0;0;0;0;0;0;0;0;0;0;1;1;0;0;0;0;1;0;0;0;0;1;1;0;0;0;0;0;0;0;0;0;0;0;0;0;0;0;0;0;0;0;0;0;2;0;0;3;0;6;0;0;1;6;0;0;0;0;0;0;2;0;0;0;0;0;0;0;0;0;0;0;0;0;0;0;0;4;0;1;0;0;4;0;1;0;0;0;0;0;0;0;0;1;1;0;0;0
5496;5;4;EV37;3;POS;venlafaxine;1;0;0;4;0;1;0;0;0;0;0;0;0;0;0;0;0;0;0;0;0;0;0;0;0;0;0;0;0;1;1;0;0;0;0;0;0;0;0;0;1;0;0;0;0;0;0;0;0;0;0;0;0;0;0;0;0;0;0;0;0;0;0;0;0;0;1;0;9;0;0;1;1;0;0;0;0;0;1;0;0;0;0;0;0;0;0;0;0;0;0;0;0;0;0;0;0;0;0;0;0;0;0;0;0;0;0;0;0;0;0;0;1;0;0;0;0
5668;5;6;EV37;3;POS;venlafaxine;1;0;0;5;1;1;0;0;0;0;0;0;0;0;0;0;0;0;1;0;0;0;0;0;0;0;0;0;0;0;3;0;0;0;0;2;0;0;0;0;0;2;0;0;0;0;0;0;0;0;0;0;0;0;0;0;0;0;0;0;0;0;0;1;0;0;2;0;12;0;0;2;3;2;0;0;1;0;0;0;0;0;0;0;0;0;0;0;0;0;0;0;0;0;0;0;4;0;1;0;0;2;0;0;0;0;0;0;0;0;0;0;0;1;0;0;0
5840;5;7;EV37;3;POS;venlafaxine;4;0;0;1;3;1;2;0;0;0;0;0;0;0;0;0;0;0;0;0;0;0;0;0;0;0;0;0;0;1;0;0;0;0;0;2;0;0;0;0;0;2;0;0;0;0;0;0;0;0;0;0;0;0;0;0;0;0;0;0;0;0;0;0;0;0;4;0;11;0;0;2;0;0;0;0;5;0;1;0;0;0;0;0;0;0;0;0;0;0;0;0;0;0;0;0;5;0;1;0;0;0;0;2;0;0;0;0;0;0;0;0;0;0;0;0;0
6012;5;8;EV37;3;POS;venlafaxine;0;0;0;2;0;0;0;0;0;0;0;0;0;0;0;0;0;0;0;0;0;0;0;0;0;0;0;0;0;1;0;0;0;0;0;0;0;0;0;0;0;0;0;0;0;0;0;0;0;0;0;0;0;0;0;0;0;0;0;0;0;0;0;0;0;0;0;0;3;0;0;0;2;0;0;0;0;0;0;0;0;0;0;0;0;0;0;0;0;0;0;0;0;0;0;0;0;0;0;0;0;0;0;0;0;1;0;0;0;0;0;0;0;0;0;0;0
4981;5;1;EV37;3;POS;verapamil;13;5;0;1;7;7;0;0;0;0;0;7;1;0;2;0;0;0;1;0;6;0;0;0;0;4;0;0;2;9;15;0;5;0;0;4;0;0;2;0;2;0;0;0;0;0;0;1;0;0;0;0;0;0;1;0;0;0;0;0;0;4;1;4;0;0;12;0;21;0;0;4;13;0;0;2;0;0;0;0;0;0;0;0;0;0;0;0;0;0;0;0;0;0;0;0;12;0;6;0;0;2;0;0;0;0;0;0;1;1;0;0;1;0;0;0;0
5153;5;2;EV37;3;POS;verapamil;19;8;0;3;10;15;1;0;0;0;1;11;5;0;2;3;0;0;1;3;12;0;0;0;3;2;0;0;9;17;30;0;3;2;0;11;0;0;4;0;0;0;0;0;0;0;0;1;0;0;0;0;1;0;0;0;0;0;0;0;2;10;0;11;1;0;29;1;64;0;0;7;18;1;0;4;6;0;1;2;0;0;0;0;0;0;0;0;0;0;0;0;0;0;1;0;24;0;0;0;0;2;1;3;0;0;1;0;1;0;1;0;12;4;0;0;0
5325;5;3;EV37;3;POS;verapamil;13;4;0;0;2;24;0;0;0;0;0;4;0;0;1;3;0;0;1;2;11;0;0;0;6;3;0;0;5;17;30;1;3;2;1;13;0;0;7;0;1;0;0;0;0;0;0;1;0;0;0;0;1;0;1;0;0;0;0;0;0;5;0;11;0;0;17;0;43;0;0;6;16;0;1;2;3;0;1;3;0;0;0;0;0;0;0;0;0;0;0;0;0;0;0;0;16;0;3;0;0;6;0;3;0;0;0;0;1;0;0;0;1;1;0;0;0
5497;5;4;EV37;3;POS;verapamil;11;8;0;2;6;10;0;0;0;0;0;7;4;1;2;0;0;0;0;1;6;0;0;0;0;2;0;0;2;12;16;0;3;1;0;1;0;0;0;0;2;0;0;0;0;0;0;0;0;0;0;0;0;0;0;0;0;0;0;0;1;5;1;7;0;0;5;0;39;0;0;5;4;0;0;0;7;0;2;0;0;0;0;0;0;0;0;0;0;0;0;0;0;0;0;0;0;0;0;0;0;2;0;0;0;0;0;0;1;0;0;0;1;0;0;0;0
5669;5;6;EV37;3;POS;verapamil;10;6;0;1;3;12;0;0;0;0;0;6;0;0;0;2;0;0;0;2;8;0;0;0;4;1;0;0;2;11;15;0;2;0;0;11;0;0;5;0;1;0;0;0;0;0;0;1;1;0;0;0;2;0;1;0;0;0;0;0;1;2;0;8;0;0;13;0;25;0;0;5;4;2;0;2;5;0;0;0;0;0;0;0;0;0;0;0;0;0;0;0;0;0;0;0;10;0;1;0;0;3;0;1;0;0;0;0;1;0;0;0;0;1;0;0;0
5841;5;7;EV37;3;POS;verapamil;11;7;0;0;4;5;0;0;0;0;0;6;3;1;1;0;0;0;2;2;1;0;0;0;0;3;0;0;2;5;10;0;3;0;0;6;0;0;2;0;4;0;0;0;0;0;0;2;1;0;0;0;0;0;2;0;0;0;0;0;1;4;0;5;0;0;9;0;22;0;0;5;0;0;0;0;3;0;1;0;0;0;0;0;0;0;0;0;0;0;0;0;0;0;0;0;13;0;1;0;0;0;0;2;0;0;0;0;2;0;1;0;0;0;0;0;0
6013;5;8;EV37;3;POS;verapamil;3;0;0;1;0;0;0;0;0;0;0;0;1;0;0;0;0;0;0;0;0;0;0;0;0;1;0;0;3;1;0;0;2;1;0;0;0;0;0;0;0;0;0;0;0;0;0;0;0;0;0;0;0;0;0;0;0;0;0;0;0;2;0;1;0;0;6;0;11;0;0;1;2;0;0;0;0;0;1;0;0;0;0;0;0;0;0;0;0;0;0;0;0;0;0;0;0;0;0;0;0;2;0;0;0;1;0;0;0;0;0;0;0;0;0;0;0
4982;5;1;EV37;3;POS;vincristine;8;2;0;0;4;10;0;0;0;0;0;2;5;0;1;1;0;0;0;0;1;0;0;0;2;2;0;0;2;5;3;0;3;4;0;1;0;0;0;0;1;0;0;0;0;0;0;0;0;0;0;0;0;0;0;0;0;0;0;0;0;0;0;4;0;0;5;0;12;0;0;3;9;0;0;3;0;0;0;0;0;0;0;0;0;0;0;0;0;0;0;0;0;0;0;0;9;0;5;0;0;2;0;0;0;0;0;0;1;1;0;0;1;0;0;0;0
5154;5;2;EV37;3;POS;vincristine;6;0;0;0;6;11;0;0;0;0;0;4;2;0;1;2;0;0;0;1;3;0;0;0;1;1;0;0;8;7;9;0;4;2;0;1;0;0;1;0;2;0;0;0;0;0;0;0;1;0;0;0;0;0;2;0;0;0;0;0;1;0;0;11;0;0;8;0;36;0;0;5;8;0;0;4;2;0;1;1;0;0;0;0;0;0;0;0;0;0;0;0;0;0;1;0;14;0;0;0;0;2;1;3;0;0;1;0;1;0;1;0;7;3;0;0;0
5326;5;3;EV37;3;POS;vincristine;5;0;0;1;3;9;0;0;0;0;0;3;3;1;1;1;0;0;0;0;4;0;0;0;2;2;0;0;6;4;5;1;4;2;0;3;0;0;2;1;0;1;0;0;1;0;0;0;0;0;0;0;0;0;1;0;0;0;0;0;0;1;0;6;0;0;8;1;24;0;0;3;8;0;0;1;3;0;1;2;0;0;0;0;0;0;0;0;0;0;0;0;0;0;0;0;7;0;2;0;0;5;0;2;0;0;0;0;1;0;0;0;1;1;0;0;0
5498;5;4;EV37;3;POS;vincristine;1;0;0;0;3;7;0;0;0;0;0;2;0;0;0;0;0;0;0;0;1;0;0;0;1;2;0;0;3;3;7;0;0;1;0;4;0;0;1;0;0;0;0;0;0;0;0;0;0;0;0;0;0;0;0;0;0;0;0;0;0;0;0;4;0;0;5;0;20;0;0;2;1;0;0;0;5;0;1;0;0;0;0;0;0;0;0;0;0;0;0;0;0;0;0;0;0;0;0;0;0;1;0;0;0;0;0;0;1;0;0;0;1;0;0;0;0
5670;5;6;EV37;3;POS;vincristine;7;0;0;1;4;10;0;0;0;0;0;4;2;0;0;2;0;0;0;1;0;0;0;0;0;1;0;0;4;3;6;0;5;4;0;4;0;0;1;0;2;1;0;0;0;0;0;0;1;0;0;0;0;0;1;0;1;0;0;0;1;0;0;3;0;0;10;1;19;0;0;4;4;2;0;1;4;0;0;0;0;0;0;0;0;0;0;0;0;0;0;0;0;0;0;0;9;0;1;0;0;2;0;2;0;0;0;0;1;0;0;0;1;1;0;0;0
5842;5;7;EV37;3;POS;vincristine;12;1;0;0;7;4;0;0;0;0;0;4;2;0;2;0;0;0;0;0;1;0;0;0;2;6;0;0;3;1;2;0;9;3;0;1;0;0;0;0;1;0;0;0;0;0;0;0;0;0;0;0;0;0;2;0;0;0;0;0;3;2;0;0;0;0;16;0;20;0;0;7;2;0;0;0;2;0;0;0;0;0;0;0;0;0;0;0;0;0;0;0;0;0;0;0;10;0;1;0;0;2;0;2;0;0;0;0;2;0;1;0;0;0;0;0;0
6014;5;8;EV37;3;POS;vincristine;1;0;0;0;0;0;0;0;0;0;0;0;0;0;0;0;0;0;0;0;0;0;0;0;0;0;0;0;2;1;0;0;0;0;0;0;0;0;0;0;0;0;0;0;0;0;0;0;0;0;0;0;0;0;0;0;0;0;0;0;0;0;0;1;0;0;1;0;4;0;0;1;2;0;0;0;0;0;1;0;0;0;0;0;0;0;0;0;0;0;0;0;0;0;0;0;0;0;0;0;0;0;0;0;0;1;0;0;0;0;0;0;0;0;0;0;0
4983;5;1;EV37;3;POS;vitamin a;11;8;0;0;6;10;0;0;0;0;0;5;5;1;1;2;0;0;1;1;4;1;1;0;0;0;0;0;5;10;13;0;4;8;0;3;0;0;2;0;1;1;0;0;0;0;2;0;1;0;0;0;0;0;1;0;0;0;0;0;3;8;2;8;1;0;11;1;18;0;0;5;10;0;0;2;0;0;0;0;0;0;0;0;0;0;0;0;0;0;0;0;0;0;0;0;17;0;8;0;0;3;0;0;0;0;0;0;1;0;0;0;2;0;0;0;0
5155;5;2;EV37;3;POS;vitamin a;12;7;0;0;7;18;0;0;0;0;0;4;3;1;1;3;0;0;1;1;6;0;0;0;1;2;0;0;2;12;27;0;7;16;0;7;0;0;2;0;1;1;0;0;0;0;2;0;1;0;0;0;0;0;1;0;0;0;0;0;5;5;0;14;0;0;17;1;44;0;0;10;16;0;0;3;2;0;1;1;0;0;0;1;1;0;0;0;0;0;0;0;0;0;1;0;27;0;0;0;0;2;1;4;0;0;1;0;1;0;1;0;11;5;0;0;0
5327;5;3;EV37;3;POS;vitamin a;8;3;0;0;3;12;0;0;0;0;0;3;1;0;0;3;0;0;1;2;4;0;0;0;0;2;0;0;3;9;22;0;7;13;0;5;0;0;2;0;1;1;0;0;0;0;3;0;1;0;0;0;0;0;1;0;0;0;0;0;5;5;1;12;0;0;12;1;30;0;0;5;13;0;0;2;2;0;1;2;0;0;0;0;0;0;0;0;0;0;0;0;0;0;0;0;13;0;4;0;0;6;0;4;0;0;0;0;1;0;0;0;1;2;0;0;0
5499;5;4;EV37;3;POS;vitamin a;5;3;0;0;4;7;0;0;0;0;0;3;2;1;0;2;0;0;1;0;1;0;0;0;0;0;0;0;1;4;10;2;3;3;0;2;0;0;0;0;2;0;0;0;0;0;0;0;1;0;0;0;0;0;0;0;0;0;0;0;0;2;1;7;0;0;2;0;34;0;0;5;2;0;0;0;3;0;2;0;0;0;0;0;0;0;0;0;0;0;0;0;0;0;0;0;0;0;0;0;0;2;0;0;0;0;0;0;1;0;0;0;1;0;0;0;0
5671;5;6;EV37;3;POS;vitamin a;16;5;0;0;7;6;0;0;0;0;0;7;2;2;1;0;0;0;2;0;5;1;0;0;0;1;0;0;4;8;16;1;11;15;0;2;0;0;0;0;1;0;0;0;0;0;3;0;1;0;0;0;0;0;1;0;0;0;0;0;4;9;1;3;0;0;15;1;29;0;0;6;6;2;0;1;1;0;0;0;0;0;0;0;0;0;0;0;0;0;0;0;0;0;0;0;19;0;2;0;0;2;0;2;0;0;0;0;1;0;0;0;0;4;0;0;0
5843;5;7;EV37;3;POS;vitamin a;19;10;0;0;10;4;0;0;0;0;0;10;7;3;1;1;0;0;3;0;3;0;1;0;0;2;0;0;6;8;17;0;13;17;0;0;0;0;0;0;2;0;0;0;0;0;4;0;2;0;0;0;0;0;2;0;0;0;0;0;5;8;1;6;0;0;17;1;35;0;0;10;3;0;0;0;5;0;1;0;0;0;0;0;0;0;0;0;0;0;0;0;0;0;0;0;28;0;1;0;0;5;0;4;0;0;0;0;2;0;1;0;0;1;0;0;0
6015;5;8;EV37;3;POS;vitamin a;1;0;0;0;0;0;0;0;0;0;0;0;0;0;0;0;0;0;0;0;0;0;0;0;0;0;0;0;2;1;1;0;0;1;0;0;0;0;0;0;0;0;0;0;0;0;0;0;0;0;0;0;0;0;0;0;0;0;0;0;1;2;0;1;0;0;3;0;8;0;0;1;2;0;0;0;0;0;1;0;0;0;0;0;0;0;0;0;0;0;0;0;0;0;0;0;0;0;1;0;0;1;0;0;0;1;0;0;0;0;0;0;0;0;0;0;0
