dataordernr	SG	ADR	typedataset	CAT_dataset	drug	T01_affects	T01_augments	T01_bindswith	T01_bringsabout	T01_causes	T01_coexistswith	T01_complicates	T01_consumptioncontrolledby	T01_contains	T01_controlstransportof	T01_convertsto	T01_disrupts	T01_doesnotaffect	T01_doesnotaugment	T01_doesnotcause	T01_doesnotcoexistwith	T01_doesnotcomplicate	T01_doesnotconvertto	T01_doesnotdisrupt	T01_doesnotinhibit	T01_doesnotinteractwith	T01_doesnotpredispose	T01_doesnotprevent	T01_doesnotproduce	T01_doesnotstimulate	T01_doesnottreat	T01_doesnotuse	T01_exhibits	T01_indicates	T01_inhibits	T01_interactswith	T01_isa	T01_isadministeredto	T01_isassociatedwith	T01_isclassifiedas	T01_iscomparedwith	T01_isderivativeof	T01_isfunctionallyrelatedto	T01_ishigherthan	T01_isingredientof	T01_islocationof	T01_islowerthan	T01_ismanifestationof	T01_ismodifiedby	T01_isnota	T01_isnotadministeredto	T01_isnotassociatedwith	T01_isnothigherthan	T01_isnotlocationof	T01_isnotlowerthan	T01_isnotpartof	T01_isnotprocessof	T01_isnotthesameas	T01_isparentof	T01_ispartof	T01_isprocessof	T01_isthesameas	T01_istributaryof	T01_manages	T01_precedes	T01_predisposes	T01_prevents	T01_produces	T01_stimulates	T01_targets	T01_traverses	T01_treats	T01_uses	T12_affects	T12_augments	T12_bringsabout	T12_causes	T12_coexistswith	T12_complicates	T12_diagnoses	T12_disrupts	T12_doesnotaffect	T12_doesnotaugment	T12_doesnotcause	T12_doesnotcoexistwith	T12_doesnotcomplicate	T12_doesnotdisrupt	T12_doesnotoccurin	T12_doesnotprecede	T12_doesnotpredispose	T12_doesnotprevent	T12_doesnotproduce	T12_doesnottreat	T12_geneproductisbiomarkertype	T12_geneproductmalfunction	T12_geneproductvariantcauses	T12_geneproductvariantresultsinabnormal	T12_indicates	T12_inhibits	T12_isa	T12_isadministeredto	T12_isassociatedwith	T12_isconceptuallyrelatedto	T12_isfunctionallyrelatedto	T12_islocatedat	T12_islocationof	T12_ismanifestationof	T12_isnota	T12_isnotassociatedwith	T12_isnotlocationof	T12_isnotmanifestationof	T12_isnotprocessof	T12_isparentof	T12_isprocessof	T12_measures	T12_occursin	T12_ortholog	T12_precedes	T12_predisposes	T12_prevents	T12_produces	T12_treats	class_label	Prob_Logistic_EV37difficult_di02042024	Logit_Logistic	BIN_ADR1SG3	Prob_logit_estimate4level_Logistic	filter_$
167	1	1	EV37	3	vitamin a	7	4	0	0	3	1	0	0	0	0	0	1	0	1	0	1	0	0	0	1	2	0	0	0	0	0	0	0	1	1	6	0	1	3	0	2	0	0	0	0	3	0	0	0	0	0	1	0	2	0	0	0	0	0	0	0	0	0	0	0	1	2	2	2	0	0	4	0	0	0	0	1	0	0	0	2	0	0	0	0	0	0	0	0	0	0	0	0	0	0	0	0	0	0	0	0	2	0	0	0	14	0	0	0	0	0	0	1	0	0	0	0	0	0	0	0	0	1	,236	-1,17473598414091	0	,153520490557833	0
53	1	1	EV37	3	estradiol	0	0	0	0	0	0	0	0	0	0	0	0	0	0	0	0	0	0	0	0	0	0	0	0	0	0	0	0	0	0	0	0	1	0	0	0	0	0	0	0	0	0	0	0	0	0	0	0	0	0	0	0	0	0	0	0	0	0	0	0	0	0	0	0	0	0	0	0	0	0	0	0	0	0	0	1	0	0	0	0	0	0	0	0	0	0	0	0	0	0	0	0	0	0	0	0	1	0	0	0	0	0	0	0	0	0	0	0	0	0	0	0	0	0	0	0	0	1	,423	-,310470087461821	0	,475085964913885	0
3	1	1	EV37	3	acarbose	0	0	0	0	0	0	0	0	0	0	0	0	0	0	0	0	0	0	0	0	0	0	0	0	0	0	0	0	0	0	0	0	0	0	0	0	0	0	0	0	0	0	0	0	0	0	0	0	0	0	0	0	0	0	0	0	0	0	0	0	0	0	0	0	0	0	0	0	0	0	0	0	0	0	0	0	0	0	0	0	0	0	0	0	0	0	0	0	0	0	0	0	0	0	0	0	0	0	0	0	0	0	0	0	0	0	0	0	0	0	0	0	0	0	0	0	0	1	,424	-,306374205463933	0	,471532574228969	0
7	1	1	EV37	3	alfuzosin	0	0	0	0	0	0	0	0	0	0	0	0	0	0	0	0	0	0	0	0	0	0	0	0	0	0	0	0	0	0	0	0	0	0	0	0	0	0	0	0	0	0	0	0	0	0	0	0	0	0	0	0	0	0	0	0	0	0	0	0	0	0	0	0	0	0	0	0	0	0	0	0	0	0	0	0	0	0	0	0	0	0	0	0	0	0	0	0	0	0	0	0	0	0	0	0	0	0	0	0	0	0	0	0	0	0	0	0	0	0	0	0	0	0	0	0	0	1	,424	-,306374205463933	0	,469377858462762	0
16	1	1	EV37	3	atomoxetine	0	0	0	0	0	0	0	0	0	0	0	0	0	0	0	0	0	0	0	0	0	0	0	0	0	0	0	0	0	0	0	0	0	0	0	0	0	0	0	0	0	0	0	0	0	0	0	0	0	0	0	0	0	0	0	0	0	0	0	0	0	0	0	0	0	0	0	0	0	0	0	0	0	0	0	0	0	0	0	0	0	0	0	0	0	0	0	0	0	0	0	0	0	0	0	0	0	0	0	0	0	0	0	0	0	0	0	0	0	0	0	0	0	0	0	0	0	1	,424	-,306374205463933	0	,47165457145457	0
36	1	1	EV37	3	danazol	0	0	0	0	0	0	0	0	0	0	0	0	0	0	0	0	0	0	0	0	0	0	0	0	0	0	0	0	0	0	0	0	0	0	0	0	0	0	0	0	0	0	0	0	0	0	0	0	0	0	0	0	0	0	0	0	0	0	0	0	0	0	0	0	0	0	0	0	0	0	0	0	0	0	0	0	0	0	0	0	0	0	0	0	0	0	0	0	0	0	0	0	0	0	0	0	0	0	0	0	0	0	0	0	0	0	0	0	0	0	0	0	0	0	0	0	0	1	,424	-,306374205463933	0	,476875023892243	0
90	1	1	EV37	3	levothyroxine	0	0	0	0	0	0	0	0	0	0	0	0	0	0	0	0	0	0	0	0	0	0	0	0	0	0	0	0	0	0	0	0	0	0	0	0	0	0	0	0	0	0	0	0	0	0	0	0	0	0	0	0	0	0	0	0	0	0	0	0	0	0	0	0	0	0	0	0	0	0	0	0	0	0	0	0	0	0	0	0	0	0	0	0	0	0	0	0	0	0	0	0	0	0	0	0	0	0	0	0	0	0	0	0	0	0	0	0	0	0	0	0	0	0	0	0	0	1	,424	-,306374205463933	0	,477923686841833	0
96	1	1	EV37	3	mexiletine	0	0	0	0	0	0	0	0	0	0	0	0	0	0	0	0	0	0	0	0	0	0	0	0	0	0	0	0	0	0	0	0	0	0	0	0	0	0	0	0	0	0	0	0	0	0	0	0	0	0	0	0	0	0	0	0	0	0	0	0	0	0	0	0	0	0	0	0	0	0	0	0	0	0	0	0	0	0	0	0	0	0	0	0	0	0	0	0	0	0	0	0	0	0	0	0	0	0	0	0	0	0	0	0	0	0	0	0	0	0	0	0	0	0	0	0	0	1	,424	-,306374205463933	0	,474537256084426	0
102	1	1	EV37	3	milnacipran	0	0	0	0	0	0	0	0	0	0	0	0	0	0	0	0	0	0	0	0	0	0	0	0	0	0	0	0	0	0	0	0	0	0	0	0	0	0	0	0	0	0	0	0	0	0	0	0	0	0	0	0	0	0	0	0	0	0	0	0	0	0	0	0	0	0	0	0	0	0	0	0	0	0	0	0	0	0	0	0	0	0	0	0	0	0	0	0	0	0	0	0	0	0	0	0	0	0	0	0	0	0	0	0	0	0	0	0	0	0	0	0	0	0	0	0	0	1	,424	-,306374205463933	0	,47289061504725	0
105	1	1	EV37	3	nelarabine	0	0	0	0	0	0	0	0	0	0	0	0	0	0	0	0	0	0	0	0	0	0	0	0	0	0	0	0	0	0	0	0	0	0	0	0	0	0	0	0	0	0	0	0	0	0	0	0	0	0	0	0	0	0	0	0	0	0	0	0	0	0	0	0	0	0	0	0	0	0	0	0	0	0	0	0	0	0	0	0	0	0	0	0	0	0	0	0	0	0	0	0	0	0	0	0	0	0	0	0	0	0	0	0	0	0	0	0	0	0	0	0	0	0	0	0	0	1	,424	-,306374205463933	0	,473492396827841	0
110	1	1	EV37	3	orlistat	0	0	0	0	0	0	0	0	0	0	0	0	0	0	0	0	0	0	0	0	0	0	0	0	0	0	0	0	0	0	0	0	0	0	0	0	0	0	0	0	0	0	0	0	0	0	0	0	0	0	0	0	0	0	0	0	0	0	0	0	0	0	0	0	0	0	0	0	0	0	0	0	0	0	0	0	0	0	0	0	0	0	0	0	0	0	0	0	0	0	0	0	0	0	0	0	0	0	0	0	0	0	0	0	0	0	0	0	0	0	0	0	0	0	0	0	0	1	,424	-,306374205463933	0	,474150382465079	0
115	1	1	EV37	3	penicillamine	0	0	0	0	0	0	0	0	0	0	0	0	0	0	0	0	0	0	0	0	0	0	0	0	0	0	0	0	0	0	0	0	0	0	0	0	0	0	0	0	0	0	0	0	0	0	0	0	0	0	0	0	0	0	0	0	0	0	0	0	0	0	0	0	0	0	0	0	0	0	0	0	0	0	0	0	0	0	0	0	0	0	0	0	0	0	0	0	0	0	0	0	0	0	0	0	0	0	0	0	0	0	0	0	0	0	0	0	0	0	0	0	0	0	0	0	0	1	,424	-,306374205463933	0	,472051663119756	0
143	1	1	EV37	3	succimer	0	0	0	0	0	0	0	0	0	0	0	0	0	0	0	0	0	0	0	0	0	0	0	0	0	0	0	0	0	0	0	0	0	0	0	0	0	0	0	0	0	0	0	0	0	0	0	0	0	0	0	0	0	0	0	0	0	0	0	0	0	0	0	0	0	0	0	0	0	0	0	0	0	0	0	0	0	0	0	0	0	0	0	0	0	0	0	0	0	0	0	0	0	0	0	0	0	0	0	0	0	0	0	0	0	0	0	0	0	0	0	0	0	0	0	0	0	1	,424	-,306374205463933	0	,472281424891683	0
160	1	1	EV37	3	triptorelin pamoate	0	0	0	0	0	0	0	0	0	0	0	0	0	0	0	0	0	0	0	0	0	0	0	0	0	0	0	0	0	0	0	0	0	0	0	0	0	0	0	0	0	0	0	0	0	0	0	0	0	0	0	0	0	0	0	0	0	0	0	0	0	0	0	0	0	0	0	0	0	0	0	0	0	0	0	0	0	0	0	0	0	0	0	0	0	0	0	0	0	0	0	0	0	0	0	0	0	0	0	0	0	0	0	0	0	0	0	0	0	0	0	0	0	0	0	0	0	1	,424	-,306374205463933	0	,473411241982038	0
6	1	1	EV37	3	alendronate	0	0	0	0	0	0	0	0	0	0	0	0	0	0	0	0	0	0	0	0	0	0	0	0	0	0	0	0	0	0	0	0	1	0	0	0	0	0	0	0	0	0	0	0	0	0	0	0	0	0	0	0	0	0	0	0	0	0	0	0	0	0	0	0	0	0	0	0	0	0	0	0	0	0	0	0	0	0	0	0	0	0	0	0	0	0	0	0	0	0	0	0	0	0	0	0	0	0	0	0	1	0	0	0	0	0	0	0	0	0	0	0	0	0	0	0	0	1	,424	-,306374205463933	0	,472802890299776	0
121	1	1	EV37	3	pregabalin	0	0	0	1	0	0	0	0	0	0	0	0	0	0	0	0	0	0	0	0	0	0	0	0	0	0	0	0	0	0	0	0	0	0	0	0	0	0	0	0	0	0	0	0	0	0	0	0	0	0	0	0	0	0	0	0	0	0	0	0	0	0	0	0	0	0	0	0	0	0	0	0	0	0	0	0	0	0	0	0	0	0	0	0	0	0	0	0	0	0	0	0	0	0	0	0	0	0	0	0	1	0	0	0	0	0	0	0	0	0	0	0	0	0	0	0	0	1	,426	-,298190050050196	0	,484407021367085	0
44	1	1	EV37	3	donepezil	0	0	0	0	0	0	0	0	0	0	0	0	0	0	0	0	0	0	0	0	0	0	0	0	0	0	0	0	0	1	1	0	0	0	0	0	0	0	0	0	0	0	0	0	0	0	0	0	0	0	0	0	0	0	0	0	0	0	0	0	0	0	0	0	0	0	0	0	0	0	0	0	0	0	0	0	0	0	0	0	0	0	0	0	0	0	0	0	0	0	0	0	0	0	0	0	0	0	0	0	1	0	0	0	0	0	0	0	0	0	0	0	0	0	0	0	0	1	,431	-,277772344022583	0	,47377408236611	0
37	1	1	EV37	3	daptomycin	1	1	0	0	2	2	0	0	0	0	0	0	3	0	0	0	0	0	0	0	0	0	0	0	0	1	0	0	0	1	1	0	3	2	0	0	0	0	0	0	2	0	0	0	0	0	1	0	1	0	0	0	0	0	0	0	0	0	0	0	0	1	1	1	0	0	4	0	0	0	0	1	0	0	0	2	0	0	0	0	0	0	0	0	0	0	0	0	0	0	0	0	0	0	0	0	1	0	0	0	5	0	0	0	0	0	0	1	0	0	0	0	0	0	0	0	0	1	,455	-,180488375712294	0	,498274393924817	0
134	1	1	EV37	3	ropinirole	0	0	0	1	0	0	0	0	0	0	0	0	0	0	0	0	0	0	0	0	1	0	0	0	0	0	0	0	0	0	1	0	0	0	0	0	0	0	0	0	0	0	0	0	0	0	0	0	0	0	0	0	0	0	0	0	0	0	0	0	0	0	0	0	0	0	0	0	0	0	0	0	0	0	0	0	0	0	0	0	0	0	0	0	0	0	0	0	0	0	0	0	0	0	0	0	0	0	0	0	2	0	0	0	0	0	0	1	0	0	0	0	0	0	0	0	0	1	,448	-,20875481386211	0	,480608850939362	0
70	1	1	EV37	3	gabapentin	0	0	0	0	0	0	0	0	0	0	0	0	0	0	0	0	0	0	0	1	1	0	0	0	0	0	0	0	0	0	0	0	0	0	0	0	0	0	0	0	0	0	0	0	0	0	0	0	0	0	0	0	0	0	0	0	0	0	0	0	0	0	0	0	0	0	0	0	0	0	0	0	0	0	0	0	0	0	0	0	0	0	0	0	0	0	0	0	0	0	0	0	0	0	0	0	0	0	0	0	1	0	0	0	0	0	0	0	0	0	0	0	0	0	0	0	0	1	,424	-,306374205463933	0	,474769156736099	0
41	1	1	EV37	3	desvenlafaxine	0	0	0	1	0	0	0	0	0	0	0	0	0	0	0	0	0	0	0	0	0	0	0	0	0	0	0	0	0	0	1	0	0	0	0	0	0	0	0	0	0	0	0	0	0	0	0	0	0	0	0	0	0	0	1	0	0	0	0	0	0	0	0	0	0	0	1	0	0	0	0	0	0	0	0	0	0	0	0	0	0	0	0	0	0	0	0	0	0	0	0	0	0	0	0	0	0	0	0	0	3	0	0	0	0	0	0	1	0	0	0	0	0	0	0	0	0	1	,435	-,261479700057757	0	,430423669070705	0
87	1	1	EV37	3	leuprolide	0	0	0	2	1	0	0	0	0	0	0	0	0	0	0	0	0	0	0	0	0	0	0	0	0	0	0	0	0	2	0	0	0	0	0	0	0	0	0	0	0	0	0	0	0	0	0	0	0	0	0	0	0	0	0	0	0	0	0	0	0	0	0	0	0	0	0	0	0	0	0	1	0	0	0	0	0	0	0	0	0	0	0	0	0	0	0	0	0	0	0	0	0	0	0	0	0	0	0	0	3	0	0	0	0	0	0	0	0	0	0	0	0	0	0	0	0	1	,44	-,241162056816888	0	,431668844236691	0
15	1	1	EV37	3	atenolol	0	0	0	0	0	0	0	0	0	0	0	0	0	0	0	0	0	0	0	1	0	0	0	0	0	0	0	0	0	0	1	0	0	0	0	0	0	0	0	0	0	0	0	0	0	0	0	0	0	0	0	0	0	0	0	0	0	0	0	0	0	0	0	0	0	0	0	0	0	0	0	1	0	0	0	0	0	0	0	0	0	0	0	0	0	0	0	0	0	0	0	0	0	0	0	0	0	0	0	0	1	0	0	0	0	0	0	0	0	0	0	0	0	0	0	0	0	1	,441	-,237104597708253	0	,479266901426862	0
109	1	1	EV37	3	octreotide	2	0	0	2	0	0	0	0	0	0	0	0	0	0	0	0	0	0	0	0	1	0	0	0	0	0	0	0	0	3	2	0	0	1	0	2	0	0	1	0	2	0	0	0	0	0	0	0	0	0	0	0	0	0	0	0	0	0	0	0	0	0	0	1	0	0	4	0	0	0	0	1	0	0	0	1	0	0	0	0	0	0	0	0	0	0	0	0	0	0	0	0	0	0	0	0	1	0	0	0	10	0	0	0	0	0	0	1	0	0	0	0	0	0	0	0	0	1	,429	-,285932290727993	0	,174676800306094	0
93	1	1	EV37	3	memantine	0	0	0	3	0	1	0	0	0	0	0	0	0	0	0	0	0	0	0	0	0	0	0	0	0	0	0	0	0	0	2	0	0	0	0	0	0	0	0	0	2	0	0	0	0	0	0	0	0	0	0	0	0	0	0	0	0	0	0	0	0	1	0	0	0	0	2	0	0	0	0	1	0	0	0	1	0	0	0	0	0	0	0	0	0	0	0	0	0	0	0	0	0	0	0	0	0	0	0	0	5	0	0	0	0	0	0	1	0	0	0	0	0	0	0	0	0	1	,469	-,12415925279566	0	,525992482930404	0
45	1	1	EV37	3	doxorubicin	0	0	0	0	0	0	0	0	0	0	0	0	0	0	0	0	0	0	0	1	0	0	0	0	0	0	0	0	0	1	1	0	0	0	0	0	0	0	0	0	0	0	0	0	0	0	0	0	0	0	0	0	0	0	0	0	0	0	0	0	0	0	0	0	0	0	0	0	0	0	0	0	0	0	0	0	0	0	0	0	0	0	0	0	0	0	0	0	0	0	0	0	0	0	0	0	0	0	0	0	1	0	0	0	0	0	0	0	0	0	0	0	0	0	0	0	0	1	,446	-,21684573472722	0	,482421054873144	0
123	1	1	EV37	3	propoxyphene	1	0	0	0	1	1	0	0	0	0	0	0	0	0	0	0	0	0	0	0	0	0	0	0	0	0	0	0	2	0	1	0	0	0	0	0	0	0	0	0	2	0	0	0	0	0	0	0	0	0	0	0	0	0	0	0	0	0	0	0	0	0	0	1	0	0	0	0	0	0	0	1	0	0	0	1	0	0	0	0	0	0	0	0	0	0	0	0	0	0	0	0	0	0	0	0	2	0	0	0	5	0	0	0	0	0	0	1	0	0	0	0	0	0	0	0	0	1	,473	-,108105160049429	0	,533778882736801	0
12	1	1	EV37	3	amphotericin b	0	0	0	0	0	0	0	0	0	0	0	0	0	0	0	0	0	0	0	1	0	0	0	0	0	0	0	0	0	1	1	0	0	0	0	0	0	0	0	0	0	0	0	0	0	0	0	0	0	0	0	0	0	0	0	0	0	0	0	0	0	0	0	0	0	0	0	0	0	0	0	1	0	0	0	0	0	0	0	0	0	0	0	0	0	0	0	0	0	0	0	0	0	0	0	0	0	0	0	0	1	0	0	0	0	0	0	0	0	0	0	0	0	0	0	0	0	1	,446	-,21684573472722	0	,480539368211873	0
94	1	1	EV37	3	metformin	0	0	0	0	0	0	0	0	0	0	0	0	0	0	0	0	0	0	0	1	1	0	0	0	0	0	0	0	0	0	0	0	2	0	0	0	0	0	0	0	0	0	0	0	0	0	0	0	0	0	0	0	0	0	0	0	0	0	0	0	0	0	0	0	0	0	0	0	0	0	0	0	0	0	0	1	0	0	0	0	0	0	0	0	0	0	0	0	0	0	0	0	0	0	0	0	1	0	0	0	2	0	0	0	0	0	0	1	0	0	0	0	0	0	0	0	0	1	,46	-,16034265007518	0	,482026011686187	0
163	1	1	EV37	3	valproic acid	2	0	0	0	1	5	0	0	0	0	0	1	0	0	0	0	0	0	0	1	0	0	0	0	0	0	0	0	3	5	3	0	2	2	0	1	0	0	0	0	3	0	0	0	0	0	0	0	0	0	0	0	0	0	1	0	0	0	0	0	0	0	0	5	0	0	2	0	0	0	0	1	0	0	0	2	0	0	0	0	0	0	0	0	0	0	0	0	0	0	0	0	0	0	0	0	2	0	0	0	11	0	0	0	0	0	0	1	0	0	0	0	0	0	0	0	0	1	,437	-,2533464330441	0	,167740685682036	0
149	1	1	EV37	3	terbutaline	0	0	0	0	1	0	0	0	0	0	0	0	0	0	0	0	0	0	0	1	0	0	0	0	0	0	0	0	2	2	1	0	1	0	0	0	0	0	0	0	2	0	0	0	0	0	0	0	0	0	0	0	0	0	0	0	0	0	0	0	0	0	0	0	0	0	2	0	0	0	0	1	0	0	0	1	0	0	0	0	0	0	0	0	0	0	0	0	0	0	0	0	0	0	0	0	0	0	0	0	7	0	0	0	0	0	0	1	0	0	0	0	0	0	0	0	0	1	,504	,0160003413464411	0	,470441633544433	0
164	1	1	EV37	3	venlafaxine	1	0	0	2	1	0	0	0	0	0	0	0	0	0	0	0	0	0	0	1	0	0	0	0	0	0	0	0	0	2	2	0	0	0	0	0	0	0	0	0	2	0	0	0	0	0	0	0	1	0	0	0	0	0	0	0	0	0	0	0	1	1	0	1	0	0	2	0	0	0	0	1	0	0	0	0	0	0	0	0	0	0	0	0	0	0	0	0	0	0	0	0	0	0	0	0	0	0	0	0	6	0	0	0	0	0	0	1	0	0	0	0	0	0	0	0	0	1	,513	,0520117220881798	0	,494318443283761	0
166	1	1	EV37	3	vincristine	2	0	0	1	4	1	0	0	0	0	0	1	1	0	0	0	0	0	0	1	0	0	0	0	0	1	0	0	1	1	4	0	1	3	0	3	0	0	3	0	2	0	0	0	0	0	0	0	0	0	0	0	0	0	1	0	0	0	0	0	1	0	0	0	0	0	5	0	0	0	0	1	0	0	0	2	0	0	0	0	0	0	0	0	0	0	0	0	0	0	0	0	0	0	0	0	1	0	0	0	9	0	0	0	0	0	0	1	0	0	0	0	0	0	0	0	0	1	,427	-,294101703486115	0	,323639131082349	0
95	1	1	EV37	3	metoprolol	1	0	0	1	1	0	0	0	0	0	0	1	0	0	0	0	0	0	0	1	0	0	0	0	0	0	0	0	1	4	1	0	1	0	0	2	0	0	1	0	2	0	0	0	0	0	0	0	0	0	0	0	0	0	0	0	0	0	0	0	0	1	0	0	0	0	2	0	0	0	0	1	0	0	0	1	0	0	0	0	0	0	0	0	0	0	0	0	0	0	0	0	0	0	0	0	1	0	0	0	7	0	0	0	0	0	0	1	0	0	0	0	0	0	0	0	0	1	,526	,104093891042633	0	,378678790610991	0
11	1	1	EV37	3	amphetamine	1	0	0	0	1	1	0	0	0	0	0	0	0	0	0	0	0	0	0	0	0	0	0	0	1	0	0	0	1	3	5	0	1	2	0	1	0	0	0	0	2	0	0	0	0	0	0	0	1	0	0	0	0	0	0	0	0	0	0	0	2	0	0	4	0	0	3	0	0	0	0	1	0	0	0	1	0	0	0	0	0	0	0	0	0	0	0	0	0	0	0	0	0	0	0	0	0	0	0	0	11	0	0	0	0	0	0	1	0	0	0	0	0	0	0	0	0	1	,485	-,060018009726253	0	,326350487784605	0
122	1	1	EV37	3	propafenone	0	0	0	2	1	2	1	0	0	0	0	1	0	0	1	0	0	0	1	1	1	0	0	0	0	1	0	0	1	0	4	0	1	0	0	2	0	0	2	0	2	0	0	0	0	0	0	0	0	0	0	0	0	0	0	0	0	0	0	0	0	1	0	1	0	0	1	0	0	0	0	2	0	0	0	1	0	0	0	0	0	0	0	0	0	0	0	0	0	0	0	0	0	0	0	0	1	0	0	0	3	0	0	0	0	0	0	0	0	0	0	0	0	0	0	0	0	1	,635	,5537276453102	0	,564157187350398	0
165	1	1	EV37	3	verapamil	6	0	0	1	4	4	1	0	0	0	0	2	1	0	0	1	0	0	1	2	0	0	1	0	0	2	0	0	2	7	8	0	0	2	0	2	0	0	0	0	2	1	0	0	0	0	0	0	1	0	0	0	0	0	0	0	0	0	0	0	1	3	0	4	0	0	6	0	0	0	0	2	0	0	0	2	0	0	0	0	0	0	0	0	0	0	0	0	0	0	0	0	0	0	0	0	2	0	0	0	13	0	0	0	0	0	0	1	0	0	0	0	0	0	0	0	0	1	,518	,0720311282088829	0	,496070823576744	0
335	1	2	EV37	3	valproic acid	4	0	0	0	2	4	0	1	0	0	0	1	1	0	1	0	0	0	0	0	0	1	0	0	0	0	0	0	2	4	2	0	2	3	0	0	0	0	0	0	3	0	0	0	0	0	0	0	0	0	0	0	0	0	1	0	0	0	0	0	1	2	1	5	0	0	6	0	0	0	0	2	0	0	0	3	0	0	0	0	0	0	0	0	0	0	0	0	0	0	0	0	0	0	0	0	0	0	0	1	16	0	0	0	2	0	0	0	0	0	0	0	0	0	0	0	0	1	,05	-2,94443897916644	0	,122949190142517	0
183	1	2	EV37	3	amphetamine	3	1	0	0	3	4	0	0	0	0	0	1	1	0	1	0	0	0	0	0	3	0	1	0	1	0	0	0	2	5	10	0	0	3	0	3	0	0	0	0	2	0	0	0	0	0	0	0	1	0	0	0	0	0	0	0	0	0	0	0	0	2	1	6	0	0	3	0	0	0	0	2	0	0	0	1	0	0	0	0	0	0	0	0	0	0	0	0	0	0	0	0	0	0	0	0	0	0	0	0	16	0	0	0	2	0	0	0	0	0	0	0	0	0	0	0	0	1	,156	-1,68829648734642	0	,252031465052411	0
281	1	2	EV37	3	octreotide	5	2	0	1	4	0	0	0	0	0	0	2	2	0	0	1	0	0	1	0	0	0	1	0	0	1	0	0	1	3	4	0	1	5	0	2	0	0	0	0	2	0	0	0	0	0	2	0	0	0	0	0	0	0	1	0	0	0	0	0	0	3	1	2	0	0	8	0	0	0	0	2	0	0	0	2	0	0	0	0	0	0	0	0	0	0	0	0	0	0	0	0	0	0	0	0	0	0	0	0	15	0	0	0	0	0	0	0	0	0	0	0	0	0	0	0	0	1	,136	-1,848917883068	0	,128318731359392	0
259	1	2	EV37	3	leuprolide	0	0	0	1	1	1	0	0	0	0	0	0	0	0	0	0	0	0	0	0	0	0	0	0	0	0	0	0	1	0	0	0	2	1	0	0	0	0	0	0	0	0	0	0	0	0	0	0	0	0	0	0	0	0	0	0	0	0	0	0	0	1	0	0	0	0	2	0	0	0	0	2	0	0	0	1	0	0	0	0	0	0	0	0	0	0	0	0	0	0	0	0	0	0	0	0	0	0	0	0	2	0	0	0	0	0	0	0	0	0	0	0	0	0	0	0	0	1	,395	-,42634269312972	0	,345672891292979	0
178	1	2	EV37	3	alendronate	0	0	0	0	0	0	0	0	0	0	0	0	0	0	0	0	0	0	0	0	0	0	0	0	0	0	0	0	0	0	0	0	0	0	0	0	0	0	0	0	0	0	0	0	0	0	0	0	0	0	0	0	0	0	0	0	0	0	0	0	0	0	0	0	0	0	0	0	0	0	0	0	0	0	0	0	0	0	0	0	0	0	0	0	0	0	0	0	0	0	0	0	0	0	0	0	0	0	0	0	0	0	0	0	0	0	0	0	0	0	0	0	0	0	0	0	0	1	,424	-,306374205463933	0	,384151296068065	0
188	1	2	EV37	3	atomoxetine	0	0	0	0	0	0	0	0	0	0	0	0	0	0	0	0	0	0	0	0	0	0	0	0	0	0	0	0	0	0	0	0	0	0	0	0	0	0	0	0	0	0	0	0	0	0	0	0	0	0	0	0	0	0	0	0	0	0	0	0	0	0	0	0	0	0	0	0	0	0	0	0	0	0	0	0	0	0	0	0	0	0	0	0	0	0	0	0	0	0	0	0	0	0	0	0	0	0	0	0	0	0	0	0	0	0	0	0	0	0	0	0	0	0	0	0	0	1	,424	-,306374205463933	0	,383061843443434	0
208	1	2	EV37	3	danazol	0	0	0	0	0	0	0	0	0	0	0	0	0	0	0	0	0	0	0	0	0	0	0	0	0	0	0	0	0	0	0	0	0	0	0	0	0	0	0	0	0	0	0	0	0	0	0	0	0	0	0	0	0	0	0	0	0	0	0	0	0	0	0	0	0	0	0	0	0	0	0	0	0	0	0	0	0	0	0	0	0	0	0	0	0	0	0	0	0	0	0	0	0	0	0	0	0	0	0	0	0	0	0	0	0	0	0	0	0	0	0	0	0	0	0	0	0	1	,424	-,306374205463933	0	,388021863593564	0
225	1	2	EV37	3	estradiol	0	0	0	0	0	0	0	0	0	0	0	0	0	0	0	0	0	0	0	0	0	0	0	0	0	0	0	0	0	0	0	0	0	0	0	0	0	0	0	0	0	0	0	0	0	0	0	0	0	0	0	0	0	0	0	0	0	0	0	0	0	0	0	0	0	0	0	0	0	0	0	0	0	0	0	0	0	0	0	0	0	0	0	0	0	0	0	0	0	0	0	0	0	0	0	0	0	0	0	0	0	0	0	0	0	0	0	0	0	0	0	0	0	0	0	0	0	1	,424	-,306374205463933	0	,386319979115262	0
262	1	2	EV37	3	levothyroxine	0	0	0	0	0	0	0	0	0	0	0	0	0	0	0	0	0	0	0	0	0	0	0	0	0	0	0	0	0	0	0	0	0	0	0	0	0	0	0	0	0	0	0	0	0	0	0	0	0	0	0	0	0	0	0	0	0	0	0	0	0	0	0	0	0	0	0	0	0	0	0	0	0	0	0	0	0	0	0	0	0	0	0	0	0	0	0	0	0	0	0	0	0	0	0	0	0	0	0	0	0	0	0	0	0	0	0	0	0	0	0	0	0	0	0	0	0	1	,424	-,306374205463933	0	,389020437556344	0
287	1	2	EV37	3	penicillamine	0	0	0	0	0	0	0	0	0	0	0	0	0	0	0	0	0	0	0	0	0	0	0	0	0	0	0	0	0	0	0	0	0	0	0	0	0	0	0	0	0	0	0	0	0	0	0	0	0	0	0	0	0	0	0	0	0	0	0	0	0	0	0	0	0	0	0	0	0	0	0	0	0	0	0	0	0	0	0	0	0	0	0	0	0	0	0	0	0	0	0	0	0	0	0	0	0	0	0	0	0	0	0	0	0	0	0	0	0	0	0	0	0	0	0	0	0	1	,424	-,306374205463933	0	,383438478385821	0
332	1	2	EV37	3	triptorelin pamoate	0	0	0	0	0	0	0	0	0	0	0	0	0	0	0	0	0	0	0	0	0	0	0	0	0	0	0	0	0	0	0	0	0	0	0	0	0	0	0	0	0	0	0	0	0	0	0	0	0	0	0	0	0	0	0	0	0	0	0	0	0	0	0	0	0	0	0	0	0	0	0	0	0	0	0	0	0	0	0	0	0	0	0	0	0	0	0	0	0	0	0	0	0	0	0	0	0	0	0	0	0	0	0	0	0	0	0	0	0	0	0	0	0	0	0	0	0	1	,424	-,306374205463933	0	,384728822520524	0
179	1	2	EV37	3	alfuzosin	0	0	0	0	0	0	0	0	0	0	0	0	0	0	0	0	0	0	0	0	0	0	0	0	0	0	0	0	0	0	0	0	0	0	0	0	0	0	0	0	0	0	0	0	0	0	0	0	0	0	0	0	0	0	0	0	0	0	0	0	0	0	0	0	0	0	1	0	0	0	0	0	0	0	0	0	0	0	0	0	0	0	0	0	0	0	0	0	0	0	0	0	0	0	0	0	0	0	0	0	1	0	0	0	0	0	0	0	0	0	0	0	0	0	0	0	0	1	,424	-,306374205463933	0	,380904469482239	0
277	1	2	EV37	3	nelarabine	0	0	0	0	1	0	0	0	0	0	0	0	0	0	0	0	0	0	0	0	0	0	0	0	0	0	0	0	0	0	0	0	0	0	0	0	0	0	0	0	0	0	0	0	0	0	0	0	0	0	0	0	0	0	0	0	0	0	0	0	0	0	0	0	0	0	0	0	0	0	0	0	0	0	0	0	0	0	0	0	0	0	0	0	0	0	0	0	0	0	0	0	0	0	0	0	0	0	0	0	1	0	0	0	0	0	0	0	0	0	0	0	0	0	0	0	0	1	,424	-,306374205463933	0	,384805884141354	0
175	1	2	EV37	3	acarbose	0	0	0	0	0	0	0	0	0	0	0	0	0	0	0	0	0	0	0	0	0	0	0	0	0	0	0	0	0	0	0	0	1	0	0	0	0	0	0	0	0	0	0	0	0	0	0	0	0	0	0	0	0	0	0	0	0	0	0	0	0	0	0	0	0	0	0	0	0	0	0	0	0	0	0	0	0	0	0	0	0	0	0	0	0	0	0	0	0	0	0	0	0	0	0	0	0	0	0	0	1	0	0	0	0	0	0	0	0	0	0	0	0	0	0	0	0	1	,424	-,306374205463933	0	,382946152425546	0
216	1	2	EV37	3	donepezil	0	0	0	0	0	0	0	0	0	0	0	0	0	0	0	0	0	0	0	0	0	0	0	0	0	0	0	0	0	0	0	0	1	0	0	0	0	0	0	0	0	0	0	0	0	0	0	0	0	0	0	0	0	0	0	0	0	0	0	0	0	0	0	0	0	0	0	0	0	0	0	0	0	0	0	0	0	0	0	0	0	0	0	0	0	0	0	0	0	0	0	0	0	0	0	0	0	0	0	0	1	0	0	0	0	0	0	0	0	0	0	0	0	0	0	0	0	1	,424	-,306374205463933	0	,385073396772863	0
268	1	2	EV37	3	mexiletine	0	0	0	0	0	0	0	0	0	0	0	0	0	0	0	0	0	0	0	0	0	0	0	0	0	0	0	0	0	0	0	0	1	0	0	0	0	0	0	0	0	0	0	0	0	0	0	0	0	0	0	0	0	0	0	0	0	0	0	0	0	0	0	0	0	0	0	0	0	0	0	0	0	0	0	0	0	0	0	0	0	0	0	0	0	0	0	0	0	0	0	0	0	0	0	0	0	0	0	0	1	0	0	0	0	0	0	0	0	0	0	0	0	0	0	0	0	1	,424	-,306374205463933	0	,38579844118165	0
274	1	2	EV37	3	milnacipran	0	0	0	0	0	0	0	0	0	0	0	0	0	0	0	0	0	0	0	0	0	0	0	0	0	0	0	0	0	0	0	0	1	0	0	0	0	0	0	0	0	0	0	0	0	0	0	0	0	0	0	0	0	0	0	0	0	0	0	0	0	0	0	0	0	0	0	0	0	0	0	0	0	0	0	0	0	0	0	0	0	0	0	0	0	0	0	0	0	0	0	0	0	0	0	0	0	0	0	0	1	0	0	0	0	0	0	0	0	0	0	0	0	0	0	0	0	1	,424	-,306374205463933	0	,384234560374353	0
282	1	2	EV37	3	orlistat	0	0	0	0	0	0	0	0	0	0	0	0	0	0	0	0	0	0	0	0	0	0	0	0	0	0	0	0	0	0	0	0	1	0	0	0	0	0	0	0	0	0	0	0	0	0	0	0	0	0	0	0	0	0	0	0	0	0	0	0	0	0	0	0	0	0	0	0	0	0	0	0	0	0	0	0	0	0	0	0	0	0	0	0	0	0	0	0	0	0	0	0	0	0	0	0	0	0	0	0	1	0	0	0	0	0	0	0	0	0	0	0	0	0	0	0	0	1	,424	-,306374205463933	0	,385430847137852	0
315	1	2	EV37	3	succimer	0	0	0	0	0	0	0	0	0	0	0	0	0	0	0	0	0	0	0	0	0	0	0	0	0	0	0	0	0	0	0	0	1	0	0	0	0	0	0	0	0	0	0	0	0	0	0	0	0	0	0	0	0	0	0	0	0	0	0	0	0	0	0	0	0	0	0	0	0	0	0	0	0	0	0	0	0	0	0	0	0	0	0	0	0	0	0	0	0	0	0	0	0	0	0	0	0	0	0	0	1	0	0	0	0	0	0	0	0	0	0	0	0	0	0	0	0	1	,424	-,306374205463933	0	,383656452240869	0
217	1	2	EV37	3	doxorubicin	0	0	0	0	0	0	0	0	0	0	0	0	0	0	0	0	0	0	0	0	0	0	0	0	0	0	0	0	0	0	0	0	0	0	0	0	0	0	0	0	0	0	0	0	0	0	0	0	0	0	0	0	0	0	0	0	0	0	0	0	0	0	0	0	0	0	2	0	0	0	0	0	0	0	0	0	0	0	0	0	0	0	0	0	0	0	0	0	0	0	0	0	0	0	0	0	0	0	0	0	2	0	0	0	0	0	0	0	0	0	0	0	0	0	0	0	0	1	,424	-,306374205463933	0	,393311466820475	0
213	1	2	EV37	3	desvenlafaxine	0	0	0	1	0	0	0	0	0	0	0	0	0	0	0	0	0	0	0	0	0	0	0	0	0	0	0	0	0	0	0	0	0	0	0	0	0	0	0	0	0	0	0	0	0	0	0	0	0	0	0	0	0	0	2	0	0	0	0	0	0	0	0	0	0	0	0	0	0	0	0	0	0	0	0	0	0	0	0	0	0	0	0	0	0	0	0	0	0	0	0	0	0	0	0	0	0	0	0	0	3	0	0	0	0	0	0	0	0	0	0	0	0	0	0	0	0	1	,37	-,532216813747308	0	,344525401051239	0
336	1	2	EV37	3	venlafaxine	1	0	0	3	0	1	0	0	0	0	0	0	0	0	0	0	0	0	0	0	1	0	0	0	0	0	0	0	0	0	0	0	0	0	0	0	0	0	0	0	2	0	0	0	0	0	0	0	1	0	0	0	0	0	0	0	0	0	0	0	0	0	0	1	0	0	2	0	0	0	0	2	0	0	0	1	0	0	0	0	0	0	0	0	0	0	0	0	0	0	0	0	0	0	0	0	0	0	0	0	5	0	0	0	0	0	0	0	0	0	0	0	0	0	0	0	0	1	,414	-,347453815751698	0	,404729704824807	0
187	1	2	EV37	3	atenolol	0	0	0	0	0	0	0	0	0	0	0	0	0	0	0	0	0	0	0	0	0	0	0	0	0	0	0	0	0	0	1	0	1	0	0	0	0	0	0	0	0	0	0	0	0	0	0	0	0	0	0	0	0	0	0	0	0	0	0	0	0	0	0	0	0	0	1	0	0	0	0	1	0	0	0	0	0	0	0	0	0	0	0	0	0	0	0	0	0	0	0	0	0	0	0	0	0	0	0	0	1	0	0	0	0	0	0	0	0	0	0	0	0	0	0	0	0	1	,425	-,302280871872933	0	,390300584598092	0
184	1	2	EV37	3	amphotericin b	0	0	0	0	0	0	0	0	0	0	0	0	0	0	0	0	0	0	0	0	0	0	0	0	0	0	0	0	0	0	1	0	1	0	0	0	0	0	0	0	0	0	0	0	0	0	0	0	0	0	0	0	0	0	0	0	0	0	0	0	0	0	0	0	0	0	2	0	0	0	0	1	0	0	0	0	0	0	0	0	0	0	0	0	0	0	0	0	0	0	0	0	0	0	0	0	0	0	0	0	2	0	0	0	0	0	0	0	0	0	0	0	0	0	0	0	0	1	,425	-,302280871872933	0	,391514436934412	0
242	1	2	EV37	3	gabapentin	0	0	0	0	0	0	0	0	0	0	0	0	0	0	0	0	0	0	0	0	0	0	0	0	0	0	0	0	0	0	0	0	2	0	0	0	0	0	0	0	0	0	0	0	0	0	0	0	0	0	0	0	0	0	0	0	0	0	0	0	0	0	0	0	0	0	0	0	0	0	0	0	0	0	0	0	0	0	0	0	0	0	0	0	0	0	0	0	0	0	0	0	0	0	0	0	0	0	0	0	2	0	0	0	0	0	0	0	0	0	0	0	0	0	0	0	0	1	,424	-,306374205463933	0	,386018833752539	0
293	1	2	EV37	3	pregabalin	0	0	0	1	0	0	0	0	0	0	0	0	0	0	0	0	0	0	0	0	0	0	0	0	0	0	0	0	0	0	0	0	1	0	0	0	0	0	0	0	0	0	0	0	0	0	0	0	0	0	0	0	0	0	0	0	0	0	0	0	0	0	0	0	0	0	1	0	0	0	0	0	0	0	0	0	0	0	0	0	0	0	0	0	0	0	0	0	0	0	0	0	0	0	0	0	0	0	0	0	2	0	0	0	0	0	0	0	0	0	0	0	0	0	0	0	0	1	,426	-,298190050050196	0	,395210704738965	0
306	1	2	EV37	3	ropinirole	0	0	0	1	0	0	0	0	0	0	0	0	0	0	0	0	0	0	0	0	0	0	0	0	0	0	0	0	0	0	0	0	1	0	0	0	0	0	0	0	0	0	0	0	0	0	0	0	0	0	0	0	0	0	0	0	0	0	0	0	0	0	0	0	0	0	1	0	0	0	0	0	0	0	0	0	0	0	0	0	0	0	0	0	0	0	0	0	0	0	0	0	0	0	0	0	0	0	0	0	2	0	0	0	0	0	0	0	0	0	0	0	0	0	0	0	0	1	,426	-,298190050050196	0	,391580750757657	0
266	1	2	EV37	3	metformin	0	0	0	0	0	0	0	0	0	0	0	0	0	0	0	0	0	0	0	0	0	0	0	0	0	0	0	0	0	0	0	0	4	0	0	0	0	0	0	0	0	0	0	0	0	0	0	0	0	0	0	0	0	0	0	0	0	0	0	0	0	0	0	0	0	0	0	0	0	0	0	0	0	0	0	0	0	0	0	0	0	0	0	0	0	0	0	0	0	0	0	0	0	0	0	0	0	0	0	0	3	0	0	0	1	0	0	0	0	0	0	0	0	0	0	0	0	1	,424	-,306374205463933	0	,392933996428421	0
209	1	2	EV37	3	daptomycin	0	0	0	0	2	4	0	0	0	0	0	1	1	0	0	0	0	0	0	0	0	0	0	0	0	0	0	0	0	1	3	0	1	0	0	1	0	0	0	0	2	0	0	0	0	0	0	0	1	0	0	0	0	0	0	0	0	0	0	0	0	0	1	1	0	0	2	0	0	0	0	2	0	0	0	2	0	0	0	0	0	0	0	0	0	0	0	0	0	0	0	0	0	0	0	0	0	0	0	0	6	0	0	0	1	0	0	0	0	0	0	0	0	0	0	0	0	1	,447	-,212799406908766	0	,408547937713383	0
339	1	2	EV37	3	vitamin a	8	4	0	0	3	12	1	0	0	0	1	2	1	1	0	2	0	0	1	1	5	0	0	0	1	0	0	0	3	7	12	0	0	5	0	5	0	0	1	0	3	0	0	0	0	0	1	0	3	0	0	0	0	0	0	0	0	0	0	0	2	6	1	9	0	0	7	0	0	0	0	2	0	0	0	3	0	0	0	0	0	0	0	0	0	0	0	0	0	0	0	0	0	0	0	0	0	0	0	1	24	0	0	0	3	0	0	0	0	0	0	0	0	0	0	0	0	1	,314	-,781484641817632	0	,11201511796579	0
338	1	2	EV37	3	vincristine	4	1	0	1	4	3	0	0	0	0	0	2	2	1	0	0	0	0	0	1	0	0	0	0	0	2	0	0	3	0	3	0	3	3	0	2	0	0	0	0	2	0	0	0	0	0	0	1	0	0	0	0	0	0	1	0	0	0	0	0	0	1	0	0	0	0	7	0	0	0	0	2	0	0	0	3	0	0	0	0	0	0	0	0	0	0	0	0	0	0	0	0	0	0	0	0	0	0	0	1	13	0	0	0	3	0	0	0	0	0	0	0	0	0	0	0	0	1	,299	-,852064313643903	0	,249708682250489	0
295	1	2	EV37	3	propoxyphene	1	0	0	0	1	2	0	0	0	0	0	0	1	0	0	0	0	0	0	0	0	0	0	0	0	0	0	0	1	1	2	0	0	0	0	0	0	0	0	0	2	0	0	0	0	0	0	0	0	0	0	0	0	0	0	0	0	0	0	0	0	0	0	3	0	0	1	0	0	0	0	2	0	0	0	0	0	0	0	0	0	0	0	0	0	0	0	0	0	0	0	0	0	0	0	0	0	0	0	0	7	0	0	0	0	0	0	0	0	0	0	0	0	0	0	0	0	1	,482	-,0720311282088828	0	,443308015868857	0
265	1	2	EV37	3	memantine	2	1	0	2	2	2	0	0	0	0	0	1	1	0	0	0	0	0	0	0	0	0	0	0	0	0	0	0	0	0	3	0	2	0	0	0	0	0	0	0	2	0	0	0	0	0	0	0	0	0	0	0	0	0	0	0	0	0	0	0	0	0	0	0	0	0	2	0	0	0	0	2	0	0	0	1	0	0	0	0	0	0	0	0	0	0	0	0	0	0	0	0	0	0	0	0	0	0	0	0	7	0	0	0	1	0	0	0	0	0	0	0	0	0	0	0	0	1	,469	-,12415925279566	0	,435608271501204	0
294	1	2	EV37	3	propafenone	0	0	0	3	2	3	0	0	0	0	0	3	1	0	0	0	0	0	0	1	0	0	0	0	0	0	0	0	0	0	1	0	0	0	0	0	0	0	0	0	2	0	0	0	0	0	0	0	0	0	0	0	0	1	0	0	0	0	0	0	0	2	0	0	0	0	7	0	0	0	0	2	0	0	0	1	0	0	0	0	0	0	0	0	0	0	0	0	0	0	0	0	0	0	0	0	0	0	0	1	17	0	0	0	4	0	0	0	0	0	0	0	0	0	0	0	0	1	,366	-,54941562103586	0	,473769685440707	0
267	1	2	EV37	3	metoprolol	4	1	0	2	2	5	0	0	0	0	0	1	2	0	0	1	0	0	0	1	4	0	1	0	0	0	0	0	3	8	10	0	4	0	0	4	0	0	2	0	2	0	0	0	0	0	0	0	0	0	0	0	0	0	0	0	0	0	0	0	0	0	0	5	0	0	8	0	0	0	0	2	0	0	0	2	0	0	0	0	0	0	0	0	0	0	0	0	0	0	0	0	0	0	0	0	0	0	0	1	25	0	0	0	5	0	0	0	0	0	0	0	0	0	0	0	0	1	,189	-1,45652103905577	0	,297709534519429	0
321	1	2	EV37	3	terbutaline	3	1	0	0	1	3	0	0	0	0	0	0	2	0	0	0	0	0	0	2	1	0	0	0	0	0	0	0	3	2	7	1	0	0	0	2	0	0	1	0	4	0	0	0	0	0	0	0	0	0	0	0	0	0	0	0	0	0	0	0	0	0	0	2	0	0	1	0	0	0	0	2	0	0	0	3	0	0	0	0	0	0	0	0	0	0	0	0	0	0	0	0	0	0	0	0	0	0	0	0	13	0	0	0	4	0	0	0	0	0	0	0	0	0	0	0	0	1	,523	,0920649731765818	0	,381912049916544	0
337	1	2	EV37	3	verapamil	9	3	0	1	3	9	0	0	0	0	1	4	3	0	0	0	0	0	2	2	3	0	0	0	0	1	0	0	1	16	16	0	1	1	0	5	0	0	3	0	4	1	0	0	0	0	0	0	2	0	0	0	0	0	0	0	0	0	0	0	0	1	1	6	0	0	10	0	0	0	0	2	0	0	0	3	0	0	0	0	0	0	0	0	0	0	0	0	0	0	0	0	0	0	0	0	0	0	0	1	36	0	0	0	8	0	0	0	0	0	0	0	0	0	0	0	0	1	,355	-,597132527320357	0	,406419743214328	0
511	1	3	EV37	3	vitamin a	5	5	0	0	3	11	0	0	0	0	1	1	0	1	0	2	0	0	0	2	7	0	0	0	1	0	0	0	2	11	18	1	2	4	0	3	0	0	1	0	2	0	0	0	1	0	1	0	2	0	0	0	0	0	0	0	0	0	0	0	3	4	1	9	0	0	5	0	0	0	0	2	0	1	0	0	0	0	0	0	0	0	0	0	0	0	0	0	0	0	0	0	0	0	0	0	0	0	0	1	25	1	0	0	3	0	0	1	0	0	0	0	0	0	0	2	0	1	,116	-2,03086687153128	0	,126146185432033	0
385	1	3	EV37	3	desvenlafaxine	0	0	0	1	0	0	0	0	0	0	0	0	0	0	0	0	0	0	0	0	0	0	0	0	0	0	0	0	0	0	0	0	0	0	0	0	0	0	0	0	0	0	0	0	0	0	0	0	0	0	0	0	0	0	3	0	0	0	0	0	0	0	0	0	0	0	0	0	0	0	0	0	0	0	0	0	0	0	0	0	0	0	0	0	0	0	0	0	0	0	0	0	0	0	0	0	0	0	0	1	4	0	0	0	1	0	0	1	0	0	0	0	0	0	0	0	0	1	,231	-1,20267325898385	0	,375582157359666	0
431	1	3	EV37	3	leuprolide	0	0	0	1	0	1	0	0	0	0	0	0	0	0	0	0	0	0	0	0	0	0	0	0	0	0	0	0	1	1	0	0	3	1	0	1	0	0	0	0	0	0	0	0	0	0	0	0	0	0	0	0	0	0	0	0	0	0	0	0	0	0	0	0	0	0	2	0	0	0	0	2	0	0	0	0	0	0	0	0	0	0	0	0	0	0	0	0	0	0	0	0	0	0	0	0	0	0	0	1	5	0	0	0	1	0	0	1	0	0	0	0	0	0	0	0	0	1	,278	-,954404025202189	0	,376773628739406	0
350	1	3	EV37	3	alendronate	0	0	0	0	0	0	0	0	0	0	0	0	0	0	0	0	0	0	0	0	0	0	0	0	0	0	0	0	0	0	0	0	0	0	0	0	0	0	0	0	0	0	0	0	0	0	0	0	0	0	0	0	0	0	0	0	0	0	0	0	0	0	0	0	0	0	0	0	0	0	0	0	0	0	0	0	0	0	0	0	0	0	0	0	0	0	0	0	0	0	0	0	0	0	0	0	0	0	0	0	0	0	0	0	0	0	0	0	0	0	0	0	0	0	0	0	0	1	,424	-,306374205463933	0	,41651029258756	0
360	1	3	EV37	3	atomoxetine	0	0	0	0	0	0	0	0	0	0	0	0	0	0	0	0	0	0	0	0	0	0	0	0	0	0	0	0	0	0	0	0	0	0	0	0	0	0	0	0	0	0	0	0	0	0	0	0	0	0	0	0	0	0	0	0	0	0	0	0	0	0	0	0	0	0	0	0	0	0	0	0	0	0	0	0	0	0	0	0	0	0	0	0	0	0	0	0	0	0	0	0	0	0	0	0	0	0	0	0	0	0	0	0	0	0	0	0	0	0	0	0	0	0	0	0	0	1	,424	-,306374205463933	0	,415390968954865	0
380	1	3	EV37	3	danazol	0	0	0	0	0	0	0	0	0	0	0	0	0	0	0	0	0	0	0	0	0	0	0	0	0	0	0	0	0	0	0	0	0	0	0	0	0	0	0	0	0	0	0	0	0	0	0	0	0	0	0	0	0	0	0	0	0	0	0	0	0	0	0	0	0	0	0	0	0	0	0	0	0	0	0	0	0	0	0	0	0	0	0	0	0	0	0	0	0	0	0	0	0	0	0	0	0	0	0	0	0	0	0	0	0	0	0	0	0	0	0	0	0	0	0	0	0	1	,424	-,306374205463933	0	,420484288278623	0
397	1	3	EV37	3	estradiol	0	0	0	0	0	0	0	0	0	0	0	0	0	0	0	0	0	0	0	0	0	0	0	0	0	0	0	0	0	0	0	0	0	0	0	0	0	0	0	0	0	0	0	0	0	0	0	0	0	0	0	0	0	0	0	0	0	0	0	0	0	0	0	0	0	0	0	0	0	0	0	0	0	0	0	0	0	0	0	0	0	0	0	0	0	0	0	0	0	0	0	0	0	0	0	0	0	0	0	0	0	0	0	0	0	0	0	0	0	0	0	0	0	0	0	0	0	1	,424	-,306374205463933	0	,418737444710362	0
434	1	3	EV37	3	levothyroxine	0	0	0	0	0	0	0	0	0	0	0	0	0	0	0	0	0	0	0	0	0	0	0	0	0	0	0	0	0	0	0	0	0	0	0	0	0	0	0	0	0	0	0	0	0	0	0	0	0	0	0	0	0	0	0	0	0	0	0	0	0	0	0	0	0	0	0	0	0	0	0	0	0	0	0	0	0	0	0	0	0	0	0	0	0	0	0	0	0	0	0	0	0	0	0	0	0	0	0	0	0	0	0	0	0	0	0	0	0	0	0	0	0	0	0	0	0	1	,424	-,306374205463933	0	,421508863478588	0
459	1	3	EV37	3	penicillamine	0	0	0	0	0	0	0	0	0	0	0	0	0	0	0	0	0	0	0	0	0	0	0	0	0	0	0	0	0	0	0	0	0	0	0	0	0	0	0	0	0	0	0	0	0	0	0	0	0	0	0	0	0	0	0	0	0	0	0	0	0	0	0	0	0	0	0	0	0	0	0	0	0	0	0	0	0	0	0	0	0	0	0	0	0	0	0	0	0	0	0	0	0	0	0	0	0	0	0	0	0	0	0	0	0	0	0	0	0	0	0	0	0	0	0	0	0	1	,424	-,306374205463933	0	,415777968342799	0
504	1	3	EV37	3	triptorelin pamoate	0	0	0	0	0	0	0	0	0	0	0	0	0	0	0	0	0	0	0	0	0	0	0	0	0	0	0	0	0	0	0	0	0	0	0	0	0	0	0	0	0	0	0	0	0	0	0	0	0	0	0	0	0	0	0	0	0	0	0	0	0	0	0	0	0	0	0	0	0	0	0	0	0	0	0	0	0	0	0	0	0	0	0	0	0	0	0	0	0	0	0	0	0	0	0	0	0	0	0	0	0	0	0	0	0	0	0	0	0	0	0	0	0	0	0	0	0	1	,424	-,306374205463933	0	,417103518590165	0
508	1	3	EV37	3	venlafaxine	0	0	0	4	2	2	0	0	0	0	0	0	0	0	0	0	0	0	0	0	1	0	0	0	0	0	0	0	0	1	2	0	0	0	0	1	0	0	0	0	2	0	0	0	0	0	0	0	1	0	0	0	0	0	0	0	0	0	0	0	0	0	0	2	0	0	3	0	0	0	0	2	0	1	0	0	0	0	0	0	0	0	0	0	0	0	0	0	0	0	0	0	0	0	0	0	0	0	0	1	8	1	0	0	1	0	0	1	0	0	0	0	0	0	0	1	0	1	,302	-,837792085387503	0	,437590443008007	0
351	1	3	EV37	3	alfuzosin	0	0	0	0	0	0	0	0	0	0	0	0	0	0	0	0	0	0	0	0	0	0	0	0	0	0	0	0	0	0	0	0	0	0	0	0	0	0	0	0	0	0	0	0	0	0	0	0	0	0	0	0	0	0	0	0	0	0	0	0	0	0	0	0	0	0	1	0	0	0	0	0	0	0	0	0	0	0	0	0	0	0	0	0	0	0	0	0	0	0	0	0	0	0	0	0	0	0	0	0	1	0	0	0	0	0	0	0	0	0	0	0	0	0	0	0	0	1	,424	-,306374205463933	0	,413173458540582	0
449	1	3	EV37	3	nelarabine	0	0	0	0	1	0	0	0	0	0	0	0	0	0	0	0	0	0	0	0	0	0	0	0	0	0	0	0	0	0	0	0	0	0	0	0	0	0	0	0	0	0	0	0	0	0	0	0	0	0	0	0	0	0	0	0	0	0	0	0	0	0	0	0	0	0	0	0	0	0	0	0	0	0	0	0	0	0	0	0	0	0	0	0	0	0	0	0	0	0	0	0	0	0	0	0	0	0	0	0	1	0	0	0	0	0	0	0	0	0	0	0	0	0	0	0	0	1	,424	-,306374205463933	0	,417182667977036	0
347	1	3	EV37	3	acarbose	0	0	0	0	0	0	0	0	0	0	0	0	0	0	0	0	0	0	0	0	0	0	0	0	0	0	0	0	0	0	0	0	1	0	0	0	0	0	0	0	0	0	0	0	0	0	0	0	0	0	0	0	0	0	0	0	0	0	0	0	0	0	0	0	0	0	0	0	0	0	0	0	0	0	0	0	0	0	0	0	0	0	0	0	0	0	0	0	0	0	0	0	0	0	0	0	0	0	0	0	1	0	0	0	0	0	0	0	0	0	0	0	0	0	0	0	0	1	,424	-,306374205463933	0	,415272086282206	0
388	1	3	EV37	3	donepezil	0	0	0	0	0	0	0	0	0	0	0	0	0	0	0	0	0	0	0	0	0	0	0	0	0	0	0	0	0	0	0	0	1	0	0	0	0	0	0	0	0	0	0	0	0	0	0	0	0	0	0	0	0	0	0	0	0	0	0	0	0	0	0	0	0	0	0	0	0	0	0	0	0	0	0	0	0	0	0	0	0	0	0	0	0	0	0	0	0	0	0	0	0	0	0	0	0	0	0	0	1	0	0	0	0	0	0	0	0	0	0	0	0	0	0	0	0	1	,424	-,306374205463933	0	,417457415156595	0
440	1	3	EV37	3	mexiletine	0	0	0	0	0	0	0	0	0	0	0	0	0	0	0	0	0	0	0	0	0	0	0	0	0	0	0	0	0	0	0	0	1	0	0	0	0	0	0	0	0	0	0	0	0	0	0	0	0	0	0	0	0	0	0	0	0	0	0	0	0	0	0	0	0	0	0	0	0	0	0	0	0	0	0	0	0	0	0	0	0	0	0	0	0	0	0	0	0	0	0	0	0	0	0	0	0	0	0	0	1	0	0	0	0	0	0	0	0	0	0	0	0	0	0	0	0	1	,424	-,306374205463933	0	,41820196642234	0
446	1	3	EV37	3	milnacipran	0	0	0	0	0	0	0	0	0	0	0	0	0	0	0	0	0	0	0	0	0	0	0	0	0	0	0	0	0	0	0	0	1	0	0	0	0	0	0	0	0	0	0	0	0	0	0	0	0	0	0	0	0	0	0	0	0	0	0	0	0	0	0	0	0	0	0	0	0	0	0	0	0	0	0	0	0	0	0	0	0	0	0	0	0	0	0	0	0	0	0	0	0	0	0	0	0	0	0	0	1	0	0	0	0	0	0	0	0	0	0	0	0	0	0	0	0	1	,424	-,306374205463933	0	,416595826142998	0
454	1	3	EV37	3	orlistat	0	0	0	0	0	0	0	0	0	0	0	0	0	0	0	0	0	0	0	0	0	0	0	0	0	0	0	0	0	0	0	0	1	0	0	0	0	0	0	0	0	0	0	0	0	0	0	0	0	0	0	0	0	0	0	0	0	0	0	0	0	0	0	0	0	0	0	0	0	0	0	0	0	0	0	0	0	0	0	0	0	0	0	0	0	0	0	0	0	0	0	0	0	0	0	0	0	0	0	0	1	0	0	0	0	0	0	0	0	0	0	0	0	0	0	0	0	1	,424	-,306374205463933	0	,417824500948034	0
487	1	3	EV37	3	succimer	0	0	0	0	0	0	0	0	0	0	0	0	0	0	0	0	0	0	0	0	0	0	0	0	0	0	0	0	0	0	0	0	1	0	0	0	0	0	0	0	0	0	0	0	0	0	0	0	0	0	0	0	0	0	0	0	0	0	0	0	0	0	0	0	0	0	0	0	0	0	0	0	0	0	0	0	0	0	0	0	0	0	0	0	0	0	0	0	0	0	0	0	0	0	0	0	0	0	0	0	1	0	0	0	0	0	0	0	0	0	0	0	0	0	0	0	0	1	,424	-,306374205463933	0	,416001922304288	0
389	1	3	EV37	3	doxorubicin	0	0	0	0	0	0	0	0	0	0	0	0	0	0	0	0	0	0	0	0	0	0	0	0	0	1	0	0	0	0	0	0	2	0	0	0	0	0	0	0	0	0	0	0	0	0	0	0	0	0	0	0	0	0	0	0	0	0	0	0	0	0	0	0	0	0	0	0	0	0	0	0	0	0	0	0	0	0	0	0	0	0	0	0	0	0	0	0	0	0	0	0	0	0	0	0	0	0	0	0	2	0	0	0	0	0	0	0	0	0	0	0	0	0	0	0	0	1	,424	-,306374205463933	0	,42590844271026	0
359	1	3	EV37	3	atenolol	0	0	0	0	0	0	0	0	0	0	0	0	0	0	0	0	0	0	0	0	0	0	0	0	0	0	0	0	0	0	1	0	1	0	0	0	0	0	0	0	0	0	0	0	0	0	0	0	0	0	0	0	0	0	0	0	0	0	0	0	0	0	0	0	0	0	1	0	0	0	0	1	0	0	0	0	0	0	0	0	0	0	0	0	0	0	0	0	0	0	0	0	0	0	0	0	0	0	0	0	1	0	0	0	0	0	0	0	0	0	0	0	0	0	0	0	0	1	,425	-,302280871872933	0	,42282193441894	0
453	1	3	EV37	3	octreotide	5	2	0	1	2	1	0	0	0	0	0	1	1	0	1	1	0	0	1	0	0	0	1	0	0	1	0	0	1	5	3	0	2	1	0	3	0	0	1	0	3	0	0	0	0	0	0	0	0	0	0	0	0	0	0	0	0	0	0	0	0	4	1	3	0	0	7	0	0	0	0	3	0	0	0	0	0	0	0	0	0	0	0	0	0	0	0	0	0	0	0	0	0	0	0	0	0	0	0	1	18	0	0	0	1	0	0	1	0	0	0	0	0	0	0	0	0	1	,119	-2,00193413282465	0	,144172619044077	0
414	1	3	EV37	3	gabapentin	0	0	0	0	0	0	0	0	0	0	0	0	0	0	0	0	0	0	0	0	0	0	0	0	0	0	0	0	0	0	0	0	2	0	0	0	0	0	0	0	0	0	0	0	0	0	0	0	0	0	0	0	0	0	0	0	0	0	0	0	0	0	0	0	0	0	0	0	0	0	0	0	0	0	0	0	0	0	0	0	0	0	0	0	0	0	0	0	0	0	0	0	0	0	0	0	0	0	0	0	2	0	0	0	0	0	0	0	0	0	0	0	0	0	0	0	0	1	,424	-,306374205463933	0	,418428259255124	0
356	1	3	EV37	3	amphotericin b	0	0	0	0	0	0	0	0	0	0	0	0	0	0	0	0	0	0	0	0	0	0	0	0	0	0	0	0	0	0	1	0	2	0	0	0	0	0	0	0	0	0	0	0	0	0	0	0	0	0	0	0	0	0	0	0	0	0	0	0	0	0	0	0	0	0	1	0	0	0	0	1	0	0	0	0	0	0	0	0	0	0	0	0	0	0	0	0	0	0	0	0	0	0	0	0	0	0	0	0	2	0	0	0	0	0	0	0	0	0	0	0	0	0	0	0	0	1	,425	-,302280871872933	0	,42406658133179	0
438	1	3	EV37	3	metformin	0	0	0	0	0	0	0	0	0	0	0	0	0	0	0	0	0	0	0	0	0	0	0	0	0	0	0	0	0	0	0	0	4	0	0	0	0	0	0	0	0	0	0	0	0	0	0	0	0	0	0	0	0	0	0	0	0	0	0	0	0	0	0	0	0	0	0	0	0	0	0	0	0	0	0	0	0	0	0	0	0	0	0	0	0	0	0	0	0	0	0	0	0	0	0	0	0	0	0	0	4	0	0	0	0	0	0	0	0	0	0	0	0	0	0	0	0	1	,424	-,306374205463933	0	,425521630386923	0
439	1	3	EV37	3	metoprolol	3	2	0	2	1	2	0	0	0	0	0	1	1	0	0	1	0	0	0	0	2	0	1	0	0	0	0	0	2	3	7	0	5	0	0	2	0	0	1	0	3	0	0	0	0	0	0	0	0	0	0	0	0	0	0	0	0	0	0	0	0	0	0	2	0	0	4	0	0	0	0	2	0	0	0	0	0	0	0	0	0	0	0	0	0	0	0	0	0	0	0	0	0	0	0	0	0	0	0	1	15	0	0	0	2	0	0	1	0	0	0	0	0	0	0	1	0	1	,16	-1,65822807660353	0	,326649210243183	0
478	1	3	EV37	3	ropinirole	0	0	0	2	0	0	0	0	0	0	0	0	0	0	0	0	0	0	0	0	0	0	0	0	0	0	0	0	0	0	0	0	1	0	0	0	0	0	0	0	0	0	0	0	0	0	0	0	0	0	0	0	0	0	0	0	0	0	0	0	0	0	0	0	0	0	1	0	0	0	0	0	0	0	0	0	0	0	0	0	0	0	0	0	0	0	0	0	0	0	0	0	0	0	0	0	0	0	0	0	3	0	0	0	0	0	0	0	0	0	0	0	0	0	0	0	0	1	,428	-,290015795798001	0	,424134565595887	0
465	1	3	EV37	3	pregabalin	0	0	0	2	0	0	0	0	0	0	0	0	0	0	0	0	0	0	0	0	0	0	0	0	0	0	0	0	0	0	0	0	2	0	0	0	0	0	0	0	0	0	0	0	0	0	0	0	0	0	0	0	0	0	0	0	0	0	0	0	0	0	0	0	0	0	1	0	0	0	0	1	0	1	0	0	0	0	0	0	0	0	0	0	0	0	0	0	0	0	0	0	0	0	0	0	0	0	0	0	2	1	0	0	0	0	0	0	0	0	0	0	0	0	0	0	0	1	,434	-,265549544102778	0	,42785407929339	0
381	1	3	EV37	3	daptomycin	1	0	0	0	0	5	0	0	0	0	0	0	2	0	0	0	0	0	0	0	0	0	0	0	0	1	0	0	2	1	2	0	2	1	0	0	0	0	0	0	1	0	0	0	0	0	1	0	1	0	0	0	0	0	0	0	0	0	0	0	0	1	1	1	0	0	3	0	0	0	0	2	0	0	0	0	0	0	0	0	0	0	0	0	0	0	0	0	0	0	0	0	0	0	0	0	0	0	0	0	7	0	0	0	0	0	0	0	0	0	0	0	0	0	0	1	0	1	,449	-,20471192141066	0	,441488763375085	0
510	1	3	EV37	3	vincristine	4	2	0	2	3	7	0	0	0	0	0	1	0	0	0	0	0	0	0	0	2	0	0	0	0	0	0	0	3	1	6	0	0	2	0	2	0	0	0	0	3	0	0	0	0	0	0	1	0	0	0	0	0	0	0	0	0	1	0	0	1	0	1	2	0	0	2	0	0	0	0	2	0	0	0	0	0	0	0	0	0	0	0	0	0	0	0	0	0	0	0	0	0	0	0	0	0	0	0	1	14	0	0	0	3	0	0	1	0	0	0	0	0	0	0	0	0	1	,204	-1,36147919200017	0	,275814831226473	0
507	1	3	EV37	3	valproic acid	4	0	0	0	2	7	0	0	0	0	0	1	0	0	0	0	0	0	0	1	1	0	0	0	0	0	0	0	1	8	12	0	1	2	0	1	0	0	0	0	2	0	0	0	0	0	0	0	0	0	0	0	0	0	1	0	0	2	0	0	1	1	0	13	0	0	2	0	0	0	0	2	0	0	0	0	0	0	0	0	0	0	0	0	0	0	0	0	0	0	0	0	0	0	0	0	0	0	0	1	16	0	0	0	2	0	0	1	0	0	0	0	0	0	0	1	0	1	,224	-1,24250646832818	0	,138244880645438	0
437	1	3	EV37	3	memantine	2	1	0	2	3	2	0	0	0	0	0	1	1	0	0	0	0	0	0	0	0	0	0	0	0	0	0	0	1	0	2	0	2	0	0	0	0	0	0	0	2	0	0	0	0	0	0	0	0	0	0	0	0	0	0	0	0	0	0	0	0	0	0	0	0	0	3	0	0	0	0	2	0	0	0	0	0	0	0	0	0	0	0	0	0	0	0	0	0	0	0	0	0	0	0	0	0	0	0	0	8	0	0	0	0	0	0	0	0	0	0	0	0	0	0	0	0	1	,475	-,100083458556983	0	,469000816067422	0
467	1	3	EV37	3	propoxyphene	1	0	0	0	0	2	0	0	0	0	0	0	1	0	0	0	0	0	0	0	0	0	0	0	0	0	0	0	0	1	2	0	0	0	0	0	0	0	0	0	3	0	0	0	0	0	0	0	0	0	0	0	0	0	0	0	0	0	0	0	2	0	0	4	0	0	1	0	0	0	0	2	0	0	0	0	0	0	0	0	0	0	0	0	0	0	0	0	0	0	0	0	0	0	0	0	0	0	0	0	8	0	0	0	0	0	0	0	0	0	0	0	0	0	0	1	0	1	,512	,0480092191863607	0	,476792172140883	0
466	1	3	EV37	3	propafenone	0	0	0	0	1	0	0	0	0	0	0	2	1	0	0	0	0	0	0	0	0	0	0	0	0	0	0	0	4	1	1	0	0	0	0	0	0	0	0	0	2	0	0	0	0	0	0	0	0	0	0	0	0	0	0	0	0	0	0	0	1	0	0	0	0	0	2	0	0	0	0	2	0	0	0	0	0	0	0	0	0	0	0	0	0	0	0	0	0	0	0	0	0	0	0	0	0	0	0	0	9	0	0	0	1	0	0	0	0	0	0	0	0	0	0	0	0	1	,553	,212799406908766	0	,507457331859881	0
355	1	3	EV37	3	amphetamine	3	0	0	0	0	8	0	0	0	0	0	1	0	0	1	0	0	0	0	0	5	0	0	0	1	0	0	0	1	7	11	0	1	1	0	6	0	0	2	0	2	1	0	0	0	0	0	0	1	0	0	0	1	0	0	0	0	0	0	0	1	0	1	11	0	0	1	0	0	0	0	2	0	0	0	0	0	0	0	0	0	0	0	0	0	0	0	0	0	0	0	0	0	0	0	0	0	0	0	1	15	0	0	0	1	0	0	1	0	0	0	0	0	0	0	1	0	1	,427	-,294101703486115	0	,278290381436476	0
493	1	3	EV37	3	terbutaline	2	2	0	0	0	5	0	1	0	0	0	1	1	0	0	1	0	0	0	1	0	0	0	0	1	0	0	0	1	2	4	1	1	0	0	3	0	0	1	0	2	0	0	0	0	0	0	0	0	0	0	0	0	0	0	0	0	0	0	0	0	0	0	4	0	0	1	0	0	0	0	2	0	0	0	0	0	0	0	0	0	0	0	0	0	0	0	0	0	0	0	0	0	0	0	0	0	0	0	1	13	0	0	0	1	0	0	1	0	0	0	0	0	0	0	1	0	1	,43	-,281851152140988	0	,4142092880443	0
509	1	3	EV37	3	verapamil	8	0	0	1	2	12	0	0	0	0	2	2	0	0	0	2	0	0	0	2	5	0	0	0	1	2	0	0	1	11	16	1	0	0	0	4	0	0	2	0	2	0	0	0	0	0	0	0	1	0	0	0	1	0	0	0	0	0	0	0	0	4	1	12	0	0	4	0	0	0	0	3	0	0	0	0	0	0	0	0	0	0	0	0	0	0	0	0	0	0	0	0	0	0	0	0	0	0	0	1	25	0	0	0	3	0	0	1	0	0	0	0	0	0	0	1	0	1	,588	,3557035985491	0	,439316430722036	0
683	1	4	EV37	3	vitamin a	7	4	0	0	4	7	0	0	0	0	0	0	0	1	1	2	0	0	0	1	4	1	0	0	2	0	0	0	0	8	19	1	2	7	0	6	0	0	2	0	7	0	0	0	1	0	3	0	3	0	0	0	0	0	0	0	0	0	0	0	2	6	1	9	0	0	6	0	1	0	0	8	0	0	0	0	1	0	0	0	0	0	0	0	0	0	0	0	0	0	0	0	0	0	0	0	0	0	0	0	33	0	0	0	3	0	0	0	0	0	0	0	0	0	0	1	0	1	,02	-3,89182029811063	0	,128991262602903	0
625	1	4	EV37	3	octreotide	6	1	0	1	2	3	0	0	0	0	0	1	0	0	0	1	0	0	0	0	1	0	1	0	0	2	0	0	1	5	10	1	4	5	0	4	0	0	1	0	4	0	0	0	0	0	1	0	0	0	0	0	0	0	1	0	0	0	0	0	0	4	0	4	0	0	8	1	1	0	0	3	0	0	0	0	0	0	0	0	0	0	0	0	0	0	0	0	0	0	0	0	0	0	0	0	0	0	0	0	26	0	0	0	4	0	0	0	0	0	0	0	0	0	0	1	0	1	,11	-2,09074109693377	0	,147355703021102	0
519	1	4	EV37	3	acarbose	0	0	0	0	0	0	0	0	0	0	0	0	0	0	0	0	0	0	0	0	0	0	0	0	0	0	0	0	0	0	0	0	0	0	0	0	0	0	0	0	0	0	0	0	0	0	0	0	0	0	0	0	0	0	0	0	0	0	0	0	0	0	0	0	0	0	0	0	0	0	0	0	0	0	0	0	0	0	0	0	0	0	0	0	0	0	0	0	0	0	0	0	0	0	0	0	0	0	0	0	0	0	0	0	0	0	0	0	0	0	0	0	0	0	0	0	0	1	,424	-,306374205463933	0	,421492781717977	0
523	1	4	EV37	3	alfuzosin	0	0	0	0	0	0	0	0	0	0	0	0	0	0	0	0	0	0	0	0	0	0	0	0	0	0	0	0	0	0	0	0	0	0	0	0	0	0	0	0	0	0	0	0	0	0	0	0	0	0	0	0	0	0	0	0	0	0	0	0	0	0	0	0	0	0	0	0	0	0	0	0	0	0	0	0	0	0	0	0	0	0	0	0	0	0	0	0	0	0	0	0	0	0	0	0	0	0	0	0	0	0	0	0	0	0	0	0	0	0	0	0	0	0	0	0	0	1	,424	-,306374205463933	0	,41938526457175	0
532	1	4	EV37	3	atomoxetine	0	0	0	0	0	0	0	0	0	0	0	0	0	0	0	0	0	0	0	0	0	0	0	0	0	0	0	0	0	0	0	0	0	0	0	0	0	0	0	0	0	0	0	0	0	0	0	0	0	0	0	0	0	0	0	0	0	0	0	0	0	0	0	0	0	0	0	0	0	0	0	0	0	0	0	0	0	0	0	0	0	0	0	0	0	0	0	0	0	0	0	0	0	0	0	0	0	0	0	0	0	0	0	0	0	0	0	0	0	0	0	0	0	0	0	0	0	1	,424	-,306374205463933	0	,421612161173762	0
552	1	4	EV37	3	danazol	0	0	0	0	0	0	0	0	0	0	0	0	0	0	0	0	0	0	0	0	0	0	0	0	0	0	0	0	0	0	0	0	0	0	0	0	0	0	0	0	0	0	0	0	0	0	0	0	0	0	0	0	0	0	0	0	0	0	0	0	0	0	0	0	0	0	0	0	0	0	0	0	0	0	0	0	0	0	0	0	0	0	0	0	0	0	0	0	0	0	0	0	0	0	0	0	0	0	0	0	0	0	0	0	0	0	0	0	0	0	0	0	0	0	0	0	0	1	,424	-,306374205463933	0	,426726081444583	0
569	1	4	EV37	3	estradiol	0	0	0	0	0	0	0	0	0	0	0	0	0	0	0	0	0	0	0	0	0	0	0	0	0	0	0	0	0	0	0	0	0	0	0	0	0	0	0	0	0	0	0	0	0	0	0	0	0	0	0	0	0	0	0	0	0	0	0	0	0	0	0	0	0	0	0	0	0	0	0	0	0	0	0	0	0	0	0	0	0	0	0	0	0	0	0	0	0	0	0	0	0	0	0	0	0	0	0	0	0	0	0	0	0	0	0	0	0	0	0	0	0	0	0	0	0	1	,424	-,306374205463933	0	,424972322770469	0
606	1	4	EV37	3	levothyroxine	0	0	0	0	0	0	0	0	0	0	0	0	0	0	0	0	0	0	0	0	0	0	0	0	0	0	0	0	0	0	0	0	0	0	0	0	0	0	0	0	0	0	0	0	0	0	0	0	0	0	0	0	0	0	0	0	0	0	0	0	0	0	0	0	0	0	0	0	0	0	0	0	0	0	0	0	0	0	0	0	0	0	0	0	0	0	0	0	0	0	0	0	0	0	0	0	0	0	0	0	0	0	0	0	0	0	0	0	0	0	0	0	0	0	0	0	0	1	,424	-,306374205463933	0	,427754639537293	0
612	1	4	EV37	3	mexiletine	0	0	0	0	0	0	0	0	0	0	0	0	0	0	0	0	0	0	0	0	0	0	0	0	0	0	0	0	0	0	0	0	0	0	0	0	0	0	0	0	0	0	0	0	0	0	0	0	0	0	0	0	0	0	0	0	0	0	0	0	0	0	0	0	0	0	0	0	0	0	0	0	0	0	0	0	0	0	0	0	0	0	0	0	0	0	0	0	0	0	0	0	0	0	0	0	0	0	0	0	0	0	0	0	0	0	0	0	0	0	0	0	0	0	0	0	0	1	,424	-,306374205463933	0	,424434693291771	0
618	1	4	EV37	3	milnacipran	0	0	0	0	0	0	0	0	0	0	0	0	0	0	0	0	0	0	0	0	0	0	0	0	0	0	0	0	0	0	0	0	0	0	0	0	0	0	0	0	0	0	0	0	0	0	0	0	0	0	0	0	0	0	0	0	0	0	0	0	0	0	0	0	0	0	0	0	0	0	0	0	0	0	0	0	0	0	0	0	0	0	0	0	0	0	0	0	0	0	0	0	0	0	0	0	0	0	0	0	0	0	0	0	0	0	0	0	0	0	0	0	0	0	0	0	0	1	,424	-,306374205463933	0	,422822012152127	0
621	1	4	EV37	3	nelarabine	0	0	0	0	0	0	0	0	0	0	0	0	0	0	0	0	0	0	0	0	0	0	0	0	0	0	0	0	0	0	0	0	0	0	0	0	0	0	0	0	0	0	0	0	0	0	0	0	0	0	0	0	0	0	0	0	0	0	0	0	0	0	0	0	0	0	0	0	0	0	0	0	0	0	0	0	0	0	0	0	0	0	0	0	0	0	0	0	0	0	0	0	0	0	0	0	0	0	0	0	0	0	0	0	0	0	0	0	0	0	0	0	0	0	0	0	0	1	,424	-,306374205463933	0	,423411259231941	0
626	1	4	EV37	3	orlistat	0	0	0	0	0	0	0	0	0	0	0	0	0	0	0	0	0	0	0	0	0	0	0	0	0	0	0	0	0	0	0	0	0	0	0	0	0	0	0	0	0	0	0	0	0	0	0	0	0	0	0	0	0	0	0	0	0	0	0	0	0	0	0	0	0	0	0	0	0	0	0	0	0	0	0	0	0	0	0	0	0	0	0	0	0	0	0	0	0	0	0	0	0	0	0	0	0	0	0	0	0	0	0	0	0	0	0	0	0	0	0	0	0	0	0	0	0	1	,424	-,306374205463933	0	,424055702552607	0
631	1	4	EV37	3	penicillamine	0	0	0	0	0	0	0	0	0	0	0	0	0	0	0	0	0	0	0	0	0	0	0	0	0	0	0	0	0	0	0	0	0	0	0	0	0	0	0	0	0	0	0	0	0	0	0	0	0	0	0	0	0	0	0	0	0	0	0	0	0	0	0	0	0	0	0	0	0	0	0	0	0	0	0	0	0	0	0	0	0	0	0	0	0	0	0	0	0	0	0	0	0	0	0	0	0	0	0	0	0	0	0	0	0	0	0	0	0	0	0	0	0	0	0	0	0	1	,424	-,306374205463933	0	,422000772706048	0
659	1	4	EV37	3	succimer	0	0	0	0	0	0	0	0	0	0	0	0	0	0	0	0	0	0	0	0	0	0	0	0	0	0	0	0	0	0	0	0	0	0	0	0	0	0	0	0	0	0	0	0	0	0	0	0	0	0	0	0	0	0	0	0	0	0	0	0	0	0	0	0	0	0	0	0	0	0	0	0	0	0	0	0	0	0	0	0	0	0	0	0	0	0	0	0	0	0	0	0	0	0	0	0	0	0	0	0	0	0	0	0	0	0	0	0	0	0	0	0	0	0	0	0	0	1	,424	-,306374205463933	0	,422225656084921	0
676	1	4	EV37	3	triptorelin pamoate	0	0	0	0	0	0	0	0	0	0	0	0	0	0	0	0	0	0	0	0	0	0	0	0	0	0	0	0	0	0	0	0	0	0	0	0	0	0	0	0	0	0	0	0	0	0	0	0	0	0	0	0	0	0	0	0	0	0	0	0	0	0	0	0	0	0	0	0	0	0	0	0	0	0	0	0	0	0	0	0	0	0	0	0	0	0	0	0	0	0	0	0	0	0	0	0	0	0	0	0	0	0	0	0	0	0	0	0	0	0	0	0	0	0	0	0	0	1	,424	-,306374205463933	0	,423331786474867	0
561	1	4	EV37	3	doxorubicin	0	0	0	0	0	0	0	0	0	0	0	0	0	0	0	0	0	0	0	0	0	0	0	0	0	1	0	0	0	0	0	0	1	0	0	0	0	0	0	0	0	0	0	0	0	0	0	0	0	0	0	0	0	0	0	0	0	0	0	0	0	0	0	0	0	0	0	0	0	0	0	0	0	0	0	0	0	0	0	0	0	0	0	0	0	0	0	0	0	0	0	0	0	0	0	0	0	0	0	0	1	0	0	0	1	0	0	0	0	0	0	0	0	0	0	0	0	1	,424	-,306374205463933	0	,432170707950366	0
522	1	4	EV37	3	alendronate	0	0	0	0	0	0	0	0	0	0	0	0	0	0	0	0	0	0	0	0	0	0	0	0	0	0	0	0	0	0	0	0	1	0	0	0	0	0	0	0	0	0	0	0	0	0	0	0	0	0	0	0	0	0	0	0	0	0	0	0	0	0	0	0	0	0	0	0	0	0	0	0	0	0	0	0	0	0	0	0	0	0	0	0	0	0	0	0	0	0	0	0	0	0	0	0	0	0	0	0	1	0	0	0	0	0	0	0	0	0	0	0	0	0	0	0	0	1	,424	-,306374205463933	0	,422736126547227	0
560	1	4	EV37	3	donepezil	0	0	0	0	0	0	0	0	0	0	0	0	0	0	0	0	0	0	0	0	0	0	0	0	0	0	0	0	0	0	0	0	1	0	0	0	0	0	0	0	0	0	0	0	0	0	0	0	0	0	0	0	0	0	0	0	0	0	0	0	0	0	0	0	0	0	0	0	0	0	0	0	0	0	0	0	0	0	0	0	0	0	0	0	0	0	0	0	0	0	0	0	0	0	0	0	0	0	0	0	1	0	0	0	1	0	0	0	0	0	0	0	0	0	0	0	0	1	,424	-,306374205463933	0	,423687126408819	0
586	1	4	EV37	3	gabapentin	0	0	0	0	0	0	0	0	0	0	0	0	0	0	0	0	0	0	0	0	0	0	0	0	0	0	0	0	0	0	0	0	1	0	0	0	0	0	0	0	0	0	0	0	0	0	0	0	0	0	0	0	0	0	0	0	0	0	0	0	0	0	0	0	0	0	0	0	0	0	0	0	0	0	0	0	0	0	0	0	0	0	0	0	0	0	0	0	0	0	0	0	0	0	0	0	0	0	0	0	1	0	0	0	1	0	0	0	0	0	0	0	0	0	0	0	0	1	,424	-,306374205463933	0	,424661897016049	0
637	1	4	EV37	3	pregabalin	0	0	0	0	0	0	0	0	0	0	0	0	0	0	0	0	0	0	0	0	0	0	0	0	0	0	0	0	0	0	0	0	1	0	0	0	0	0	0	0	0	0	0	0	0	0	0	0	0	0	0	0	0	0	0	0	0	0	0	0	0	0	0	0	0	0	0	0	0	0	0	0	0	0	0	0	0	0	0	0	0	0	0	0	0	0	0	0	0	0	0	0	0	0	0	0	0	0	0	0	1	0	0	0	1	0	0	0	0	0	0	0	0	0	0	0	0	1	,424	-,306374205463933	0	,434123319229259	0
603	1	4	EV37	3	leuprolide	1	1	0	1	1	1	0	0	0	0	0	0	0	0	0	0	0	0	0	0	0	0	0	0	0	0	0	0	1	2	0	1	1	1	0	1	0	0	0	0	0	0	0	0	0	0	0	0	0	0	0	0	0	0	0	0	0	0	0	0	0	0	0	0	0	0	1	0	0	0	0	2	0	0	0	0	0	0	0	0	0	0	0	0	0	0	0	0	0	0	0	0	0	0	0	0	0	0	0	0	5	0	0	0	0	0	0	0	0	0	0	0	0	0	0	1	0	1	,366	-,54941562103586	0	,382795164017603	0
528	1	4	EV37	3	amphotericin b	0	0	0	0	0	0	0	0	0	0	0	0	0	0	0	0	0	0	0	0	0	0	0	0	0	0	0	0	0	0	1	0	1	0	0	0	0	0	0	0	0	0	0	0	0	0	0	0	0	0	0	0	0	0	0	0	0	0	0	0	0	0	0	0	0	0	1	0	0	0	0	1	0	0	0	0	0	0	0	0	0	0	0	0	0	0	0	0	0	0	0	0	0	0	0	0	0	0	0	0	1	0	0	0	1	0	0	0	0	0	0	0	0	0	0	1	0	1	,425	-,302280871872933	0	,430322064572748	0
531	1	4	EV37	3	atenolol	0	0	0	0	0	0	0	0	0	0	0	0	0	0	0	0	0	0	0	0	0	0	0	0	0	0	0	0	0	0	1	0	1	0	0	0	0	0	0	0	0	0	0	0	0	0	0	0	0	0	0	0	0	0	0	0	0	0	0	0	0	0	0	0	0	0	1	0	0	0	0	1	0	0	0	0	0	0	0	0	0	0	0	0	0	0	0	0	0	0	0	0	0	0	0	0	0	0	0	0	1	0	0	0	1	0	0	0	0	0	0	0	0	0	0	1	0	1	,425	-,302280871872933	0	,429072735931174	0
557	1	4	EV37	3	desvenlafaxine	0	0	0	2	0	0	0	0	0	0	0	0	0	0	0	0	0	0	0	0	0	0	0	0	0	0	0	0	0	0	0	0	0	0	0	0	0	0	0	0	0	0	0	0	0	0	0	0	0	0	0	0	0	0	1	0	0	0	0	0	0	0	0	0	0	0	0	0	0	0	0	0	0	0	0	0	0	0	0	0	0	0	0	0	0	0	0	0	0	0	0	0	0	0	0	0	0	0	0	0	3	0	0	0	2	0	0	0	0	0	0	0	0	0	0	0	0	1	,399	-,409633517645344	0	,381596309933221	0
650	1	4	EV37	3	ropinirole	0	0	0	2	0	0	0	0	0	0	0	0	0	0	0	0	0	0	0	0	0	0	0	0	0	0	0	0	0	0	0	0	0	0	0	0	0	0	0	0	0	0	0	0	0	0	0	0	0	0	0	0	0	0	0	0	0	0	0	0	0	0	0	0	0	0	1	0	0	0	0	0	0	0	0	0	0	0	0	0	0	0	0	0	0	0	0	0	0	0	0	0	0	0	0	0	0	0	0	0	2	0	0	0	2	0	0	0	0	0	0	0	0	0	0	0	0	1	,428	-,290015795798001	0	,430390302264852	0
680	1	4	EV37	3	venlafaxine	1	0	0	3	0	3	0	0	0	0	0	0	0	0	0	0	0	0	0	0	1	0	0	0	0	0	0	0	0	1	4	0	0	0	0	2	0	0	2	0	2	0	0	0	0	0	0	0	1	0	0	0	0	0	0	0	1	0	0	0	0	0	0	3	0	0	2	0	1	0	0	3	0	0	0	0	0	0	0	0	0	0	0	0	0	0	0	0	0	0	0	0	0	0	0	0	0	0	0	0	8	0	0	0	3	0	0	0	0	0	0	0	0	0	0	1	0	1	,423	-,310470087461821	0	,443891663130128	0
609	1	4	EV37	3	memantine	2	0	0	3	1	2	0	0	0	0	0	0	0	0	0	0	0	0	0	0	0	0	0	0	0	0	0	0	0	0	4	0	2	0	0	0	0	0	0	0	2	0	0	0	0	0	0	0	0	0	0	0	0	0	0	0	0	0	0	0	0	1	0	0	0	0	2	0	1	0	0	2	0	0	0	0	1	0	0	0	0	0	0	0	0	0	0	0	0	0	0	0	0	0	0	0	0	0	0	0	6	0	0	0	3	0	0	0	0	0	0	0	0	0	0	1	0	1	,414	-,347453815751698	0	,475372033886103	0
553	1	4	EV37	3	daptomycin	1	0	0	0	0	3	0	0	0	0	0	0	2	0	0	0	0	0	0	0	0	0	0	0	0	1	0	0	0	1	3	0	2	1	0	2	0	0	0	0	1	0	0	0	0	0	1	0	1	0	0	0	0	0	0	0	0	0	0	0	0	1	1	1	0	0	3	0	1	0	0	2	0	0	0	0	0	0	1	0	0	0	0	0	0	0	0	0	0	0	0	0	0	0	0	0	0	0	0	0	6	0	0	0	2	0	0	0	0	0	0	0	0	0	0	2	0	1	,444	-,224943731818358	0	,447801422735323	0
610	1	4	EV37	3	metformin	0	0	0	0	0	0	0	0	0	0	0	0	0	0	0	0	0	0	0	1	0	0	0	0	0	0	0	0	0	0	0	0	2	0	0	0	0	0	0	0	0	0	0	0	0	0	0	0	0	0	0	0	0	0	0	0	0	0	0	0	0	0	0	0	0	0	0	0	0	0	0	0	0	0	0	0	0	0	0	0	0	0	0	0	0	0	0	0	0	0	0	0	0	0	0	0	0	0	0	0	3	0	0	0	2	0	0	0	0	0	0	0	0	0	0	0	0	1	,44	-,241162056816888	0	,431782485796418	0
639	1	4	EV37	3	propoxyphene	1	0	0	0	1	3	0	0	0	0	0	0	0	0	0	0	0	0	0	0	0	0	0	0	0	0	0	0	2	2	2	0	0	0	0	1	0	0	1	0	2	0	0	0	0	0	0	0	0	0	0	0	0	0	0	0	0	0	0	0	0	0	0	3	0	0	0	0	1	0	0	2	0	0	0	0	0	0	0	0	0	0	0	0	0	0	0	0	0	0	0	0	0	0	0	0	0	0	0	0	9	0	0	0	3	0	0	0	0	0	0	0	0	0	0	1	0	1	,451	-,196631102006852	0	,483172923066877	0
638	1	4	EV37	3	propafenone	1	0	0	0	1	0	0	0	0	0	0	1	1	0	0	0	0	0	0	0	0	0	0	0	0	0	0	0	1	1	2	0	1	0	0	0	0	0	0	0	3	0	0	0	0	0	0	0	0	0	0	0	0	0	0	0	0	0	0	0	0	0	0	2	0	0	2	0	1	0	0	3	0	0	0	0	1	0	0	0	0	0	0	0	0	0	0	0	0	0	0	0	0	0	0	0	0	0	0	0	9	0	0	0	1	0	0	0	0	0	0	0	0	0	0	1	0	1	,479	-,0840494443424517	0	,51384542624937	0
679	1	4	EV37	3	valproic acid	6	1	0	0	1	5	0	0	0	0	0	1	0	0	0	0	0	0	0	0	0	0	0	0	0	0	0	0	2	6	8	1	3	2	0	4	0	0	1	0	3	0	0	0	0	0	0	0	0	0	0	0	0	0	1	0	0	0	0	0	1	0	0	6	0	0	5	0	1	0	0	3	0	0	0	0	0	0	0	0	0	0	0	0	0	0	0	0	0	0	0	0	0	0	0	0	0	0	0	0	23	0	0	0	4	0	0	0	0	0	0	0	0	0	0	1	0	1	,368	-,540806455977927	0	,141318700981123	0
611	1	4	EV37	3	metoprolol	5	3	0	4	3	4	0	0	0	0	0	1	2	0	1	0	0	0	0	1	2	0	0	0	0	0	0	0	2	6	8	1	4	0	0	6	0	0	3	0	3	1	0	0	0	0	0	0	0	0	0	0	0	0	0	0	0	0	0	0	1	2	0	6	0	0	6	0	1	0	0	5	0	0	0	0	0	0	0	0	0	0	0	0	0	0	0	0	0	0	0	0	0	0	0	0	0	0	0	0	23	0	0	0	4	0	0	0	0	0	0	0	0	0	0	1	0	1	,426	-,298190050050196	0	,332296791556516	0
665	1	4	EV37	3	terbutaline	5	3	0	1	1	5	0	0	0	0	0	1	1	0	0	0	0	0	0	1	0	0	0	0	0	0	0	0	1	6	6	1	1	0	0	7	0	0	4	0	3	0	0	0	0	0	0	0	0	0	0	0	0	0	0	0	2	0	0	0	0	0	0	5	0	0	8	2	1	0	0	3	0	0	0	0	0	0	0	0	0	0	0	0	0	0	0	0	0	0	0	0	0	0	0	0	0	0	0	0	24	0	0	0	2	0	0	0	0	0	0	0	0	0	0	1	0	1	,466	-,136210204834549	0	,420425509983432	0
682	1	4	EV37	3	vincristine	3	1	0	2	3	13	0	0	0	0	0	2	1	0	1	1	0	0	0	0	1	0	0	0	0	0	0	0	1	5	12	0	0	1	0	6	0	0	1	0	3	0	0	0	0	0	0	2	0	0	0	0	0	0	0	0	0	0	0	0	1	0	2	6	0	0	5	5	1	0	0	3	0	0	0	0	1	0	0	0	0	0	0	0	0	0	0	0	0	0	0	0	0	0	0	0	0	0	0	0	24	0	0	0	3	0	0	0	0	0	0	0	0	0	0	1	0	1	,44	-,241162056816888	0	,2809502277826	0
681	1	4	EV37	3	verapamil	11	2	0	2	4	10	0	0	0	0	1	4	3	0	0	0	0	0	0	2	3	0	1	0	0	3	0	0	2	16	24	1	2	0	0	8	0	0	2	0	3	3	0	0	0	0	0	0	1	0	0	0	0	0	0	0	0	0	0	0	1	3	1	9	0	0	8	0	1	0	0	6	0	0	0	0	1	0	0	0	0	0	0	0	0	0	0	0	0	0	0	0	0	0	0	0	0	0	0	0	39	0	0	0	3	0	0	0	0	0	0	0	0	0	0	1	0	1	,271	-,989554911128957	0	,445622811862296	0
527	1	4	EV37	3	amphetamine	4	2	0	0	2	8	0	0	0	0	0	0	0	0	0	0	0	0	0	0	5	0	1	0	2	0	0	0	3	8	14	0	2	3	0	7	0	0	3	0	2	1	0	0	0	0	0	0	1	0	0	0	1	0	0	0	0	0	0	0	2	2	1	10	0	0	3	0	1	0	0	3	0	0	0	0	0	0	0	0	0	0	0	0	0	0	0	0	0	0	0	0	0	0	0	0	0	0	0	0	17	0	0	0	4	0	0	0	0	0	0	0	0	0	0	1	0	1	,322	-,744595742395987	0	,283453829255371	0
854	1	6	EV37	3	vincristine	7	0	0	4	4	14	0	0	0	0	1	1	4	1	0	2	0	0	0	0	4	1	0	0	0	5	0	0	4	10	11	0	7	7	0	11	0	0	3	0	0	1	0	0	0	0	0	3	0	0	0	0	0	1	1	0	0	0	0	0	1	1	2	6	0	0	12	4	0	0	0	4	0	0	0	9	0	0	1	0	0	0	0	0	0	0	0	0	0	0	0	0	0	0	0	0	0	0	0	0	21	0	0	0	4	0	0	0	0	0	0	0	0	0	0	1	0	1	,091	-2,30148558766063	0	,284197818684912	0
855	1	6	EV37	3	vitamin a	10	5	0	0	6	8	1	0	0	0	0	4	1	0	1	2	0	0	0	1	4	0	0	0	0	1	0	0	3	11	9	1	11	13	0	5	0	0	1	0	0	0	0	0	1	0	2	0	0	0	0	0	0	0	0	0	0	0	0	0	4	8	0	5	0	0	15	0	0	0	0	4	0	0	0	8	0	0	1	0	0	0	0	0	0	0	0	0	0	0	0	0	0	0	0	0	0	0	0	0	25	0	0	0	4	0	0	0	0	0	0	0	0	0	0	1	0	1	,181	-1,50958705258724	0	,130801843776409	0
695	1	6	EV37	3	alfuzosin	0	0	0	0	0	0	0	0	0	0	0	0	0	0	0	0	0	0	0	0	0	0	0	0	0	0	0	0	0	0	0	1	1	0	0	0	0	0	0	0	0	0	0	0	0	0	0	0	0	0	0	0	0	0	0	0	0	0	0	0	0	0	0	0	0	0	0	0	0	0	0	0	0	0	0	0	0	0	0	0	0	0	0	0	0	0	0	0	0	0	0	0	0	0	0	0	0	0	0	0	2	0	0	0	1	0	0	0	0	0	0	0	0	0	0	0	0	1	,403	-,392980551445919	0	,423291053463238	0
704	1	6	EV37	3	atomoxetine	0	0	0	0	0	0	0	0	0	0	0	0	0	0	0	0	0	0	0	0	0	0	0	0	0	0	0	0	0	0	0	0	0	0	0	0	0	0	0	0	0	0	0	0	0	0	0	0	0	0	0	0	0	0	0	0	0	0	0	0	0	0	0	0	0	0	0	0	0	0	0	0	0	0	0	0	0	0	0	0	0	0	0	0	0	0	0	0	0	0	0	0	0	0	0	0	0	0	0	0	0	0	0	0	0	0	0	0	0	0	0	0	0	0	0	0	0	1	,424	-,306374205463933	0	,4255234898754	0
724	1	6	EV37	3	danazol	0	0	0	0	0	0	0	0	0	0	0	0	0	0	0	0	0	0	0	0	0	0	0	0	0	0	0	0	0	0	0	0	0	0	0	0	0	0	0	0	0	0	0	0	0	0	0	0	0	0	0	0	0	0	0	0	0	0	0	0	0	0	0	0	0	0	0	0	0	0	0	0	0	0	0	0	0	0	0	0	0	0	0	0	0	0	0	0	0	0	0	0	0	0	0	0	0	0	0	0	0	0	0	0	0	0	0	0	0	0	0	0	0	0	0	0	0	1	,424	-,306374205463933	0	,430649528374058	0
732	1	6	EV37	3	donepezil	0	0	0	0	0	0	0	0	0	0	0	0	0	0	0	0	0	0	0	0	0	0	0	0	0	0	0	0	0	0	0	0	0	0	0	0	0	0	0	0	0	0	0	0	0	0	0	0	0	0	0	0	0	0	0	0	0	0	0	0	0	0	0	0	0	0	0	0	0	0	0	0	0	0	0	0	0	0	0	0	0	0	0	0	0	0	0	0	0	0	0	0	0	0	0	0	0	0	0	0	0	0	0	0	0	0	0	0	0	0	0	0	0	0	0	0	0	1	,424	-,306374205463933	0	,427603473439915	0
741	1	6	EV37	3	estradiol	0	0	0	0	0	0	0	0	0	0	0	0	0	0	0	0	0	0	0	0	0	0	0	0	0	0	0	0	0	0	0	0	0	0	0	0	0	0	0	0	0	0	0	0	0	0	0	0	0	0	0	0	0	0	0	0	0	0	0	0	0	0	0	0	0	0	0	0	0	0	0	0	0	0	0	0	0	0	0	0	0	0	0	0	0	0	0	0	0	0	0	0	0	0	0	0	0	0	0	0	0	0	0	0	0	0	0	0	0	0	0	0	0	0	0	0	0	1	,424	-,306374205463933	0	,428891708635063	0
778	1	6	EV37	3	levothyroxine	0	0	0	0	0	0	0	0	0	0	0	0	0	0	0	0	0	0	0	0	0	0	0	0	0	0	0	0	0	0	0	0	0	0	0	0	0	0	0	0	0	0	0	0	0	0	0	0	0	0	0	0	0	0	0	0	0	0	0	0	0	0	0	0	0	0	0	0	0	0	0	0	0	0	0	0	0	0	0	0	0	0	0	0	0	0	0	0	0	0	0	0	0	0	0	0	0	0	0	0	0	0	0	0	0	0	0	0	0	0	0	0	0	0	0	0	0	1	,424	-,306374205463933	0	,431680422228519	0
803	1	6	EV37	3	penicillamine	0	0	0	0	0	0	0	0	0	0	0	0	0	0	0	0	0	0	0	0	0	0	0	0	0	0	0	0	0	0	0	0	0	0	0	0	0	0	0	0	0	0	0	0	0	0	0	0	0	0	0	0	0	0	0	0	0	0	0	0	0	0	0	0	0	0	0	0	0	0	0	0	0	0	0	0	0	0	0	0	0	0	0	0	0	0	0	0	0	0	0	0	0	0	0	0	0	0	0	0	0	0	0	0	0	0	0	0	0	0	0	0	0	0	0	0	0	1	,424	-,306374205463933	0	,425913051806208	0
848	1	6	EV37	3	triptorelin pamoate	0	0	0	0	0	0	0	0	0	0	0	0	0	0	0	0	0	0	0	0	0	0	0	0	0	0	0	0	0	0	0	0	0	0	0	0	0	0	0	0	0	0	0	0	0	0	0	0	0	0	0	0	0	0	0	0	0	0	0	0	0	0	0	0	0	0	0	0	0	0	0	0	0	0	0	0	0	0	0	0	0	0	0	0	0	0	0	0	0	0	0	0	0	0	0	0	0	0	0	0	0	0	0	0	0	0	0	0	0	0	0	0	0	0	0	0	0	1	,424	-,306374205463933	0	,427247283936296	0
694	1	6	EV37	3	alendronate	0	0	0	0	0	0	0	0	0	0	0	0	0	0	0	0	0	0	0	0	0	0	0	0	0	0	0	0	0	0	0	0	1	0	0	0	0	0	0	0	0	0	0	0	0	0	0	0	0	0	0	0	0	0	0	0	0	0	0	0	0	0	0	0	0	0	0	0	0	0	0	0	0	0	0	0	0	0	0	0	0	0	0	0	0	0	0	0	0	0	0	0	0	0	0	0	0	0	0	0	1	0	0	0	0	0	0	0	0	0	0	0	0	0	0	0	0	1	,424	-,306374205463933	0	,426650190758902	0
733	1	6	EV37	3	doxorubicin	0	0	0	0	0	0	0	0	0	0	0	0	0	0	0	0	0	0	0	0	0	0	0	0	0	0	0	0	0	0	0	0	0	0	0	0	0	0	0	0	0	0	0	0	0	0	0	0	0	0	0	0	0	0	0	0	0	0	0	0	0	0	0	0	0	0	2	0	0	0	0	0	0	0	0	0	0	0	0	0	0	0	0	0	0	0	0	0	0	0	0	0	0	0	0	0	0	0	0	0	2	0	0	0	1	0	0	0	0	0	0	0	0	0	0	0	0	1	,424	-,306374205463933	0	,436106132668133	0
809	1	6	EV37	3	pregabalin	0	0	0	0	0	0	0	0	0	0	0	0	0	0	0	0	0	0	0	0	0	0	0	0	0	0	0	0	0	0	0	0	2	0	0	0	0	0	0	0	0	0	0	0	0	0	0	0	0	0	0	0	0	0	0	0	0	0	0	0	0	0	0	0	0	0	2	0	0	0	0	0	0	0	0	0	0	0	0	0	0	0	0	0	0	0	0	0	0	0	0	0	0	0	0	0	0	0	0	0	2	0	0	0	1	0	0	0	0	0	0	0	0	0	0	0	0	1	,424	-,306374205463933	0	,438062807414825	0
691	1	6	EV37	3	acarbose	0	0	0	0	0	0	0	0	0	0	0	0	0	0	0	0	0	0	0	0	0	0	0	0	0	0	0	0	0	0	0	0	2	0	0	0	0	0	0	0	0	0	0	0	0	0	0	0	0	0	0	0	0	0	0	0	0	0	0	0	0	0	0	0	0	0	0	0	0	0	0	0	0	0	0	0	0	0	0	0	0	0	0	0	0	0	0	0	0	0	0	0	0	0	0	0	0	0	0	0	2	0	0	0	1	0	0	0	0	0	0	0	0	0	0	0	0	1	,424	-,306374205463933	0	,425403817487019	0
758	1	6	EV37	3	gabapentin	0	0	0	0	0	0	0	0	0	0	0	0	0	0	0	0	0	0	0	0	0	0	0	0	0	0	0	0	0	0	0	0	2	0	0	0	0	0	0	0	0	0	0	0	0	0	0	0	0	0	0	0	0	0	0	0	0	0	0	0	0	0	0	0	0	0	0	0	0	0	0	0	0	0	0	0	0	0	0	0	0	0	0	0	0	0	0	0	0	0	0	0	0	0	0	0	0	0	0	0	2	0	0	0	1	0	0	0	0	0	0	0	0	0	0	0	0	1	,424	-,306374205463933	0	,428580553746865	0
784	1	6	EV37	3	mexiletine	0	0	0	0	0	0	0	0	0	0	0	0	0	0	0	0	0	0	0	0	0	0	0	0	0	0	0	0	0	0	0	0	2	0	0	0	0	0	0	0	0	0	0	0	0	0	0	0	0	0	0	0	0	0	0	0	0	0	0	0	0	0	0	0	0	0	0	0	0	0	0	0	0	0	0	0	0	0	0	0	0	0	0	0	0	0	0	0	0	0	0	0	0	0	0	0	0	0	0	0	2	0	0	0	1	0	0	0	0	0	0	0	0	0	0	0	0	1	,424	-,306374205463933	0	,428352814398494	0
790	1	6	EV37	3	milnacipran	0	0	0	0	0	0	0	0	0	0	0	0	0	0	0	0	0	0	0	0	0	0	0	0	0	0	0	0	0	0	0	0	2	0	0	0	0	0	0	0	0	0	0	0	0	0	0	0	0	0	0	0	0	0	0	0	0	0	0	0	0	0	0	0	0	0	0	0	0	0	0	0	0	0	0	0	0	0	0	0	0	0	0	0	0	0	0	0	0	0	0	0	0	0	0	0	0	0	0	0	2	0	0	0	1	0	0	0	0	0	0	0	0	0	0	0	0	1	,424	-,306374205463933	0	,426736283721752	0
798	1	6	EV37	3	orlistat	0	0	0	0	0	0	0	0	0	0	0	0	0	0	0	0	0	0	0	0	0	0	0	0	0	0	0	0	0	0	0	0	2	0	0	0	0	0	0	0	0	0	0	0	0	0	0	0	0	0	0	0	0	0	0	0	0	0	0	0	0	0	0	0	0	0	0	0	0	0	0	0	0	0	0	0	0	0	0	0	0	0	0	0	0	0	0	0	0	0	0	0	0	0	0	0	0	0	0	0	2	0	0	0	1	0	0	0	0	0	0	0	0	0	0	0	0	1	,424	-,306374205463933	0	,42797292650965	0
831	1	6	EV37	3	succimer	0	0	0	0	0	0	0	0	0	0	0	0	0	0	0	0	0	0	0	0	0	0	0	0	0	0	0	0	0	0	0	0	2	0	0	0	0	0	0	0	0	0	0	0	0	0	0	0	0	0	0	0	0	0	0	0	0	0	0	0	0	0	0	0	0	0	0	0	0	0	0	0	0	0	0	0	0	0	0	0	0	0	0	0	0	0	0	0	0	0	0	0	0	0	0	0	0	0	0	0	2	0	0	0	1	0	0	0	0	0	0	0	0	0	0	0	0	1	,424	-,306374205463933	0	,426138482947468	0
793	1	6	EV37	3	nelarabine	0	0	0	0	2	0	0	0	0	0	0	0	0	0	0	0	0	0	0	0	0	0	0	0	0	0	0	0	0	0	0	0	0	0	0	0	0	0	0	0	0	0	0	0	0	0	0	0	0	0	0	0	0	0	0	0	0	0	0	0	0	0	0	0	0	0	0	0	0	0	0	0	0	0	0	0	0	0	0	0	0	0	0	0	0	0	0	0	0	0	0	0	0	0	0	0	0	0	0	0	2	0	0	0	1	0	0	0	0	0	0	0	0	0	0	0	0	1	,424	-,306374205463933	0	,427326947054451	0
703	1	6	EV37	3	atenolol	0	0	0	0	0	0	0	0	0	0	0	0	0	0	0	0	0	0	0	0	0	0	0	0	0	0	0	0	0	0	0	0	2	0	0	0	0	0	0	0	0	0	0	0	0	0	0	0	0	0	0	0	0	0	0	0	0	0	0	0	0	0	0	0	0	0	2	0	0	0	0	2	0	0	0	0	0	0	1	0	0	0	0	0	0	0	0	0	0	0	0	0	0	0	0	0	0	0	0	0	0	0	0	0	0	0	0	0	0	0	0	0	0	0	0	0	0	1	,432	-,273695830477041	0	,433001462180363	0
729	1	6	EV37	3	desvenlafaxine	0	0	0	2	0	0	0	0	0	0	0	0	0	0	0	0	0	0	0	0	0	0	0	0	0	0	0	0	0	0	0	0	0	0	0	0	0	0	0	0	0	0	0	0	0	0	0	0	0	0	0	0	0	0	2	0	0	0	0	0	0	0	0	0	0	0	0	0	0	0	0	0	0	0	0	0	0	0	0	0	0	0	0	0	0	0	0	0	0	0	0	0	0	0	0	0	0	0	0	0	4	0	0	0	2	0	0	0	0	0	0	0	0	0	0	0	0	1	,372	-,523646312195052	0	,385383761664324	0
782	1	6	EV37	3	metformin	0	0	0	0	0	0	0	0	0	0	0	0	0	0	0	0	0	0	0	0	0	0	0	0	0	0	0	0	0	0	0	0	4	0	0	0	0	0	0	0	0	0	0	0	0	0	0	0	0	0	0	0	0	0	0	0	0	0	0	0	0	0	0	0	0	0	0	0	0	0	0	0	0	0	0	0	0	0	0	0	0	0	0	0	0	0	0	0	0	0	0	0	0	0	0	0	0	0	0	0	4	0	0	0	1	0	0	0	0	0	0	0	0	0	0	0	0	1	,424	-,306374205463933	0	,435717088003133	0
822	1	6	EV37	3	ropinirole	0	0	0	1	0	0	0	0	0	0	0	0	0	0	0	0	0	0	0	0	0	0	0	0	0	0	0	0	0	0	0	0	2	0	0	0	0	0	0	0	0	0	0	0	0	0	0	0	0	0	0	0	0	0	0	0	0	0	0	0	0	0	0	0	0	0	0	0	0	0	0	0	0	0	0	0	0	0	0	0	0	0	0	0	0	0	0	0	0	0	0	0	0	0	0	0	0	0	0	0	3	0	0	0	1	0	0	0	0	0	0	0	0	0	0	0	0	1	,426	-,298190050050196	0	,434321915071857	0
700	1	6	EV37	3	amphotericin b	0	0	0	0	0	0	0	0	0	0	0	0	0	0	0	0	0	0	0	0	0	0	0	0	0	0	0	0	0	0	0	0	2	0	0	0	0	0	0	0	0	0	0	0	0	0	0	0	0	0	0	0	0	0	0	0	0	0	0	0	0	0	0	0	0	0	4	0	0	0	0	2	0	0	0	0	0	0	1	0	0	0	0	0	0	0	0	0	0	0	0	0	0	0	0	0	0	0	0	0	2	0	0	0	1	0	0	0	0	0	0	0	0	0	0	0	0	1	,432	-,273695830477041	0	,434253529253079	0
851	1	6	EV37	3	valproic acid	4	2	0	0	1	5	0	0	0	0	0	3	1	0	0	0	0	0	0	0	0	0	0	0	0	1	0	0	2	7	10	0	8	9	0	3	0	0	0	0	0	0	0	0	0	0	0	0	0	0	0	0	0	0	0	0	0	1	0	0	0	2	0	5	0	0	10	0	0	0	0	4	0	0	0	7	0	0	1	0	0	0	0	0	0	0	0	0	0	0	0	0	0	0	0	0	0	0	0	0	15	0	0	0	3	0	0	0	0	0	0	0	0	0	0	1	0	1	,199	-1,39255612234387	0	,143273853169138	0
775	1	6	EV37	3	leuprolide	0	0	0	3	1	1	0	0	0	0	0	0	0	0	0	0	0	0	0	0	0	0	0	0	0	0	0	0	2	1	0	0	5	2	0	0	0	0	0	0	0	0	0	0	0	0	0	0	0	0	0	0	0	0	0	0	0	0	0	0	0	1	0	0	0	0	6	0	0	0	0	4	0	0	0	2	0	0	1	0	0	0	0	0	0	0	0	0	0	0	0	0	0	0	0	0	0	0	0	0	6	0	0	0	2	0	0	0	0	0	0	0	0	0	0	1	0	1	,381	-,485305897557895	0	,386587076230314	0
852	1	6	EV37	3	venlafaxine	3	0	0	5	0	3	0	0	0	0	0	0	0	0	0	0	0	0	0	0	2	0	0	0	0	0	0	0	0	1	2	0	0	0	0	2	0	0	2	0	0	0	0	0	0	0	0	0	0	0	0	0	0	0	0	0	1	0	0	0	0	0	0	3	0	0	3	0	0	0	0	4	0	0	0	1	0	0	1	0	0	0	0	0	0	0	0	0	0	0	0	0	0	0	0	0	0	0	0	0	8	0	0	0	2	0	0	0	0	0	0	0	0	0	0	1	0	1	,417	-,335100964551691	0	,447849640057138	0
797	1	6	EV37	3	octreotide	6	2	0	2	3	2	1	0	0	0	0	4	3	0	0	2	0	0	2	0	0	0	2	0	0	3	0	0	3	2	6	0	6	9	0	3	0	0	0	0	0	0	0	0	0	0	3	0	0	0	0	0	0	0	2	0	0	0	0	0	0	6	0	2	0	0	12	0	0	0	0	4	0	0	0	4	0	0	1	0	0	0	0	0	0	0	0	0	0	0	0	0	0	0	0	0	0	0	0	0	18	0	0	0	3	0	0	0	0	0	0	0	0	0	0	1	0	1	,114	-2,05051850221059	0	,149379847584552	0
853	1	6	EV37	3	verapamil	4	3	0	1	1	12	0	0	0	0	2	2	1	0	1	0	0	0	0	1	10	0	0	0	1	1	0	0	1	14	27	2	2	1	0	7	0	0	1	0	0	1	0	0	1	0	0	0	0	0	0	0	1	0	0	0	0	0	0	0	0	4	2	14	0	0	11	0	0	0	0	4	0	0	0	9	0	0	1	0	0	0	0	0	0	0	0	0	0	0	0	0	0	0	0	0	0	0	0	0	26	0	0	0	4	0	0	0	0	0	0	0	0	0	0	1	0	1	,365	-,5537276453102	0	,449583745583675	0
783	1	6	EV37	3	metoprolol	2	1	0	2	2	2	0	0	0	0	0	0	0	0	1	0	0	0	0	0	2	0	0	0	0	0	0	0	1	8	7	0	3	0	0	5	0	0	5	0	0	0	0	0	0	0	0	0	0	0	0	0	0	0	0	0	0	0	0	0	1	2	0	5	0	0	4	0	0	0	0	4	0	0	0	5	0	0	1	0	0	0	0	0	0	0	0	0	0	0	0	0	0	0	0	0	0	0	0	0	14	0	0	0	3	0	0	0	0	0	0	0	0	0	0	1	0	1	,426	-,298190050050196	0	,335860681223791	0
810	1	6	EV37	3	propafenone	1	1	0	1	4	0	0	0	0	0	0	2	0	0	1	0	0	0	0	0	1	0	0	0	0	0	0	0	2	1	0	0	0	0	0	0	0	0	0	0	0	0	0	0	0	0	0	0	0	0	0	0	0	0	0	0	0	0	0	0	2	1	0	1	0	0	4	0	0	0	0	4	0	0	0	1	0	0	1	0	0	0	0	0	0	0	0	0	0	0	0	0	0	0	0	0	0	0	0	0	8	0	0	0	1	0	0	0	0	0	0	0	0	0	0	1	0	1	,451	-,196631102006852	0	,517846318838555	0
781	1	6	EV37	3	memantine	3	1	0	2	4	4	0	0	0	0	0	2	1	0	0	0	0	0	0	0	0	0	0	0	0	0	0	0	0	0	5	0	4	0	0	0	0	0	0	0	0	0	0	0	0	0	0	0	0	0	0	0	0	0	0	0	0	0	0	0	0	2	0	0	0	0	4	0	0	0	0	4	0	0	0	2	0	0	1	0	0	0	0	0	0	0	0	0	0	0	0	0	0	0	0	0	0	0	0	0	6	0	0	0	1	0	0	0	0	0	0	0	0	0	0	1	0	1	,495	-,0200006667066695	0	,479368745155459	0
811	1	6	EV37	3	propoxyphene	1	0	0	0	1	2	0	0	0	0	0	0	2	0	0	0	0	0	0	0	0	0	0	0	0	0	0	0	2	2	2	0	0	0	0	0	0	0	0	0	1	0	0	0	0	0	0	0	0	0	0	0	0	0	0	0	0	0	0	0	0	0	0	4	0	0	1	0	0	0	0	4	0	0	0	0	0	0	1	0	0	0	0	0	0	0	0	0	0	0	0	0	0	0	0	0	0	0	0	0	8	0	0	0	2	0	0	0	0	0	0	0	0	0	0	1	0	1	,546	,184521777703557	0	,487174316600905	0
725	1	6	EV37	3	daptomycin	6	0	0	0	1	12	0	0	0	0	0	0	7	0	0	0	0	0	0	0	0	0	0	0	2	2	0	0	0	6	9	0	4	2	0	4	0	0	2	0	1	2	0	0	0	0	2	0	0	0	0	0	0	0	0	0	2	0	0	0	0	1	2	4	0	0	4	0	0	0	0	4	0	0	0	3	0	0	2	0	0	0	0	0	0	0	0	0	0	0	0	0	0	0	0	0	0	0	0	0	7	0	0	0	1	0	0	0	0	0	0	0	0	0	0	1	0	1	,593	,37638121355513	0	,451765940716187	0
699	1	6	EV37	3	amphetamine	2	2	0	0	4	5	0	0	0	0	0	1	1	0	0	0	0	0	0	0	2	0	1	0	2	0	0	0	4	7	16	0	2	3	0	5	0	0	0	0	0	0	0	0	0	0	0	0	0	0	0	0	0	0	0	0	0	0	0	0	2	2	0	8	0	0	4	0	0	0	0	4	0	0	0	1	0	0	1	0	0	0	0	0	0	0	0	0	0	0	0	0	0	0	0	0	0	0	0	0	17	0	0	0	3	0	0	0	0	0	0	0	0	0	0	1	0	1	,28	-,944461608840851	0	,286718820368173	0
837	1	6	EV37	3	terbutaline	0	0	0	0	0	5	0	0	0	0	0	0	0	0	0	0	0	0	0	0	1	0	0	0	0	0	0	0	1	4	4	2	2	0	0	6	1	0	2	1	0	1	0	0	0	0	0	1	0	0	0	0	1	0	0	0	0	0	0	0	0	0	0	6	0	0	2	0	0	0	0	4	0	0	0	2	0	0	1	0	0	0	0	0	0	0	0	0	0	0	0	0	0	0	0	0	0	0	0	0	9	0	0	0	2	0	0	0	0	0	0	0	0	0	0	1	0	1	,549	,196631102006852	0	,424333906523481	0
1023	1	7	EV37	3	valproic acid	8	1	0	0	8	8	0	0	0	0	0	5	2	0	2	0	0	0	0	1	0	2	0	0	0	0	0	0	6	10	15	0	5	5	0	8	0	0	4	0	0	4	0	0	0	0	0	0	0	0	0	0	0	0	0	0	0	3	0	0	2	2	0	8	0	0	9	0	0	0	0	1	0	0	0	11	0	0	1	0	0	0	0	0	0	0	0	0	0	0	0	0	0	0	0	0	0	0	0	0	19	0	0	0	1	0	0	0	0	0	0	0	0	0	0	1	0	1	,00700000000000001	-4,95482051498986	0	,129748904704757	0
1027	1	7	EV37	3	vitamin a	11	7	0	0	9	11	1	0	0	0	1	6	3	0	0	0	0	0	0	0	7	0	0	0	2	2	0	0	3	8	13	1	6	14	0	4	0	0	1	0	1	0	0	0	1	0	4	0	1	0	0	0	0	0	0	0	0	0	0	0	5	10	2	11	0	0	16	1	0	0	0	4	0	0	0	12	0	0	1	0	0	0	0	0	0	0	0	0	0	0	0	0	0	0	0	0	0	0	0	0	25	0	0	0	3	0	0	0	0	0	0	0	0	0	0	1	0	1	,179	-1,52313730361167	0	,118291682659332	0
1026	1	7	EV37	3	vincristine	7	2	0	6	15	8	0	0	0	0	1	3	4	2	1	2	0	0	0	0	5	0	0	0	0	7	0	0	8	6	7	0	9	10	0	4	0	0	2	0	1	1	0	0	0	0	0	0	0	0	0	0	0	0	2	0	0	0	0	0	2	2	2	3	0	0	16	3	0	0	0	2	0	0	0	12	0	0	1	0	0	0	0	0	0	0	0	0	0	0	0	0	0	0	0	0	0	0	0	0	23	0	0	0	1	0	0	0	0	0	0	0	0	0	0	1	0	1	,145	-1,77436772651619	0	,261429184345492	0
969	1	7	EV37	3	octreotide	5	2	0	5	7	3	0	0	0	0	0	4	2	0	0	0	0	0	2	0	0	0	2	0	0	4	0	0	3	2	1	0	4	9	0	1	0	0	1	0	0	0	0	0	0	0	4	0	0	0	0	0	0	0	2	0	0	0	0	0	0	6	0	1	0	0	12	0	0	0	0	2	0	0	0	4	0	0	1	0	0	0	0	0	0	0	0	0	0	0	0	0	0	0	0	0	0	0	0	0	18	0	0	0	0	0	0	0	0	0	0	0	0	0	0	1	0	1	,043	-3,10260327575939	0	,135369573684773	0
1009	1	7	EV37	3	terbutaline	1	3	0	0	0	6	0	0	0	0	0	0	1	0	0	0	0	0	0	0	2	0	0	0	0	0	0	0	1	5	7	3	4	2	0	4	2	0	2	2	0	2	0	0	0	0	0	2	0	0	0	0	0	0	0	0	0	0	0	0	0	0	0	4	0	0	3	0	0	0	0	2	0	0	0	4	0	0	1	0	0	0	0	0	0	0	0	0	0	0	0	0	0	0	0	0	0	0	0	0	14	0	0	0	0	0	0	0	0	0	0	0	0	0	0	1	0	1	,138	-1,83200158550649	0	,396558058508862	0
876	1	7	EV37	3	atomoxetine	0	0	0	0	0	0	0	0	0	0	0	0	0	0	0	0	0	0	0	0	0	0	0	0	0	0	0	0	0	0	0	0	0	0	0	0	0	0	0	0	0	0	0	0	0	0	0	0	0	0	0	0	0	0	0	0	0	0	0	0	0	0	0	0	0	0	0	0	0	0	0	0	0	0	0	0	0	0	0	0	0	0	0	0	0	0	0	0	0	0	0	0	0	0	0	0	0	0	0	0	0	0	0	0	0	0	0	0	0	0	0	0	0	0	0	0	0	1	,424	-,306374205463933	0	,397723572555366	0
896	1	7	EV37	3	danazol	0	0	0	0	0	0	0	0	0	0	0	0	0	0	0	0	0	0	0	0	0	0	0	0	0	0	0	0	0	0	0	0	0	0	0	0	0	0	0	0	0	0	0	0	0	0	0	0	0	0	0	0	0	0	0	0	0	0	0	0	0	0	0	0	0	0	0	0	0	0	0	0	0	0	0	0	0	0	0	0	0	0	0	0	0	0	0	0	0	0	0	0	0	0	0	0	0	0	0	0	0	0	0	0	0	0	0	0	0	0	0	0	0	0	0	0	0	1	,424	-,306374205463933	0	,402749503199496	0
904	1	7	EV37	3	donepezil	0	0	0	0	0	0	0	0	0	0	0	0	0	0	0	0	0	0	0	0	0	0	0	0	0	0	0	0	0	0	0	0	0	0	0	0	0	0	0	0	0	0	0	0	0	0	0	0	0	0	0	0	0	0	0	0	0	0	0	0	0	0	0	0	0	0	0	0	0	0	0	0	0	0	0	0	0	0	0	0	0	0	0	0	0	0	0	0	0	0	0	0	0	0	0	0	0	0	0	0	0	0	0	0	0	0	0	0	0	0	0	0	0	0	0	0	0	1	,424	-,306374205463933	0	,399762228918278	0
913	1	7	EV37	3	estradiol	0	0	0	0	0	0	0	0	0	0	0	0	0	0	0	0	0	0	0	0	0	0	0	0	0	0	0	0	0	0	0	0	0	0	0	0	0	0	0	0	0	0	0	0	0	0	0	0	0	0	0	0	0	0	0	0	0	0	0	0	0	0	0	0	0	0	0	0	0	0	0	0	0	0	0	0	0	0	0	0	0	0	0	0	0	0	0	0	0	0	0	0	0	0	0	0	0	0	0	0	0	0	0	0	0	0	0	0	0	0	0	0	0	0	0	0	0	1	,424	-,306374205463933	0	,401025351994233	0
950	1	7	EV37	3	levothyroxine	0	0	0	0	0	0	0	0	0	0	0	0	0	0	0	0	0	0	0	0	0	0	0	0	0	0	0	0	0	0	0	0	0	0	0	0	0	0	0	0	0	0	0	0	0	0	0	0	0	0	0	0	0	0	0	0	0	0	0	0	0	0	0	0	0	0	0	0	0	0	0	0	0	0	0	0	0	0	0	0	0	0	0	0	0	0	0	0	0	0	0	0	0	0	0	0	0	0	0	0	0	0	0	0	0	0	0	0	0	0	0	0	0	0	0	0	0	1	,424	-,306374205463933	0	,403760972651074	0
975	1	7	EV37	3	penicillamine	0	0	0	0	0	0	0	0	0	0	0	0	0	0	0	0	0	0	0	0	0	0	0	0	0	0	0	0	0	0	0	0	0	0	0	0	0	0	0	0	0	0	0	0	0	0	0	0	0	0	0	0	0	0	0	0	0	0	0	0	0	0	0	0	0	0	0	0	0	0	0	0	0	0	0	0	0	0	0	0	0	0	0	0	0	0	0	0	0	0	0	0	0	0	0	0	0	0	0	0	0	0	0	0	0	0	0	0	0	0	0	0	0	0	0	0	0	1	,424	-,306374205463933	0	,398105320874156	0
1020	1	7	EV37	3	triptorelin pamoate	0	0	0	0	0	0	0	0	0	0	0	0	0	0	0	0	0	0	0	0	0	0	0	0	0	0	0	0	0	0	0	0	0	0	0	0	0	0	0	0	0	0	0	0	0	0	0	0	0	0	0	0	0	0	0	0	0	0	0	0	0	0	0	0	0	0	0	0	0	0	0	0	0	0	0	0	0	0	0	0	0	0	0	0	0	0	0	0	0	0	0	0	0	0	0	0	0	0	0	0	0	0	0	0	0	0	0	0	0	0	0	0	0	0	0	0	0	1	,424	-,306374205463933	0	,399413048093726	0
866	1	7	EV37	3	alendronate	0	0	0	0	0	0	0	0	0	0	0	0	0	0	0	0	0	0	0	0	0	0	0	0	0	0	0	0	0	0	0	0	1	0	0	0	0	0	0	0	0	0	0	0	0	0	0	0	0	0	0	0	0	0	0	0	0	0	0	0	0	0	0	0	0	0	0	0	0	0	0	0	0	0	0	0	0	0	0	0	0	0	0	0	0	0	0	0	0	0	0	0	0	0	0	0	0	0	0	0	1	0	0	0	0	0	0	0	0	0	0	0	0	0	0	0	0	1	,424	-,306374205463933	0	,398827767280508	0
905	1	7	EV37	3	doxorubicin	0	0	0	0	0	0	0	0	0	0	0	0	0	0	0	0	0	0	0	0	0	0	0	0	0	0	0	0	0	0	0	0	0	0	0	0	0	0	0	0	0	0	0	0	0	0	0	0	0	0	0	0	0	0	0	0	0	0	0	0	0	0	0	0	0	0	2	0	0	0	0	0	0	0	0	0	0	0	0	0	0	0	0	0	0	0	0	0	0	0	0	0	0	0	0	0	0	0	0	0	2	0	0	0	0	0	0	0	0	0	0	0	0	0	0	1	0	1	,424	-,306374205463933	0	,408105990395191	0
981	1	7	EV37	3	pregabalin	0	0	0	0	0	0	0	0	0	0	0	0	0	0	0	0	0	0	0	0	0	0	0	0	0	0	0	0	0	0	0	0	2	0	0	0	0	0	0	0	0	0	0	0	0	0	0	0	0	0	0	0	0	0	0	0	0	0	0	0	0	0	0	0	0	0	2	0	0	0	0	0	0	0	0	0	0	0	0	0	0	0	0	0	0	0	0	0	0	0	0	0	0	0	0	0	0	0	0	0	2	0	0	0	0	0	0	0	0	0	0	0	0	0	0	1	0	1	,424	-,306374205463933	0	,410028385954934	0
875	1	7	EV37	3	atenolol	0	0	0	0	0	0	0	0	0	0	0	0	0	0	0	0	0	0	0	0	0	0	0	0	0	0	0	0	0	0	0	0	1	0	0	0	0	0	0	0	0	0	0	0	0	0	0	0	0	0	0	0	0	0	0	0	0	0	0	0	0	0	0	0	0	0	1	0	0	0	0	1	0	0	0	0	0	0	1	0	0	0	0	0	0	0	0	0	0	0	0	0	0	0	0	0	0	0	0	0	0	0	0	0	0	0	0	0	0	0	0	0	0	0	0	0	0	1	,432	-,273695830477041	0	,405057468156675	0
863	1	7	EV37	3	acarbose	0	0	0	0	0	0	0	0	0	0	0	0	0	0	0	0	0	0	0	0	0	0	0	0	0	0	0	0	0	0	0	0	2	0	0	0	0	0	0	0	0	0	0	0	0	0	0	0	0	0	0	0	0	0	0	0	0	0	0	0	0	0	0	0	0	0	0	0	0	0	0	0	0	0	0	0	0	0	0	0	0	0	0	0	0	0	0	0	0	0	0	0	0	0	0	0	0	0	0	0	2	0	0	0	0	0	0	0	0	0	0	0	0	0	0	1	0	1	,424	-,306374205463933	0	,397606307279119	0
867	1	7	EV37	3	alfuzosin	0	0	0	0	0	0	0	0	0	0	0	0	0	0	0	0	0	0	0	0	0	0	0	0	0	0	0	0	0	0	0	0	2	0	0	0	0	0	0	0	0	0	0	0	0	0	0	0	0	0	0	0	0	0	0	0	0	0	0	0	0	0	0	0	0	0	0	0	0	0	0	0	0	0	0	0	0	0	0	0	0	0	0	0	0	0	0	0	0	0	0	0	0	0	0	0	0	0	0	0	2	0	0	0	0	0	0	0	0	0	0	0	0	0	0	1	0	1	,424	-,306374205463933	0	,395536565238325	0
930	1	7	EV37	3	gabapentin	0	0	0	0	0	0	0	0	0	0	0	0	0	0	0	0	0	0	0	0	0	0	0	0	0	0	0	0	0	0	0	0	2	0	0	0	0	0	0	0	0	0	0	0	0	0	0	0	0	0	0	0	0	0	0	0	0	0	0	0	0	0	0	0	0	0	0	0	0	0	0	0	0	0	0	0	0	0	0	0	0	0	0	0	0	0	0	0	0	0	0	0	0	0	0	0	0	0	0	0	2	0	0	0	0	0	0	0	0	0	0	0	0	0	0	1	0	1	,424	-,306374205463933	0	,400720228669034	0
956	1	7	EV37	3	mexiletine	0	0	0	0	0	0	0	0	0	0	0	0	0	0	0	0	0	0	0	0	0	0	0	0	0	0	0	0	0	0	0	0	2	0	0	0	0	0	0	0	0	0	0	0	0	0	0	0	0	0	0	0	0	0	0	0	0	0	0	0	0	0	0	0	0	0	0	0	0	0	0	0	0	0	0	0	0	0	0	0	0	0	0	0	0	0	0	0	0	0	0	0	0	0	0	0	0	0	0	0	2	0	0	0	0	0	0	0	0	0	0	0	0	0	0	1	0	1	,424	-,306374205463933	0	,400496917610974	0
962	1	7	EV37	3	milnacipran	0	0	0	0	0	0	0	0	0	0	0	0	0	0	0	0	0	0	0	0	0	0	0	0	0	0	0	0	0	0	0	0	2	0	0	0	0	0	0	0	0	0	0	0	0	0	0	0	0	0	0	0	0	0	0	0	0	0	0	0	0	0	0	0	0	0	0	0	0	0	0	0	0	0	0	0	0	0	0	0	0	0	0	0	0	0	0	0	0	0	0	0	0	0	0	0	0	0	0	0	2	0	0	0	0	0	0	0	0	0	0	0	0	0	0	1	0	1	,424	-,306374205463933	0	,398912152151435	0
970	1	7	EV37	3	orlistat	0	0	0	0	0	0	0	0	0	0	0	0	0	0	0	0	0	0	0	0	0	0	0	0	0	0	0	0	0	0	0	0	2	0	0	0	0	0	0	0	0	0	0	0	0	0	0	0	0	0	0	0	0	0	0	0	0	0	0	0	0	0	0	0	0	0	0	0	0	0	0	0	0	0	0	0	0	0	0	0	0	0	0	0	0	0	0	0	0	0	0	0	0	0	0	0	0	0	0	0	2	0	0	0	0	0	0	0	0	0	0	0	0	0	0	1	0	1	,424	-,306374205463933	0	,40012444222053	0
1003	1	7	EV37	3	succimer	0	0	0	0	0	0	0	0	0	0	0	0	0	0	0	0	0	0	0	0	0	0	0	0	0	0	0	0	0	0	0	0	2	0	0	0	0	0	0	0	0	0	0	0	0	0	0	0	0	0	0	0	0	0	0	0	0	0	0	0	0	0	0	0	0	0	0	0	0	0	0	0	0	0	0	0	0	0	0	0	0	0	0	0	0	0	0	0	0	0	0	0	0	0	0	0	0	0	0	0	2	0	0	0	0	0	0	0	0	0	0	0	0	0	0	1	0	1	,424	-,306374205463933	0	,398326245896804	0
965	1	7	EV37	3	nelarabine	0	0	0	0	2	0	0	0	0	0	0	0	0	0	0	0	0	0	0	0	0	0	0	0	0	0	0	0	0	0	0	0	0	0	0	0	0	0	0	0	0	0	0	0	0	0	0	0	0	0	0	0	0	0	0	0	0	0	0	0	0	0	0	0	0	0	0	0	0	0	0	0	0	0	0	0	0	0	0	0	0	0	0	0	0	0	0	0	0	0	0	0	0	0	0	0	0	0	0	0	2	0	0	0	0	0	0	0	0	0	0	0	0	0	0	1	0	1	,424	-,306374205463933	0	,399491141238122	0
994	1	7	EV37	3	ropinirole	0	0	0	1	0	0	0	0	0	0	0	0	0	0	0	0	0	0	0	0	0	0	0	0	0	0	0	0	0	0	0	0	2	0	0	0	0	0	0	0	0	0	0	0	0	0	0	0	0	0	0	0	0	0	1	0	0	0	0	0	0	0	0	0	0	0	0	0	0	0	0	0	0	0	0	0	0	0	0	0	0	0	0	0	0	0	0	0	0	0	0	0	0	0	0	0	0	0	0	0	4	0	0	0	0	0	0	0	0	0	0	0	0	0	0	1	0	1	,398	-,413805440024383	0	,406353777190869	0
954	1	7	EV37	3	metformin	0	0	0	0	0	0	0	0	0	0	0	0	0	0	0	0	0	0	0	0	0	0	0	0	0	0	0	0	0	0	0	0	4	0	0	0	0	0	0	0	0	0	0	0	0	0	0	0	0	0	0	0	0	0	0	0	0	0	0	0	0	0	0	0	0	0	0	0	0	0	0	0	0	0	0	0	0	0	0	0	0	0	0	0	0	0	0	0	0	0	0	0	0	0	0	0	0	0	0	0	4	0	0	0	0	0	0	0	0	0	0	0	0	0	0	1	0	1	,424	-,306374205463933	0	,407723863526302	0
872	1	7	EV37	3	amphotericin b	0	0	0	0	0	0	0	0	0	0	0	0	0	0	0	0	0	0	0	0	0	0	0	0	0	0	0	0	0	0	0	0	1	0	0	0	0	0	0	0	0	0	0	0	0	0	0	0	0	0	0	0	0	0	0	0	0	0	0	0	0	0	0	0	0	0	3	0	0	0	0	1	0	0	0	0	0	0	1	0	0	0	0	0	0	0	0	0	0	0	0	0	0	0	0	0	0	0	0	0	2	0	0	0	0	0	0	0	0	0	0	0	0	0	0	1	0	1	,432	-,273695830477041	0	,406286632205661	0
947	1	7	EV37	3	leuprolide	1	1	0	0	3	0	0	0	0	0	0	0	0	0	0	0	0	0	0	0	0	0	0	0	0	0	0	0	1	0	0	0	5	0	0	0	0	0	0	0	0	0	0	0	0	0	0	0	0	0	0	0	0	0	0	0	0	0	0	0	0	2	0	0	0	0	8	0	0	0	0	1	0	0	0	5	0	0	1	0	0	0	0	0	0	0	0	0	0	0	0	0	0	0	0	0	0	0	0	0	5	0	0	0	0	0	0	0	0	0	0	0	0	0	0	1	0	1	,418	-,330989015206681	0	,359738012274743	0
897	1	7	EV37	3	daptomycin	2	0	0	0	3	4	0	0	0	0	0	0	4	0	0	0	0	0	0	0	0	0	0	0	0	2	0	0	1	2	2	0	7	4	0	0	0	0	0	0	0	0	0	0	0	0	2	0	0	0	0	0	0	0	0	0	0	0	0	0	0	2	2	2	0	0	5	0	0	0	0	1	0	0	0	2	0	0	1	0	0	0	0	0	0	0	0	0	0	0	0	0	0	0	0	0	0	0	0	0	11	0	0	0	0	0	0	0	0	0	0	0	0	0	0	1	0	1	,384	-,472604410945793	0	,42351550049327	0
1024	1	7	EV37	3	venlafaxine	2	0	0	4	0	3	0	0	0	0	0	0	0	0	0	0	0	0	0	0	2	0	0	0	0	0	0	0	0	2	0	0	0	0	0	0	0	0	0	0	0	0	0	0	0	0	0	0	0	0	0	0	0	0	0	0	0	0	0	0	0	0	0	2	0	0	3	0	0	0	0	2	0	0	0	4	0	0	1	0	0	0	0	0	0	0	0	0	0	0	0	0	0	0	0	0	0	0	0	0	8	0	0	0	0	0	0	0	0	0	0	0	0	0	0	1	0	1	,42	-,322773392263051	0	,419656636135469	0
982	1	7	EV37	3	propafenone	2	0	0	1	2	0	0	0	0	0	0	2	0	0	0	0	0	0	0	0	0	0	0	0	0	0	0	0	1	0	0	0	0	0	0	0	0	0	0	0	0	0	0	0	0	0	0	0	0	0	0	0	0	0	0	0	0	0	0	0	0	2	0	0	0	0	4	0	0	0	0	1	0	0	0	2	0	0	1	0	0	0	0	0	0	0	0	0	0	0	0	0	0	0	0	0	0	0	0	0	8	0	0	0	0	0	0	0	0	0	0	0	0	0	0	1	0	1	,473	-,108105160049429	0	,489150545949348	0
983	1	7	EV37	3	propoxyphene	1	0	0	0	2	2	0	0	0	0	0	0	1	0	0	0	0	0	0	0	0	0	0	0	0	0	0	0	4	1	2	0	0	0	0	0	0	0	0	0	2	0	0	0	0	0	0	0	0	0	0	0	0	0	0	0	0	0	0	0	0	0	0	2	0	0	2	0	0	0	0	2	0	0	0	0	0	0	1	0	0	0	0	0	0	0	0	0	0	0	0	0	0	0	0	0	0	0	0	0	8	0	0	0	2	0	0	0	0	0	0	0	0	0	0	1	0	1	,51	,0400053346136992	0	,458561708202966	0
953	1	7	EV37	3	memantine	1	0	0	2	3	2	0	0	0	0	0	0	0	0	0	0	0	0	0	1	0	0	0	0	0	0	0	0	2	2	6	0	5	0	0	0	0	0	0	0	0	0	0	0	0	0	0	0	0	0	0	0	0	0	0	0	0	0	0	0	0	0	0	2	0	0	3	0	0	0	0	2	0	0	0	3	0	0	1	0	0	0	0	0	0	0	0	0	0	0	0	0	0	0	0	0	0	0	0	0	9	0	0	0	0	0	0	0	0	0	0	0	0	0	0	1	0	1	,482	-,0720311282088828	0	,45081157360381	0
901	1	7	EV37	3	desvenlafaxine	0	0	0	1	0	0	0	1	0	0	0	0	0	0	0	0	0	0	0	0	0	0	0	0	0	0	0	0	0	0	0	0	0	0	0	0	0	0	0	0	0	0	0	0	0	0	0	0	0	0	0	0	0	0	2	0	0	0	0	0	0	0	0	0	0	0	0	0	0	0	0	0	0	0	0	0	0	0	0	0	0	0	0	0	0	0	0	0	0	0	0	0	0	0	0	0	0	0	0	0	4	0	0	0	0	0	0	0	0	0	0	0	0	0	0	1	0	1	,44	-,241162056816888	0	,358569417862632	0
955	1	7	EV37	3	metoprolol	6	1	0	4	2	2	0	0	0	0	0	1	2	0	2	0	0	0	0	0	0	0	0	0	0	0	0	0	2	3	0	0	8	0	0	0	0	0	0	0	0	0	0	0	0	0	0	0	0	0	0	0	0	0	0	0	0	0	0	0	2	3	0	0	0	0	6	0	0	0	0	1	0	0	0	4	0	0	1	0	0	0	0	0	0	0	0	0	0	0	0	0	0	0	0	0	0	0	0	0	14	0	0	0	0	0	0	0	0	0	0	0	0	0	0	1	0	1	,52	,0800427076735366	0	,310749907347849	0
1025	1	7	EV37	3	verapamil	13	5	0	2	3	9	0	0	0	0	0	4	3	1	4	0	0	0	0	1	3	0	0	0	1	2	0	0	3	8	11	1	3	3	0	3	0	0	2	0	1	1	0	0	0	0	0	0	1	0	0	0	1	0	0	0	0	0	0	0	0	7	2	7	0	0	14	0	0	0	0	3	0	0	0	7	0	0	1	0	0	0	0	0	0	0	0	0	0	0	0	0	0	0	0	0	0	0	0	0	24	0	0	0	2	0	0	0	0	0	0	0	0	0	0	1	0	1	,453	-,188556676938947	0	,421364884146032	0
871	1	7	EV37	3	amphetamine	5	0	0	0	3	4	0	0	0	0	0	2	2	0	0	0	0	0	0	1	0	0	0	0	1	0	0	0	3	5	9	0	2	5	0	0	0	0	0	0	0	0	0	0	0	0	0	0	0	0	0	0	0	0	0	0	0	0	0	0	3	4	4	5	0	0	6	0	0	0	0	2	0	0	0	3	0	0	1	0	0	0	0	0	0	0	0	0	0	0	0	0	0	0	0	0	0	0	0	0	19	0	0	0	1	0	0	0	0	0	0	0	0	0	0	1	0	1	,348	-,627842082152179	0	,263822655217364	0
1199	1	8	EV37	3	vitamin a	4	2	0	0	3	2	0	0	0	0	2	2	0	0	0	0	0	0	0	0	1	0	0	0	0	0	0	0	2	0	2	1	1	3	0	1	0	0	1	0	0	0	0	0	0	0	2	0	0	0	0	0	0	0	0	0	0	0	0	0	2	4	0	2	0	0	3	2	1	0	0	1	0	0	0	0	0	0	0	0	0	0	0	0	0	0	0	0	0	0	0	0	0	0	0	0	0	0	0	0	8	0	0	0	0	0	0	0	0	0	0	0	0	0	0	0	0	1	,321	-,74918000442868	0	,145036236395063	0
1043	1	8	EV37	3	amphetamine	3	1	0	0	1	0	0	0	0	0	0	0	0	0	0	0	0	0	0	0	0	0	1	0	0	0	0	0	1	0	2	0	1	2	0	2	0	0	2	0	0	1	0	0	0	0	0	0	0	0	0	0	0	0	0	0	0	0	0	0	1	1	2	1	0	0	2	0	1	0	0	1	0	0	0	0	0	0	0	0	0	0	0	0	0	0	0	0	0	0	0	0	0	0	0	0	0	0	0	0	5	0	0	0	0	0	0	0	0	0	0	0	0	0	0	0	0	1	,113	-2,06045716359724	0	,311833469451205	0
1127	1	8	EV37	3	metoprolol	1	0	0	2	1	0	0	0	0	0	0	1	0	0	0	0	0	0	0	0	0	0	1	0	0	1	0	0	2	0	0	0	4	1	0	1	0	0	0	0	0	0	0	0	0	0	0	0	0	0	0	0	0	0	0	0	0	0	0	0	0	1	0	0	0	0	4	0	1	0	0	1	0	0	0	0	0	0	0	0	0	0	0	0	0	0	0	0	0	0	0	0	0	0	0	0	0	0	0	0	5	0	0	0	0	0	0	0	0	0	0	0	0	0	0	0	0	1	,225	-1,23676262714893	0	,363088666558264	0
1035	1	8	EV37	3	acarbose	0	0	0	0	0	0	0	0	0	0	0	0	0	0	0	0	0	0	0	0	0	0	0	0	0	0	0	0	0	0	0	0	0	0	0	0	0	0	0	0	0	0	0	0	0	0	0	0	0	0	0	0	0	0	0	0	0	0	0	0	0	0	0	0	0	0	0	0	0	0	0	0	0	0	0	0	0	0	0	0	0	0	0	0	0	0	0	0	0	0	0	0	0	0	0	0	0	0	0	0	0	0	0	0	0	0	0	0	0	0	0	0	0	0	0	0	0	1	,424	-,306374205463933	0	,454918633828907	0
1038	1	8	EV37	3	alendronate	0	0	0	0	0	0	0	0	0	0	0	0	0	0	0	0	0	0	0	0	0	0	0	0	0	0	0	0	0	0	0	0	0	0	0	0	0	0	0	0	0	0	0	0	0	0	0	0	0	0	0	0	0	0	0	0	0	0	0	0	0	0	0	0	0	0	0	0	0	0	0	0	0	0	0	0	0	0	0	0	0	0	0	0	0	0	0	0	0	0	0	0	0	0	0	0	0	0	0	0	0	0	0	0	0	0	0	0	0	0	0	0	0	0	0	0	0	1	,424	-,306374205463933	0	,456182827801568	0
1039	1	8	EV37	3	alfuzosin	0	0	0	0	0	0	0	0	0	0	0	0	0	0	0	0	0	0	0	0	0	0	0	0	0	0	0	0	0	0	0	0	0	0	0	0	0	0	0	0	0	0	0	0	0	0	0	0	0	0	0	0	0	0	0	0	0	0	0	0	0	0	0	0	0	0	0	0	0	0	0	0	0	0	0	0	0	0	0	0	0	0	0	0	0	0	0	0	0	0	0	0	0	0	0	0	0	0	0	0	0	0	0	0	0	0	0	0	0	0	0	0	0	0	0	0	0	1	,424	-,306374205463933	0	,452774791987665	0
1044	1	8	EV37	3	amphotericin b	0	0	0	0	0	0	0	0	0	0	0	0	0	0	0	0	0	0	0	0	0	0	0	0	0	0	0	0	0	0	0	0	0	0	0	0	0	0	0	0	0	0	0	0	0	0	0	0	0	0	0	0	0	0	0	0	0	0	0	0	0	0	0	0	0	0	0	0	0	0	0	0	0	0	0	0	0	0	0	0	0	0	0	0	0	0	0	0	0	0	0	0	0	0	0	0	0	0	0	0	0	0	0	0	0	0	0	0	0	0	0	0	0	0	0	0	0	1	,424	-,306374205463933	0	,463886647059319	0
1047	1	8	EV37	3	atenolol	0	0	0	0	0	0	0	0	0	0	0	0	0	0	0	0	0	0	0	0	0	0	0	0	0	0	0	0	0	0	0	0	0	0	0	0	0	0	0	0	0	0	0	0	0	0	0	0	0	0	0	0	0	0	0	0	0	0	0	0	0	0	0	0	0	0	0	0	0	0	0	0	0	0	0	0	0	0	0	0	0	0	0	0	0	0	0	0	0	0	0	0	0	0	0	0	0	0	0	0	0	0	0	0	0	0	0	0	0	0	0	0	0	0	0	0	0	1	,424	-,306374205463933	0	,462619005487955	0
1048	1	8	EV37	3	atomoxetine	0	0	0	0	0	0	0	0	0	0	0	0	0	0	0	0	0	0	0	0	0	0	0	0	0	0	0	0	0	0	0	0	0	0	0	0	0	0	0	0	0	0	0	0	0	0	0	0	0	0	0	0	0	0	0	0	0	0	0	0	0	0	0	0	0	0	0	0	0	0	0	0	0	0	0	0	0	0	0	0	0	0	0	0	0	0	0	0	0	0	0	0	0	0	0	0	0	0	0	0	0	0	0	0	0	0	0	0	0	0	0	0	0	0	0	0	0	1	,424	-,306374205463933	0	,455040033811901	0
1068	1	8	EV37	3	danazol	0	0	0	0	0	0	0	0	0	0	0	0	0	0	0	0	0	0	0	0	0	0	0	0	0	0	0	0	0	0	0	0	0	0	0	0	0	0	0	0	0	0	0	0	0	0	0	0	0	0	0	0	0	0	0	0	0	0	0	0	0	0	0	0	0	0	0	0	0	0	0	0	0	0	0	0	0	0	0	0	0	0	0	0	0	0	0	0	0	0	0	0	0	0	0	0	0	0	0	0	0	0	0	0	0	0	0	0	0	0	0	0	0	0	0	0	0	1	,424	-,306374205463933	0	,460236780337905	0
1076	1	8	EV37	3	donepezil	0	0	0	0	0	0	0	0	0	0	0	0	0	0	0	0	0	0	0	0	0	0	0	0	0	0	0	0	0	0	0	0	0	0	0	0	0	0	0	0	0	0	0	0	0	0	0	0	0	0	0	0	0	0	0	0	0	0	0	0	0	0	0	0	0	0	0	0	0	0	0	0	0	0	0	0	0	0	0	0	0	0	0	0	0	0	0	0	0	0	0	0	0	0	0	0	0	0	0	0	0	0	0	0	0	0	0	0	0	0	0	0	0	0	0	0	0	1	,424	-,306374205463933	0	,457149483815578	0
1077	1	8	EV37	3	doxorubicin	0	0	0	0	0	0	0	0	0	0	0	0	0	0	0	0	0	0	0	0	0	0	0	0	0	0	0	0	0	0	0	0	0	0	0	0	0	0	0	0	0	0	0	0	0	0	0	0	0	0	0	0	0	0	0	0	0	0	0	0	0	0	0	0	0	0	0	0	0	0	0	0	0	0	0	0	0	0	0	0	0	0	0	0	0	0	0	0	0	0	0	0	0	0	0	0	0	0	0	0	0	0	0	0	0	0	0	0	0	0	0	0	0	0	0	0	0	1	,424	-,306374205463933	0	,465761592827845	0
1085	1	8	EV37	3	estradiol	0	0	0	0	0	0	0	0	0	0	0	0	0	0	0	0	0	0	0	0	0	0	0	0	0	0	0	0	0	0	0	0	0	0	0	0	0	0	0	0	0	0	0	0	0	0	0	0	0	0	0	0	0	0	0	0	0	0	0	0	0	0	0	0	0	0	0	0	0	0	0	0	0	0	0	0	0	0	0	0	0	0	0	0	0	0	0	0	0	0	0	0	0	0	0	0	0	0	0	0	0	0	0	0	0	0	0	0	0	0	0	0	0	0	0	0	0	1	,424	-,306374205463933	0	,458455437886232	0
1102	1	8	EV37	3	gabapentin	0	0	0	0	0	0	0	0	0	0	0	0	0	0	0	0	0	0	0	0	0	0	0	0	0	0	0	0	0	0	0	0	0	0	0	0	0	0	0	0	0	0	0	0	0	0	0	0	0	0	0	0	0	0	0	0	0	0	0	0	0	0	0	0	0	0	0	0	0	0	0	0	0	0	0	0	0	0	0	0	0	0	0	0	0	0	0	0	0	0	0	0	0	0	0	0	0	0	0	0	0	0	0	0	0	0	0	0	0	0	0	0	0	0	0	0	0	1	,424	-,306374205463933	0	,458140040456202	0
1122	1	8	EV37	3	levothyroxine	0	0	0	0	0	0	0	0	0	0	0	0	0	0	0	0	0	0	0	0	0	0	0	0	0	0	0	0	0	0	0	0	0	0	0	0	0	0	0	0	0	0	0	0	0	0	0	0	0	0	0	0	0	0	0	0	0	0	0	0	0	0	0	0	0	0	0	0	0	0	0	0	0	0	0	0	0	0	0	0	0	0	0	0	0	0	0	0	0	0	0	0	0	0	0	0	0	0	0	0	0	0	0	0	0	0	0	0	0	0	0	0	0	0	0	0	0	1	,424	-,306374205463933	0	,461281117850952	0
1128	1	8	EV37	3	mexiletine	0	0	0	0	0	0	0	0	0	0	0	0	0	0	0	0	0	0	0	0	0	0	0	0	0	0	0	0	0	0	0	0	0	0	0	0	0	0	0	0	0	0	0	0	0	0	0	0	0	0	0	0	0	0	0	0	0	0	0	0	0	0	0	0	0	0	0	0	0	0	0	0	0	0	0	0	0	0	0	0	0	0	0	0	0	0	0	0	0	0	0	0	0	0	0	0	0	0	0	0	0	0	0	0	0	0	0	0	0	0	0	0	0	0	0	0	0	1	,424	-,306374205463933	0	,45790918090646	0
1134	1	8	EV37	3	milnacipran	0	0	0	0	0	0	0	0	0	0	0	0	0	0	0	0	0	0	0	0	0	0	0	0	0	0	0	0	0	0	0	0	0	0	0	0	0	0	0	0	0	0	0	0	0	0	0	0	0	0	0	0	0	0	0	0	0	0	0	0	0	0	0	0	0	0	0	0	0	0	0	0	0	0	0	0	0	0	0	0	0	0	0	0	0	0	0	0	0	0	0	0	0	0	0	0	0	0	0	0	0	0	0	0	0	0	0	0	0	0	0	0	0	0	0	0	0	1	,424	-,306374205463933	0	,456270137678064	0
1137	1	8	EV37	3	nelarabine	0	0	0	0	0	0	0	0	0	0	0	0	0	0	0	0	0	0	0	0	0	0	0	0	0	0	0	0	0	0	0	0	0	0	0	0	0	0	0	0	0	0	0	0	0	0	0	0	0	0	0	0	0	0	0	0	0	0	0	0	0	0	0	0	0	0	0	0	0	0	0	0	0	0	0	0	0	0	0	0	0	0	0	0	0	0	0	0	0	0	0	0	0	0	0	0	0	0	0	0	0	0	0	0	0	0	0	0	0	0	0	0	0	0	0	0	0	1	,424	-,306374205463933	0	,456869101028071	0
1142	1	8	EV37	3	orlistat	0	0	0	0	0	0	0	0	0	0	0	0	0	0	0	0	0	0	0	0	0	0	0	0	0	0	0	0	0	0	0	0	0	0	0	0	0	0	0	0	0	0	0	0	0	0	0	0	0	0	0	0	0	0	0	0	0	0	0	0	0	0	0	0	0	0	0	0	0	0	0	0	0	0	0	0	0	0	0	0	0	0	0	0	0	0	0	0	0	0	0	0	0	0	0	0	0	0	0	0	0	0	0	0	0	0	0	0	0	0	0	0	0	0	0	0	0	1	,424	-,306374205463933	0	,457524060020992	0
1147	1	8	EV37	3	penicillamine	0	0	0	0	0	0	0	0	0	0	0	0	0	0	0	0	0	0	0	0	0	0	0	0	0	0	0	0	0	0	0	0	0	0	0	0	0	0	0	0	0	0	0	0	0	0	0	0	0	0	0	0	0	0	0	0	0	0	0	0	0	0	0	0	0	0	0	0	0	0	0	0	0	0	0	0	0	0	0	0	0	0	0	0	0	0	0	0	0	0	0	0	0	0	0	0	0	0	0	0	0	0	0	0	0	0	0	0	0	0	0	0	0	0	0	0	0	1	,424	-,306374205463933	0	,455435195173945	0
1153	1	8	EV37	3	pregabalin	0	0	0	0	0	0	0	0	0	0	0	0	0	0	0	0	0	0	0	0	0	0	0	0	0	0	0	0	0	0	0	0	0	0	0	0	0	0	0	0	0	0	0	0	0	0	0	0	0	0	0	0	0	0	0	0	0	0	0	0	0	0	0	0	0	0	0	0	0	0	0	0	0	0	0	0	0	0	0	0	0	0	0	0	0	0	0	0	0	0	0	0	0	0	0	0	0	0	0	0	0	0	0	0	0	0	0	0	0	0	0	0	0	0	0	0	0	1	,424	-,306374205463933	0	,467740955572906	0
1175	1	8	EV37	3	succimer	0	0	0	0	0	0	0	0	0	0	0	0	0	0	0	0	0	0	0	0	0	0	0	0	0	0	0	0	0	0	0	0	0	0	0	0	0	0	0	0	0	0	0	0	0	0	0	0	0	0	0	0	0	0	0	0	0	0	0	0	0	0	0	0	0	0	0	0	0	0	0	0	0	0	0	0	0	0	0	0	0	0	0	0	0	0	0	0	0	0	0	0	0	0	0	0	0	0	0	0	0	0	0	0	0	0	0	0	0	0	0	0	0	0	0	0	0	1	,424	-,306374205463933	0	,455663849606778	0
1192	1	8	EV37	3	triptorelin pamoate	0	0	0	0	0	0	0	0	0	0	0	0	0	0	0	0	0	0	0	0	0	0	0	0	0	0	0	0	0	0	0	0	0	0	0	0	0	0	0	0	0	0	0	0	0	0	0	0	0	0	0	0	0	0	0	0	0	0	0	0	0	0	0	0	0	0	0	0	0	0	0	0	0	0	0	0	0	0	0	0	0	0	0	0	0	0	0	0	0	0	0	0	0	0	0	0	0	0	0	0	0	0	0	0	0	0	0	0	0	0	0	0	0	0	0	0	0	1	,424	-,306374205463933	0	,45678832346491	0
1069	1	8	EV37	3	daptomycin	1	0	0	0	0	0	0	0	0	0	0	0	1	0	0	0	0	0	0	0	0	0	0	0	0	1	0	0	2	0	0	0	1	1	0	0	0	0	0	0	0	0	0	0	0	0	1	0	0	0	0	0	0	0	0	0	0	0	0	0	0	1	0	0	0	0	1	0	1	0	0	0	0	0	0	0	0	0	0	0	0	0	0	0	0	0	0	0	0	0	0	0	0	0	0	0	0	0	0	0	3	0	0	0	0	0	0	0	0	0	0	0	0	0	0	0	0	1	,442	-,233049080303613	0	,481576851029943	0
1166	1	8	EV37	3	ropinirole	0	0	0	1	0	0	0	0	0	0	0	0	0	0	0	0	0	0	0	0	0	0	0	0	0	0	0	0	0	0	0	0	0	0	0	0	0	0	0	0	0	0	0	0	0	0	0	0	0	0	0	0	0	0	0	0	0	0	0	0	0	0	0	0	0	0	0	0	0	0	0	0	0	0	0	0	0	0	0	0	0	0	0	0	0	0	0	0	0	0	0	0	0	0	0	0	0	0	0	0	1	0	0	0	0	0	0	0	0	0	0	0	0	0	0	0	0	1	,426	-,298190050050196	0	,463955872504052	0
1119	1	8	EV37	3	leuprolide	0	0	0	0	0	1	0	0	0	0	0	0	0	0	0	0	0	0	0	0	0	0	0	0	0	0	0	0	0	1	0	0	0	0	0	0	0	0	0	0	0	0	0	0	0	0	0	0	0	0	0	0	0	0	0	0	0	0	0	0	0	0	0	0	0	0	0	0	0	0	0	0	0	0	0	0	0	0	0	0	0	0	0	0	0	0	0	0	0	0	0	0	0	0	0	0	0	0	0	0	1	0	0	0	0	0	0	0	0	0	0	0	0	0	0	0	0	1	,43	-,281851152140988	0	,41535553149456	0
1126	1	8	EV37	3	metformin	0	0	0	0	0	0	0	0	0	0	0	0	0	0	0	0	0	0	0	0	0	0	0	0	0	0	0	0	0	0	0	0	3	0	0	0	0	0	0	0	0	0	0	0	0	0	0	0	0	0	0	0	0	0	0	0	0	0	0	0	0	0	0	0	0	0	0	0	1	0	0	0	0	0	0	0	0	0	0	0	0	0	0	0	0	0	0	0	0	0	0	0	0	0	0	0	0	0	0	0	3	0	0	0	0	0	0	0	0	0	0	0	0	0	0	0	0	1	,424	-,306374205463933	0	,465367925788013	0
1141	1	8	EV37	3	octreotide	0	0	0	1	0	0	0	0	0	0	0	0	0	0	0	0	0	0	0	0	0	0	0	0	0	0	0	0	0	0	0	0	0	0	0	0	0	0	0	0	0	0	0	0	0	0	0	0	0	0	0	0	0	0	0	0	0	0	0	0	0	1	0	0	0	0	5	0	1	0	0	1	0	0	0	0	0	0	0	0	0	0	0	0	0	0	0	0	0	0	0	0	0	0	0	0	0	0	0	0	5	0	0	0	0	0	0	0	0	0	0	0	0	0	0	0	0	1	,426	-,298190050050196	0	,165251603354713	0
1181	1	8	EV37	3	terbutaline	0	1	0	0	0	0	0	0	0	0	0	0	0	0	0	0	0	0	0	0	0	0	0	0	0	0	0	0	2	0	0	0	2	0	0	2	0	0	0	0	0	0	0	0	0	0	0	0	0	0	0	0	0	0	0	0	0	0	0	0	0	1	0	0	0	0	1	0	1	0	0	0	0	0	0	0	0	0	0	0	0	0	0	0	0	0	0	0	0	0	0	0	0	0	0	0	0	0	0	0	5	0	0	0	0	0	0	0	0	0	0	0	0	0	0	0	0	1	,417	-,335100964551691	0	,453833121675733	0
1155	1	8	EV37	3	propoxyphene	0	0	0	0	1	0	0	0	0	0	0	0	0	0	0	0	0	0	0	0	0	0	0	0	0	0	0	0	0	1	1	0	0	0	0	0	0	0	0	0	0	0	0	0	0	0	0	0	0	0	0	0	0	0	0	0	0	0	0	0	0	0	0	1	0	0	0	0	1	0	0	0	0	0	0	0	0	0	0	0	0	0	0	0	0	0	0	0	0	0	0	0	0	0	0	0	0	0	0	0	3	0	0	0	0	0	0	0	0	0	0	0	0	0	0	0	0	1	,431	-,277772344022583	0	,517117840666027	0
1195	1	8	EV37	3	valproic acid	1	0	0	0	0	2	0	0	0	0	0	1	0	0	0	0	0	0	0	0	0	0	0	0	0	0	0	0	1	2	1	0	2	1	0	2	0	0	0	0	0	0	0	0	0	0	0	0	0	0	0	0	0	0	0	0	0	1	0	0	0	1	0	2	0	0	1	0	1	0	0	0	0	0	0	0	0	0	0	0	0	0	0	0	0	0	0	0	0	0	0	0	0	0	0	0	0	0	0	0	8	0	0	0	0	0	0	0	0	0	0	0	0	0	0	0	0	1	,379	-,493794876851052	0	,158617818821581	0
1125	1	8	EV37	3	memantine	2	0	0	2	0	0	0	0	0	0	0	0	0	0	0	0	0	0	0	0	0	0	0	0	0	0	0	0	0	0	0	0	1	0	0	0	0	0	0	0	0	0	0	0	0	0	0	0	0	0	0	0	0	0	0	0	0	0	0	0	0	0	0	0	0	0	1	0	1	0	0	0	0	0	0	0	0	0	0	0	0	0	0	0	0	0	0	0	0	0	0	0	0	0	0	0	0	0	0	0	3	0	0	0	0	0	0	0	0	0	0	0	0	0	0	0	0	1	,428	-,290015795798001	0	,50930897927061	0
1196	1	8	EV37	3	venlafaxine	1	0	0	2	1	0	0	0	0	0	0	0	0	0	0	0	0	0	0	0	0	0	0	0	0	0	0	0	0	0	0	0	0	0	0	0	0	0	0	0	0	0	0	0	0	0	0	0	0	0	0	0	0	0	0	0	0	0	0	0	1	1	0	0	0	0	1	0	0	0	0	0	0	0	0	0	0	0	0	0	0	0	0	0	0	0	0	0	0	0	0	0	0	0	0	0	0	0	0	0	2	0	0	0	0	0	0	0	0	0	0	0	0	0	0	0	0	1	,446	-,21684573472722	0	,477627267694488	0
1197	1	8	EV37	3	verapamil	3	1	0	1	0	3	0	0	0	0	0	0	0	0	0	0	0	0	0	0	1	0	0	0	0	2	0	0	3	3	3	0	0	0	0	1	0	0	0	0	0	0	0	0	0	0	0	0	0	0	0	0	0	0	0	0	0	0	0	0	0	2	0	1	0	0	4	0	2	0	0	1	0	0	0	0	0	0	0	0	0	0	0	0	0	0	0	0	0	0	0	0	0	0	0	0	0	0	0	0	10	0	0	0	0	0	0	0	0	0	0	0	0	0	0	0	0	1	,43	-,281851152140988	0	,479376569981594	0
1198	1	8	EV37	3	vincristine	0	0	0	1	2	2	0	0	0	0	0	0	0	0	0	1	0	0	0	0	0	0	0	0	0	0	0	0	1	1	2	0	0	1	0	2	0	0	1	0	0	0	0	0	0	0	0	0	0	0	0	0	0	0	0	0	0	0	0	0	1	0	0	3	0	0	2	1	1	0	0	1	0	0	0	0	0	0	0	0	0	0	0	0	0	0	0	0	0	0	0	0	0	0	0	0	0	0	0	0	6	0	0	0	0	0	0	0	0	0	0	0	0	0	0	0	0	1	,42	-,322773392263051	0	,309187365412669	0
1073	1	8	EV37	3	desvenlafaxine	0	0	0	0	0	0	0	1	0	0	0	0	0	0	0	0	0	0	0	0	0	0	0	0	0	0	0	0	0	0	0	0	0	0	0	0	0	0	0	0	0	0	0	0	0	0	0	0	0	0	0	0	0	0	1	0	0	0	0	0	0	0	0	0	0	0	0	0	0	0	0	0	0	0	0	0	0	0	0	0	0	0	0	0	0	0	0	0	0	0	0	0	0	0	0	0	0	0	0	0	2	0	0	0	0	0	0	0	0	0	0	0	0	0	0	0	0	1	,467	-,132192166496947	0	,414123124462701	0
1154	1	8	EV37	3	propafenone	0	0	0	2	1	0	1	0	0	0	0	1	1	0	0	0	0	0	0	0	0	0	0	0	0	1	0	0	1	0	0	0	1	0	0	0	0	0	0	0	0	0	0	0	0	0	0	0	0	0	0	0	0	0	0	0	0	0	0	0	0	0	0	0	0	0	1	0	1	0	0	1	0	0	0	0	0	0	0	0	0	0	0	0	0	0	0	0	0	0	0	0	0	0	0	0	0	0	0	0	2	0	0	0	0	0	0	0	0	0	0	0	0	0	0	0	0	1	,704	,866418901833982	0	,547661780873178	0
1371	2	1	EV37	3	vitamin a	84	23	1	0	31	120	4	2	0	0	11	18	8	2	8	19	0	0	2	8	45	3	1	1	7	6	0	0	32	167	163	16	22	64	0	59	0	0	17	1	7	6	1	0	6	0	8	1	2	0	0	0	1	3	3	0	3	0	0	0	17	26	9	136	3	0	65	9	29	10	0	46	0	1	0	8	1	0	6	0	0	0	0	0	0	0	0	4	0	0	0	0	222	0	0	5	102	0	0	0	0	0	0	3	0	0	0	0	0	0	0	0	0	12	22	3	156	1	0	-6,90675477864855	0	,00183825793056682	0
1313	2	1	EV37	3	octreotide	36	9	0	16	16	43	1	0	0	0	2	16	9	0	5	3	0	0	2	2	5	0	2	0	0	8	0	0	12	39	56	5	31	30	0	28	0	0	9	0	4	1	0	0	1	0	3	0	1	1	1	1	0	3	9	0	2	0	0	0	0	23	4	33	0	0	51	3	19	5	0	27	0	2	0	4	0	0	3	0	0	0	0	0	0	0	0	2	0	0	0	0	94	0	0	1	57	0	0	0	0	0	0	3	0	0	0	0	0	0	0	0	0	6	19	3	85	1	0	-6,90675477864855	0	,0075956340030357	0
1220	2	1	EV37	3	atomoxetine	0	0	0	2	0	0	0	0	0	0	0	0	0	0	0	0	0	0	0	0	1	0	0	0	0	0	0	0	0	0	0	0	0	0	0	0	0	0	0	0	0	0	0	0	2	0	0	0	0	0	0	0	0	0	0	0	0	0	0	0	0	0	0	0	0	0	1	0	1	0	0	1	0	0	0	0	0	0	1	0	0	0	0	0	0	0	0	0	0	0	0	0	2	0	0	0	2	0	0	0	0	0	0	0	0	0	0	0	0	0	0	0	0	1	1	0	3	1	,251	-1,09328604438544	0	,410692705804679	0
1326	2	1	EV37	3	propafenone	7	1	1	18	11	14	0	0	0	0	2	5	2	0	1	1	0	0	0	0	5	0	0	0	1	1	0	0	7	7	17	2	3	1	0	14	0	0	3	1	1	2	0	0	1	0	0	0	0	0	0	0	0	17	0	0	2	0	0	0	0	2	1	3	0	0	8	0	8	1	0	17	0	0	0	1	0	0	1	0	0	0	0	0	0	0	0	1	0	0	0	0	52	0	0	0	9	0	0	0	0	0	0	0	0	0	0	0	0	0	0	0	0	2	1	0	22	1	,421	-,318669643890614	0	,668886172667048	0
1257	2	1	EV37	3	estradiol	4	0	0	0	0	0	0	0	0	0	0	0	0	0	0	0	0	0	0	0	1	0	0	0	0	0	0	0	0	0	0	0	4	0	0	0	0	0	0	0	0	0	0	0	0	0	0	0	0	0	0	0	0	0	0	0	0	0	0	0	0	0	0	0	0	0	2	0	0	1	0	1	0	0	0	0	0	0	0	0	0	0	0	0	0	0	0	0	0	0	0	0	2	0	0	0	3	0	0	0	0	0	0	0	0	0	0	0	0	0	0	0	0	1	0	0	2	1	,404	-,3888257891042	0	,475996485050033	0
1274	2	1	EV37	3	gabapentin	1	0	0	0	0	0	0	0	0	0	0	0	0	0	0	0	0	0	0	0	0	0	0	0	0	0	0	0	0	0	1	0	6	0	0	0	0	0	0	0	0	0	0	0	0	0	0	0	0	0	0	0	0	0	1	0	0	0	0	0	0	0	0	0	0	0	2	0	2	0	0	2	0	0	0	0	0	0	1	0	0	0	0	0	0	0	0	0	0	0	0	0	2	0	0	0	4	0	0	0	0	0	0	0	0	0	0	0	0	0	0	0	0	2	1	0	2	1	,399	-,409633517645344	0	,453410614346343	0
1248	2	1	EV37	3	donepezil	0	0	0	0	0	0	0	0	0	0	0	0	0	0	0	0	0	0	0	0	0	0	0	0	0	0	0	0	0	0	1	0	4	0	0	0	0	0	0	0	0	0	0	0	0	0	0	0	0	0	0	0	0	0	1	0	0	0	0	0	0	0	0	0	0	0	0	0	1	0	0	1	0	0	0	1	0	0	1	0	0	0	0	0	0	0	0	0	0	0	0	0	0	0	0	0	2	0	0	0	0	0	0	0	0	0	0	0	0	0	0	0	0	2	1	0	2	1	,401	-,40130017080888	0	,463892525316631	0
1306	2	1	EV37	3	milnacipran	0	0	0	0	0	0	0	0	0	0	0	0	0	0	0	0	0	0	0	0	0	0	0	0	0	0	0	0	0	0	0	0	3	0	0	0	0	0	0	0	0	0	0	0	0	0	0	0	0	0	0	0	0	0	0	0	0	0	0	0	0	0	0	0	0	0	0	0	1	0	0	1	0	0	0	0	0	0	1	0	0	0	0	0	0	0	0	0	0	0	0	0	0	0	0	0	1	0	0	0	0	0	0	0	0	0	0	0	0	0	0	0	0	1	1	0	2	1	,43	-,281851152140988	0	,445804265401751	0
1211	2	1	EV37	3	alfuzosin	0	0	0	0	0	0	0	0	0	0	0	0	0	0	0	0	0	0	0	0	0	0	0	0	0	0	0	0	0	0	1	0	2	0	0	0	0	0	0	0	0	0	0	0	0	0	0	0	0	0	0	0	0	0	0	0	0	0	0	0	0	0	0	0	0	0	0	0	1	0	0	1	0	0	0	0	0	0	1	0	0	0	0	0	0	0	0	0	0	0	0	0	0	0	0	0	1	0	0	0	0	0	0	0	0	0	0	0	0	0	0	0	0	1	1	0	2	1	,431	-,277772344022583	0	,46773393430598	0
1298	2	1	EV37	3	metformin	0	0	0	0	0	0	0	0	0	0	0	0	0	0	0	0	0	0	0	0	0	0	0	0	0	0	0	0	0	0	1	0	6	0	0	0	0	0	0	0	0	0	0	0	0	0	0	0	0	0	0	0	0	0	0	0	0	0	0	0	0	0	0	0	0	0	0	0	1	0	0	2	0	0	0	0	0	0	1	0	0	0	0	0	0	0	0	0	0	0	0	0	0	0	0	0	3	0	0	0	0	0	0	0	0	0	0	0	0	0	0	0	0	2	1	0	2	1	,428	-,290015795798001	0	,467102061530271	0
1207	2	1	EV37	3	acarbose	0	0	0	0	0	0	0	0	0	0	0	0	0	0	0	0	0	0	0	0	0	0	0	0	0	0	0	0	0	0	0	0	2	0	0	0	0	0	0	0	0	0	0	0	0	0	0	0	0	0	0	0	0	0	0	0	0	0	0	0	0	0	0	0	0	0	0	0	1	0	0	1	0	0	0	0	0	0	1	0	0	0	0	0	0	0	0	0	0	0	0	0	0	0	0	0	0	0	0	0	0	0	0	0	0	0	0	0	0	0	0	0	0	1	1	0	2	1	,432	-,273695830477041	0	,463268670829084	0
1347	2	1	EV37	3	succimer	0	0	0	0	0	0	0	0	0	0	0	0	0	0	0	0	0	0	0	0	0	0	0	0	0	0	0	0	0	0	0	0	2	0	0	0	0	0	0	0	0	0	0	0	0	0	0	0	0	0	0	0	0	0	0	0	0	0	0	0	0	0	0	0	0	0	0	0	1	0	0	1	0	0	0	0	0	0	1	0	0	0	0	0	0	0	0	0	0	0	0	0	0	0	0	0	0	0	0	0	0	0	0	0	0	0	0	0	0	0	0	0	0	1	1	0	2	1	,432	-,273695830477041	0	,446234443438166	0
1245	2	1	EV37	3	desvenlafaxine	0	0	0	2	0	0	0	0	0	0	0	0	0	0	0	0	0	0	0	0	0	0	0	0	0	0	0	0	0	0	1	0	0	0	0	0	0	0	0	0	0	0	0	0	0	0	0	0	0	0	0	0	0	0	1	0	0	0	0	0	0	0	0	0	0	0	1	0	1	0	0	2	0	0	0	0	0	0	1	0	0	0	0	0	0	0	0	0	0	0	0	0	1	0	0	0	1	0	0	0	0	0	0	0	0	0	0	0	0	0	0	0	0	1	1	0	2	1	,406	-,380526159760912	0	,392610162350412	0
1338	2	1	EV37	3	ropinirole	0	0	0	6	0	0	0	0	0	0	0	0	0	0	0	0	0	0	0	0	0	0	0	0	0	0	0	0	0	0	0	0	1	0	0	0	0	0	0	0	0	0	0	0	0	0	0	0	0	0	0	0	0	0	0	0	0	0	0	0	0	0	0	16	0	0	2	0	1	0	0	1	0	0	0	0	0	0	1	0	0	0	0	0	0	0	0	0	0	0	0	0	19	0	0	0	1	0	0	0	0	0	0	0	0	0	0	0	0	0	0	0	0	1	1	0	3	1	,442	-,233049080303613	0	,482532569417559	0
1219	2	1	EV37	3	atenolol	0	0	0	0	0	0	0	0	0	0	0	0	0	0	0	0	0	0	0	1	0	0	0	0	0	0	0	0	0	0	0	0	3	0	0	0	0	0	0	0	0	0	0	0	0	0	0	0	0	0	0	0	0	0	0	0	0	0	0	0	0	0	0	0	0	0	2	0	0	0	0	1	0	0	0	0	0	0	0	0	0	0	0	0	0	0	0	0	0	0	0	0	0	0	0	0	3	0	0	0	0	0	0	0	0	0	0	0	0	0	0	0	0	1	0	0	0	1	,436	-,257412008149024	0	,47863018655981	0
1249	2	1	EV37	3	doxorubicin	0	0	0	0	0	0	0	0	0	0	0	0	0	0	0	0	0	0	0	1	0	0	0	0	0	0	0	0	0	0	0	0	6	0	0	0	0	0	0	0	0	0	0	0	0	0	0	0	0	0	0	0	0	0	0	0	0	0	0	0	0	0	0	0	0	0	5	0	1	0	0	2	0	0	0	1	0	0	1	0	0	0	0	0	0	0	0	0	0	0	0	0	2	0	0	0	5	0	0	0	0	0	0	0	0	0	0	0	0	0	0	0	0	2	1	0	2	1	,441	-,237104597708253	0	,481351204104051	0
1216	2	1	EV37	3	amphotericin b	0	0	0	0	0	0	0	0	0	0	0	0	0	0	0	0	0	0	0	1	0	0	0	0	0	0	0	0	0	0	1	0	7	0	0	0	0	0	0	0	0	0	0	0	0	0	0	0	0	0	0	0	0	0	0	0	0	0	0	0	0	0	0	0	0	0	3	0	2	0	0	3	0	1	0	1	0	0	1	0	0	0	0	0	0	0	0	0	0	0	0	0	1	0	0	1	4	0	0	0	0	0	0	0	0	0	0	0	0	0	0	0	0	2	1	0	2	1	,446	-,21684573472722	0	,472759538147168	0
1325	2	1	EV37	3	pregabalin	0	0	0	6	0	0	0	0	0	0	0	0	0	0	0	0	0	0	0	0	0	0	0	0	0	0	0	0	0	0	0	0	1	0	0	0	0	0	0	0	0	0	0	0	0	0	0	0	0	0	0	0	0	0	0	0	0	0	0	0	0	0	0	0	0	0	0	0	3	1	0	2	0	0	0	0	0	0	1	0	0	0	0	0	0	0	0	0	0	0	0	0	2	0	0	0	2	0	0	0	0	0	0	0	0	0	0	0	0	0	0	0	0	1	1	0	3	1	,44	-,241162056816888	0	,49439074138565	0
1309	2	1	EV37	3	nelarabine	0	0	0	5	1	1	0	0	0	0	0	0	0	0	0	0	0	0	0	0	0	0	0	0	0	0	0	0	0	0	0	0	0	0	0	0	0	0	0	0	0	0	0	0	0	0	0	0	0	0	0	0	0	0	0	0	0	0	0	0	0	0	0	0	0	0	1	0	1	0	0	1	0	0	0	0	0	0	2	0	0	0	0	0	0	0	0	0	0	0	0	0	4	0	0	0	1	0	0	0	0	0	0	0	0	0	0	0	0	0	0	0	0	1	2	0	3	1	,448	-,20875481386211	0	,473524056832879	0
1210	2	1	EV37	3	alendronate	0	0	0	0	0	0	0	0	0	0	0	0	0	0	0	0	0	0	0	2	0	0	0	0	0	0	0	0	0	0	0	0	3	0	0	0	0	0	0	0	0	0	0	0	0	0	0	0	0	0	0	0	0	0	0	0	0	0	0	0	0	0	0	0	0	0	0	0	0	0	0	1	0	0	0	0	0	0	0	0	0	0	0	0	0	0	0	0	0	0	0	0	0	0	0	0	3	0	0	0	0	0	0	0	0	0	0	0	0	0	0	0	0	1	0	0	0	1	,452	-,192593107115784	0	,47481597270759	0
1240	2	1	EV37	3	danazol	2	0	0	0	0	0	0	0	0	0	0	0	0	0	0	0	0	0	0	2	0	0	0	0	0	0	0	0	0	1	0	0	0	0	0	0	0	0	0	0	0	0	0	0	0	0	0	0	0	0	0	0	0	0	0	0	0	0	0	0	0	0	0	0	0	0	3	0	1	0	0	2	0	0	0	0	0	0	1	0	0	0	0	0	0	0	0	0	0	0	0	0	0	0	0	0	3	0	0	0	0	0	0	0	0	0	0	0	0	0	0	0	0	2	1	0	2	1	,465	-,14022934130865	0	,515945139325549	0
1319	2	1	EV37	3	penicillamine	1	0	0	0	0	0	0	0	0	0	0	0	0	0	0	0	0	0	0	3	0	0	0	0	0	0	0	0	0	0	0	0	0	0	0	0	0	0	0	0	0	0	0	0	0	0	0	0	0	0	0	0	0	0	0	0	0	0	0	0	0	0	0	0	0	0	1	0	0	0	0	1	0	0	0	0	0	0	0	0	0	0	0	0	0	0	0	0	0	0	0	0	0	0	0	0	3	0	0	0	0	0	0	0	0	0	0	0	0	0	0	0	0	1	0	0	0	1	,468	-,128175193423998	0	,488129016683727	0
1327	2	1	EV37	3	propoxyphene	6	0	0	0	6	17	0	0	0	0	0	2	2	0	0	0	0	0	0	0	1	0	0	0	0	0	0	0	10	11	15	3	0	0	0	16	0	0	4	0	1	1	0	0	2	0	0	1	0	1	0	0	0	0	0	0	2	0	0	0	3	0	0	6	0	0	4	0	5	0	0	15	0	0	0	0	1	0	3	0	0	0	0	0	0	0	0	1	0	0	0	0	38	0	0	2	6	0	0	0	0	0	0	0	0	0	0	0	0	0	0	0	0	4	1	0	17	1	,468	-,128175193423998	0	,478497309565764	0
1291	2	1	EV37	3	leuprolide	9	2	0	14	8	9	0	0	0	0	0	3	2	0	0	1	0	0	0	2	1	0	0	0	0	0	0	0	2	6	7	0	9	2	1	9	0	0	2	0	2	0	0	0	0	0	1	0	0	0	0	0	0	1	1	0	0	0	0	0	0	3	0	8	0	0	11	0	9	2	0	10	0	1	0	2	0	0	1	0	0	0	0	0	0	0	0	2	0	0	0	0	32	0	0	1	15	0	0	0	0	0	0	1	0	0	0	0	0	0	0	0	0	2	8	2	28	1	,5	0	0	,473750870751863	0
1314	2	1	EV37	3	orlistat	0	0	0	0	0	0	0	0	0	0	0	0	0	0	0	0	0	0	0	0	0	0	0	0	0	0	0	0	0	0	1	0	0	0	0	0	0	0	0	1	0	0	0	0	0	0	0	0	0	0	0	0	0	0	0	0	0	0	0	0	0	0	0	0	0	0	2	0	1	0	0	2	0	0	0	0	0	0	1	0	0	0	0	0	0	0	0	0	0	0	0	0	0	0	0	0	1	0	0	0	0	0	0	0	0	0	0	0	0	0	0	0	0	1	1	0	2	1	,464	-,144249608844547	0	,480094805568882	0
1364	2	1	EV37	3	triptorelin pamoate	0	0	0	0	0	0	0	0	0	0	0	0	0	0	0	0	0	0	0	0	0	0	0	0	0	0	0	0	0	41	0	0	6	0	0	0	0	0	0	0	0	0	0	0	0	0	0	0	0	0	0	0	0	0	0	0	0	0	0	0	0	0	0	3	0	0	1	0	0	0	1	0	0	0	0	0	0	0	0	0	0	0	0	0	0	0	0	0	0	0	0	0	26	0	0	0	0	0	0	0	0	0	0	0	0	0	0	0	0	0	0	0	0	0	0	0	21	1	,673	,721785158747475	0	,523316320122553	0
1294	2	1	EV37	3	levothyroxine	1	0	1	0	0	0	0	1	0	0	0	0	0	0	0	0	0	0	0	0	0	0	0	0	0	0	0	0	0	0	0	0	0	0	0	0	0	0	0	0	0	0	0	0	0	0	0	0	0	0	0	0	0	0	0	0	0	0	0	0	0	0	1	0	0	0	1	0	0	0	0	0	0	0	0	0	0	0	0	0	0	0	0	0	0	0	0	0	0	0	0	0	2	0	0	0	1	0	0	0	0	0	0	0	0	0	0	0	0	0	0	0	0	0	0	0	1	1	,532	,128175193423998	0	,48488350200114	0
1367	2	1	EV37	3	valproic acid	199	24	1	0	42	65	0	2	2	0	12	19	12	2	6	7	0	0	2	6	13	1	1	0	4	2	0	0	61	235	109	19	27	36	2	46	0	0	14	0	4	5	0	0	1	0	2	1	0	0	0	0	0	20	1	0	3	31	0	0	13	18	3	266	1	0	70	3	32	11	3	51	0	1	0	7	1	0	6	0	0	0	0	0	0	0	0	2	0	0	0	0	362	0	0	5	94	0	0	0	0	0	0	3	0	0	0	0	0	0	0	0	0	15	22	4	207	1	,005	-5,29330482472449	0	,0112405413926379	0
1353	2	1	EV37	3	terbutaline	32	9	1	2	15	20	0	0	0	0	0	9	3	0	3	1	0	0	0	4	8	0	1	0	3	1	0	0	20	45	22	2	6	2	0	17	0	0	9	0	4	3	0	1	0	0	0	0	0	0	0	0	0	0	0	0	1	0	0	0	0	5	1	24	0	0	27	2	14	2	0	13	0	1	0	3	1	0	3	0	0	0	0	0	0	0	0	2	0	0	0	0	78	0	0	4	44	0	0	0	0	0	0	2	0	0	0	0	0	0	0	0	0	7	9	2	47	1	,371	-,527929194093005	0	,524709354625826	0
1300	2	1	EV37	3	mexiletine	0	0	0	0	0	0	0	0	0	0	0	0	0	0	0	0	0	0	0	3	0	0	0	0	0	0	0	0	0	0	1	0	3	0	0	0	0	0	0	2	0	0	0	0	0	0	0	0	0	0	0	0	0	0	0	0	0	0	0	0	0	0	0	0	0	0	0	0	1	0	0	2	0	0	0	0	0	0	1	0	0	0	0	0	0	0	0	0	0	0	0	0	1	0	0	0	3	0	0	0	0	0	0	0	0	0	0	0	0	0	0	0	0	2	1	0	2	1	,543	,172425929039731	0	,489296596229167	0
1297	2	1	EV37	3	memantine	22	5	0	30	13	13	0	0	0	0	2	10	4	1	0	0	0	0	2	0	4	0	2	0	2	0	0	0	4	27	39	5	9	0	0	13	0	0	5	0	3	2	0	0	0	0	0	0	0	0	0	0	0	5	0	0	0	0	0	0	4	13	0	16	0	0	24	0	13	5	1	21	0	2	0	2	0	0	2	0	0	0	0	0	0	0	0	1	0	0	0	0	66	0	0	2	34	0	0	0	0	0	0	1	0	0	0	0	0	0	0	0	0	6	11	3	40	1	,346	-,636668576399475	0	,543677164056846	0
1241	2	1	EV37	3	daptomycin	9	3	0	0	12	33	0	0	0	0	0	3	11	0	0	1	0	0	1	3	9	0	0	0	0	2	0	0	6	21	33	5	9	4	1	25	0	0	14	0	2	1	0	0	0	0	1	1	0	0	0	0	1	3	3	0	1	0	0	0	0	0	7	16	0	0	18	3	10	4	0	17	0	0	0	3	0	0	3	0	0	0	0	0	0	0	0	2	0	0	0	0	53	0	0	1	23	0	0	0	0	0	0	1	0	0	0	0	0	0	0	0	0	2	3	0	31	1	,574	,298190050050196	0	,572486127826648	0
1299	2	1	EV37	3	metoprolol	67	23	0	6	11	38	0	0	0	0	1	10	4	0	1	5	0	0	0	11	17	1	2	0	3	4	0	0	29	73	70	1	15	1	0	59	0	0	24	1	4	6	0	0	0	0	0	1	0	0	0	0	0	0	0	0	2	0	0	0	1	6	0	33	0	0	38	4	15	6	2	42	0	1	0	4	0	0	3	0	0	0	0	0	0	0	0	1	0	0	0	0	178	0	0	3	41	0	0	0	0	0	0	2	0	0	0	0	0	0	0	0	0	8	10	2	84	1	,055	-2,84385174226127	0	,187522567859938	0
1368	2	1	EV37	3	venlafaxine	17	7	0	50	15	17	4	0	0	0	0	3	7	1	1	4	0	0	1	5	9	0	0	0	1	0	0	0	0	12	26	1	0	0	0	22	0	0	11	0	3	2	0	0	0	0	0	0	0	0	0	0	0	0	0	0	2	0	0	0	3	4	1	16	0	0	23	0	14	3	2	23	0	1	0	3	1	0	3	0	0	0	0	0	0	0	0	1	0	0	0	0	76	0	0	2	28	0	0	0	0	0	0	0	0	0	0	0	0	0	0	0	0	4	6	2	40	1	,984	4,11903717481247	0	,93586344101063	0
1215	2	1	EV37	3	amphetamine	71	13	2	0	33	59	0	3	0	0	4	3	4	2	4	5	0	0	0	5	22	0	0	0	7	0	0	0	27	143	135	7	8	16	0	37	1	0	14	1	3	7	0	0	2	0	0	0	0	0	0	0	3	2	2	0	2	2	0	0	4	4	7	113	0	0	15	0	26	8	2	38	0	1	0	5	0	0	4	0	0	0	0	0	0	0	0	3	0	0	0	0	217	0	0	4	58	0	0	0	0	0	0	2	0	0	0	0	0	0	0	0	0	5	15	4	148	1	,686	,781484641817632	0	,602256542558941	0
1370	2	1	EV37	3	vincristine	154	32	6	7	34	94	0	0	0	1	7	30	14	2	6	13	0	0	2	4	23	1	0	1	8	11	0	0	36	230	106	6	30	16	0	47	0	0	16	1	3	8	0	0	1	0	1	2	1	0	0	0	0	10	1	0	0	0	0	0	6	4	7	108	5	0	57	13	24	5	2	39	0	0	0	4	1	0	5	0	0	0	0	0	0	0	0	4	0	0	0	0	336	0	0	5	56	0	0	0	0	0	0	3	0	0	0	0	0	0	0	0	0	7	24	4	167	1	,974	3,62331476562105	0	,360220301809576	0
1369	2	1	EV37	3	verapamil	93	48	3	12	35	197	3	1	0	0	2	31	22	6	6	16	0	0	5	35	85	1	4	0	16	11	0	0	36	438	308	7	16	9	0	148	0	0	68	2	7	21	0	0	1	0	1	2	2	0	0	0	5	6	1	0	20	0	0	0	7	35	6	238	2	0	73	2	34	9	2	76	0	1	0	4	1	1	5	0	0	0	0	0	0	0	0	5	0	0	0	0	519	0	0	7	100	0	0	0	0	0	0	3	0	0	0	0	0	0	0	0	0	12	23	3	223	1	1	6,90675477864855	0	,963279125240108	0
1543	2	2	EV37	3	vitamin a	49	25	0	0	27	78	0	0	0	0	10	18	11	0	5	12	0	2	1	7	29	3	0	2	3	7	0	0	14	68	122	11	15	53	0	39	0	0	13	1	11	5	1	0	7	0	8	0	0	0	0	0	1	4	0	0	2	1	0	0	16	29	8	81	0	0	49	7	53	30	1	35	0	2	0	12	2	0	1	0	0	1	0	0	8	2	0	10	0	0	0	0	0	0	0	0	208	0	0	0	0	0	0	16	0	0	0	0	0	0	0	0	0	84	26	9	116	1	0	-6,90675477864855	0	,0012531168842202	0
1485	2	2	EV37	3	octreotide	30	10	0	15	22	34	0	0	0	0	0	15	6	1	4	2	0	0	3	1	9	0	3	0	0	5	0	0	9	31	38	0	17	19	0	17	0	0	8	0	5	0	0	0	0	0	3	0	1	1	0	0	0	0	4	0	2	0	0	0	0	17	3	18	0	0	52	2	47	26	0	23	1	0	0	9	8	0	1	0	0	0	0	0	7	2	0	12	0	0	0	0	0	0	0	0	108	0	0	0	0	0	0	9	0	0	0	0	0	0	0	0	0	40	23	8	89	1	,001	-6,90675477864855	0	,005187370528596	0
1499	2	2	EV37	3	propoxyphene	3	1	0	0	5	8	0	0	0	0	0	0	1	0	0	2	0	0	0	1	0	0	0	0	0	0	0	0	8	1	5	3	0	0	0	6	0	0	2	0	2	0	0	0	1	0	0	0	0	0	0	0	0	2	0	0	0	0	0	0	2	0	0	1	0	0	8	0	9	1	2	9	0	0	0	3	2	0	0	0	0	1	0	0	2	0	0	1	0	0	0	0	0	0	0	0	12	0	0	0	0	0	0	1	0	0	0	0	0	0	0	0	0	8	5	0	19	1	,371	-,527929194093005	0	,384655467267159	0
1536	2	2	EV37	3	triptorelin pamoate	0	0	0	0	0	2	0	0	0	0	0	0	0	0	0	0	0	0	0	0	1	0	0	0	0	0	0	0	0	2	2	1	2	0	0	1	1	0	0	1	0	1	0	0	0	0	0	1	0	0	0	0	0	0	0	0	0	0	0	0	0	0	0	2	0	0	0	0	2	0	0	0	0	0	0	0	0	0	0	0	0	0	0	0	0	0	0	0	0	0	0	0	0	0	0	0	2	0	0	0	0	0	0	1	0	0	0	0	0	0	0	0	0	1	1	0	3	1	,291	-,890532259360635	0	,42789677193914	0
1463	2	2	EV37	3	leuprolide	2	1	0	10	1	5	0	0	0	0	0	1	1	0	0	1	0	0	0	1	2	0	0	0	0	2	0	0	5	8	2	0	14	0	0	6	0	0	1	0	1	0	0	0	0	0	0	0	0	0	0	0	0	0	0	0	0	0	0	0	0	2	2	7	0	0	7	1	13	6	0	6	0	0	0	2	2	0	0	0	0	0	0	0	3	1	0	3	0	0	0	0	0	0	0	0	36	0	0	0	0	0	0	6	0	0	0	0	0	0	0	0	0	22	7	2	25	1	,356	-,592767995252323	0	,380161317075674	0
1470	2	2	EV37	3	metformin	1	0	0	0	0	0	0	0	0	0	0	0	0	0	0	0	0	0	0	0	0	0	0	0	0	1	0	0	0	0	1	0	8	0	0	0	0	0	0	0	0	0	0	0	0	0	0	0	0	0	0	0	0	0	0	0	0	0	0	0	0	0	0	0	0	0	1	0	4	1	0	2	0	0	0	0	2	0	0	0	0	0	0	0	0	0	0	0	0	0	0	0	0	0	0	0	7	0	0	0	0	0	0	0	0	0	0	0	0	0	0	0	0	2	1	0	2	1	,379	-,493794876851052	0	,373892776400136	0
1417	2	2	EV37	3	desvenlafaxine	0	0	0	1	0	0	0	0	0	0	0	0	0	0	0	0	0	0	0	0	0	0	0	0	0	0	0	0	0	0	1	0	0	0	0	0	0	0	0	0	0	0	0	0	0	0	0	0	0	0	0	0	0	0	0	0	0	0	0	0	0	0	0	0	0	0	3	0	1	0	0	1	0	0	0	0	1	0	0	0	0	0	0	0	1	0	0	0	0	0	0	0	0	0	0	0	0	0	0	0	0	0	0	0	0	0	0	0	0	0	0	0	0	2	1	0	4	1	,408	-,372239460479844	0	,305737318932698	0
1478	2	2	EV37	3	milnacipran	0	0	0	0	0	0	0	0	0	0	0	0	0	0	0	0	0	0	0	0	0	0	0	0	0	0	0	0	0	0	0	0	1	0	0	0	0	0	0	0	0	0	0	0	0	0	0	0	0	0	0	0	0	0	1	0	0	0	0	0	0	0	0	0	0	0	0	0	1	0	0	1	0	0	0	0	1	0	0	0	0	0	0	0	0	0	0	0	0	0	0	0	0	0	0	0	1	0	0	0	0	0	0	0	0	0	0	0	0	0	0	0	0	1	1	0	1	1	,376	-,506561224979533	0	,354021543587252	0
1420	2	2	EV37	3	donepezil	0	0	0	0	0	0	0	0	0	0	0	0	0	0	0	0	0	0	0	0	0	0	0	0	0	0	0	0	0	0	1	0	1	0	0	0	0	0	0	0	0	0	0	0	0	0	0	0	0	0	0	0	0	0	1	0	0	0	0	0	0	0	0	0	0	0	1	0	1	0	0	1	0	0	0	0	1	0	0	0	0	0	0	0	0	0	0	0	0	0	0	0	0	0	0	0	1	0	0	0	0	0	0	0	0	0	0	0	0	0	0	0	0	1	1	0	1	1	,377	-,502301331339442	0	,370877961817449	0
1519	2	2	EV37	3	succimer	0	0	0	0	0	0	0	0	0	0	0	0	0	0	0	0	0	0	0	0	0	0	0	0	0	0	0	0	0	0	0	0	0	0	0	0	0	0	0	0	0	0	0	0	0	0	0	0	0	0	0	0	0	0	1	0	0	0	0	0	0	0	0	0	0	0	0	0	1	0	0	1	0	0	0	0	1	0	0	0	0	0	0	0	0	0	0	0	0	0	0	0	0	0	0	0	0	0	0	0	0	0	0	0	0	0	0	0	0	0	0	0	0	1	1	0	1	1	,378	-,498045897119592	0	,354419795591438	0
1383	2	2	EV37	3	alfuzosin	0	0	0	0	0	0	0	0	0	0	0	0	0	0	0	0	0	0	0	0	0	0	0	0	0	1	0	0	0	0	0	0	2	0	0	0	0	0	0	0	0	0	0	0	0	0	0	0	0	0	0	0	0	0	0	0	0	0	0	0	0	0	0	0	0	0	1	0	1	0	0	1	0	0	0	0	1	0	0	0	0	0	0	0	0	0	0	0	0	0	0	0	0	0	0	0	0	0	0	0	0	0	0	0	0	0	0	0	0	0	0	0	0	2	1	0	2	1	,405	-,384674338439091	0	,374487167611847	0
1379	2	2	EV37	3	acarbose	0	0	0	0	0	0	0	0	0	0	0	0	0	0	0	0	0	0	0	0	0	0	0	0	0	0	0	0	0	0	0	0	2	0	0	0	0	0	0	0	0	0	0	0	0	0	0	0	0	0	0	0	0	0	0	0	0	0	0	0	0	0	0	0	0	0	0	0	1	0	0	1	0	0	0	0	1	0	0	0	0	0	0	0	0	0	0	0	0	0	0	0	0	0	0	0	0	0	0	0	0	0	0	0	0	0	0	0	0	0	0	0	0	1	1	0	3	1	,405	-,384674338439091	0	,370292796373255	0
1481	2	2	EV37	3	nelarabine	0	0	0	0	1	0	0	0	0	0	0	0	0	0	0	0	0	0	0	0	0	0	0	0	0	0	0	0	0	1	0	0	0	0	0	0	0	0	0	0	0	0	0	0	0	0	0	0	0	0	0	0	0	0	0	0	0	0	0	0	0	0	0	1	0	0	1	0	1	0	0	1	0	0	0	0	1	0	0	0	0	0	0	0	0	0	0	0	0	0	0	0	0	0	0	0	1	0	0	0	0	0	0	0	0	0	0	0	0	0	0	0	0	1	1	0	2	1	,41	-,363965377201412	0	,379946959955005	0
1466	2	2	EV37	3	levothyroxine	0	0	0	0	0	0	0	0	0	0	0	0	0	0	0	0	0	0	0	0	0	0	0	0	0	0	0	0	0	0	0	0	0	0	0	0	0	0	0	0	0	0	0	0	0	0	0	0	0	0	0	0	0	0	0	0	0	0	0	0	0	0	0	0	0	0	2	0	0	0	0	0	0	0	0	0	0	0	0	0	0	0	0	0	0	0	0	0	0	0	0	0	0	0	0	0	2	0	0	0	0	0	0	0	0	0	0	0	0	0	0	0	0	0	0	0	1	1	,421	-,318669643890614	0	,390727588918589	0
1446	2	2	EV37	3	gabapentin	0	0	0	0	0	0	0	0	0	0	0	0	0	0	0	0	0	0	0	1	0	0	0	0	0	0	0	0	0	0	1	0	10	0	0	0	0	0	0	0	0	0	0	0	0	0	0	0	0	0	0	0	0	0	1	0	0	0	0	0	0	0	0	0	0	0	1	0	5	1	0	2	0	0	0	0	2	0	0	0	0	0	0	0	0	0	0	1	0	0	0	0	0	0	0	0	8	0	0	0	0	0	0	0	0	0	0	0	0	0	0	0	0	3	1	0	2	1	,365	-,5537276453102	0	,361082206953138	0
1510	2	2	EV37	3	ropinirole	0	0	0	2	0	0	0	0	0	0	0	0	0	0	0	0	0	0	0	0	0	0	0	0	0	0	0	0	0	0	0	0	1	0	0	0	0	0	0	0	0	0	0	0	0	0	0	0	0	0	0	0	0	0	0	0	0	0	0	0	0	0	0	0	0	0	0	0	1	0	0	1	0	0	0	1	1	0	0	0	0	0	0	0	0	0	0	0	0	0	0	0	0	0	0	0	2	0	0	0	0	0	0	0	0	0	0	0	0	0	0	0	0	1	1	0	1	1	,406	-,380526159760912	0	,388488877133525	0
1392	2	2	EV37	3	atomoxetine	1	0	0	1	1	0	0	0	0	0	0	0	0	0	0	0	0	0	0	0	0	0	0	0	0	0	0	0	0	0	0	0	1	1	0	0	0	0	0	0	0	0	0	0	0	0	0	0	0	0	0	0	0	0	0	0	0	0	0	0	1	0	1	0	0	0	3	0	1	0	0	2	0	0	0	0	1	0	1	0	0	0	0	0	0	0	0	0	0	0	0	0	0	0	0	0	2	0	0	0	0	0	0	0	0	0	0	0	0	0	0	0	0	1	1	0	1	1	,351	-,614646493238224	0	,321939484738749	0
1421	2	2	EV37	3	doxorubicin	0	0	0	0	0	0	0	0	0	0	0	0	0	0	0	0	0	0	0	1	0	0	0	0	0	0	0	0	0	0	0	0	8	0	0	0	0	0	0	0	0	0	0	0	0	0	0	0	0	0	0	0	0	0	0	0	0	0	0	0	0	0	0	0	0	0	4	0	5	1	0	2	0	0	0	0	2	0	0	0	0	0	0	0	0	0	0	0	0	0	0	0	0	0	0	0	9	0	0	0	0	0	0	0	0	0	0	0	0	0	0	0	0	2	1	0	1	1	,39	-,447312218043665	0	,387365399788667	0
1497	2	2	EV37	3	pregabalin	0	0	0	2	0	0	0	0	0	0	0	0	0	0	0	0	0	0	0	0	0	0	0	0	0	0	0	0	0	0	0	0	1	0	0	0	0	0	0	0	0	0	0	0	0	0	0	0	0	0	0	0	0	0	0	0	0	0	0	0	0	0	0	0	0	0	0	0	1	0	0	1	0	0	0	0	1	0	0	0	0	0	0	0	0	0	0	0	0	0	0	0	0	0	0	0	1	0	0	0	0	0	0	0	0	0	0	0	0	0	0	0	0	2	1	0	3	1	,408	-,372239460479844	0	,399821619870427	0
1486	2	2	EV37	3	orlistat	0	0	0	2	0	0	0	0	0	0	0	0	0	0	0	0	0	0	0	0	0	0	0	0	0	0	0	0	0	0	0	0	0	0	0	0	0	0	0	0	0	0	0	0	0	0	0	0	0	0	0	0	0	0	0	0	0	0	0	0	0	0	0	0	0	0	1	0	2	0	0	1	0	0	0	0	1	0	0	0	0	0	0	0	0	0	0	0	0	0	0	0	0	0	0	0	0	0	0	0	0	0	0	0	0	0	0	0	0	0	0	0	0	2	1	0	2	1	,409	-,368100861363296	0	,38617166194325	0
1542	2	2	EV37	3	vincristine	31	9	0	8	23	45	0	0	0	0	3	11	12	2	5	7	0	0	1	4	10	1	0	0	3	7	0	0	25	37	55	1	9	9	0	22	0	0	9	0	3	2	0	0	0	0	1	1	0	0	0	0	0	0	1	0	0	0	0	0	4	3	1	35	0	0	47	8	55	17	0	29	0	0	0	6	5	0	0	0	0	0	0	0	4	2	0	15	0	0	0	0	0	0	0	0	119	0	0	0	0	0	0	7	0	0	0	0	0	0	0	0	0	42	18	6	98	1	,141	-1,80700903160609	0	,277243029706029	0
1382	2	2	EV37	3	alendronate	0	0	0	0	0	0	0	0	0	0	0	0	0	0	0	0	0	0	0	1	0	0	0	0	0	0	0	0	0	0	0	0	7	0	0	0	0	0	0	0	0	0	0	0	0	0	0	0	0	0	0	0	0	0	0	0	0	0	0	0	0	0	0	0	0	0	2	0	3	1	0	1	0	0	0	0	1	0	0	0	0	0	0	0	0	0	0	0	0	0	0	0	0	0	0	0	7	0	0	0	0	0	0	0	0	0	0	0	0	0	0	0	0	1	0	0	0	1	,411	-,359832969155352	0	,381168411171491	0
1472	2	2	EV37	3	mexiletine	0	0	0	0	0	0	0	0	0	0	0	0	0	0	0	0	0	0	0	2	0	0	0	0	0	0	0	0	0	0	0	0	9	0	0	0	0	0	0	0	0	0	0	0	0	0	0	0	0	0	0	0	0	0	0	0	0	0	0	0	0	0	0	0	0	0	5	0	5	1	0	3	0	0	0	0	2	0	0	0	0	0	0	0	0	0	0	1	0	0	0	0	0	0	0	0	7	0	0	0	0	0	0	0	0	0	0	0	0	0	0	0	0	2	1	0	2	1	,408	-,372239460479844	0	,394940759238292	0
1388	2	2	EV37	3	amphotericin b	0	0	0	0	0	0	0	0	0	0	0	0	0	0	0	0	0	0	0	2	0	0	0	0	0	0	0	0	0	0	2	0	5	0	0	0	0	0	0	0	0	0	0	0	0	0	0	0	0	0	0	0	0	0	0	0	0	0	0	0	0	0	0	0	0	0	3	0	5	2	0	2	0	0	0	0	2	0	0	0	0	0	0	0	1	0	0	0	0	0	0	0	0	0	0	0	8	0	0	0	0	0	0	0	0	0	0	0	0	0	0	0	0	2	1	0	1	1	,409	-,368100861363296	0	,379224698017044	0
1391	2	2	EV37	3	atenolol	0	0	0	0	0	0	0	0	0	0	0	0	0	0	0	0	0	0	0	3	0	0	0	0	0	0	0	0	0	0	0	0	6	0	0	0	0	0	0	0	0	0	0	0	0	0	0	0	0	0	0	0	0	0	0	0	0	0	0	0	0	0	0	0	0	0	4	0	3	1	0	1	0	0	0	1	1	0	0	0	0	0	0	0	0	0	0	0	0	0	0	0	0	0	0	0	8	0	0	0	0	0	0	0	0	0	0	0	0	0	0	0	0	1	0	0	0	1	,442	-,233049080303613	0	,384781512289505	0
1471	2	2	EV37	3	metoprolol	49	9	0	13	13	38	0	0	0	0	2	20	11	1	2	4	0	0	1	11	26	0	2	0	7	8	0	0	20	50	57	5	26	4	0	59	0	0	25	0	7	3	0	0	1	0	0	2	0	1	0	0	0	2	0	0	4	0	0	0	2	28	0	18	0	0	68	2	69	25	1	31	0	2	0	12	9	0	2	0	0	0	0	0	11	1	0	22	0	0	0	0	0	0	0	0	132	0	0	0	0	0	0	10	0	0	0	0	0	0	0	0	0	61	17	9	161	1	,319	-,758371203364668	0	,135877666798827	0
1491	2	2	EV37	3	penicillamine	4	0	0	0	0	0	0	0	0	0	0	0	0	0	0	0	0	0	0	5	0	0	0	0	0	0	0	0	0	0	0	0	0	0	0	0	0	0	0	0	0	0	0	0	0	0	0	0	0	0	0	0	0	0	0	0	0	0	0	0	0	0	0	0	0	0	1	0	3	1	0	1	0	0	0	0	1	0	0	0	0	0	0	0	0	0	0	0	0	0	0	0	0	0	0	0	7	0	0	0	0	0	0	0	0	0	0	0	0	0	0	0	0	1	0	0	0	1	,475	-,100083458556983	0	,393824708448811	0
1413	2	2	EV37	3	daptomycin	6	2	0	0	10	10	0	0	0	0	0	1	10	0	0	0	0	0	1	0	1	0	0	0	2	1	0	0	1	2	9	1	5	5	0	1	0	0	1	0	5	0	0	0	0	0	2	0	0	0	0	0	0	0	3	0	0	0	0	0	0	0	2	5	0	0	15	1	13	3	0	9	0	1	0	2	1	0	0	0	0	0	0	0	0	0	0	2	0	0	0	0	0	0	0	0	32	0	0	0	0	0	0	1	0	0	0	0	0	0	0	0	0	15	4	1	20	1	,464	-,144249608844547	0	,47707391924304	0
1429	2	2	EV37	3	estradiol	5	0	1	0	0	0	0	0	0	0	0	0	0	0	0	0	0	0	0	1	1	0	0	0	0	0	0	0	0	1	0	0	7	0	0	0	0	0	0	1	0	0	0	0	0	0	0	0	0	0	0	0	0	0	0	0	0	0	0	0	0	0	1	1	0	0	0	0	5	1	0	1	0	0	0	0	1	0	0	0	0	0	0	0	0	0	0	1	0	0	0	0	0	0	0	0	12	0	0	0	0	0	0	0	0	0	0	0	0	0	0	0	0	3	0	0	3	1	,464	-,144249608844547	0	,382285571896022	0
1469	2	2	EV37	3	memantine	17	3	0	29	12	5	0	0	0	0	0	10	3	1	0	0	0	0	2	0	2	0	0	0	0	3	0	0	1	8	14	0	10	2	0	4	0	0	2	0	2	1	0	0	0	0	0	0	0	0	0	0	0	0	0	0	0	0	0	0	3	6	0	2	0	0	22	0	24	10	0	12	0	2	0	2	4	0	1	0	0	0	0	0	5	0	0	8	0	0	0	0	0	0	0	0	55	0	0	0	0	0	0	6	0	0	0	0	0	0	0	0	0	24	8	2	48	1	,536	,144249608844547	0	,448034489492049	0
1387	2	2	EV37	3	amphetamine	30	17	0	1	39	37	0	1	0	0	2	12	7	1	4	3	0	0	1	1	10	0	0	0	4	1	0	0	36	55	93	3	11	19	0	22	0	0	6	0	5	3	0	0	0	0	1	0	0	0	0	0	1	2	2	0	0	1	0	0	9	2	4	58	0	0	24	1	43	17	0	26	0	0	0	10	5	0	1	0	0	1	0	0	7	0	0	14	0	0	0	0	0	0	0	0	126	0	0	0	0	0	0	15	0	0	0	0	0	0	0	0	0	36	17	7	115	1	,16	-1,65822807660353	0	,507775835204187	0
1412	2	2	EV37	3	danazol	3	0	2	0	0	0	0	0	0	0	0	0	0	0	0	0	0	0	0	1	0	0	0	0	0	0	0	0	0	0	0	0	3	0	0	0	0	0	0	1	0	0	0	0	0	0	0	0	0	0	0	0	0	0	0	0	0	0	0	0	0	0	0	0	0	0	3	0	4	1	0	3	0	0	0	0	2	0	0	0	0	0	0	0	1	0	0	0	0	0	0	0	0	0	0	0	7	0	0	0	0	0	0	0	0	0	0	0	0	0	0	0	0	3	1	0	1	1	,588	,3557035985491	0	,420683486507959	0
1498	2	2	EV37	3	propafenone	8	2	1	12	8	7	0	0	0	0	0	4	4	0	1	1	0	0	0	6	2	0	0	0	0	0	0	0	12	8	14	1	4	0	0	11	0	0	4	0	6	1	0	0	0	0	0	0	0	0	0	0	0	0	0	0	2	0	0	0	0	4	1	4	0	0	17	0	27	1	1	9	0	0	0	3	5	0	1	0	0	0	0	0	1	0	0	7	0	0	0	0	0	0	0	0	24	0	0	0	0	0	0	3	0	0	0	0	0	0	0	0	0	6	6	1	46	1	,663	,676692059833501	0	,579173452231744	0
1539	2	2	EV37	3	valproic acid	75	15	1	0	27	49	0	2	0	0	0	14	9	3	3	2	0	0	0	11	13	0	0	0	2	1	0	0	38	77	59	3	23	28	0	23	0	0	6	0	7	2	0	0	0	0	1	0	0	0	0	0	0	0	3	0	1	10	0	0	7	10	2	87	0	0	58	0	62	28	2	34	1	1	0	10	3	0	2	0	0	1	0	0	12	1	0	12	0	0	0	0	0	0	0	0	181	0	0	0	0	0	0	16	0	0	0	0	0	0	0	0	0	70	22	5	116	1	,03	-3,47609868983527	0	,00768557735656099	0
1525	2	2	EV37	3	terbutaline	19	15	1	8	11	28	0	1	0	0	0	12	5	0	1	0	0	0	0	6	11	0	0	0	5	3	0	0	21	29	35	2	6	3	0	24	1	0	6	1	3	2	0	0	0	0	0	1	1	0	0	0	0	1	0	0	1	0	0	0	0	5	0	29	0	0	23	0	43	15	1	20	0	0	0	8	5	0	0	0	0	1	0	0	2	0	0	13	0	0	0	0	0	0	0	0	94	0	0	0	0	0	0	10	0	0	0	0	0	0	0	0	0	34	15	7	68	1	,56	,241162056816888	0	,429264539170924	0
1540	2	2	EV37	3	venlafaxine	16	4	0	35	11	6	3	1	0	0	0	2	4	0	2	0	0	0	1	5	4	0	0	0	0	2	0	0	0	8	15	1	1	0	0	6	0	0	3	0	2	1	0	0	0	0	0	0	0	0	0	0	0	0	0	0	0	0	0	0	1	5	0	4	0	0	27	0	20	8	2	11	1	0	0	3	2	0	0	0	0	1	0	0	4	0	0	3	0	0	0	0	0	0	0	0	49	0	0	0	0	0	0	3	0	0	0	0	0	0	0	0	0	14	7	4	53	1	,947	2,88300717963396	0	,908602085438524	0
1541	2	2	EV37	3	verapamil	95	34	0	22	49	107	5	0	0	0	3	53	24	2	9	11	0	0	7	32	59	3	9	1	11	16	0	0	31	156	181	3	21	18	1	96	0	0	40	1	16	23	0	0	2	0	1	2	2	0	0	0	3	2	1	0	15	0	0	0	5	49	3	110	0	0	113	0	112	37	3	57	0	2	0	16	9	0	2	0	0	1	0	0	10	2	0	28	0	0	0	0	0	0	0	0	238	0	0	0	0	0	0	21	0	0	0	0	0	0	0	0	0	85	36	11	243	1	0	-6,90675477864855	0	,947011051663432	0
1715	2	3	EV37	3	vitamin a	63	23	1	0	30	62	1	0	0	0	5	16	9	2	6	5	0	0	1	5	25	3	0	0	4	10	0	0	24	58	84	10	26	63	0	31	0	0	7	1	16	6	1	0	5	0	9	0	3	0	0	0	2	3	2	0	2	0	0	0	15	25	10	59	0	0	61	4	47	12	3	106	0	7	0	9	6	1	4	0	0	1	0	0	0	9	0	5	0	0	0	0	95	0	0	41	123	0	0	0	0	0	0	4	0	0	0	0	0	0	0	0	0	22	41	6	121	1	0	-6,90675477864855	0	,00146183772018696	0
1657	2	3	EV37	3	octreotide	32	7	0	14	16	34	0	0	0	0	0	10	6	0	3	5	0	0	1	2	9	0	0	0	0	9	0	0	7	31	44	0	19	23	0	26	0	0	10	0	6	2	0	0	0	0	3	0	2	1	0	0	0	0	5	0	1	0	0	0	0	15	4	24	0	0	56	4	43	9	1	66	0	3	0	7	8	0	3	0	0	1	0	0	1	7	0	9	0	0	0	0	43	0	0	24	85	0	0	0	0	0	0	2	0	0	0	0	0	0	0	0	0	21	32	3	95	1	,004	-5,51745289646471	0	,00604741813783071	0
1671	2	3	EV37	3	propoxyphene	19	1	0	0	5	6	0	0	1	0	2	1	1	0	0	0	0	0	0	0	3	0	0	0	0	0	0	0	14	2	6	4	0	0	0	7	0	0	2	0	2	1	0	0	1	0	0	0	0	0	0	0	0	9	0	0	0	0	0	0	1	0	0	1	0	0	7	0	12	1	1	18	0	0	0	0	2	0	2	0	0	0	0	0	0	1	0	1	0	0	0	0	49	0	0	24	11	0	0	0	0	0	0	0	0	0	0	0	0	0	0	0	0	2	4	0	16	1	,521	,0840494443424519	0	,421756999892077	0
1601	2	3	EV37	3	estradiol	2	0	0	0	0	0	0	0	0	0	0	0	0	0	0	0	0	0	0	0	1	0	0	0	0	0	0	0	0	0	0	0	3	0	1	0	0	0	0	0	0	0	0	0	0	0	0	0	0	0	0	0	0	0	0	0	0	0	0	0	0	0	1	0	0	0	0	0	1	0	0	2	0	0	0	1	0	0	0	0	0	0	0	0	0	0	0	0	0	0	0	0	0	0	0	0	3	0	0	0	0	0	0	0	0	0	0	0	0	0	0	0	0	1	2	0	3	1	,362	-,566694071519019	0	,419314283987162	0
1714	2	3	EV37	3	vincristine	70	6	0	11	27	77	0	0	0	0	4	14	6	2	4	12	0	0	0	4	15	2	0	0	3	9	0	0	43	165	74	2	26	20	0	45	0	0	14	0	5	7	0	0	0	0	1	2	2	0	0	0	0	9	1	0	2	0	0	0	5	6	1	82	0	0	70	8	48	11	14	90	0	5	0	5	7	0	1	0	0	1	0	0	1	7	0	6	0	0	0	0	211	0	0	30	70	0	0	0	0	0	0	2	0	0	0	0	0	0	0	0	0	16	32	4	132	1	,05	-2,94443897916644	0	,30918993885796	0
1691	2	3	EV37	3	succimer	0	0	0	0	0	0	0	0	0	0	0	0	0	0	0	0	0	0	0	0	0	0	0	0	0	0	0	0	0	0	0	0	0	0	0	0	0	0	0	0	0	0	0	0	0	0	0	0	0	0	0	0	0	0	1	0	0	0	0	0	0	0	0	0	0	0	0	0	1	1	0	1	0	0	0	0	1	0	0	0	0	0	0	0	0	1	0	1	0	0	0	0	0	0	0	0	0	0	0	0	0	0	0	0	0	0	0	0	0	0	0	0	0	1	1	0	1	1	,359	-,579707068432391	0	,390455494382362	0
1650	2	3	EV37	3	milnacipran	0	0	0	0	0	0	0	0	0	0	0	0	0	0	0	0	0	0	0	0	0	0	0	0	0	0	0	0	0	0	0	0	1	0	0	0	0	0	0	0	0	0	0	0	0	0	0	0	0	0	0	0	0	0	1	0	0	0	0	0	0	0	0	0	0	0	0	0	2	1	0	1	0	0	0	0	1	0	0	0	0	0	0	0	0	1	0	1	0	0	0	0	0	0	0	0	0	0	0	0	0	0	0	0	0	0	0	0	0	0	0	0	0	1	1	0	1	1	,359	-,579707068432391	0	,390041214356672	0
1592	2	3	EV37	3	donepezil	0	0	0	0	0	0	0	0	0	0	0	0	0	0	0	0	0	0	0	0	0	0	0	0	0	0	0	0	0	0	1	0	1	0	0	0	0	0	0	0	0	0	0	0	0	0	0	0	0	0	0	0	0	0	1	0	0	0	0	0	0	0	0	0	0	0	0	0	1	1	0	1	0	0	0	1	1	0	0	0	0	0	0	0	0	1	0	1	0	0	0	0	0	0	0	0	0	0	0	0	0	0	0	0	0	0	0	0	0	0	0	0	0	1	1	0	1	1	,359	-,579707068432391	0	,40753070086189	0
1618	2	3	EV37	3	gabapentin	0	0	0	0	0	0	0	0	0	0	0	0	0	0	0	0	0	0	0	0	0	0	0	0	0	0	0	0	0	0	1	0	4	0	0	0	0	0	0	0	0	0	0	0	0	0	0	0	0	0	0	0	0	0	1	0	0	0	0	0	0	0	0	0	0	0	1	0	3	1	0	3	0	0	0	0	1	0	0	0	0	0	0	0	0	1	0	1	0	0	0	0	0	0	0	0	1	0	0	0	0	0	0	0	0	0	0	0	0	0	0	0	0	2	2	0	2	1	,358	-,584055317289261	0	,397378341885682	0
1593	2	3	EV37	3	doxorubicin	0	0	0	0	0	0	0	0	0	0	0	0	0	0	0	0	0	0	0	0	0	0	0	0	0	1	0	0	0	0	0	0	5	0	0	0	0	0	0	0	0	0	0	0	0	0	0	0	0	0	0	0	0	0	0	0	0	0	0	0	0	0	0	0	0	0	3	0	1	1	0	4	0	0	0	1	1	0	0	0	0	0	0	0	0	1	0	1	0	0	0	0	0	0	0	0	0	0	0	0	0	0	0	0	0	0	0	0	0	0	0	0	0	2	1	0	1	1	,386	-,464157558682312	0	,424547978229526	0
1555	2	3	EV37	3	alfuzosin	0	0	0	0	0	0	0	0	0	0	0	0	0	0	0	0	0	0	0	0	0	0	0	0	0	0	0	0	0	0	0	0	2	0	0	0	0	0	0	0	0	0	0	0	0	0	0	0	0	0	0	0	0	0	0	0	0	0	0	0	0	0	0	0	0	0	0	0	2	1	0	2	0	0	0	0	1	0	0	0	0	0	0	0	0	1	0	1	0	0	0	0	0	0	0	0	0	0	0	0	0	0	0	0	0	0	0	0	0	0	0	0	0	1	2	0	2	1	,386	-,464157558682312	0	,411263423700875	0
1551	2	3	EV37	3	acarbose	0	0	0	0	0	0	0	0	0	0	0	0	0	0	0	0	0	0	0	0	0	0	0	0	0	0	0	0	0	0	0	0	2	0	0	0	0	0	0	0	0	0	0	0	0	0	0	0	0	0	0	0	0	0	0	0	0	0	0	0	0	0	0	0	0	0	0	0	1	1	0	2	0	0	0	0	1	0	0	0	0	0	0	0	0	1	0	1	0	0	0	0	1	0	0	0	0	0	0	0	0	0	0	0	0	0	0	0	0	0	0	0	0	1	1	0	1	1	,386	-,464157558682312	0	,406925110645114	0
1564	2	3	EV37	3	atomoxetine	0	0	0	1	0	0	0	0	0	0	0	0	0	0	0	0	0	0	0	0	0	0	0	0	0	0	0	0	0	0	0	0	0	0	0	0	0	0	0	0	0	0	0	0	0	0	0	0	0	0	0	0	0	0	0	0	0	0	0	0	0	0	0	0	0	0	1	0	2	1	0	1	0	0	0	0	1	0	0	0	0	0	0	0	0	1	0	1	0	0	0	0	0	0	0	0	0	0	0	0	0	0	0	0	0	0	0	0	0	0	0	0	0	1	1	0	1	1	,388	-,455726942889053	0	,356496385947044	0
1658	2	3	EV37	3	orlistat	0	0	0	1	0	0	0	0	0	0	0	0	0	0	0	0	0	0	0	0	0	0	0	0	0	0	0	0	0	0	0	0	0	0	0	0	0	0	0	0	0	0	0	0	0	0	0	0	0	0	0	0	0	0	0	0	0	0	0	0	0	0	0	0	0	0	1	0	1	1	0	2	0	0	0	0	1	0	0	0	0	0	0	0	0	1	0	1	0	0	0	0	1	0	0	0	0	0	0	0	0	0	0	0	0	0	0	0	0	0	0	0	0	1	1	0	1	1	,388	-,455726942889053	0	,423318831445605	0
1589	2	3	EV37	3	desvenlafaxine	0	0	0	1	0	0	0	0	0	0	0	0	0	0	0	0	0	0	0	0	0	0	0	0	0	0	0	0	0	0	1	0	0	0	0	0	0	0	0	0	0	0	0	0	0	0	0	0	0	0	0	0	0	0	0	0	0	0	0	0	0	0	0	0	0	0	0	0	1	1	0	1	0	0	0	0	1	0	0	0	0	0	0	0	0	1	0	1	0	0	0	0	0	0	0	0	0	0	0	0	0	0	0	0	0	0	0	0	0	0	0	0	0	1	1	0	2	1	,388	-,455726942889053	0	,339425666163876	0
1642	2	3	EV37	3	metformin	0	0	0	0	0	0	0	0	0	0	0	0	0	0	0	0	0	0	0	0	0	0	0	0	0	0	0	0	0	0	1	0	3	0	0	0	0	0	0	0	0	0	0	0	0	0	0	0	0	0	0	0	0	0	0	0	0	0	0	0	0	0	0	0	0	0	0	0	1	1	0	3	0	0	0	0	1	0	0	0	0	0	0	0	0	1	0	1	0	0	0	0	0	0	0	0	0	0	0	0	0	0	0	0	0	0	0	0	0	0	0	0	0	2	1	0	1	1	,387	-,45994024290643	0	,410648981763965	0
1653	2	3	EV37	3	nelarabine	0	0	0	2	0	0	0	0	0	0	0	0	0	0	0	0	0	0	0	0	0	0	0	0	0	0	0	0	0	0	0	0	0	0	0	0	0	0	0	0	0	0	0	0	0	0	0	0	0	0	0	0	0	0	0	0	0	0	0	0	0	0	0	0	0	0	1	0	1	1	0	3	0	0	0	0	1	0	0	0	0	0	0	0	0	1	0	1	0	0	0	0	1	0	0	0	0	0	0	0	0	0	0	0	0	0	0	0	0	0	0	0	0	2	1	0	2	1	,39	-,447312218043665	0	,41690203240992	0
1560	2	3	EV37	3	amphotericin b	0	0	0	0	0	0	0	0	0	0	0	0	0	0	0	0	0	0	0	0	0	0	0	0	0	0	0	0	0	0	1	0	4	0	0	0	0	0	0	0	0	0	0	0	0	0	0	0	0	0	0	0	0	0	0	0	0	0	0	0	0	0	0	0	0	0	2	0	1	2	0	4	0	0	0	1	1	0	0	0	0	0	0	0	0	1	0	1	0	0	0	0	1	0	0	1	1	0	0	0	0	0	0	0	0	0	0	0	0	0	0	0	0	2	1	0	2	1	,385	-,468378933518734	0	,416156669701401	0
1682	2	3	EV37	3	ropinirole	0	0	0	8	0	0	0	0	0	0	0	0	0	0	0	0	0	0	0	0	0	0	0	0	0	0	0	0	0	0	0	0	2	0	0	0	0	0	0	0	0	0	0	0	0	0	0	0	0	0	0	0	0	0	0	0	0	0	0	0	0	0	0	14	0	0	0	0	1	1	1	1	0	0	0	1	1	0	0	0	0	0	0	0	0	1	0	2	0	0	0	0	18	0	0	0	0	0	0	0	0	0	0	0	0	0	0	0	0	0	0	0	0	1	3	0	4	1	,41	-,363965377201412	0	,425704360509415	0
1638	2	3	EV37	3	levothyroxine	1	0	0	0	0	0	0	0	0	0	0	0	0	0	0	0	0	0	0	0	0	0	0	0	0	0	0	0	0	0	0	0	0	0	0	0	0	0	0	0	0	0	0	0	0	0	0	0	0	0	0	0	0	0	0	0	0	0	0	0	0	0	0	0	0	0	1	0	0	0	0	0	0	0	0	1	0	0	0	0	0	0	0	0	0	0	0	0	0	0	0	0	0	0	0	0	2	0	0	0	0	0	0	0	0	0	0	0	0	0	0	0	0	0	0	0	0	1	,421	-,318669643890614	0	,428007427504841	0
1563	2	3	EV37	3	atenolol	0	0	0	0	0	0	0	0	0	0	0	0	0	0	0	0	0	0	0	0	0	0	0	0	0	0	0	0	0	0	0	0	2	0	0	0	0	0	0	0	0	0	0	0	0	0	0	0	0	0	0	0	0	0	0	0	0	0	0	0	0	0	0	0	0	0	1	0	0	0	0	2	0	0	0	0	0	0	0	0	0	0	0	0	0	0	0	0	0	0	0	0	0	0	0	0	0	0	0	0	0	0	0	0	0	0	0	0	0	0	0	0	0	1	0	0	0	1	,424	-,306374205463933	0	,421886867112916	0
1554	2	3	EV37	3	alendronate	0	0	0	0	0	0	0	0	0	0	0	0	0	0	0	0	0	0	0	0	0	0	0	0	0	0	0	0	0	0	0	0	3	0	0	0	0	0	0	0	0	0	0	0	0	0	0	0	0	0	0	0	0	0	0	0	0	0	0	0	0	0	0	0	0	0	0	0	0	0	0	2	0	0	0	0	0	0	0	0	0	0	0	0	0	0	0	0	0	0	0	0	0	0	0	0	0	0	0	0	0	0	0	0	0	0	0	0	0	0	0	0	0	1	0	0	0	1	,424	-,306374205463933	0	,418162166172992	0
1663	2	3	EV37	3	penicillamine	3	0	0	0	0	0	0	0	0	0	0	0	0	0	0	0	0	0	0	0	0	0	0	0	0	0	0	0	0	0	0	0	0	0	0	0	0	0	0	0	0	0	0	0	0	0	0	0	0	0	0	0	0	0	0	0	0	0	0	0	0	0	0	0	0	0	1	0	1	0	0	2	0	0	0	0	0	0	0	0	0	0	0	0	0	0	0	0	0	0	0	0	0	0	0	0	0	0	0	0	0	0	0	0	0	0	0	0	0	0	0	0	0	1	1	0	0	1	,424	-,306374205463933	0	,431190917486434	0
1669	2	3	EV37	3	pregabalin	0	0	0	5	0	0	0	0	0	0	0	0	0	0	0	0	0	0	0	0	0	0	0	0	0	0	0	0	0	0	0	0	1	0	0	0	0	0	0	0	0	0	0	0	0	0	0	0	0	0	0	0	0	0	0	0	0	0	0	0	0	0	0	0	0	0	0	0	3	1	2	3	0	0	0	0	1	0	0	0	0	0	0	0	0	1	0	1	0	0	0	0	0	0	0	0	2	0	0	0	0	0	0	0	0	0	0	0	0	0	0	0	0	1	1	0	3	1	,41	-,363965377201412	0	,437346300896368	0
1635	2	3	EV37	3	leuprolide	3	2	0	12	4	5	0	0	0	0	0	2	1	0	0	0	0	0	0	1	1	0	0	0	1	2	0	0	3	9	5	1	14	3	0	5	0	0	2	0	3	0	0	0	0	0	0	0	0	0	0	0	0	0	1	0	0	0	0	0	0	2	0	4	0	0	13	2	13	6	0	15	0	2	0	2	3	0	0	0	0	1	0	0	0	4	0	2	0	0	0	0	8	0	0	6	26	0	0	0	0	0	0	0	0	0	0	0	0	0	0	0	0	5	14	2	32	1	,277	-,959391715971426	0	,417123213012475	0
1644	2	3	EV37	3	mexiletine	0	0	0	0	0	0	0	0	0	0	0	0	0	0	0	0	0	0	0	0	0	0	0	0	0	0	0	0	0	0	0	1	3	0	0	0	0	0	0	1	0	0	0	0	0	0	0	0	0	0	0	0	0	0	0	0	0	0	0	0	0	0	0	0	0	0	0	0	1	1	0	3	0	0	0	0	1	0	0	0	0	0	0	0	0	1	0	1	0	0	0	0	0	0	0	0	0	0	0	0	0	0	0	0	0	0	0	0	0	0	0	0	0	2	1	0	2	1	,397	-,417980916039995	0	,43233733559233	0
1584	2	3	EV37	3	danazol	1	0	0	0	0	0	0	0	0	0	0	0	0	0	0	0	0	0	0	0	0	0	0	0	0	0	0	0	0	0	0	0	1	0	0	0	0	0	0	1	0	0	0	0	0	0	0	0	0	0	0	0	0	0	0	0	0	0	0	0	0	0	0	0	0	0	2	0	1	1	0	4	0	0	0	0	1	0	0	0	0	0	0	0	0	1	0	1	0	0	0	0	0	0	0	0	0	0	0	0	0	0	0	0	0	0	0	0	0	0	0	0	0	2	1	0	1	1	,418	-,330989015206681	0	,45866981057526	0
1711	2	3	EV37	3	valproic acid	107	16	2	0	38	53	0	2	0	0	7	16	7	3	5	3	0	0	1	4	18	1	0	0	1	2	0	0	62	149	87	9	26	33	0	29	0	0	10	0	8	3	0	0	0	0	3	1	0	0	0	0	0	7	1	0	1	16	0	0	10	14	3	156	0	0	76	2	61	16	20	114	0	5	0	9	7	0	7	0	0	2	0	0	1	9	0	11	0	0	0	0	226	0	0	53	106	0	0	0	0	0	0	3	0	0	0	0	0	0	0	0	0	24	40	4	171	1	,003	-5,80613848129373	0	,00895608988452776	0
1708	2	3	EV37	3	triptorelin pamoate	0	0	0	0	0	0	0	0	0	0	0	0	0	0	0	0	0	0	0	0	0	0	0	0	0	0	0	0	0	19	0	0	5	0	0	0	0	0	0	0	0	0	0	0	0	0	0	0	0	0	0	0	0	0	0	0	0	0	0	0	0	0	0	0	0	0	3	0	1	0	0	2	0	0	0	0	0	0	1	0	0	0	0	0	0	0	0	0	0	0	0	0	22	0	0	0	1	0	0	0	0	0	0	0	0	0	0	0	0	0	0	0	0	0	1	0	3	1	,545	,180488375712294	0	,466010487966474	0
1670	2	3	EV37	3	propafenone	3	0	0	18	6	8	0	0	0	0	0	1	2	0	1	1	0	0	0	2	1	0	0	0	0	0	0	0	8	5	10	0	4	0	0	15	0	0	6	0	4	1	0	0	0	0	0	0	0	0	0	0	0	0	0	0	3	0	0	0	0	1	0	3	0	0	10	0	14	6	5	20	0	0	0	1	4	0	0	0	0	0	0	0	0	2	0	4	0	0	0	0	22	0	0	10	16	0	0	0	0	0	0	0	0	0	0	0	0	0	0	0	0	5	10	0	25	1	,492	-,0320027310861738	0	,616247454522059	0
1697	2	3	EV37	3	terbutaline	23	10	1	4	12	23	0	0	0	0	2	13	3	1	1	0	0	0	0	2	10	0	0	0	6	3	0	0	15	53	30	3	8	2	0	27	1	1	7	1	5	5	0	0	0	0	0	1	1	0	0	0	1	17	0	0	3	0	0	0	0	6	1	38	0	0	29	0	33	8	3	49	0	1	0	6	6	0	3	0	0	2	0	0	0	11	0	4	0	0	0	0	89	0	0	21	57	0	0	0	0	0	0	2	0	0	0	0	0	0	0	0	0	16	29	4	73	1	,54	,160342650075179	0	,467400551758238	0
1585	2	3	EV37	3	daptomycin	13	3	0	0	11	26	0	0	0	0	1	3	11	0	0	2	0	0	1	1	4	0	0	0	0	0	0	0	3	11	28	2	8	7	1	20	0	0	11	0	5	3	0	0	0	0	1	0	0	0	0	0	1	2	1	0	2	0	0	0	0	2	4	10	0	0	21	1	14	4	0	31	0	1	0	3	1	1	1	0	0	1	0	0	0	1	0	6	0	0	0	0	38	0	0	11	27	0	0	0	0	0	0	0	0	0	0	0	0	0	0	0	0	10	11	0	46	1	,477	-,0920649731765818	0	,515620099272927	0
1641	2	3	EV37	3	memantine	16	3	0	30	8	9	0	0	0	0	0	10	2	1	0	0	0	0	2	0	5	0	1	0	0	0	0	0	4	13	18	2	7	0	0	14	0	0	7	0	3	1	0	0	0	0	0	0	0	0	0	0	0	1	0	0	0	0	0	0	4	10	0	7	0	0	26	0	20	4	8	41	0	4	0	3	3	0	1	0	0	0	0	0	0	4	0	5	0	0	0	0	32	0	0	22	38	0	0	0	0	0	0	2	0	0	0	0	0	0	0	0	0	9	16	2	45	1	,37	-,532216813747308	0	,486416857396195	0
1643	2	3	EV37	3	metoprolol	42	8	0	18	12	43	1	0	0	0	0	12	9	1	2	5	0	0	1	13	17	1	2	0	3	3	0	0	29	79	70	6	16	1	1	58	0	0	28	0	6	5	0	0	1	0	0	2	1	1	0	0	0	8	0	0	6	0	0	0	3	14	0	32	0	0	41	4	54	11	16	74	0	3	0	7	5	0	1	0	0	2	0	0	0	11	0	8	0	0	0	0	133	0	0	56	84	0	0	0	0	0	0	3	0	0	0	0	0	0	0	0	0	18	34	3	106	1	,28	-,944461608840851	0	,155029018493415	0
1712	2	3	EV37	3	venlafaxine	13	2	0	43	10	8	3	0	1	0	2	4	3	0	1	1	0	0	1	3	4	0	0	0	0	1	0	0	0	6	20	2	0	0	0	15	0	0	9	1	3	4	0	0	0	0	0	0	0	0	0	0	0	2	0	0	3	0	0	0	2	3	0	8	0	0	22	0	18	6	12	37	0	4	0	2	3	0	2	0	0	0	0	0	0	3	0	5	0	0	0	0	31	0	0	23	32	0	0	0	0	0	0	1	0	0	0	0	0	0	0	0	0	6	13	3	37	1	,972	3,54715129428523	0	,920631186503666	0
1559	2	3	EV37	3	amphetamine	31	13	0	0	25	47	0	1	0	0	4	4	4	2	3	2	0	1	0	4	21	0	0	0	6	0	0	0	38	75	99	3	8	11	0	28	0	0	8	0	6	4	0	0	1	0	2	0	0	0	0	0	2	6	2	0	0	1	0	0	7	2	3	69	0	0	23	1	43	9	11	79	0	4	0	7	6	0	3	0	0	2	0	0	0	6	0	6	0	0	0	0	86	0	0	42	81	0	0	0	0	0	0	2	0	0	0	0	0	0	0	0	0	16	36	3	104	1	,866	1,86604510861152	0	,546211555006465	0
1713	2	3	EV37	3	verapamil	111	56	1	19	36	134	3	0	0	0	2	42	27	2	7	11	0	0	7	30	64	1	5	0	13	9	0	0	37	326	248	3	17	12	0	111	0	0	47	0	15	21	0	0	1	0	1	1	4	0	0	0	4	0	1	0	13	0	0	0	5	42	3	185	1	0	106	1	99	19	34	176	0	6	0	8	13	1	7	0	0	2	0	0	1	10	0	12	0	0	0	0	309	0	0	66	158	0	0	0	0	0	0	7	0	0	0	0	0	0	0	0	0	33	69	9	232	1	,986	4,25459902498738	0	,954239647812098	0
1887	2	4	EV37	3	vitamin a	31	23	0	0	23	69	2	0	0	0	4	14	5	1	4	10	0	1	2	5	26	1	0	2	2	8	0	0	10	58	97	7	17	37	0	37	0	0	10	1	17	6	1	0	3	0	8	0	4	0	0	0	1	2	3	0	0	1	0	0	10	17	7	52	0	0	45	2	63	31	19	123	0	1	0	35	8	1	11	0	0	0	0	0	0	4	1	3	0	0	0	0	27	0	0	6	102	0	0	0	0	0	0	10	0	0	0	0	0	0	0	0	0	25	30	12	36	1	0	-6,90675477864855	0	,0015165386011302	0
1829	2	4	EV37	3	octreotide	22	8	0	11	12	34	0	0	0	0	0	9	2	0	3	1	0	0	1	2	4	0	0	0	1	3	0	0	5	33	34	2	12	13	0	16	0	0	6	0	9	1	0	0	0	0	2	0	2	1	0	1	0	0	8	0	1	0	0	0	0	9	2	17	0	0	41	2	43	17	15	71	0	3	0	24	14	1	7	0	0	0	0	0	2	3	1	5	0	0	0	0	12	0	0	4	72	0	0	0	0	0	0	7	0	0	0	0	0	0	0	0	0	17	23	8	48	1	,004	-5,51745289646471	0	,00627263013955719	0
1843	2	4	EV37	3	propoxyphene	3	1	1	0	3	13	0	0	0	0	0	0	1	0	0	1	0	0	0	0	1	0	0	0	0	0	0	0	4	3	11	4	0	0	0	13	0	0	5	0	3	0	0	0	2	0	0	0	0	0	0	0	0	2	0	0	0	0	0	0	0	0	0	3	0	0	3	0	12	3	7	16	0	1	0	5	1	1	3	0	0	0	0	0	0	2	0	1	0	0	0	0	7	0	0	0	11	0	0	0	0	0	0	1	0	0	0	0	0	0	0	0	0	4	5	0	9	1	,317	-,76759308569351	0	,430754384275103	0
1761	2	4	EV37	3	desvenlafaxine	0	0	0	0	0	0	0	0	0	0	0	0	0	0	0	0	0	0	0	0	0	0	0	0	0	0	0	0	0	0	1	0	0	0	0	0	1	0	0	1	0	0	0	0	0	0	0	0	0	0	0	0	0	0	0	0	0	0	0	0	0	0	0	0	0	0	0	0	1	1	1	1	0	1	0	0	0	0	0	0	0	0	0	0	0	0	0	0	0	0	0	0	0	0	0	0	1	0	0	0	0	0	0	0	0	0	0	0	0	0	0	0	0	1	1	0	1	1	,327	-,721785158747475	0	,347722857778438	0
1835	2	4	EV37	3	penicillamine	0	0	0	0	0	0	0	0	0	0	0	0	0	0	0	0	0	0	0	0	0	0	0	0	0	0	0	0	0	0	0	0	0	0	0	0	0	0	0	0	0	0	0	0	0	0	0	0	0	0	0	0	0	0	0	0	0	0	0	0	0	0	0	0	0	0	1	0	0	0	0	0	0	0	0	0	0	0	0	0	0	0	0	0	0	0	0	0	0	0	0	0	0	0	0	0	1	0	0	0	0	0	0	0	0	0	0	0	0	0	0	0	0	0	0	0	0	1	,423	-,310470087461821	0	,440236334429329	0
1726	2	4	EV37	3	alendronate	0	0	0	0	0	0	0	0	0	0	0	0	0	0	0	0	0	0	0	0	0	0	0	0	0	0	0	0	0	0	0	0	1	0	0	0	0	0	0	0	0	0	0	0	0	0	0	0	0	0	0	0	0	0	0	0	0	0	0	0	0	0	0	0	0	0	0	0	0	0	0	0	0	0	0	0	0	0	0	0	0	0	0	0	0	0	0	0	0	0	0	0	0	0	0	0	1	0	0	0	0	0	0	0	0	0	0	0	0	0	0	0	0	0	0	0	0	1	,423	-,310470087461821	0	,427139510594108	0
1735	2	4	EV37	3	atenolol	0	0	0	0	0	0	0	0	0	0	0	0	0	0	0	0	0	0	0	0	0	0	0	0	0	0	0	0	0	0	0	0	1	0	0	0	0	0	0	0	0	0	0	0	0	0	0	0	0	0	0	0	0	0	0	0	0	0	0	0	0	0	0	0	0	0	0	0	0	0	0	0	0	0	0	0	0	0	0	0	0	0	0	0	0	0	0	0	0	0	0	0	0	0	0	0	1	0	0	0	0	0	0	0	0	0	0	0	0	0	0	0	0	0	0	0	0	1	,423	-,310470087461821	0	,430884957515906	0
1880	2	4	EV37	3	triptorelin pamoate	0	0	0	0	0	0	0	0	0	0	0	0	0	0	0	0	0	0	0	0	0	0	0	0	0	0	0	0	0	2	0	2	2	0	0	0	0	0	0	0	0	0	0	0	0	0	0	0	0	0	0	0	0	1	0	0	0	0	0	0	0	0	0	1	0	0	1	0	1	0	5	3	0	0	0	1	0	0	0	0	0	0	0	0	0	0	0	0	0	0	0	0	0	0	0	0	1	0	0	0	0	0	0	0	0	0	0	0	0	0	0	0	0	0	0	0	1	1	,438	-,249282939517245	0	,475176143680115	0
1810	2	4	EV37	3	levothyroxine	0	0	0	0	0	0	0	0	0	0	0	0	0	0	0	0	0	0	0	0	0	0	0	0	0	0	0	0	0	0	0	0	0	0	0	0	0	0	0	0	0	0	0	0	0	0	0	0	0	0	0	0	0	0	0	0	0	0	0	0	0	0	0	0	0	0	0	0	0	0	0	0	0	0	0	0	0	0	0	0	0	0	0	0	0	0	0	0	0	0	0	0	0	0	0	0	0	0	0	0	0	0	0	0	0	0	0	0	0	0	0	0	0	0	0	0	0	1	,424	-,306374205463933	0	,437037373456876	0
1773	2	4	EV37	3	estradiol	2	0	0	0	0	0	0	0	0	0	0	0	0	0	0	0	0	0	0	0	1	0	0	0	0	0	0	0	0	0	0	0	0	0	1	0	0	0	0	0	0	0	0	0	0	0	0	0	0	0	0	0	0	0	0	0	0	0	0	0	0	0	0	0	0	0	1	0	0	1	3	3	0	0	0	1	0	0	1	0	0	0	0	0	0	0	0	0	0	0	0	0	0	0	0	0	3	0	0	0	0	0	0	0	0	0	0	0	0	0	0	0	0	1	1	0	1	1	,439	-,245221492447525	0	,428298155484904	0
1790	2	4	EV37	3	gabapentin	0	0	0	0	0	0	0	0	0	0	0	0	0	0	0	0	0	0	0	0	0	0	0	0	0	0	0	0	0	0	1	0	2	0	0	0	0	0	0	0	0	0	0	0	0	0	0	0	0	0	0	0	0	0	1	0	0	0	0	0	0	0	0	0	0	0	0	0	2	1	0	1	0	1	0	1	0	0	0	0	0	0	0	0	0	0	0	0	0	0	0	0	0	0	0	0	2	0	0	0	0	0	0	0	0	0	0	0	0	0	0	0	0	1	1	0	1	1	,397	-,417980916039995	0	,406221009511201	0
1854	2	4	EV37	3	ropinirole	0	0	0	3	0	0	0	0	0	0	0	0	0	0	0	0	0	0	0	0	0	0	0	0	0	0	0	0	0	0	0	0	3	0	0	0	0	0	0	0	0	0	0	0	0	0	0	0	0	0	0	0	0	0	0	0	0	0	0	0	0	0	0	14	0	0	1	0	2	1	0	3	0	1	0	0	0	0	0	0	0	0	0	0	0	0	0	0	0	0	0	0	17	0	0	0	2	0	0	0	0	0	0	0	0	0	0	0	0	0	0	0	0	1	1	0	1	1	,43	-,281851152140988	0	,434722645739777	0
1816	2	4	EV37	3	mexiletine	0	0	0	0	0	0	0	0	0	0	0	0	0	0	0	0	0	0	0	0	0	0	0	0	0	0	0	0	0	0	0	0	2	0	0	0	0	0	0	0	0	0	0	0	0	0	0	0	0	0	0	0	0	0	0	0	0	0	0	0	0	0	0	0	0	0	0	0	1	1	0	1	0	1	0	0	0	0	0	0	0	0	0	0	0	0	0	0	0	0	0	0	0	0	0	0	2	0	0	0	0	0	0	0	0	0	0	0	0	0	0	0	0	1	1	0	1	1	,424	-,306374205463933	0	,441388139899144	0
1727	2	4	EV37	3	alfuzosin	0	0	0	0	0	0	0	0	0	0	0	0	0	0	0	0	0	0	0	0	0	0	0	0	0	0	0	0	0	0	0	0	1	0	0	0	0	0	0	0	0	0	0	0	0	0	0	0	0	0	0	0	0	0	0	0	0	0	0	0	0	0	0	0	0	0	0	0	1	1	0	1	0	1	0	0	0	0	0	0	0	0	0	0	0	0	0	0	0	0	0	0	0	0	0	0	1	0	0	0	0	0	0	0	0	0	0	0	0	0	0	0	0	1	1	0	1	1	,426	-,298190050050196	0	,420199623302638	0
1822	2	4	EV37	3	milnacipran	0	0	0	0	0	0	0	0	0	0	0	0	0	0	0	0	0	0	0	0	0	0	0	0	0	0	0	0	0	0	0	0	1	0	0	0	0	0	0	0	0	0	0	0	0	0	0	0	0	0	0	0	0	0	0	0	0	0	0	0	0	0	0	0	0	0	0	0	1	1	0	1	0	1	0	0	0	0	0	0	0	0	0	0	0	0	0	0	0	0	0	0	0	0	0	0	1	0	0	0	0	0	0	0	0	0	0	0	0	0	0	0	0	1	1	0	1	1	,426	-,298190050050196	0	,398828667922393	0
1863	2	4	EV37	3	succimer	0	0	0	0	0	0	0	0	0	0	0	0	0	0	0	0	0	0	0	0	0	0	0	0	0	0	0	0	0	0	0	0	1	0	0	0	0	0	0	0	0	0	0	0	0	0	0	0	0	0	0	0	0	0	0	0	0	0	0	0	0	0	0	0	0	0	0	0	1	1	0	1	0	1	0	0	0	0	0	0	0	0	0	0	0	0	0	0	0	0	0	0	0	0	0	0	1	0	0	0	0	0	0	0	0	0	0	0	0	0	0	0	0	1	1	0	1	1	,426	-,298190050050196	0	,399246172256524	0
1723	2	4	EV37	3	acarbose	0	0	0	0	0	0	0	0	0	0	0	0	0	0	0	0	0	0	0	0	0	0	0	0	0	0	0	0	0	0	0	0	2	0	0	0	0	0	0	0	0	0	0	0	0	0	0	0	0	0	0	0	0	0	0	0	0	0	0	0	0	0	0	0	0	0	0	0	1	1	0	1	0	1	0	0	0	0	0	0	0	0	0	0	0	0	0	0	0	0	0	0	0	0	0	0	1	0	0	0	0	0	0	0	0	0	0	0	0	0	0	0	0	1	2	0	1	1	,426	-,298190050050196	0	,415833625851171	0
1814	2	4	EV37	3	metformin	1	0	0	0	0	0	0	0	0	0	0	0	0	0	0	0	0	0	0	0	0	0	0	0	0	0	0	0	0	0	1	0	0	0	0	0	0	0	0	0	0	0	0	0	0	0	0	0	0	0	0	0	0	0	0	0	0	0	0	0	0	0	0	0	0	0	0	0	1	1	0	1	0	1	0	0	0	0	0	0	0	0	0	0	0	0	0	0	0	0	0	0	0	0	0	0	2	0	0	0	0	0	0	0	0	0	0	0	0	0	0	0	0	1	1	0	1	1	,425	-,302280871872933	0	,419581345370678	0
1732	2	4	EV37	3	amphotericin b	0	0	0	0	0	0	0	0	0	0	0	0	0	0	0	0	0	0	0	0	0	0	0	0	0	0	0	0	0	0	1	0	1	0	0	0	0	0	0	0	0	0	0	0	0	0	0	0	0	0	0	0	0	0	0	0	0	0	0	0	0	0	0	0	0	0	1	0	1	2	0	1	0	1	0	0	0	0	0	0	0	0	0	0	0	0	0	0	0	0	0	0	0	0	0	0	3	0	0	0	0	0	0	0	0	0	0	0	0	0	0	0	0	1	1	0	1	1	,424	-,306374205463933	0	,425122417412002	0
1736	2	4	EV37	3	atomoxetine	0	0	0	1	0	0	0	0	0	0	0	0	0	0	0	0	0	0	0	0	0	0	0	0	0	0	0	0	0	0	0	0	0	0	0	0	0	0	0	0	0	0	0	0	0	0	0	0	0	0	0	0	0	0	0	0	0	0	0	0	0	0	0	0	0	0	0	0	1	1	0	1	0	1	0	0	0	0	0	0	0	0	0	0	0	0	0	0	0	0	0	0	0	0	0	0	1	0	0	0	0	0	0	0	0	0	0	0	0	0	0	0	0	1	1	0	1	1	,428	-,290015795798001	0	,36498030676004	0
1825	2	4	EV37	3	nelarabine	0	0	0	1	1	0	0	0	0	0	0	0	0	0	0	0	0	0	0	0	0	0	0	0	0	0	0	0	0	0	0	0	0	0	0	0	0	0	0	0	0	0	0	0	0	0	0	0	0	0	0	0	0	0	0	0	0	0	0	0	0	0	0	0	0	0	1	0	1	1	1	2	0	1	0	1	0	0	0	0	0	0	0	0	0	0	0	0	0	0	0	0	1	0	0	0	1	0	0	0	0	0	0	0	0	0	0	0	0	0	0	0	0	1	1	0	1	1	,437	-,2533464330441	0	,425872125011899	0
1841	2	4	EV37	3	pregabalin	0	0	0	5	0	0	0	0	0	0	0	0	0	0	0	0	0	0	0	0	0	0	0	0	0	0	0	0	0	0	0	0	0	0	0	0	0	0	0	0	0	0	0	0	0	0	0	0	0	0	0	0	0	0	0	0	0	0	0	0	0	0	0	0	0	0	0	0	3	1	2	2	0	1	0	1	0	0	0	0	0	0	0	0	0	0	0	0	0	0	0	0	0	0	0	0	1	0	0	0	0	0	0	0	0	0	0	0	0	0	0	0	0	1	1	0	1	1	,453	-,188556676938947	0	,446419501663347	0
1883	2	4	EV37	3	valproic acid	64	9	0	0	17	43	0	0	0	0	2	11	3	0	2	3	0	0	1	2	16	1	0	0	2	1	0	0	27	57	65	6	8	12	0	28	0	0	8	0	9	5	0	0	0	0	0	0	0	0	0	0	0	3	1	0	2	13	0	0	4	10	1	68	0	0	36	1	55	24	52	95	0	1	0	30	6	1	6	0	0	0	0	0	0	3	1	3	0	0	0	0	45	0	0	3	81	0	0	0	0	0	0	9	0	0	0	0	0	0	0	0	0	18	24	11	41	1	,00700000000000001	-4,95482051498986	0	,00928861149856352	0
1764	2	4	EV37	3	donepezil	0	0	1	0	0	0	0	0	0	0	0	0	0	0	0	0	0	0	0	0	0	0	0	0	0	0	0	0	0	0	1	0	1	0	0	0	0	0	0	0	0	0	0	0	0	0	0	0	0	0	0	0	0	0	1	0	0	0	0	0	0	0	0	0	0	0	0	0	1	1	0	1	0	1	0	0	0	0	0	0	0	0	0	0	1	0	0	0	0	0	0	0	0	0	0	0	2	0	0	0	0	0	0	0	0	0	0	0	0	0	0	0	0	1	1	0	1	1	,477	-,0920649731765818	0	,416443164538099	0
1765	2	4	EV37	3	doxorubicin	0	0	1	0	0	0	0	0	0	0	0	0	0	0	0	0	0	0	0	0	0	0	0	0	0	0	0	0	0	0	0	0	0	0	0	0	0	0	0	0	0	0	0	0	0	0	0	0	0	0	0	0	0	0	0	0	0	0	0	0	0	0	0	0	0	0	1	0	1	1	0	1	0	1	0	0	0	0	0	0	0	0	0	0	0	0	0	0	0	0	0	0	0	0	0	0	2	0	0	0	0	0	0	0	0	0	0	0	0	0	0	0	0	1	1	0	1	1	,506	,024001152099543	0	,433560260228744	0
1830	2	4	EV37	3	orlistat	0	0	0	1	0	0	0	0	0	0	0	0	0	0	0	0	0	0	0	0	0	0	0	0	0	0	0	0	0	0	0	0	0	0	0	0	0	0	0	1	0	0	0	0	0	0	0	0	0	0	0	0	0	0	0	0	0	0	0	0	0	0	0	0	0	0	1	0	1	1	1	1	0	1	0	0	0	0	0	0	0	0	0	0	0	0	0	0	0	0	0	0	0	0	0	0	1	0	0	0	0	0	0	0	0	0	0	0	0	0	0	0	0	1	2	0	1	1	,47	-,120144311842063	0	,432324623733175	0
1756	2	4	EV37	3	danazol	0	0	0	0	0	0	0	0	0	0	0	0	0	0	0	0	0	0	0	0	0	0	0	0	0	0	0	0	0	0	0	0	2	0	0	0	0	0	0	1	0	0	0	0	0	0	0	0	0	0	0	0	0	0	0	0	0	0	0	0	0	0	0	0	0	0	1	0	2	1	0	2	0	1	0	0	0	0	1	0	0	0	0	0	0	0	0	0	0	0	0	0	0	0	0	0	2	0	0	0	0	0	0	0	0	0	0	0	0	0	0	0	0	1	1	0	1	1	,465	-,14022934130865	0	,467817574856635	0
1886	2	4	EV37	3	vincristine	41	8	0	9	27	58	0	0	0	0	6	15	7	2	1	6	0	0	0	1	9	1	0	1	2	4	0	0	28	73	60	4	8	3	0	36	0	0	14	0	9	2	0	0	0	0	1	1	3	0	0	0	0	9	0	0	0	0	0	0	5	6	2	44	0	0	37	4	44	18	42	94	0	2	0	23	6	1	6	0	0	0	0	0	2	5	2	3	0	0	0	0	67	0	0	3	73	0	0	0	0	0	0	7	0	0	0	0	0	0	0	0	0	18	20	6	48	1	,604	,422159986680334	0	,317102825607621	0
1807	2	4	EV37	3	leuprolide	1	0	0	16	5	5	0	0	0	0	0	3	0	0	0	1	0	0	0	2	3	0	0	0	0	1	0	0	0	7	9	1	7	1	0	5	0	0	2	0	4	0	0	0	0	0	1	0	0	0	0	0	0	0	0	0	0	0	0	0	0	2	0	5	0	0	7	2	10	10	12	16	0	1	0	6	2	1	2	0	1	0	0	0	0	1	0	1	0	0	0	0	1	0	0	2	18	0	0	0	0	0	0	2	0	0	0	0	0	0	0	0	0	5	8	2	10	1	,522	,0880568553911829	0	,426094586992937	0
1815	2	4	EV37	3	metoprolol	34	14	0	15	9	25	0	0	0	0	0	11	8	3	2	4	0	0	0	7	15	1	1	0	1	5	0	0	20	54	48	1	18	0	0	41	0	0	17	0	11	4	0	0	1	0	0	2	2	1	0	0	0	0	0	0	5	0	0	0	1	14	0	16	0	0	34	1	44	17	34	64	0	4	0	27	5	1	6	0	0	1	0	0	2	3	2	3	0	0	0	0	23	0	0	15	64	0	0	0	0	0	0	7	0	0	0	0	0	0	0	0	0	11	17	5	58	1	,288	-,90511743127603	0	,159909842800258	0
1757	2	4	EV37	3	daptomycin	10	3	0	0	14	28	0	0	0	0	0	1	9	0	1	0	0	0	0	1	4	0	0	0	2	0	0	0	4	13	25	2	4	6	0	23	0	0	12	0	4	3	0	0	0	0	2	1	0	0	0	0	1	0	1	0	3	0	0	0	1	0	1	11	0	0	15	4	23	7	4	53	0	1	0	9	6	1	5	0	0	0	0	0	1	1	1	2	0	0	0	0	14	0	0	3	24	0	0	0	0	0	0	4	0	0	0	0	0	0	0	0	0	8	9	2	12	1	,62	,489548225318706	0	,524802541992589	0
1813	2	4	EV37	3	memantine	11	3	0	28	5	4	0	0	0	0	0	6	4	0	0	0	0	0	0	0	3	0	1	0	1	0	0	0	3	13	24	0	6	0	0	8	0	0	2	0	3	1	0	0	0	0	0	0	0	0	0	0	0	0	0	0	0	0	0	0	2	8	0	8	0	0	13	0	31	11	18	33	0	1	0	18	4	1	3	0	0	0	0	0	1	2	0	3	0	0	0	0	4	0	0	3	35	0	0	0	0	0	0	4	0	0	0	0	0	0	0	0	0	5	11	2	22	1	,58	,322773392263051	0	,495611359065787	0
1884	2	4	EV37	3	venlafaxine	9	1	0	30	6	15	2	0	0	0	0	1	1	0	0	2	0	0	0	1	3	0	0	0	0	0	0	0	0	8	20	0	0	0	0	17	0	0	8	0	7	3	0	0	0	0	0	0	1	0	0	0	0	0	0	0	1	0	0	0	1	2	0	6	0	0	12	0	19	6	39	37	0	1	0	9	1	1	1	0	0	0	0	0	0	0	0	2	0	0	0	0	6	0	0	1	25	0	0	0	0	0	0	2	0	0	0	0	0	0	0	0	0	3	10	1	19	1	,939	2,73394161503495	0	,923278215267353	0
1842	2	4	EV37	3	propafenone	4	0	1	10	4	6	0	0	0	0	0	1	3	0	1	0	0	0	0	1	0	0	0	0	0	1	0	0	5	4	7	0	6	0	0	3	0	0	2	0	2	0	0	0	0	0	0	0	0	0	0	0	0	0	0	0	0	0	0	0	0	1	0	0	1	0	10	0	13	6	13	20	0	2	0	4	1	0	2	0	0	0	0	0	2	1	0	2	0	0	0	0	5	0	0	2	14	0	0	0	0	0	0	3	0	0	0	0	0	0	0	0	0	6	10	0	14	1	,818	1,50285564952595	0	,624909987865316	0
1731	2	4	EV37	3	amphetamine	14	16	0	0	26	29	0	0	0	0	3	5	4	2	2	2	0	0	0	5	13	0	0	0	5	0	0	0	29	47	109	5	3	11	0	22	0	0	6	0	12	2	0	0	1	0	0	0	1	0	0	0	2	2	2	0	2	0	0	0	3	2	3	58	0	0	12	1	63	18	37	84	0	2	0	28	10	1	9	0	0	0	0	0	2	7	1	4	0	0	0	0	12	0	0	2	78	0	0	0	0	0	0	9	0	0	0	0	0	0	0	0	0	15	33	9	52	1	,528	,112117298120706	0	,555314216849157	0
1869	2	4	EV37	3	terbutaline	15	9	2	4	11	26	0	0	0	0	0	11	1	0	1	0	0	0	1	3	8	0	0	0	5	3	0	0	16	23	45	4	3	3	1	27	0	0	7	0	8	1	0	2	0	0	0	0	2	0	0	0	0	2	0	0	3	0	0	0	0	7	2	35	1	0	28	2	42	24	18	55	0	3	0	27	7	1	5	0	0	1	0	0	3	4	1	1	0	0	0	0	10	0	0	15	68	0	0	0	0	0	0	9	0	0	0	0	0	0	0	0	0	11	20	6	51	1	,614	,464157558682312	0	,476569147393816	0
1885	2	4	EV37	3	verapamil	69	40	1	17	36	104	5	0	0	0	1	39	24	7	11	11	0	0	9	29	61	1	7	0	13	13	0	0	23	206	201	3	15	11	1	96	0	0	38	0	20	15	0	0	0	0	1	4	3	0	0	0	2	1	2	0	11	0	0	0	7	28	5	132	1	0	69	1	108	36	77	183	0	4	0	58	18	1	11	0	1	1	0	0	5	9	2	6	0	0	0	0	92	0	0	7	137	0	0	0	0	0	0	12	0	0	0	0	0	0	0	0	0	33	48	11	100	1	,907	2,27754295696188	0	,955819590997863	0
2059	2	6	EV37	3	vitamin a	59	21	0	0	36	37	1	0	0	0	5	19	8	1	9	6	0	0	4	3	18	4	1	0	3	13	0	0	24	55	58	9	35	69	0	19	0	0	7	0	10	2	2	0	3	0	9	0	1	0	0	0	1	1	3	0	2	0	0	0	23	37	5	31	0	0	79	8	41	10	17	122	0	3	0	9	11	0	12	0	0	2	0	0	3	6	2	18	0	0	0	0	75	0	0	32	73	0	0	0	0	0	0	8	0	0	0	0	0	0	0	0	0	21	23	6	107	1	0	-6,90675477864855	0	,0015130203769087	0
2001	2	6	EV37	3	octreotide	29	6	0	20	19	18	0	0	0	0	2	10	5	0	6	5	0	0	2	1	5	0	0	0	0	4	0	0	11	18	28	1	31	29	0	13	0	0	1	0	4	2	0	0	0	0	4	0	1	1	0	0	0	1	4	0	1	0	0	0	0	22	4	11	0	0	66	2	30	9	16	89	0	2	0	6	3	0	7	0	0	1	0	0	2	2	1	10	0	0	0	0	43	0	0	17	40	0	0	0	0	0	0	6	0	0	0	0	0	0	0	0	0	19	19	3	59	1	,005	-5,29330482472449	0	,00625814739400388	0
2055	2	6	EV37	3	valproic acid	124	23	0	0	37	62	0	1	1	0	11	21	9	3	7	5	0	0	5	3	17	1	0	0	0	1	0	0	67	113	86	17	39	42	1	46	0	0	16	0	7	5	0	0	1	1	0	1	1	0	0	0	0	20	3	0	4	16	0	0	11	18	2	168	0	0	83	1	68	14	69	178	0	4	0	9	9	1	20	0	0	2	0	0	5	8	2	20	0	0	0	0	230	0	0	48	76	0	0	0	0	0	0	5	0	0	0	0	0	0	0	0	0	48	20	5	148	1	0	-6,90675477864855	0	,00926723015628389	0
2015	2	6	EV37	3	propoxyphene	1	0	0	0	6	18	0	0	0	0	0	1	1	0	0	1	0	0	0	1	2	0	0	0	0	0	0	0	11	4	13	4	0	0	0	9	0	0	4	0	2	0	0	0	3	0	0	0	0	0	0	0	0	1	0	0	0	0	0	0	1	0	0	4	0	0	6	0	10	2	8	30	0	1	0	1	0	0	3	0	0	1	0	0	2	1	0	4	0	0	0	0	10	0	0	3	4	0	0	0	0	0	0	0	0	0	0	0	0	0	0	0	0	6	2	0	11	1	,31	-,800119300112113	0	,430184099326345	0
1908	2	6	EV37	3	atomoxetine	0	0	0	2	0	0	0	0	0	0	0	0	0	0	0	0	0	0	0	0	0	0	0	0	0	0	0	0	0	0	0	0	0	0	0	0	0	0	0	0	0	0	0	0	1	0	0	0	0	0	0	0	0	0	0	0	0	0	0	0	0	0	0	0	0	0	1	0	2	1	0	2	0	1	0	1	0	0	2	0	0	1	0	0	1	1	0	1	0	0	0	0	1	0	0	0	2	0	0	0	0	0	0	0	0	0	0	0	0	0	0	0	0	3	2	0	2	1	,335	-,685656508830788	0	,364441351513669	0
1904	2	6	EV37	3	amphotericin b	0	0	0	0	0	0	0	0	0	0	0	0	0	0	0	0	0	0	0	0	0	0	0	0	0	0	0	0	0	0	2	1	3	0	0	0	0	0	0	0	0	0	0	0	0	0	0	0	0	0	0	0	0	0	0	0	0	0	0	0	0	0	0	0	0	0	4	0	3	1	0	5	0	1	0	1	0	0	3	0	0	1	0	0	1	1	1	3	0	0	0	0	1	0	0	2	4	0	0	0	0	0	0	0	0	0	0	0	0	0	0	0	0	2	2	1	6	1	,406	-,380526159760912	0	,424554027710528	0
1982	2	6	EV37	3	levothyroxine	0	0	0	0	0	0	0	0	0	0	0	0	0	0	0	0	0	0	0	0	0	0	0	0	0	0	0	0	0	0	0	0	0	0	0	0	0	0	0	0	0	0	0	0	0	0	0	0	0	0	0	0	0	0	0	0	0	0	0	0	0	0	1	0	0	0	1	0	0	0	0	1	0	0	0	1	0	0	0	0	0	0	0	0	0	0	0	0	0	0	0	0	0	0	0	0	1	0	0	0	0	0	0	0	0	0	0	0	0	0	0	0	0	1	0	0	0	1	,38	-,489548225318706	0	,436465148234343	0
1933	2	6	EV37	3	desvenlafaxine	0	0	0	3	0	0	0	0	0	0	0	0	0	0	0	0	0	0	0	0	0	0	0	0	0	0	0	0	0	0	0	0	0	0	0	0	1	0	0	1	0	0	0	0	0	0	0	0	0	0	0	0	0	0	2	0	0	0	0	0	0	0	0	0	0	0	0	0	2	1	2	4	0	1	0	1	0	0	2	0	0	1	0	0	1	1	0	1	0	0	0	0	0	0	0	0	1	0	0	0	0	0	0	0	0	0	0	0	0	0	0	0	0	2	2	0	4	1	,286	-,914891151519732	0	,347195453012353	0
1994	2	6	EV37	3	milnacipran	0	0	0	0	0	0	0	0	0	0	0	0	0	0	0	0	0	0	0	0	0	0	0	0	0	0	0	0	0	0	0	0	2	0	0	0	0	0	0	0	0	0	0	0	0	0	0	0	0	0	0	0	0	0	2	0	0	0	0	0	0	0	0	0	0	0	0	0	2	1	0	3	0	1	0	1	0	0	2	0	0	1	0	0	1	1	0	1	0	0	0	0	0	0	0	0	2	0	0	0	0	0	0	0	0	0	0	0	0	0	0	0	0	3	2	0	2	1	,364	-,558044695703382	0	,398271078028955	0
2035	2	6	EV37	3	succimer	0	0	0	0	0	0	0	0	0	0	0	0	0	0	0	0	0	0	0	0	0	0	0	0	0	0	0	0	0	0	0	0	1	0	0	0	0	0	0	0	0	0	0	0	0	0	0	0	0	0	0	0	0	0	2	0	0	0	0	0	0	0	0	0	0	0	0	0	2	1	0	3	0	1	0	1	0	0	2	0	0	1	0	0	1	1	0	1	0	0	0	0	0	0	0	0	1	0	0	0	0	0	0	0	0	0	0	0	0	0	0	0	0	2	2	0	2	1	,366	-,54941562103586	0	,39868838576481	0
1936	2	6	EV37	3	donepezil	0	0	0	0	0	0	0	0	0	0	0	0	0	0	0	0	0	0	0	0	0	0	0	0	0	0	0	0	0	0	0	0	4	0	0	0	0	0	0	0	0	0	0	0	0	0	0	0	0	0	0	0	0	0	0	0	0	0	0	0	0	0	0	0	0	0	1	0	2	1	0	2	0	1	0	1	0	0	2	0	0	1	0	0	1	1	0	1	0	0	0	0	0	0	0	0	3	0	0	0	0	0	0	0	0	0	0	0	0	0	0	0	0	3	2	0	2	1	,419	-,326879836929773	0	,415877984320434	0
2052	2	6	EV37	3	triptorelin pamoate	0	0	0	0	0	0	0	0	0	0	0	0	0	0	0	0	0	0	0	0	0	0	0	0	0	0	0	0	0	0	0	0	0	0	0	0	0	0	0	0	0	0	0	0	0	0	0	0	0	0	0	0	0	0	0	0	0	0	0	0	0	0	0	0	0	0	2	0	0	0	2	1	0	0	0	0	0	0	0	0	0	0	0	0	0	0	0	0	0	0	0	0	0	0	0	1	0	0	0	0	0	0	0	0	0	0	0	0	0	0	0	0	0	1	0	0	0	1	,442	-,233049080303613	0	,474596080129774	0
1987	2	6	EV37	3	metoprolol	31	7	0	17	9	33	0	0	0	0	1	9	5	1	3	3	0	0	0	4	16	2	3	0	3	4	0	0	17	56	60	3	20	0	0	59	0	0	24	0	12	6	0	0	0	0	0	1	1	0	0	0	0	0	0	0	2	0	0	0	3	12	0	16	0	0	37	3	24	2	48	106	0	1	0	6	1	0	6	0	0	1	0	0	2	2	1	6	0	0	0	0	38	0	0	10	36	0	0	0	0	0	0	6	0	0	0	0	0	0	0	0	0	16	10	3	62	1	,02	-3,89182029811063	0	,159597601664059	0
2002	2	6	EV37	3	orlistat	0	0	0	0	0	0	0	0	0	0	0	0	0	0	0	0	0	0	0	0	0	0	0	0	0	0	0	0	0	0	0	0	1	0	0	0	0	0	0	0	0	0	0	0	0	0	0	0	0	0	0	0	0	0	0	0	0	0	0	0	0	0	0	0	0	0	2	0	2	1	0	3	0	1	0	1	0	0	2	0	0	1	0	0	1	1	0	1	0	0	0	0	0	0	0	0	1	0	0	0	0	0	0	0	0	0	0	0	0	0	0	0	0	2	2	0	2	1	,421	-,318669643890614	0	,431753836667185	0
1937	2	6	EV37	3	doxorubicin	0	0	0	0	0	0	0	0	0	0	0	0	0	0	0	0	0	0	0	0	0	0	0	0	0	0	0	0	0	0	0	1	8	0	0	0	0	0	0	0	0	0	0	0	0	0	0	0	0	0	0	0	0	0	0	0	0	0	0	0	0	0	0	0	0	0	4	0	2	1	0	6	0	1	0	1	0	0	3	0	0	1	0	0	1	1	0	1	0	0	0	0	0	0	0	0	6	0	0	0	0	0	0	0	0	0	0	0	0	0	0	0	0	4	2	0	3	1	,402	-,397138665331611	0	,432989086102825	0
1895	2	6	EV37	3	acarbose	0	0	0	0	0	0	0	0	0	0	0	0	0	0	0	0	0	0	0	0	0	0	0	0	0	0	0	0	0	0	0	0	3	0	0	0	0	0	0	0	0	0	0	0	0	0	0	0	0	0	0	0	0	0	0	0	0	0	0	0	0	0	0	0	0	0	0	0	2	1	0	3	0	1	0	1	0	0	2	0	0	1	0	0	1	1	0	1	0	0	0	0	0	0	0	0	1	0	0	0	0	0	0	0	0	0	0	0	0	0	0	0	0	2	2	0	2	1	,421	-,318669643890614	0	,415268684196386	0
1898	2	6	EV37	3	alendronate	0	0	0	0	0	0	0	0	0	0	0	0	0	0	0	0	0	0	0	0	0	0	0	0	0	0	0	0	0	0	0	0	2	0	0	0	0	0	0	0	0	0	0	0	0	0	0	0	0	0	0	0	0	0	0	0	0	0	0	0	0	0	0	0	0	0	0	0	0	0	0	1	0	0	0	0	0	0	1	0	0	0	0	0	0	0	0	0	0	0	0	0	0	0	0	0	2	0	0	0	0	0	0	0	0	0	0	0	0	0	0	0	0	0	0	0	0	1	,429	-,285932290727993	0	,426570425155967	0
1907	2	6	EV37	3	atenolol	0	0	0	0	0	0	0	0	0	0	0	0	0	0	0	0	0	0	0	0	0	0	0	0	0	0	0	0	0	0	0	0	2	0	0	0	0	0	0	0	0	0	0	0	0	0	0	0	0	0	0	0	0	0	0	0	0	0	0	0	0	0	0	0	0	0	0	0	0	0	0	1	0	0	0	0	0	0	1	0	0	0	0	0	0	0	0	0	0	0	0	0	0	0	0	0	2	0	0	0	0	0	0	0	0	0	0	0	0	0	0	0	0	0	0	0	0	1	,429	-,285932290727993	0	,430314630376539	0
2007	2	6	EV37	3	penicillamine	2	0	0	0	0	0	0	0	0	0	0	0	0	0	0	0	0	0	0	1	0	0	0	0	0	0	0	0	0	0	0	0	0	0	1	0	0	0	0	0	0	0	0	0	0	0	0	0	0	0	0	0	0	0	0	0	0	0	0	0	0	0	0	0	0	0	0	0	0	0	0	1	0	0	0	0	0	0	1	0	0	0	0	0	0	0	0	0	0	0	0	0	0	0	0	0	2	0	0	0	0	0	0	0	0	0	0	0	0	0	0	0	0	0	0	0	2	1	,445	-,220893831580195	0	,439663191848733	0
1986	2	6	EV37	3	metformin	0	0	0	0	0	0	0	0	0	0	0	0	0	0	0	0	0	0	0	0	0	0	0	0	0	1	0	0	0	0	0	0	3	0	0	0	0	0	0	0	0	0	0	0	0	0	0	0	0	0	0	0	0	0	0	0	0	0	0	0	0	0	0	0	0	0	0	0	2	1	0	3	0	1	0	1	0	0	3	0	0	1	0	0	1	1	0	1	0	0	0	0	0	0	0	0	3	0	0	0	0	0	0	0	0	0	0	0	0	0	0	0	0	2	2	0	2	1	,427	-,294101703486115	0	,419014964265162	0
1928	2	6	EV37	3	danazol	2	0	0	0	0	0	0	0	0	0	0	0	0	0	0	0	0	0	0	0	0	0	0	0	0	0	0	0	0	0	0	0	1	0	0	0	0	0	0	0	0	0	0	0	0	0	0	0	0	0	0	0	0	0	0	0	0	0	0	0	0	0	0	0	0	0	1	0	2	1	0	3	0	1	0	1	0	0	3	0	0	1	0	0	1	1	0	1	0	0	0	0	0	0	0	0	3	0	0	0	0	0	0	0	0	0	0	0	0	0	0	0	0	2	2	0	2	1	,427	-,294101703486115	0	,467238496933805	0
1997	2	6	EV37	3	nelarabine	0	0	0	5	2	0	0	0	0	0	0	0	0	0	0	0	0	0	0	0	0	0	0	0	0	0	0	0	0	0	0	1	0	0	0	0	0	0	0	0	0	0	0	0	0	0	0	0	0	0	0	0	0	0	0	0	0	0	0	0	0	0	0	0	0	0	3	0	3	1	1	7	0	1	0	1	0	0	2	0	0	1	0	0	1	1	0	1	0	0	0	0	2	0	0	2	4	0	0	0	0	0	0	0	0	0	0	0	0	0	0	0	0	2	2	0	4	1	,415	-,343333327001158	0	,425303474511885	0
1962	2	6	EV37	3	gabapentin	0	0	0	0	0	0	0	0	0	0	0	0	0	0	0	0	0	0	0	0	0	0	0	0	0	0	0	0	0	0	0	0	6	0	0	0	0	0	0	0	0	0	0	0	0	0	0	0	0	0	0	0	0	0	0	0	0	0	0	0	0	0	0	0	0	0	0	0	2	1	0	5	0	1	0	1	0	0	3	0	0	1	0	0	1	1	0	1	0	0	0	0	2	0	0	0	3	0	0	0	0	0	0	0	0	0	0	0	0	0	0	0	0	2	2	0	3	1	,427	-,294101703486115	0	,40566005849717	0
2026	2	6	EV37	3	ropinirole	0	0	0	9	0	0	0	0	0	0	0	0	0	0	0	0	0	0	0	0	0	0	0	0	0	0	0	0	0	0	0	0	0	0	0	0	0	0	0	0	0	0	0	0	0	0	0	0	0	0	0	0	0	0	0	0	0	0	0	0	0	0	0	13	0	0	0	0	2	1	0	5	0	1	0	1	0	0	2	0	0	1	0	0	1	1	0	2	0	0	0	0	17	0	0	0	1	0	0	0	0	0	0	0	0	0	0	0	0	0	0	0	0	2	2	0	4	1	,438	-,249282939517245	0	,434151113980487	0
1979	2	6	EV37	3	leuprolide	2	1	0	12	8	4	0	0	0	0	0	1	0	0	0	0	0	0	0	0	0	0	0	0	1	1	0	0	7	1	0	1	7	0	0	4	0	0	2	0	0	0	0	0	0	0	0	0	0	0	0	0	0	0	0	0	1	0	0	0	0	3	0	1	0	0	8	2	10	2	1	20	0	2	0	3	3	0	2	0	0	1	0	0	1	2	0	4	0	0	0	0	9	0	0	4	8	0	0	0	0	0	0	2	0	0	0	0	0	0	0	0	0	7	8	1	21	1	,433	-,269621575725262	0	,425525859608551	0
2013	2	6	EV37	3	pregabalin	0	0	0	10	0	0	0	0	0	0	0	0	0	0	0	0	0	0	0	0	0	0	0	0	0	0	0	0	0	0	0	0	0	0	0	0	0	0	0	0	0	0	0	0	0	0	0	0	0	0	0	0	0	0	0	0	0	0	0	0	0	0	0	0	0	0	0	0	2	1	0	8	0	1	0	1	0	0	2	0	0	1	0	0	1	1	0	1	0	0	0	0	2	0	0	0	2	0	0	0	0	0	0	0	0	0	0	0	0	0	0	0	0	2	2	0	4	1	,439	-,245221492447525	0	,445844720837068	0
1899	2	6	EV37	3	alfuzosin	0	0	0	0	0	0	0	0	0	0	0	0	0	0	0	0	0	0	0	0	0	0	0	0	0	0	0	0	0	0	0	0	2	0	0	0	0	0	0	1	0	0	0	0	0	0	0	0	0	0	0	0	0	0	0	0	0	0	0	0	0	0	0	0	0	0	0	0	2	1	0	3	0	1	0	1	0	0	2	0	0	1	0	0	1	1	0	1	0	0	0	0	0	0	0	0	1	0	0	0	0	0	0	0	0	0	0	0	0	0	0	0	0	2	2	0	2	1	,454	-,184521777703557	0	,4196330110001	0
1988	2	6	EV37	3	mexiletine	0	0	0	0	0	0	0	0	0	0	0	0	0	0	0	0	0	0	0	0	0	0	0	0	0	0	0	0	0	0	0	1	5	0	0	0	0	0	0	1	0	0	0	0	0	0	0	0	0	0	0	0	0	0	0	0	0	0	0	0	0	0	0	0	0	0	0	0	4	1	0	5	0	1	0	1	0	0	3	0	0	1	0	0	1	1	0	1	0	0	0	0	0	0	0	0	3	0	0	0	0	0	0	0	0	0	0	0	0	0	0	0	0	3	2	0	2	1	,438	-,249282939517245	0	,440814678669981	0
1945	2	6	EV37	3	estradiol	3	0	0	0	0	0	0	1	0	0	0	0	0	0	0	0	0	0	0	0	0	0	0	0	0	0	0	0	0	0	0	0	2	0	0	0	0	0	0	0	0	0	0	0	0	0	0	0	0	0	0	0	0	0	0	0	0	0	0	0	0	0	0	0	0	0	1	0	0	0	0	2	0	0	0	0	0	0	1	0	0	0	0	0	0	0	0	0	0	0	0	0	1	0	0	0	2	0	0	0	0	0	0	0	0	0	0	0	0	0	0	0	0	0	0	0	1	1	,502	,00800004266707637	0	,427728678961166	0
2058	2	6	EV37	3	vincristine	117	14	0	11	46	126	0	1	0	1	7	34	15	4	8	18	0	0	2	4	29	2	1	0	5	23	0	0	51	207	101	5	50	26	1	77	0	0	22	0	7	10	0	0	0	0	4	4	1	0	0	0	0	20	4	0	2	0	0	0	9	10	5	109	0	1	132	20	58	15	53	162	0	5	0	10	9	1	15	0	0	2	0	0	4	10	0	22	0	0	0	0	288	0	0	54	77	0	0	0	0	0	0	8	0	0	0	0	0	0	0	0	0	46	28	4	155	1	,049	-2,96569376443476	0	,316599321338976	0
2041	2	6	EV37	3	terbutaline	15	3	0	6	7	25	0	1	0	0	0	8	1	0	0	0	0	0	0	3	4	0	0	0	0	2	0	0	13	22	21	2	5	2	0	16	1	0	3	1	5	6	0	0	0	0	0	1	1	0	0	0	0	0	0	0	4	0	0	0	0	5	0	18	0	0	33	0	20	8	9	57	0	1	0	6	1	0	10	0	0	2	0	0	1	4	1	11	0	0	0	0	29	0	0	11	26	0	0	0	0	0	0	3	0	0	0	0	0	0	0	0	0	7	10	3	34	1	,386	-,464157558682312	0	,475988925612964	0
2014	2	6	EV37	3	propafenone	3	0	1	22	5	13	0	0	0	0	0	1	1	0	0	1	0	0	0	1	1	0	0	0	0	0	0	0	2	4	20	1	4	0	0	17	0	0	11	0	7	1	0	0	0	0	0	0	1	0	0	0	0	0	0	0	2	0	0	0	0	1	0	5	0	0	8	0	16	2	19	37	0	1	0	3	1	0	5	0	0	1	0	0	1	2	0	4	0	0	0	0	13	0	0	6	9	0	0	0	0	0	0	0	0	0	0	0	0	0	0	0	0	9	2	0	32	1	,72	,944461608840851	0	,624364592268174	0
1985	2	6	EV37	3	memantine	18	4	0	29	9	5	0	0	0	0	0	9	2	1	0	0	0	0	2	0	3	0	2	0	0	1	0	0	4	10	18	4	14	0	0	6	0	0	6	0	6	0	0	0	0	0	0	0	0	0	0	0	0	2	0	0	0	0	0	0	2	16	0	10	0	0	32	0	24	7	20	63	0	1	0	5	2	0	8	0	0	1	0	0	3	2	1	5	0	0	0	0	27	0	0	8	26	0	0	0	0	0	0	3	0	0	0	0	0	0	0	0	0	15	4	3	40	1	,326	-,7263327295456	0	,495029879346466	0
1929	2	6	EV37	3	daptomycin	20	3	0	0	15	43	0	0	0	0	2	2	23	0	1	3	0	0	1	2	7	0	0	0	0	7	0	0	6	16	41	3	19	17	1	32	0	0	18	0	5	6	0	0	0	0	2	1	2	0	0	0	2	0	1	0	2	0	0	0	0	7	2	15	0	0	45	2	27	3	5	72	0	1	0	3	5	0	8	0	0	1	0	0	1	4	0	15	0	0	0	0	22	0	0	25	36	0	0	0	0	0	0	2	0	0	0	0	0	0	0	0	0	9	6	1	85	1	,746	1,07739133318522	0	,524222409016955	0
1903	2	6	EV37	3	amphetamine	24	15	0	0	36	33	0	1	0	0	0	8	4	0	3	5	0	0	0	4	13	0	1	0	1	1	0	0	28	65	72	1	7	27	0	15	0	0	5	0	8	0	0	0	0	0	4	0	1	0	0	0	1	0	3	0	1	0	0	0	7	3	5	39	0	0	29	0	42	9	37	116	0	1	0	4	4	0	11	0	0	1	0	0	3	3	0	7	0	0	0	0	60	0	0	12	33	0	0	0	0	0	0	3	0	0	0	0	0	0	0	0	0	26	12	2	68	1	,098	-2,21964704139205	0	,554739729622321	0
2056	2	6	EV37	3	venlafaxine	13	1	0	61	9	14	4	0	0	0	0	3	5	0	1	5	0	0	1	0	3	0	0	0	1	1	0	0	0	6	25	2	0	0	0	27	0	0	16	0	2	5	0	0	0	0	0	0	0	0	0	0	0	0	0	0	3	0	0	0	1	5	0	11	0	0	25	0	30	4	34	76	0	2	0	2	0	0	7	0	0	1	0	0	2	2	1	1	0	0	0	0	21	0	0	9	26	0	0	0	0	0	0	3	0	0	0	0	0	0	0	0	0	18	10	3	39	1	,992	4,82028156560504	0	,923113280748587	0
2057	2	6	EV37	3	verapamil	94	78	2	27	37	149	3	1	0	0	0	36	17	4	10	7	0	0	5	23	49	1	4	0	14	11	0	0	32	316	212	2	18	10	0	123	0	0	55	0	15	27	0	0	1	0	2	3	3	0	0	0	5	1	0	0	17	0	0	0	5	37	1	182	1	0	99	1	73	16	105	235	0	3	0	12	9	0	21	0	0	2	0	0	4	10	1	25	0	0	0	0	267	0	0	50	86	0	0	0	0	0	0	8	0	0	0	0	0	0	0	0	0	45	26	5	175	1	,998	6,21260609575152	0	,955721258099621	0
2231	2	7	EV37	3	vitamin a	51	23	0	0	33	52	1	0	0	0	6	16	7	0	10	7	0	0	3	7	19	4	0	0	3	11	0	0	21	38	76	6	17	45	0	22	0	0	8	1	12	4	2	0	3	0	12	0	3	0	0	0	2	4	2	0	4	0	0	0	22	29	5	46	0	0	58	5	26	3	10	77	0	2	0	4	4	0	1	0	0	0	0	0	1	0	0	10	0	0	0	0	48	0	0	27	85	0	0	0	0	0	0	4	0	0	0	0	0	0	0	0	0	15	9	10	73	1	0	-6,90675477864855	0	,00137631185498763	0
2173	2	7	EV37	3	octreotide	15	7	0	8	14	19	0	0	0	0	0	9	4	0	6	2	0	0	2	0	2	0	0	0	0	5	0	0	8	15	23	1	19	26	0	12	0	0	1	0	4	4	0	0	0	0	4	0	2	0	0	1	0	0	3	0	0	0	0	0	0	15	0	10	0	0	48	2	21	2	10	37	0	0	0	3	4	0	1	0	0	0	0	0	0	0	0	7	0	0	0	0	17	0	0	11	48	0	0	0	0	0	0	2	0	0	0	0	0	0	0	0	0	9	5	5	48	1	,001	-6,90675477864855	0	,00569513974268145	0
2187	2	7	EV37	3	propoxyphene	2	1	0	0	3	10	0	0	1	0	2	0	1	0	0	0	0	0	0	0	1	0	0	0	0	0	0	0	1	3	7	5	0	0	0	7	0	0	5	0	6	0	0	0	2	0	0	0	0	0	0	0	0	9	0	0	0	0	0	0	2	0	0	2	0	0	6	0	3	0	7	11	0	0	0	1	0	0	1	0	0	0	0	0	0	0	0	1	0	0	0	0	20	0	0	0	3	0	0	0	0	0	0	0	0	0	0	0	0	0	0	0	0	3	0	0	6	1	,525	,100083458556983	0	,407107088217896	0
2227	2	7	EV37	3	valproic acid	84	14	0	0	23	36	0	0	1	0	11	16	8	0	5	1	0	0	2	5	10	0	1	0	1	0	0	0	43	103	61	15	27	29	1	26	0	0	11	0	3	1	0	0	1	1	1	1	0	0	0	0	0	20	2	0	1	14	0	0	10	12	0	123	0	0	56	1	30	4	50	79	0	1	0	6	2	0	1	0	0	0	0	0	2	0	0	8	0	0	0	0	130	0	0	25	72	0	0	0	0	0	0	2	0	0	0	0	0	0	0	0	0	13	6	9	95	1	,025	-3,66356164612965	0	,00843581156885705	0
2105	2	7	EV37	3	desvenlafaxine	0	0	0	0	0	0	0	0	0	0	0	0	0	0	0	0	0	0	0	0	0	0	0	0	0	0	0	0	0	0	0	0	0	0	0	0	2	0	0	2	0	0	0	0	0	0	0	0	0	0	0	0	0	0	2	0	0	0	0	0	0	0	0	0	0	0	0	0	1	0	2	2	0	0	0	1	0	0	1	0	0	0	0	0	0	0	0	1	0	0	0	0	0	0	0	0	0	0	0	0	0	0	0	0	0	0	0	0	0	0	0	0	0	2	0	0	2	1	,205	-1,35533213551592	0	,326023157317776	0
2080	2	7	EV37	3	atomoxetine	0	0	0	1	0	0	0	0	0	0	0	0	0	0	0	0	0	0	0	0	0	0	0	0	0	0	0	0	0	0	0	0	0	0	0	0	0	0	0	0	0	0	0	0	1	0	0	0	0	0	0	0	0	0	0	0	0	0	0	0	0	0	0	0	0	0	2	0	1	0	0	2	0	0	0	1	0	0	1	0	0	0	0	0	0	0	0	1	0	0	0	0	2	0	0	0	0	0	0	0	0	0	0	0	0	0	0	0	0	0	0	0	0	2	0	0	3	1	,344	-,645519131570691	0	,342769588308617	0
2134	2	7	EV37	3	gabapentin	0	0	0	0	0	0	0	0	0	0	0	0	0	0	0	0	0	0	0	0	0	0	0	0	0	0	0	0	0	0	0	0	6	0	1	0	0	0	0	0	0	0	0	0	0	0	0	0	0	0	0	0	0	0	0	0	0	0	0	0	0	0	0	0	0	0	0	0	1	0	0	3	0	0	0	1	0	0	1	0	0	0	0	0	1	0	0	1	0	0	0	0	2	0	0	0	2	0	0	0	0	0	0	0	0	0	0	0	0	0	0	0	0	2	0	0	2	1	,429	-,285932290727993	0	,383014331235556	0
2117	2	7	EV37	3	estradiol	3	0	0	0	0	0	0	0	0	0	0	0	0	0	0	0	0	0	0	0	2	0	0	0	0	0	0	0	0	0	0	0	3	0	0	0	0	0	0	0	0	0	0	0	0	0	0	0	0	0	0	0	0	0	0	0	0	0	0	0	0	0	0	0	0	0	0	0	1	1	0	1	0	0	0	0	0	0	0	0	0	0	0	0	0	0	0	1	0	0	0	0	1	0	0	2	4	0	0	0	0	0	0	0	0	0	0	0	0	0	0	0	0	0	0	0	5	1	,387	-,45994024290643	0	,404689838727981	0
2070	2	7	EV37	3	alendronate	0	0	0	0	0	0	0	0	0	0	0	0	0	0	0	0	0	0	0	0	0	0	0	0	0	0	0	0	0	0	0	0	1	0	0	0	0	0	0	0	0	0	0	0	0	0	0	0	0	0	0	0	0	0	0	0	0	0	0	0	0	0	0	0	0	0	0	0	0	0	0	0	0	0	0	0	0	0	0	0	0	0	0	0	0	0	0	0	0	0	0	0	0	0	0	0	1	0	0	0	0	0	0	0	0	0	0	0	0	0	0	0	0	0	0	0	0	1	,423	-,310470087461821	0	,403549978407632	0
2079	2	7	EV37	3	atenolol	0	0	0	0	0	0	0	0	0	0	0	0	0	0	0	0	0	0	0	0	0	0	0	0	0	0	0	0	0	0	0	0	1	0	0	0	0	0	0	0	0	0	0	0	0	0	0	0	0	0	0	0	0	0	0	0	0	0	0	0	0	0	0	0	0	0	0	0	0	0	0	0	0	0	0	0	0	0	0	0	0	0	0	0	0	0	0	0	0	0	0	0	0	0	0	0	1	0	0	0	0	0	0	0	0	0	0	0	0	0	0	0	0	0	0	0	0	1	,423	-,310470087461821	0	,407235621374567	0
2154	2	7	EV37	3	levothyroxine	0	0	0	0	0	0	0	0	0	0	0	0	0	0	0	0	0	0	0	0	0	0	0	0	0	0	0	0	0	0	0	0	0	0	0	0	0	0	0	0	0	0	0	0	0	0	0	0	0	0	0	0	0	0	0	0	0	0	0	0	0	0	0	0	0	0	0	0	0	0	0	0	0	0	0	0	0	0	0	0	0	0	0	0	0	0	0	0	0	0	0	0	0	0	0	0	0	0	0	0	0	0	0	0	0	0	0	0	0	0	0	0	0	0	0	0	0	1	,424	-,306374205463933	0	,413295583479035	0
2224	2	7	EV37	3	triptorelin pamoate	0	0	0	0	0	0	0	0	0	0	0	0	0	0	0	0	0	0	0	0	0	0	0	0	0	0	0	0	0	0	0	0	2	0	0	0	0	0	0	0	0	0	0	0	0	0	0	0	0	0	0	0	0	0	0	0	0	0	0	0	0	0	0	0	0	0	1	0	0	0	1	0	0	0	0	0	0	0	0	0	0	0	0	0	0	0	0	0	0	0	0	0	0	0	0	0	1	0	0	0	0	0	0	0	0	0	0	0	0	0	0	0	0	0	0	0	2	1	,432	-,273695830477041	0	,4510223811739	0
2166	2	7	EV37	3	milnacipran	0	0	0	0	0	0	0	0	0	0	0	0	0	0	0	0	0	0	0	0	0	0	0	0	0	0	0	0	0	0	0	0	0	0	0	0	0	0	0	0	0	0	0	0	0	0	0	0	0	0	0	0	0	0	2	0	0	0	0	0	0	0	0	0	0	0	0	0	1	0	0	2	0	0	0	1	0	0	1	0	0	0	0	0	0	0	0	1	0	0	0	0	0	0	0	0	0	0	0	0	0	0	0	0	0	0	0	0	0	0	0	0	0	2	0	0	2	1	,376	-,506561224979533	0	,37577703836582	0
2207	2	7	EV37	3	succimer	0	0	0	0	0	0	0	0	0	0	0	0	0	0	0	0	0	0	0	0	0	0	0	0	0	0	0	0	0	0	0	0	0	0	0	0	0	0	0	0	0	0	0	0	0	0	0	0	0	0	0	0	0	0	2	0	0	0	0	0	0	0	0	0	0	0	0	0	1	0	0	2	0	0	0	1	0	0	1	0	0	0	0	0	0	0	0	1	0	0	0	0	0	0	0	0	0	0	0	0	0	0	0	0	0	0	0	0	0	0	0	0	0	2	0	0	2	1	,376	-,506561224979533	0	,376185511756196	0
2109	2	7	EV37	3	doxorubicin	0	0	0	0	0	0	0	0	0	0	0	0	0	0	0	0	0	0	0	0	0	0	0	0	0	0	0	0	0	0	0	0	2	0	0	0	0	0	0	0	0	0	0	0	0	0	0	0	0	0	0	0	0	0	0	0	0	0	0	0	0	0	0	0	0	0	4	0	1	0	0	2	0	0	0	1	0	0	1	0	0	0	0	0	0	0	0	1	0	0	0	0	0	0	0	0	1	0	0	0	0	0	0	0	0	0	0	0	0	0	0	0	0	2	1	0	2	1	,43	-,281851152140988	0	,409869837804717	0
2067	2	7	EV37	3	acarbose	0	0	0	0	0	0	0	0	0	0	0	0	0	0	0	0	0	0	0	0	0	0	0	0	0	0	0	0	0	0	0	0	1	0	0	0	0	0	0	0	0	0	0	0	0	0	0	0	0	0	0	0	0	0	1	0	0	0	0	0	0	0	0	0	0	0	0	0	1	0	0	2	0	0	0	1	0	0	1	0	0	0	0	0	0	0	0	1	0	0	0	0	0	0	0	0	0	0	0	0	0	0	0	0	0	0	0	0	0	0	0	0	0	2	0	0	2	1	,403	-,392980551445919	0	,392440741576102	0
2071	2	7	EV37	3	alfuzosin	0	0	0	0	0	0	0	0	0	0	0	0	0	0	0	0	0	0	0	0	0	0	0	0	0	0	0	0	0	0	0	0	1	0	0	0	0	0	0	0	0	0	0	0	0	0	0	0	0	0	0	0	0	0	1	0	0	0	0	0	0	0	0	0	0	0	0	0	1	0	0	2	0	0	0	1	0	0	1	0	0	0	0	0	0	0	0	1	0	0	0	0	0	0	0	0	0	0	0	0	0	0	0	0	0	0	0	0	0	0	0	0	0	2	0	0	2	1	,403	-,392980551445919	0	,396727931126878	0
2158	2	7	EV37	3	metformin	1	0	0	0	0	0	0	0	0	0	0	0	0	0	0	0	0	0	0	0	0	0	0	0	0	0	0	0	0	0	0	0	3	0	0	0	0	0	0	0	0	0	0	0	0	0	0	0	0	0	0	0	0	0	0	0	0	0	0	0	0	0	0	0	0	0	0	0	1	0	0	2	0	0	0	1	0	0	1	0	0	0	0	0	0	0	0	1	0	0	0	0	0	0	0	0	2	0	0	0	0	0	0	0	0	0	0	0	0	0	0	0	0	2	0	0	2	1	,429	-,285932290727993	0	,396120594152925	0
2160	2	7	EV37	3	mexiletine	0	0	0	0	0	0	0	0	0	0	0	0	0	0	0	0	0	0	0	0	0	0	0	0	0	0	0	0	0	0	0	0	3	0	0	0	0	0	0	0	0	0	0	0	0	0	0	0	0	0	0	0	0	0	0	0	0	0	0	0	0	0	0	0	0	0	0	0	1	0	0	2	0	0	0	1	0	0	1	0	0	0	0	0	0	0	0	1	0	0	0	0	0	0	0	0	1	0	0	0	0	0	0	0	0	0	0	0	0	0	0	0	0	2	0	0	2	1	,43	-,281851152140988	0	,417585315093983	0
2108	2	7	EV37	3	donepezil	0	0	0	0	0	0	0	0	0	0	0	0	0	0	0	0	0	0	0	0	0	0	0	0	0	0	0	0	0	0	0	0	3	0	0	0	0	0	0	0	0	0	0	0	0	0	0	0	0	0	0	0	0	0	0	0	0	0	0	0	0	0	0	0	0	0	0	0	1	0	0	2	0	0	0	1	0	0	1	0	0	0	0	0	0	0	0	1	0	0	0	0	0	0	0	0	0	0	0	0	0	0	0	0	0	0	0	0	0	0	0	0	0	2	1	0	2	1	,432	-,273695830477041	0	,393039061327772	0
2076	2	7	EV37	3	amphotericin b	0	0	0	0	0	0	0	0	0	0	0	0	0	0	0	0	0	0	0	0	0	0	0	0	0	0	0	0	0	0	1	0	2	0	0	0	0	0	0	0	0	0	0	0	0	0	0	0	0	0	0	0	0	0	0	0	0	0	0	0	0	0	0	0	0	0	3	0	1	0	0	3	0	0	0	2	0	0	1	0	0	0	0	0	0	0	0	1	0	0	0	0	0	0	0	0	3	0	0	0	0	0	0	0	0	0	0	0	0	0	0	0	0	2	0	1	3	1	,428	-,290015795798001	0	,40156619483739	0
2174	2	7	EV37	3	orlistat	0	0	0	1	0	0	0	0	0	0	0	0	0	0	0	0	0	0	0	0	0	0	0	0	0	0	0	0	0	0	0	0	0	0	0	0	0	0	0	0	0	0	0	0	0	0	0	0	0	0	0	0	0	0	0	0	0	0	0	0	0	0	0	0	0	0	1	0	1	0	0	2	0	0	0	1	0	0	1	0	0	0	0	0	0	0	0	1	0	0	0	0	0	0	0	0	0	0	0	0	0	0	0	0	0	0	0	0	0	0	0	0	0	2	0	0	2	1	,434	-,265549544102778	0	,408653008798622	0
2179	2	7	EV37	3	penicillamine	0	0	0	0	0	0	0	0	0	0	0	0	0	0	0	0	0	0	0	1	0	0	0	0	0	0	0	0	0	0	0	0	0	0	0	0	0	0	0	0	0	0	0	0	0	0	0	0	0	0	0	0	0	0	0	0	0	0	0	0	0	0	0	0	0	0	1	0	0	0	0	0	0	0	0	0	0	0	0	0	0	0	0	0	0	0	0	0	0	0	0	0	1	0	0	0	1	0	0	0	0	0	0	0	0	0	0	0	0	0	0	0	0	0	0	0	0	1	,438	-,249282939517245	0	,416449317081153	0
2198	2	7	EV37	3	ropinirole	0	0	0	2	0	0	0	0	0	0	0	0	0	0	0	0	0	0	0	0	0	0	0	0	0	0	0	0	0	0	0	0	0	0	0	0	0	0	0	0	0	0	0	0	0	0	0	0	0	0	0	0	0	0	0	0	0	0	0	0	0	0	0	0	0	0	0	0	1	0	0	2	0	0	0	1	0	0	1	0	0	0	0	0	0	0	0	1	0	0	0	0	0	0	0	0	0	0	0	0	0	0	0	0	0	0	0	0	0	0	0	0	0	2	0	0	2	1	,436	-,257412008149024	0	,411014795597516	0
2169	2	7	EV37	3	nelarabine	0	0	0	2	2	0	0	0	0	0	0	0	0	0	0	0	0	0	0	0	0	0	0	0	0	0	0	0	0	0	0	0	0	0	0	0	0	0	0	0	0	0	0	0	0	0	0	0	0	0	0	0	0	0	0	0	0	0	0	0	0	0	0	0	0	0	4	0	2	0	0	5	0	1	0	1	0	0	1	0	0	0	0	0	0	0	0	1	0	0	0	0	2	0	0	3	2	0	0	0	0	0	0	0	0	0	0	0	0	0	0	0	0	2	0	0	4	1	,436	-,257412008149024	0	,402303431935558	0
2185	2	7	EV37	3	pregabalin	0	0	0	5	0	0	0	0	0	0	0	0	0	0	0	0	0	0	0	0	0	0	0	0	0	0	0	0	0	0	0	0	1	0	0	0	0	0	0	0	0	0	0	0	0	0	0	0	0	0	0	0	0	0	0	0	0	0	0	0	0	0	0	0	0	0	0	0	1	0	1	3	0	0	0	1	0	0	1	0	0	0	0	0	0	0	0	1	0	0	0	0	2	0	0	0	0	0	0	0	0	0	0	0	0	0	0	0	0	0	0	0	0	2	0	0	3	1	,45	-,200670695462151	0	,422550589596782	0
2230	2	7	EV37	3	vincristine	64	11	0	8	30	93	0	0	0	0	5	13	15	4	5	9	0	0	1	2	14	2	0	0	6	16	0	0	22	106	73	3	36	20	0	54	0	0	16	0	9	5	0	0	0	0	4	3	2	0	0	0	1	0	5	0	1	1	0	0	4	6	1	50	0	0	69	12	24	6	42	74	0	2	0	5	7	0	1	0	0	0	0	0	2	0	0	10	0	0	0	0	137	0	0	38	67	0	0	0	0	0	0	3	0	0	0	0	0	0	0	0	0	15	8	4	104	1	,225	-1,23676262714893	0	,296445534990625	0
2100	2	7	EV37	3	danazol	0	0	0	0	0	0	0	0	0	0	0	0	0	0	0	0	0	0	0	0	0	0	0	0	0	0	0	0	0	0	0	0	2	0	0	0	0	0	0	1	0	0	0	0	0	0	0	0	0	0	0	0	0	0	0	0	0	0	0	0	0	0	0	0	0	0	2	0	1	0	0	3	0	0	0	1	0	0	1	0	0	0	0	0	0	0	0	1	0	0	0	0	0	0	0	0	1	0	0	0	0	0	0	0	0	0	0	0	0	0	0	0	0	2	0	0	2	1	,463	-,148271040422631	0	,443721614343158	0
2151	2	7	EV37	3	leuprolide	3	1	0	10	3	2	0	0	0	0	0	1	2	0	0	0	0	0	0	2	1	0	0	0	0	4	0	0	2	5	6	0	13	1	0	5	0	0	2	0	0	0	0	0	0	0	0	0	0	0	0	0	0	0	0	0	0	0	0	0	0	3	1	4	0	0	9	0	8	1	3	14	0	0	0	3	0	0	1	0	0	0	0	0	1	0	0	5	0	0	0	0	5	0	0	10	17	0	0	0	0	0	0	0	0	0	0	0	0	0	0	0	0	5	0	1	22	1	,519	,0760366130601276	0	,402522214024676	0
2186	2	7	EV37	3	propafenone	0	2	0	19	9	5	0	0	0	0	0	3	0	0	2	0	0	0	0	0	0	0	0	0	1	0	0	0	4	2	14	0	1	0	0	2	0	0	2	0	2	0	0	0	0	0	0	0	0	0	0	0	0	0	1	0	0	0	0	0	1	3	0	4	0	0	5	0	4	0	18	17	0	0	0	1	1	0	1	0	0	0	0	0	0	0	0	1	0	0	0	0	12	0	0	2	7	0	0	0	0	0	0	0	0	0	0	0	0	0	0	0	0	4	1	0	14	1	,615	,468378933518734	0	,60187362338487	0
2213	2	7	EV37	3	terbutaline	7	3	0	2	8	8	0	0	0	0	0	1	2	0	0	0	0	0	1	1	2	0	0	0	0	2	0	0	7	15	13	0	1	0	0	4	0	0	1	0	4	1	0	0	0	0	0	0	0	0	0	0	0	0	0	0	1	0	0	0	0	0	0	5	0	0	22	0	12	1	6	21	0	0	0	3	0	0	1	0	0	0	0	0	0	0	0	5	0	0	0	0	13	0	0	4	24	0	0	0	0	0	0	0	0	0	0	0	0	0	0	0	0	6	1	4	36	1	,581	,326879836929773	0	,452405614386304	0
2228	2	7	EV37	3	venlafaxine	9	4	0	40	6	7	1	0	0	0	0	1	3	0	1	1	0	0	1	0	0	1	1	0	0	1	0	0	0	6	16	0	0	0	1	13	0	0	9	0	2	3	0	0	0	0	0	0	0	0	0	0	0	0	1	0	2	0	0	0	4	4	0	2	0	0	16	0	8	1	29	25	0	0	0	2	2	0	1	0	0	0	0	0	0	0	0	2	0	0	0	0	19	0	0	4	23	0	0	0	0	0	0	2	0	0	0	0	0	0	0	0	0	5	4	2	20	1	,25	-1,09861228866811	0	,916106258264912	0
2159	2	7	EV37	3	metoprolol	16	1	0	7	8	14	0	1	0	0	0	6	2	0	0	1	0	0	0	4	11	0	3	0	2	1	0	0	9	20	45	1	15	1	1	32	0	0	11	0	3	4	0	0	0	0	0	1	0	1	0	0	0	0	0	0	1	1	0	0	2	5	0	17	0	0	25	3	21	1	34	49	0	1	0	3	3	0	1	0	0	0	0	0	1	0	0	4	0	0	0	0	34	0	0	6	28	0	0	0	0	0	0	2	0	0	0	0	0	0	0	0	0	9	2	3	38	1	,215	-1,29504568965475	0	,147284154789131	0
2157	2	7	EV37	3	memantine	12	4	0	25	9	6	0	0	0	0	0	9	5	0	1	0	0	0	0	0	5	0	0	0	0	1	0	0	2	4	14	1	4	0	0	9	0	0	5	0	4	2	0	0	0	0	0	0	0	0	0	0	0	0	1	0	0	0	0	0	3	11	0	8	0	0	16	0	12	0	24	29	0	0	0	3	0	0	1	0	0	0	0	0	0	0	0	3	0	0	0	0	22	0	0	5	24	0	0	0	0	0	0	1	0	0	0	0	0	0	0	0	0	8	2	3	22	1	,762	1,16367588201517	0	,471351763098306	0
2101	2	7	EV37	3	daptomycin	5	1	0	0	10	11	0	0	0	0	0	1	7	0	0	0	0	0	1	1	2	0	0	0	0	3	0	0	4	5	11	1	10	8	0	6	0	0	5	0	3	1	0	0	0	0	1	1	1	0	0	0	1	0	0	0	1	0	0	0	2	0	0	4	0	0	22	1	7	0	3	25	0	0	0	1	3	0	1	0	0	0	0	0	0	0	0	3	0	0	0	0	8	0	0	3	15	0	0	0	0	0	0	1	0	0	0	0	0	0	0	0	0	5	4	2	24	1	,686	,781484641817632	0	,500532020669342	0
2075	2	7	EV37	3	amphetamine	16	10	0	0	17	18	0	1	0	0	1	5	5	0	5	3	0	0	0	5	10	0	0	0	2	0	0	0	19	73	48	0	5	12	0	13	0	0	6	0	6	1	0	0	0	0	1	0	0	0	0	0	1	1	2	0	0	0	0	0	6	0	2	36	0	0	18	1	16	1	29	54	0	0	0	3	1	0	1	0	0	0	0	0	2	0	0	6	0	0	0	0	56	0	0	7	35	0	0	0	0	0	0	3	0	0	0	0	0	0	0	0	0	11	4	3	52	1	,847	1,71126277325962	0	,531210021687276	0
2229	2	7	EV37	3	verapamil	42	43	0	7	25	68	3	0	0	0	0	22	10	3	6	5	0	0	3	14	34	0	2	0	5	7	0	0	21	181	129	2	9	11	2	68	0	0	33	0	12	16	0	0	2	0	2	1	0	0	0	0	4	2	0	0	12	0	0	0	5	30	0	114	0	0	76	0	34	2	59	93	0	1	0	4	6	0	1	0	0	0	0	0	2	0	0	7	0	0	0	0	143	0	0	33	73	0	0	0	0	0	0	3	0	0	0	0	0	0	0	0	0	16	7	9	116	1	,988	4,41077604795987	0	,951529906957056	0
2385	2	8	EV37	3	terbutaline	6	4	0	0	3	10	0	1	0	0	0	3	0	0	1	0	0	0	0	1	1	0	0	0	0	1	0	0	10	12	17	3	4	2	0	19	0	0	9	0	0	3	0	0	0	0	0	0	0	0	0	0	0	17	0	0	3	0	0	0	0	3	0	20	0	0	13	0	7	1	3	24	0	1	0	1	0	0	1	0	0	0	0	0	1	0	0	0	0	0	0	0	46	0	0	1	10	0	0	0	0	0	0	0	0	0	0	0	0	0	0	0	0	5	1	1	12	1	,323	-,740018949689619	0	,510860869781619	0
2331	2	8	EV37	3	metoprolol	39	15	0	4	6	21	1	0	0	0	2	4	2	0	1	0	0	0	0	4	8	1	1	0	2	1	0	0	12	57	33	7	10	0	2	42	0	0	19	0	1	1	0	0	2	0	0	0	0	0	0	0	0	10	0	0	1	0	0	0	2	7	0	12	0	0	20	3	16	2	16	48	0	2	0	2	0	0	2	0	0	0	0	0	1	0	0	0	0	0	0	0	85	0	0	2	22	0	0	0	0	0	0	1	0	0	0	0	0	0	0	0	0	12	1	0	36	1	,132	-1,88338979207398	0	,179217703027936	0
2399	2	8	EV37	3	valproic acid	72	7	0	0	11	13	0	1	0	0	4	4	6	0	1	1	0	0	0	1	5	0	1	0	1	1	0	0	15	46	18	8	10	13	0	10	0	0	2	0	0	1	0	0	0	0	1	0	0	0	0	0	0	8	1	0	0	21	0	0	4	4	1	73	0	0	30	0	13	5	21	68	0	5	0	0	0	0	4	0	0	0	0	0	2	0	0	1	0	0	0	0	69	0	0	3	32	0	0	0	0	0	0	0	0	0	0	0	0	0	0	0	0	7	2	0	35	1	,00900000000000001	-4,70148995699377	0	,0106404845252097	0
2403	2	8	EV37	3	vitamin a	21	7	1	0	13	21	2	1	0	0	0	4	1	0	2	4	1	0	1	2	8	2	0	0	0	4	0	0	9	23	24	2	6	20	0	9	0	0	3	0	1	2	1	0	2	0	4	0	0	0	0	0	0	0	1	0	1	0	0	0	9	12	2	21	0	0	26	1	8	5	5	38	0	1	0	1	0	0	5	0	0	0	0	0	1	0	0	1	0	0	0	0	23	0	0	1	29	0	0	0	0	0	0	1	0	0	0	0	0	0	0	0	0	9	2	0	24	1	,001	-6,90675477864855	0	,00173924281624791	0
2345	2	8	EV37	3	octreotide	8	2	0	4	5	8	0	0	0	0	0	3	1	0	1	1	0	0	0	0	0	0	0	0	0	1	0	0	11	13	10	0	6	9	0	6	0	0	3	0	1	0	0	0	0	0	1	0	0	0	0	0	0	0	1	0	1	0	0	0	0	6	1	6	0	0	17	1	11	3	3	28	0	2	0	1	0	0	2	0	0	0	0	0	2	0	0	0	0	0	0	0	26	0	0	0	18	0	0	0	0	0	0	0	0	0	0	0	0	0	0	0	0	7	2	0	16	1	,238	-1,16367588201517	0	,00718873954903228	0
2351	2	8	EV37	3	penicillamine	1	0	0	0	0	0	0	0	0	0	0	0	0	0	0	0	0	0	0	0	0	0	0	0	0	0	0	0	0	0	0	0	0	0	1	0	0	0	0	0	0	0	0	0	0	0	0	0	0	0	0	0	0	0	0	0	0	0	0	0	0	0	0	0	0	0	1	0	0	1	0	0	0	0	0	0	0	0	0	0	0	0	0	0	0	0	0	0	0	0	0	0	0	0	0	0	1	0	0	0	0	0	0	0	0	0	0	0	0	0	0	0	0	0	0	0	1	1	,423	-,310470087461821	0	,474282579513477	0
2273	2	8	EV37	3	daptomycin	6	2	0	0	9	12	0	0	0	0	0	0	3	0	1	0	0	0	0	0	1	0	0	1	3	1	0	0	1	6	8	1	7	2	0	6	0	0	4	0	0	0	0	0	0	0	1	0	0	0	0	0	0	2	0	0	1	0	0	0	0	1	2	3	0	0	6	1	7	3	0	24	0	0	0	0	0	0	2	0	0	0	0	0	1	0	0	0	0	0	0	0	9	0	0	0	8	0	0	0	0	0	0	1	0	0	0	0	0	0	0	0	0	3	1	0	12	1	,237	-1,16919789014933	0	,558859352677833	0
2323	2	8	EV37	3	leuprolide	0	0	0	6	2	3	0	0	0	0	1	0	0	0	0	0	0	0	0	0	0	0	0	0	0	0	0	0	2	0	0	1	3	0	0	1	0	0	0	0	0	0	0	0	0	0	0	0	0	0	0	0	0	1	0	0	0	0	0	0	0	1	0	0	0	0	3	0	3	1	1	8	0	0	0	0	0	0	1	0	0	0	0	0	1	0	0	0	0	0	0	0	4	0	0	1	5	0	0	0	0	0	0	0	0	0	0	0	0	0	0	0	0	2	0	0	3	1	,438	-,249282939517245	0	,459945807225158	0
2326	2	8	EV37	3	levothyroxine	0	0	0	0	0	0	0	0	0	0	0	0	0	0	0	0	0	0	0	0	0	0	0	0	0	0	0	0	0	0	0	0	0	0	0	0	0	0	0	0	0	0	0	0	0	0	0	0	0	0	0	0	0	0	0	0	0	0	0	0	0	0	0	0	0	0	0	0	0	0	0	0	0	0	0	0	0	0	0	0	0	0	0	0	0	0	0	0	0	0	0	0	0	0	0	0	0	0	0	0	0	0	0	0	0	0	0	0	0	0	0	0	0	0	0	0	0	1	,424	-,306374205463933	0	,471044407761686	0
2252	2	8	EV37	3	atomoxetine	0	0	0	2	0	0	0	0	0	0	0	0	0	0	0	0	0	0	0	0	1	0	0	0	0	0	0	0	0	0	0	0	0	0	0	0	0	0	0	0	0	0	0	0	0	0	0	0	0	0	0	0	0	0	0	0	0	0	0	0	0	0	0	0	0	0	0	0	1	0	0	1	0	0	0	0	0	0	1	0	0	0	0	0	1	0	0	0	0	0	0	0	0	0	0	0	2	0	0	0	0	0	0	0	0	0	0	0	0	0	0	0	0	1	0	0	1	1	,417	-,335100964551691	0	,397337763548049	0
2251	2	8	EV37	3	atenolol	0	0	0	0	0	0	0	0	0	0	0	0	0	0	0	0	0	0	0	0	0	0	0	0	0	0	0	0	0	0	0	0	1	0	0	0	0	0	0	0	0	0	0	0	0	0	0	0	0	0	0	0	0	0	0	0	0	0	0	0	0	0	0	0	0	0	2	0	0	1	0	0	0	0	0	0	0	0	0	0	0	0	0	0	0	0	0	0	0	0	0	0	0	0	0	0	1	0	0	0	0	0	0	0	0	0	0	0	0	0	0	0	0	0	0	0	0	1	,423	-,310470087461821	0	,464808522905777	0
2242	2	8	EV37	3	alendronate	0	0	0	0	0	0	0	0	0	0	0	0	0	0	0	0	0	0	0	0	0	0	0	0	0	0	0	0	0	0	0	0	2	0	0	0	0	0	0	0	0	0	0	0	0	0	0	0	0	0	0	0	0	0	0	0	0	0	0	0	0	0	0	0	0	0	0	0	0	1	0	0	0	0	0	0	0	0	0	0	0	0	0	0	0	0	0	0	0	0	0	0	0	0	0	0	1	0	0	0	0	0	0	0	0	0	0	0	0	0	0	0	0	0	0	0	0	1	,423	-,310470087461821	0	,461007061350692	0
2289	2	8	EV37	3	estradiol	2	0	0	0	0	0	0	0	0	0	0	0	0	0	0	0	0	0	0	0	0	0	0	0	0	0	0	0	0	0	0	0	1	0	0	0	0	0	0	0	0	0	0	0	0	0	0	0	0	0	0	0	0	0	0	0	0	0	0	0	0	0	0	0	0	0	0	0	0	1	0	0	0	0	0	0	0	0	0	0	0	0	0	0	0	0	0	0	0	0	0	0	0	0	0	0	2	0	0	0	0	0	0	0	0	0	0	0	0	0	0	0	0	0	0	0	0	1	,421	-,318669643890614	0	,462183455206721	0
2338	2	8	EV37	3	milnacipran	0	0	0	0	0	0	0	0	0	0	0	0	0	0	0	0	0	0	0	0	0	0	0	0	0	0	0	0	0	0	0	0	2	0	0	0	0	0	0	0	0	0	0	0	0	0	0	0	0	0	0	0	0	0	0	0	0	0	0	0	0	0	0	0	0	0	0	0	1	0	0	1	0	0	0	0	0	0	1	0	0	0	0	0	1	0	0	0	0	0	0	0	0	0	0	0	1	0	0	0	0	0	0	0	0	0	0	0	0	0	0	0	0	1	0	0	1	1	,43	-,281851152140988	0	,432144826741521	0
2243	2	8	EV37	3	alfuzosin	0	0	0	0	0	0	0	0	0	0	0	0	0	0	0	0	0	0	0	0	0	0	0	0	0	0	0	0	0	0	1	0	1	0	0	0	0	0	0	0	0	0	0	0	0	0	0	0	0	0	0	0	0	0	0	0	0	0	0	0	0	0	0	0	0	0	0	0	1	0	0	1	0	0	0	0	0	0	1	0	0	0	0	0	1	0	0	0	0	0	0	0	0	0	0	0	1	0	0	0	0	0	0	0	0	0	0	0	0	0	0	0	0	1	0	0	1	1	,431	-,277772344022583	0	,453952958056992	0
2346	2	8	EV37	3	orlistat	1	0	0	0	0	0	0	0	0	0	0	0	0	0	0	0	0	0	0	0	0	0	0	0	0	0	0	0	0	0	1	0	0	0	0	0	0	0	0	0	0	0	0	0	0	0	0	0	0	0	0	0	0	0	0	0	0	0	0	0	0	0	0	0	0	0	1	0	1	0	0	2	0	0	0	0	0	0	1	0	0	0	0	0	1	0	0	0	0	0	0	0	0	0	0	0	1	0	0	0	0	0	0	0	0	0	0	0	0	0	0	0	0	1	0	0	1	1	,431	-,277772344022583	0	,466268671996249	0
2379	2	8	EV37	3	succimer	0	0	0	0	0	0	0	0	0	0	0	0	0	0	0	0	0	0	0	0	0	0	0	0	0	0	0	0	0	0	0	0	1	0	0	0	0	0	0	0	0	0	0	0	0	0	0	0	0	0	0	0	0	0	0	0	0	0	0	0	0	0	0	0	0	0	0	0	1	0	0	1	0	0	0	0	0	0	1	0	0	0	0	0	1	0	0	0	0	0	0	0	0	0	0	0	0	0	0	0	0	0	0	0	0	0	0	0	0	0	0	0	0	1	0	0	1	1	,432	-,273695830477041	0	,432572112156362	0
2281	2	8	EV37	3	doxorubicin	0	0	0	0	0	0	0	0	0	0	0	0	0	0	0	0	0	0	0	0	0	0	0	0	0	0	0	0	0	0	0	0	1	0	0	0	0	0	0	0	0	0	0	0	0	0	0	0	0	0	0	0	0	0	0	0	0	0	0	0	0	0	0	0	0	0	2	0	1	1	0	1	0	0	0	0	0	0	1	0	0	0	0	0	1	0	0	0	0	0	0	0	0	0	0	0	1	0	0	0	0	0	0	0	0	0	0	0	0	0	0	0	0	1	0	0	1	1	,43	-,281851152140988	0	,46752142489165	0
2239	2	8	EV37	3	acarbose	1	0	0	0	0	0	0	0	0	0	0	0	0	0	0	0	0	0	0	0	0	0	0	0	0	0	0	0	0	0	0	0	1	0	0	0	0	0	0	0	0	0	0	0	0	0	0	0	0	0	0	0	0	0	0	0	0	0	0	0	0	0	0	0	0	0	0	0	1	0	0	2	0	0	0	0	0	0	1	0	0	0	0	0	1	0	0	0	0	0	0	0	0	0	0	0	0	0	0	0	0	0	0	0	0	0	0	0	0	0	0	0	0	1	0	0	1	1	,432	-,273695830477041	0	,449508150026423	0
2341	2	8	EV37	3	nelarabine	0	0	0	1	0	0	0	0	0	0	0	0	0	0	0	0	0	0	0	0	0	0	0	0	0	0	0	0	0	0	0	0	0	0	0	0	0	0	0	0	0	0	0	0	0	0	0	0	0	0	0	0	0	0	0	0	0	0	0	0	0	0	0	0	0	0	1	0	1	0	0	1	0	0	0	0	0	0	1	0	0	0	0	0	1	0	0	0	0	0	0	0	0	0	0	0	0	0	0	0	0	0	0	0	0	0	0	0	0	0	0	0	0	1	0	0	2	1	,434	-,265549544102778	0	,459719828870052	0
2277	2	8	EV37	3	desvenlafaxine	0	0	0	1	0	0	0	0	0	0	0	0	0	0	0	0	0	0	0	0	0	0	0	0	0	0	0	0	0	0	1	0	0	0	0	0	0	0	0	0	0	0	0	0	0	0	0	0	0	0	0	0	0	0	1	0	0	0	0	0	0	0	0	0	0	0	1	0	1	0	1	2	0	0	0	0	0	0	1	0	0	0	0	0	1	0	0	0	0	0	0	0	0	0	0	0	1	0	0	0	0	0	0	0	0	0	0	0	0	0	0	0	0	2	0	0	1	1	,414	-,347453815751698	0	,37946460076024	0
2280	2	8	EV37	3	donepezil	0	0	0	0	0	0	0	0	0	0	0	0	0	0	0	0	0	0	0	0	0	0	0	0	0	0	0	0	0	1	1	0	2	0	0	0	0	0	0	0	0	0	0	0	0	0	0	0	0	0	0	0	0	0	0	0	0	0	0	0	0	0	0	0	0	0	0	0	1	0	0	2	0	0	0	0	0	0	1	0	0	0	0	0	1	0	0	0	0	0	0	0	0	0	0	0	1	0	0	0	0	0	0	0	0	0	0	0	0	0	0	0	0	1	0	0	1	1	,437	-,2533464330441	0	,450129014606167	0
2370	2	8	EV37	3	ropinirole	0	0	0	2	0	0	0	0	0	0	0	0	0	0	0	0	0	0	0	0	0	0	0	0	0	0	0	0	0	0	0	0	1	0	0	0	0	0	0	0	0	0	0	0	0	0	0	0	0	0	0	0	0	0	0	0	0	0	0	0	0	0	0	0	0	0	1	0	1	0	0	2	0	0	0	0	0	0	1	0	0	0	0	0	1	0	0	0	0	0	0	0	0	0	0	0	1	0	0	0	0	0	0	0	0	0	0	0	0	0	0	0	0	1	0	0	1	1	,434	-,265549544102778	0	,468699521368571	0
2306	2	8	EV37	3	gabapentin	0	0	0	0	0	0	0	0	0	0	0	0	0	0	0	0	0	0	0	1	1	0	0	0	0	0	0	0	0	0	0	0	3	0	0	0	0	0	0	0	0	0	0	0	0	0	0	0	0	0	0	0	0	0	0	0	0	0	0	0	0	0	0	0	0	0	0	0	1	1	0	2	0	0	0	0	0	0	1	0	0	0	0	0	1	0	0	0	0	0	0	0	0	0	0	0	1	0	0	0	0	0	0	0	0	0	0	0	0	0	0	0	0	1	0	0	1	1	,43	-,281851152140988	0	,439703027545212	0
2330	2	8	EV37	3	metformin	1	0	0	0	0	0	0	0	0	0	0	0	0	0	0	0	0	0	0	1	1	0	0	0	0	0	0	0	0	0	0	0	2	0	0	0	0	0	0	0	0	0	0	0	0	0	0	0	0	0	0	0	0	0	0	0	0	0	0	0	0	0	0	0	0	0	0	0	1	1	0	2	0	0	0	0	0	0	1	0	0	0	0	0	1	0	0	0	0	0	0	0	0	0	0	0	1	0	0	0	0	0	0	0	0	0	0	0	0	0	0	0	0	1	0	0	1	1	,43	-,281851152140988	0	,453323846439555	0
2272	2	8	EV37	3	danazol	0	0	0	0	0	0	0	0	0	0	0	0	0	0	0	0	0	0	0	1	0	0	0	0	0	0	0	0	0	1	0	0	0	0	0	0	0	0	0	0	0	0	0	0	0	0	0	0	0	0	0	0	0	0	0	0	0	0	0	0	0	0	0	0	0	0	2	0	1	1	0	1	0	0	0	0	0	0	1	0	0	0	0	0	1	0	0	0	0	0	0	0	0	0	0	0	1	0	0	0	0	0	0	0	0	0	0	0	0	0	0	0	0	1	0	0	1	1	,452	-,192593107115784	0	,502083615067258	0
2248	2	8	EV37	3	amphotericin b	0	0	0	0	0	0	0	0	0	0	0	0	0	0	0	0	0	0	0	1	0	0	0	0	0	0	0	0	0	1	0	0	2	0	0	0	0	0	0	0	0	0	0	0	0	0	0	0	0	0	0	0	0	0	0	0	0	0	0	0	0	0	0	0	0	0	2	0	1	1	0	1	0	0	0	0	0	0	1	0	0	0	0	0	1	0	0	0	0	0	0	0	0	0	0	0	1	0	0	0	0	0	0	0	0	0	0	0	0	0	0	0	0	1	0	0	1	1	,452	-,192593107115784	0	,458958168418258	0
2332	2	8	EV37	3	mexiletine	0	0	0	0	0	0	0	0	0	0	0	0	0	0	0	0	0	0	0	1	0	0	0	0	0	0	0	0	0	0	1	0	2	0	0	0	0	0	0	0	0	0	0	0	0	0	0	0	0	0	0	0	0	0	0	0	0	0	0	0	0	0	0	0	0	0	0	0	1	1	0	1	0	0	0	0	0	0	1	0	0	0	0	0	1	0	0	0	0	0	0	0	0	0	0	0	1	0	0	0	0	0	0	0	0	0	0	0	0	0	0	0	0	1	0	0	1	1	,447	-,212799406908766	0	,475447802342902	0
2357	2	8	EV37	3	pregabalin	0	0	0	3	0	0	0	0	0	0	0	0	0	0	0	0	0	0	0	0	0	0	0	0	0	0	0	0	0	0	0	0	0	0	0	0	0	0	0	0	0	0	0	0	0	0	0	0	0	0	0	0	0	0	0	0	0	0	0	0	0	0	0	0	0	0	0	0	1	0	2	3	0	0	0	0	0	0	2	0	0	0	0	0	1	0	0	0	0	0	0	0	0	0	0	0	1	0	0	0	0	0	0	0	0	0	0	0	0	0	0	0	0	1	0	0	1	1	,462	-,152293669080046	0	,480533429899119	0
2396	2	8	EV37	3	triptorelin pamoate	0	0	0	0	0	0	0	0	0	0	0	0	0	0	0	0	0	0	0	0	0	0	0	0	0	0	0	0	0	21	0	0	1	0	0	1	0	0	0	0	0	0	0	0	0	0	0	0	0	0	0	0	0	0	0	0	0	0	0	0	0	0	0	0	0	0	0	0	1	0	0	2	0	0	0	0	0	0	0	0	0	0	0	0	0	0	0	0	0	0	0	0	22	0	0	0	0	0	0	0	0	0	0	0	0	0	0	0	0	0	0	0	0	0	0	0	1	1	,55	,200670695462151	0	,509465191720499	0
2359	2	8	EV37	3	propoxyphene	18	1	0	0	4	3	0	0	0	0	0	1	0	0	0	0	0	0	0	0	1	0	0	0	0	0	0	0	7	3	4	0	0	0	0	3	0	0	1	0	1	1	0	0	0	0	0	0	0	0	0	0	0	0	0	0	0	0	0	0	2	0	0	2	0	0	5	0	2	0	1	13	0	0	0	0	0	0	1	0	0	0	0	0	1	0	0	0	0	0	0	0	29	0	0	0	3	0	0	0	0	0	0	0	0	0	0	0	0	0	0	0	0	5	0	0	1	1	,473	-,108105160049429	0	,464676063164601	0
2402	2	8	EV37	3	vincristine	34	4	0	4	15	19	0	0	0	0	0	3	1	1	3	1	0	0	0	0	5	1	0	0	1	3	0	0	23	58	33	2	4	3	0	7	0	0	2	0	2	0	0	0	0	0	1	0	0	0	0	0	0	0	0	0	0	0	0	0	1	3	2	29	0	0	29	3	18	4	14	49	0	1	0	2	0	0	4	0	0	0	0	0	2	0	0	1	0	0	0	0	105	0	0	2	27	0	0	0	0	0	0	0	0	0	0	0	0	0	0	0	0	11	3	2	27	1	,282	-,93456249811011	0	,347538703681703	0
2329	2	8	EV37	3	memantine	7	0	0	13	4	7	0	0	0	0	0	4	2	0	0	1	0	0	0	0	3	0	1	0	0	0	0	0	2	5	16	0	6	2	0	10	0	0	3	0	0	0	0	0	0	0	0	1	0	0	0	0	0	0	0	0	0	0	0	0	1	8	0	8	0	0	20	0	10	4	7	32	0	2	0	0	0	0	2	0	0	0	0	0	1	0	0	0	0	0	0	0	23	0	0	1	11	0	0	0	0	0	0	0	0	0	0	0	0	0	0	0	0	8	0	0	16	1	,44	-,241162056816888	0	,529886183273267	0
2400	2	8	EV37	3	venlafaxine	7	0	1	22	7	10	2	0	0	0	0	0	2	0	0	2	0	0	0	0	4	0	0	0	1	1	0	0	0	5	23	0	0	0	1	14	0	0	7	0	0	4	0	0	0	0	0	0	0	0	0	0	0	0	0	0	2	0	0	0	2	1	0	11	0	0	15	0	9	3	13	37	0	2	0	0	0	0	3	0	0	0	0	0	1	0	0	0	0	0	0	0	25	0	0	0	12	0	0	0	0	0	0	0	0	0	0	0	0	0	0	0	0	7	0	0	14	1	,908	2,28945580155225	0	,932452511584083	0
2358	2	8	EV37	3	propafenone	2	0	2	7	3	4	0	0	0	0	0	0	0	0	1	0	0	0	0	1	1	0	0	0	0	0	0	0	4	1	8	0	1	0	0	0	0	0	0	0	0	0	0	0	0	0	0	0	0	0	0	0	0	0	0	0	0	0	0	0	0	0	0	2	1	0	4	0	8	1	6	17	0	0	0	0	0	0	3	0	0	0	0	0	1	0	0	0	0	0	0	0	13	0	0	0	4	0	0	0	0	0	0	0	0	0	0	0	0	0	0	0	0	4	1	0	8	1	,734	1,01501271983282	0	,656488370293957	0
2247	2	8	EV37	3	amphetamine	23	2	1	0	18	18	0	1	0	0	2	1	1	1	1	1	0	0	0	1	8	0	0	0	2	0	0	0	27	38	41	1	5	9	0	13	0	0	4	0	1	1	0	0	0	0	0	0	0	0	0	0	2	3	0	0	0	1	0	0	3	1	3	34	0	0	16	0	18	3	6	57	0	3	0	3	0	0	5	0	0	0	0	0	1	0	0	0	0	0	0	0	65	0	0	3	19	0	0	0	0	0	0	0	0	0	0	0	0	0	0	0	0	12	2	2	24	1	,891	2,10099654524167	0	,588897266088183	0
2401	2	8	EV37	3	verapamil	52	7	2	8	12	67	3	1	0	0	3	11	7	3	3	5	0	0	2	13	30	0	4	0	7	7	0	0	27	132	99	5	10	5	1	52	0	0	23	1	1	11	0	0	0	0	1	2	1	0	0	0	3	5	0	0	5	0	0	0	4	18	2	50	2	0	47	1	31	9	27	100	0	3	0	4	0	0	7	0	0	0	0	0	3	0	0	0	0	0	0	0	126	0	0	1	38	0	0	0	0	0	0	3	0	0	0	0	0	0	0	0	0	17	4	1	57	1	,999	6,90675477864855	0	,961265878983622	0
2445	3	1	EV37	3	daptomycin	8	2	0	0	14	30	0	0	0	0	2	0	7	0	0	0	0	0	0	0	5	0	0	0	3	5	0	0	8	13	24	3	13	10	1	10	0	0	4	0	3	2	0	0	2	0	3	0	0	0	0	0	0	0	3	0	2	0	0	0	1	1	2	8	0	0	26	3	16	3	0	41	65	13	0	0	2	0	3	4	0	0	0	0	1	0	0	0	0	0	0	0	0	0	3	0	3	0	0	0	0	53	1	0	0	0	0	2	0	0	0	0	9	8	0	0	0	1	,245	-1,1254595387043	1	,293607144230671	1
2449	3	1	EV37	3	desvenlafaxine	0	0	0	2	0	0	0	1	0	0	0	0	0	0	0	0	0	0	0	0	0	0	0	0	0	0	0	0	0	0	0	0	0	0	0	0	2	0	0	2	0	0	0	0	0	0	0	0	0	0	0	0	0	0	0	0	0	0	0	0	0	0	3	0	0	0	0	0	0	0	0	1	1	0	0	0	0	0	0	0	0	0	0	0	0	0	0	0	0	0	0	0	0	0	0	0	1	0	0	0	0	6	0	0	0	0	0	0	0	0	0	0	0	0	0	0	0	1	,2	-1,38629436111989	1	,370234514976079	1
2498	3	1	EV37	3	levothyroxine	3	0	0	0	0	0	0	0	0	0	0	0	0	0	0	0	0	0	0	0	0	0	0	0	0	0	0	0	0	0	0	0	0	0	0	0	0	0	0	0	0	0	0	0	0	0	0	0	0	0	0	0	0	0	0	0	0	0	0	0	0	0	0	0	0	0	0	0	1	0	0	0	1	0	0	0	0	0	0	0	0	0	0	0	0	0	0	0	0	0	0	0	0	0	0	0	0	0	0	0	0	2	0	0	0	0	0	0	0	0	0	0	0	0	0	0	0	1	,43	-,281851152140988	1	,522502820174759	1
2523	3	1	EV37	3	penicillamine	1	0	0	0	0	0	0	0	0	0	0	0	0	0	0	0	0	0	0	1	0	0	0	0	0	0	0	0	0	0	0	0	0	0	0	0	0	0	0	0	0	0	0	0	0	0	0	0	0	0	0	0	0	0	0	0	0	0	0	0	0	0	0	0	0	0	1	0	0	1	0	1	2	0	0	0	1	0	0	0	0	0	0	0	0	0	0	0	0	0	0	0	0	0	0	0	0	0	0	0	0	2	0	0	0	0	0	0	0	0	0	0	0	0	0	0	0	1	,427	-,294101703486115	1	,484778903418198	1
2568	3	1	EV37	3	triptorelin pamoate	0	0	0	0	0	0	0	0	0	0	0	0	0	0	0	0	0	0	0	0	0	0	0	0	0	0	0	0	0	7	0	0	6	0	0	0	0	0	0	0	0	0	0	0	0	0	0	0	0	0	0	0	0	0	0	0	0	0	0	0	0	0	0	1	0	0	0	0	1	0	0	6	3	1	0	0	1	0	0	0	0	0	0	0	0	0	0	0	0	0	0	0	0	0	0	0	0	0	0	0	0	8	0	0	0	0	0	1	0	0	0	0	0	0	0	0	0	1	,513	,0520117220881798	1	,528079535858811	1
2423	3	1	EV37	3	atenolol	0	0	0	0	0	0	0	0	0	0	0	0	0	0	0	0	0	0	0	3	0	0	0	0	0	0	0	0	0	0	1	0	14	0	0	0	0	0	0	0	0	0	0	0	0	0	0	0	0	0	0	0	0	0	0	0	0	0	0	0	0	0	0	0	0	0	19	0	7	2	0	14	19	3	0	0	1	0	1	1	0	0	0	0	0	0	0	0	0	0	0	0	0	0	1	0	0	0	0	0	0	18	1	0	0	0	0	1	0	0	0	0	2	2	0	0	0	1	,539	,156317527912349	1	,621177917369391	1
2551	3	1	EV37	3	succimer	0	0	0	0	0	0	0	0	0	0	0	0	0	0	0	0	0	0	0	0	0	0	0	0	0	0	0	0	0	0	0	0	9	0	0	0	0	0	0	1	0	0	0	0	0	0	0	0	0	0	0	0	0	0	0	0	0	0	0	0	0	0	0	0	0	0	0	0	1	0	0	5	10	0	0	0	1	0	1	0	0	0	0	0	0	0	0	0	0	0	0	0	0	0	0	0	0	0	0	0	0	3	0	0	0	0	0	1	0	0	0	0	0	0	0	0	0	1	,493	-,0280018295484931	1	,555417678415938	1
2414	3	1	EV37	3	alendronate	0	0	0	0	0	0	0	0	0	0	0	0	0	0	0	0	0	0	0	3	0	0	0	0	0	0	0	0	0	0	0	0	11	0	0	0	0	0	0	0	0	0	0	0	0	0	0	0	0	0	0	0	0	0	1	0	0	0	0	0	0	0	0	0	0	0	4	0	4	2	0	11	10	2	0	0	0	0	2	0	0	0	0	0	0	0	0	0	0	0	0	0	0	0	0	0	0	0	0	0	0	15	0	0	0	0	0	0	0	0	0	0	4	5	0	0	0	1	,52	,0800427076735366	1	,549919445156247	1
2461	3	1	EV37	3	estradiol	34	0	0	0	0	0	0	1	0	0	0	0	0	0	0	0	0	0	0	2	1	0	0	0	0	0	0	0	0	1	1	0	18	0	0	0	0	0	0	0	0	0	0	0	0	0	0	0	0	0	0	0	0	0	0	0	0	0	0	0	0	0	3	0	0	0	12	0	14	2	0	36	34	5	0	0	4	0	1	5	0	0	0	0	1	0	0	0	0	0	0	0	0	0	2	0	2	0	0	0	0	29	1	0	0	0	0	2	0	0	0	0	8	6	0	0	0	1	,481	-,0760366130601276	1	,552522432642709	1
2420	3	1	EV37	3	amphotericin b	0	0	0	0	0	0	0	0	0	0	0	0	0	0	0	0	0	0	0	3	0	0	0	0	0	0	0	0	0	0	1	2	25	0	0	0	0	0	0	1	0	0	0	0	0	0	0	0	0	0	0	0	0	0	0	0	0	0	0	0	0	0	0	0	0	0	13	0	6	3	0	18	17	6	0	0	1	0	1	1	0	0	0	0	0	0	0	0	0	0	0	0	0	0	2	0	0	0	0	0	0	22	1	0	0	0	0	1	0	0	0	0	3	3	0	0	0	1	,553	,212799406908766	1	,649788494669973	1
2531	3	1	EV37	3	propoxyphene	2	0	0	0	12	12	0	0	0	0	0	2	0	0	0	2	0	0	0	0	0	0	0	0	0	0	0	0	11	2	4	1	1	0	0	15	0	0	8	0	3	0	0	0	1	0	0	1	0	1	0	0	0	1	0	0	0	0	0	0	5	0	0	6	0	0	8	0	4	2	0	23	25	5	0	0	0	0	1	2	0	0	0	0	0	0	0	0	0	0	0	0	0	0	1	0	2	0	0	0	0	25	0	0	0	0	0	2	0	0	0	0	4	3	0	0	0	1	,733	1,0098970434864	1	,709410525937742	1
2411	3	1	EV37	3	acarbose	0	0	0	0	0	0	0	0	0	0	0	0	0	0	0	0	0	0	0	0	0	0	0	0	0	0	0	0	0	0	0	0	29	0	0	0	0	0	0	2	0	0	0	0	0	0	0	0	0	0	0	0	0	0	0	0	0	0	0	0	0	0	0	0	0	0	6	0	10	2	0	18	27	5	0	0	3	0	3	4	0	0	0	0	1	0	0	0	0	0	0	0	0	0	1	0	0	0	0	0	0	22	1	0	0	0	0	1	0	0	0	0	2	7	0	0	0	1	,553	,212799406908766	1	,505263711335211	1
2444	3	1	EV37	3	danazol	4	0	1	0	0	0	0	0	0	0	0	0	0	0	0	0	0	0	0	2	0	0	0	0	0	0	0	0	0	0	0	0	7	0	0	0	0	0	0	1	0	0	0	0	0	0	0	0	0	0	0	0	0	0	0	0	0	0	0	0	0	0	0	0	0	0	1	0	1	0	0	2	11	2	0	0	0	0	0	0	0	0	0	0	0	0	0	0	0	0	0	0	0	0	0	0	0	0	0	0	0	11	0	0	0	0	0	0	0	0	0	0	2	0	0	0	0	1	,614	,464157558682312	1	,619557601067892	1
2424	3	1	EV37	3	atomoxetine	0	0	2	16	1	0	0	0	0	0	0	0	0	0	0	0	0	0	0	0	0	0	0	0	0	0	0	0	0	1	0	0	0	0	0	2	0	0	0	0	0	0	0	0	0	0	0	0	0	0	0	0	0	0	0	0	0	0	0	0	1	0	0	0	0	0	6	0	0	0	0	7	8	1	0	0	0	0	0	1	0	0	0	0	0	0	0	0	0	0	0	0	0	0	1	0	1	0	0	0	0	17	1	0	0	0	0	1	0	0	0	0	0	1	0	0	0	1	,695	,82360006895738	1	,574703946034408	1
2504	3	1	EV37	3	mexiletine	1	0	0	0	0	0	0	0	1	0	0	0	0	0	0	0	0	0	0	2	0	0	0	0	0	0	0	0	0	1	0	0	6	0	0	0	0	0	0	0	0	0	0	0	0	0	0	0	0	0	0	0	0	0	0	0	0	0	0	0	0	0	0	0	1	0	2	0	1	0	0	4	5	1	0	0	0	0	0	0	0	0	0	0	0	0	0	0	0	0	0	0	0	0	0	0	0	0	0	0	0	4	0	0	0	0	0	0	0	0	0	0	2	1	0	0	0	1	,777	1,24826857890753	1	,608946790507942	1
2510	3	1	EV37	3	milnacipran	0	0	1	0	0	0	0	0	0	0	0	0	0	0	0	0	0	0	0	0	0	0	0	0	0	0	0	0	0	1	0	0	5	0	0	0	0	0	0	2	0	0	0	0	0	0	0	0	0	0	0	0	0	0	0	0	0	0	0	0	0	0	0	0	0	0	0	0	3	1	0	5	5	0	0	0	1	0	0	0	0	0	0	0	0	0	0	0	0	0	0	0	0	0	1	0	0	0	0	0	0	3	0	0	0	0	0	1	0	0	0	0	1	0	0	0	0	1	,607	,434719179190237	1	,582435198704175	1
2452	3	1	EV37	3	donepezil	0	0	2	0	0	0	0	0	0	0	0	0	0	0	0	0	0	0	0	0	0	0	0	0	0	0	0	0	0	2	1	0	8	0	0	0	0	0	0	2	0	0	0	1	0	0	0	0	0	0	0	0	0	0	0	0	0	0	0	0	0	0	0	0	0	0	0	0	2	0	0	8	9	0	0	0	1	0	0	0	0	0	0	0	0	0	0	0	0	0	0	0	0	0	1	0	0	0	0	0	0	4	0	0	0	0	0	0	0	0	0	0	2	1	0	0	0	1	,659	,658841057218991	1	,553647245925611	1
2419	3	1	EV37	3	amphetamine	33	17	0	1	22	26	0	1	0	0	3	10	5	1	2	4	0	0	0	5	12	0	2	0	5	1	0	0	13	38	60	7	0	15	0	17	1	0	13	1	4	6	0	0	2	0	1	1	1	0	0	0	3	4	3	0	1	1	0	0	4	8	5	44	0	0	23	1	22	2	0	59	82	12	0	0	3	0	2	8	0	0	0	0	0	0	0	0	0	0	0	0	0	0	5	0	7	0	0	0	0	53	1	0	0	0	0	3	0	0	0	0	12	9	0	0	1	1	,086	-2,36348327520064	1	,147122215550052	1
2415	3	1	EV37	3	alfuzosin	0	0	1	0	0	0	0	0	0	0	0	0	0	0	0	0	0	0	0	0	0	0	0	0	0	0	0	0	0	1	0	0	3	0	0	0	0	0	0	2	0	0	0	0	0	0	0	0	0	0	0	0	0	0	0	0	0	0	0	0	0	0	0	0	1	0	0	0	2	0	0	3	3	1	0	0	0	0	0	1	0	0	0	0	0	0	0	0	0	0	0	0	0	0	1	0	0	0	0	0	0	2	0	0	0	0	0	0	0	0	0	0	0	0	0	0	0	1	,658	,654394194262712	1	,523518911785752	1
2495	3	1	EV37	3	leuprolide	9	2	0	17	10	16	0	0	0	0	0	2	2	0	0	1	0	0	0	2	4	0	0	0	0	1	0	0	4	15	14	7	18	5	0	18	0	0	3	2	2	0	0	0	0	0	0	0	0	0	0	0	0	0	1	0	0	0	0	0	0	2	0	10	0	0	11	3	13	1	0	49	48	8	0	0	3	0	3	3	0	0	0	0	0	0	0	0	0	0	0	0	0	0	2	0	3	0	0	0	0	62	0	0	0	0	0	0	0	0	0	0	4	7	0	0	0	1	,516	,064021858764931	1	,4280133624362	1
2557	3	1	EV37	3	terbutaline	27	6	1	0	9	16	0	1	0	0	0	7	2	1	0	3	0	0	1	2	6	0	1	0	1	0	0	0	10	26	23	1	7	1	0	12	1	0	3	1	1	2	0	0	0	0	1	1	0	0	0	0	0	0	0	0	1	0	0	0	0	9	1	32	0	0	17	0	14	1	0	38	56	11	0	0	0	0	3	6	0	0	0	0	0	0	0	0	0	0	0	0	0	0	0	0	3	0	0	0	0	49	0	0	0	0	0	1	0	0	0	0	5	7	0	0	0	1	,625	,510825623765991	1	,567590551225511	1
2518	3	1	EV37	3	orlistat	13	0	2	23	0	0	0	0	0	0	0	0	0	0	0	0	0	0	0	0	0	0	0	0	0	0	0	0	0	1	0	0	16	0	0	0	0	0	0	0	0	0	0	0	0	0	0	0	0	0	0	0	0	1	0	0	0	0	0	0	0	0	0	0	1	0	4	0	7	0	0	17	23	3	0	0	2	0	2	3	0	0	0	0	1	0	0	0	0	0	0	0	0	0	1	0	1	0	0	0	0	32	1	0	0	0	0	2	0	0	0	0	2	5	0	0	0	1	,802	1,39884157717198	1	,601117204784968	1
2513	3	1	EV37	3	nelarabine	2	0	0	28	2	1	0	0	0	0	0	0	0	0	0	0	0	0	0	0	0	0	0	0	0	0	0	0	2	0	2	4	0	2	2	0	0	0	0	2	0	0	0	0	0	0	0	0	0	0	0	0	0	0	0	0	0	0	0	0	0	0	0	0	2	0	13	0	2	0	0	21	21	6	0	0	1	0	1	2	0	0	0	0	0	0	0	0	0	0	0	0	0	0	1	0	4	0	0	0	0	32	0	0	0	0	0	0	0	0	0	0	3	2	0	0	0	1	,651	,623437720006142	1	,579094871922124	1
2478	3	1	EV37	3	gabapentin	2	0	0	0	0	0	0	0	0	0	0	0	0	0	0	0	0	0	0	4	0	0	0	0	0	0	0	0	0	1	0	0	39	0	1	0	0	1	0	2	0	0	0	0	0	0	0	0	0	0	0	0	0	0	0	0	0	0	0	0	0	0	0	0	1	0	9	0	10	2	0	22	35	6	0	0	2	0	0	2	0	0	0	0	0	0	0	0	0	0	0	0	0	0	2	0	1	0	0	0	0	25	1	0	0	0	0	1	0	0	0	0	7	3	0	0	0	1	,702	,856839917520406	1	,655790406681859	1
2453	3	1	EV37	3	doxorubicin	0	0	3	0	0	0	0	0	0	0	0	0	0	0	0	0	0	0	0	2	0	0	0	0	0	3	0	0	0	2	1	2	60	0	0	0	0	0	0	1	0	0	0	0	0	0	0	0	0	0	0	0	0	0	0	0	0	0	0	0	0	0	0	0	0	0	28	0	5	0	0	39	28	4	0	0	0	0	4	2	0	0	0	0	0	0	0	0	0	0	0	0	0	0	2	0	0	0	0	0	0	39	0	0	0	0	0	1	0	0	0	0	5	8	0	0	0	1	,844	1,68829648734642	1	,785834825577469	1
2502	3	1	EV37	3	metformin	25	0	0	0	0	0	0	0	0	0	0	0	0	0	0	0	0	0	0	3	0	0	0	0	0	0	0	0	0	1	0	0	89	0	0	0	0	0	0	2	0	0	0	0	0	0	0	0	0	0	0	0	0	0	1	0	0	0	0	0	0	0	0	0	1	0	13	0	18	5	0	55	70	14	0	0	5	0	4	7	0	0	0	0	1	0	0	0	0	0	0	0	0	0	2	0	0	0	0	0	0	76	1	0	0	0	0	1	0	0	0	0	12	11	0	0	0	1	,797	1,36764869974843	1	,671304001266378	1
2571	3	1	EV37	3	valproic acid	82	11	1	0	28	49	0	0	0	0	4	14	2	0	3	7	0	0	2	4	14	0	1	0	3	3	0	0	40	83	83	5	16	31	0	30	0	0	13	2	5	4	0	0	2	0	3	1	1	0	0	0	2	4	2	0	1	18	0	0	5	13	1	92	0	0	49	0	35	5	0	118	154	27	0	0	6	0	4	11	1	0	0	0	1	0	0	0	0	0	0	0	0	0	6	0	8	0	0	0	0	164	2	0	0	0	0	6	1	0	0	0	25	17	0	0	1	1	,0580000000000001	-2,78756226402994	1	,0718104531009629	1
2542	3	1	EV37	3	ropinirole	1	0	0	88	0	2	0	0	0	0	0	0	0	0	0	0	0	0	0	0	0	0	0	0	0	0	0	0	0	7	2	3	6	0	0	0	0	0	0	2	2	0	0	0	0	0	0	0	0	0	0	0	0	0	0	0	0	0	0	0	0	0	0	1	0	0	4	0	8	0	0	34	38	9	0	0	1	0	0	4	0	0	0	0	0	0	0	0	0	0	0	0	0	0	1	0	1	0	0	0	0	64	0	0	0	0	0	0	0	0	0	0	6	3	0	0	0	1	,81	1,450010175506	1	,781739141610035	1
2517	3	1	EV37	3	octreotide	33	9	0	19	12	34	0	0	0	0	0	22	10	1	1	3	0	0	3	4	5	0	0	0	2	12	0	0	18	49	46	3	21	21	0	28	0	0	9	0	5	1	0	0	1	0	2	0	2	1	0	0	1	0	9	0	0	0	0	0	0	15	7	22	0	0	74	2	25	4	0	101	114	21	0	0	4	0	3	7	0	0	0	0	0	0	0	0	0	0	0	0	0	0	5	0	5	0	0	0	0	104	2	0	0	0	0	5	0	0	0	0	16	18	0	0	1	1	,692	,809486172644095	1	,0174324290677564	1
2530	3	1	EV37	3	propafenone	6	0	3	27	12	11	2	0	0	0	0	2	0	0	5	2	0	0	1	4	3	1	0	0	3	2	0	0	16	11	19	1	9	0	0	12	0	0	6	1	3	2	0	0	1	0	0	0	0	0	0	0	0	0	0	0	0	0	0	0	3	5	0	11	0	0	18	0	10	2	0	42	53	11	0	0	2	0	3	2	0	0	0	0	0	0	0	0	0	0	0	0	0	0	4	0	4	0	0	0	0	57	1	0	0	0	0	3	0	0	0	0	7	8	0	0	0	1	,9	2,19722457733622	1	,514168563306715	1
2575	3	1	EV37	3	vitamin a	59	18	1	0	25	59	0	0	0	0	2	14	13	1	2	10	1	1	5	5	21	2	2	0	5	2	0	0	24	68	102	5	18	53	0	21	0	0	4	1	7	1	0	0	2	0	6	1	1	0	0	0	1	1	2	0	0	0	0	0	15	23	9	52	0	0	60	3	33	6	0	118	144	23	0	0	6	0	4	9	0	0	0	1	1	0	0	0	0	0	0	0	0	0	6	0	8	0	0	0	0	133	2	0	0	0	0	4	0	0	0	0	20	20	0	0	1	1	,001	-6,90675477864855	1	,00187898156757979	1
2503	3	1	EV37	3	metoprolol	24	4	0	14	10	32	0	1	0	0	0	11	10	1	0	7	0	0	0	7	15	0	3	0	4	5	0	0	12	46	53	2	12	2	0	39	0	0	19	1	2	4	0	0	0	0	0	1	0	0	0	0	0	0	0	0	3	0	0	0	1	14	1	19	0	0	27	2	21	1	0	57	80	14	0	0	2	0	3	7	0	0	0	0	0	0	0	0	0	0	0	0	0	0	2	0	6	0	0	0	0	73	1	0	0	0	0	3	0	0	0	0	11	11	0	0	1	1	,821	1,52313730361167	1	,646631660051083	1
2574	3	1	EV37	3	vincristine	32	11	0	7	29	57	0	0	0	1	2	18	4	0	3	11	0	0	1	0	14	0	0	0	5	6	0	0	23	52	67	2	16	12	1	34	0	0	10	1	5	4	0	0	1	0	0	3	0	0	0	0	0	1	2	0	2	0	0	0	6	3	3	47	0	0	42	12	22	4	0	93	106	17	0	0	3	0	5	6	0	0	0	0	0	0	0	0	0	0	0	0	0	0	4	0	6	0	0	0	0	99	1	0	0	0	0	4	0	0	0	0	20	13	0	0	1	1	,908	2,28945580155225	1	,717965483318811	1
2501	3	1	EV37	3	memantine	19	1	0	41	6	16	0	0	0	0	2	13	4	1	2	0	0	0	1	1	6	0	0	0	0	2	0	0	10	31	37	3	9	0	0	13	0	0	8	2	1	1	0	0	0	0	0	2	0	0	0	0	0	0	0	0	0	0	0	0	4	7	0	21	0	0	26	0	22	2	0	61	81	19	0	0	2	0	3	7	0	0	0	0	1	0	0	0	0	0	0	0	0	0	2	0	5	0	0	0	0	82	1	0	0	0	0	4	1	0	0	0	14	9	0	0	0	1	,979	3,84200920480709	1	,943836532501284	1
2572	3	1	EV37	3	venlafaxine	16	3	1	54	20	30	0	2	0	0	0	8	0	0	0	4	0	0	0	4	8	1	0	0	3	2	0	0	0	28	58	4	0	0	0	28	0	0	10	2	3	1	0	0	0	0	0	0	0	0	0	0	0	0	2	0	1	0	0	0	6	2	1	23	0	0	26	0	19	2	0	63	81	14	0	0	3	0	3	7	0	0	0	0	0	0	0	0	0	0	0	0	0	0	1	0	6	0	0	0	0	90	0	0	0	0	0	1	0	0	0	0	11	10	0	0	0	1	,841	1,66568745775272	1	,921457233663973	1
2529	3	1	EV37	3	pregabalin	0	0	0	142	0	0	0	0	0	0	0	0	0	0	0	0	0	0	0	0	0	0	0	0	0	0	0	0	0	0	1	7	21	2	0	0	0	0	0	2	0	0	0	0	0	0	0	0	0	0	0	0	0	0	0	0	0	0	0	0	0	0	0	0	1	0	5	0	16	3	0	57	71	23	0	0	2	0	2	6	0	0	0	0	0	0	0	0	0	0	0	0	0	0	1	0	3	0	0	0	0	96	0	0	0	0	0	1	0	0	0	0	11	12	0	0	0	1	,889	2,08056703420157	1	,865156045932785	1
2573	3	1	EV37	3	verapamil	48	15	2	8	20	58	1	0	0	0	3	25	12	1	1	5	0	0	6	9	27	1	3	1	4	8	0	0	22	93	110	1	7	6	0	30	0	0	9	1	6	4	0	0	1	0	0	4	3	0	0	0	1	0	4	0	2	0	0	0	2	16	0	63	0	0	48	0	30	3	0	91	123	17	0	0	3	0	3	11	1	0	0	0	1	0	0	0	0	0	0	0	0	0	4	0	8	0	0	0	0	105	2	0	0	0	0	5	0	0	0	0	16	14	0	0	0	1	,902	2,21964704139205	1	,66641876549333	1
2747	3	2	EV37	3	vitamin a	60	26	0	0	20	66	0	0	0	0	4	17	15	2	2	11	1	1	2	2	23	3	3	0	3	4	0	0	9	42	91	7	17	49	0	21	0	0	7	1	10	3	1	0	2	0	10	1	3	0	0	0	1	0	4	0	1	0	0	0	16	29	9	58	0	0	62	2	95	20	0	113	265	49	0	0	8	5	13	39	2	0	0	15	18	0	0	1	0	0	0	0	0	0	26	0	22	0	0	0	0	12	10	2	0	2	0	3	0	0	0	0	114	113	0	0	1	1	0	-6,90675477864855	0	,00126321073390297	0
2587	3	2	EV37	3	alfuzosin	0	0	0	0	0	0	0	0	0	0	0	0	0	0	0	0	0	0	0	0	0	0	0	0	0	0	0	0	0	0	0	1	6	0	0	0	0	0	0	0	0	0	0	0	0	0	0	0	0	0	0	0	0	0	1	0	0	0	0	0	0	0	0	0	0	0	1	0	7	1	0	5	8	1	0	0	1	2	0	2	0	0	0	1	2	0	0	0	0	0	0	0	0	0	2	0	2	0	0	0	0	1	1	0	0	0	0	0	0	0	0	0	9	7	0	0	0	1	,347	-,632252349329572	0	,424691145345724	0
2583	3	2	EV37	3	acarbose	0	0	0	0	0	0	0	0	0	0	0	0	0	0	0	0	0	0	0	0	0	0	0	0	0	0	0	0	0	0	0	1	25	0	1	0	0	0	0	0	0	0	0	0	0	0	0	0	0	0	0	0	0	0	1	0	0	0	0	0	0	0	0	0	0	0	4	0	27	10	0	24	48	13	0	0	5	2	3	9	0	0	0	9	7	0	0	0	0	0	0	0	0	0	7	0	9	0	0	0	0	3	4	0	0	0	0	2	0	0	0	0	31	32	0	0	0	1	,35	-,619039208406224	0	,40693890767489	0
2621	3	2	EV37	3	desvenlafaxine	0	0	0	11	0	0	0	0	0	0	0	0	0	0	0	0	0	0	0	0	0	0	0	0	0	0	0	0	0	0	0	1	0	0	1	0	0	0	0	0	0	0	0	0	0	0	0	0	0	0	0	0	0	0	0	0	0	0	0	0	0	0	2	0	0	0	4	0	3	1	0	0	14	0	0	0	0	0	0	2	0	0	0	0	0	0	0	0	0	0	0	0	0	0	0	0	6	0	0	0	0	0	0	0	0	0	0	0	0	0	0	0	7	5	0	0	0	1	,343	-,649953571318671	0	,283147762594672	0
2695	3	2	EV37	3	penicillamine	1	0	0	0	0	0	0	0	0	0	0	0	0	0	0	0	0	0	0	0	0	0	0	0	0	0	0	0	0	0	0	0	0	0	0	0	0	0	0	0	0	0	0	0	0	0	0	0	0	0	0	0	0	0	0	0	0	0	0	0	0	0	0	0	0	0	0	0	0	0	0	0	2	1	0	0	0	0	0	0	0	0	0	0	0	0	0	0	0	0	0	0	0	0	0	0	0	0	0	0	0	0	0	0	0	0	0	0	0	0	0	0	0	1	0	0	0	1	,427	-,294101703486115	0	,387319615174844	0
2670	3	2	EV37	3	levothyroxine	2	0	0	0	0	0	0	0	0	0	0	0	0	0	0	0	0	0	0	0	0	0	0	0	0	0	0	0	0	0	0	0	0	0	0	0	0	0	0	0	0	0	0	0	0	0	0	0	0	0	0	0	0	0	0	0	0	0	0	0	0	0	0	0	0	0	1	0	1	1	0	1	1	0	0	0	0	0	0	0	0	0	0	0	0	0	0	0	0	0	0	0	0	0	0	0	0	0	0	0	0	0	0	0	0	0	0	0	0	0	0	0	3	1	0	0	0	1	,429	-,285932290727993	0	,423696302933665	0
2740	3	2	EV37	3	triptorelin pamoate	0	0	0	0	0	0	0	0	0	0	0	0	0	0	0	0	0	0	0	0	0	0	0	0	0	0	0	0	0	2	0	1	6	0	0	0	0	0	0	0	0	0	0	0	0	0	0	0	0	0	0	0	0	1	0	0	0	0	0	0	0	0	0	0	0	0	0	0	6	1	0	5	12	3	0	0	0	0	2	1	0	0	0	1	0	0	0	0	0	0	0	0	0	0	0	0	1	0	0	0	0	1	0	0	0	0	0	0	0	0	0	0	5	3	0	0	0	1	,45	-,200670695462151	0	,429166278041303	0
2617	3	2	EV37	3	daptomycin	11	2	0	0	12	16	0	0	0	0	1	1	9	0	1	0	0	0	0	2	2	0	0	0	0	4	0	0	2	9	13	2	11	12	0	5	0	0	3	0	3	0	0	0	1	0	0	0	0	0	0	0	0	0	3	0	0	0	0	0	2	4	2	6	0	0	27	2	30	3	0	43	86	25	0	0	3	0	3	10	1	0	0	4	2	0	0	0	0	0	0	0	0	0	7	0	5	0	0	0	0	4	3	2	0	1	0	0	0	0	0	0	32	28	0	0	0	1	,171	-1,57855659863263	0	,218296910738523	0
2624	3	2	EV37	3	donepezil	0	0	0	0	0	0	0	0	0	0	0	0	0	0	0	0	0	0	0	0	0	0	0	0	0	0	0	0	0	1	0	0	29	0	0	0	1	0	0	2	0	0	0	0	0	0	0	0	0	0	0	0	0	0	0	0	0	0	0	0	0	0	0	0	0	0	2	0	21	4	0	14	32	9	0	0	3	1	1	6	0	0	0	4	3	0	0	0	0	0	0	0	0	0	2	0	1	0	0	0	0	4	2	0	0	0	0	0	0	0	0	0	21	19	0	0	0	1	,321	-,74918000442868	0	,454557792637815	0
2723	3	2	EV37	3	succimer	0	0	0	0	0	0	0	0	0	0	0	0	0	0	0	0	0	0	0	0	0	0	0	0	0	0	0	0	0	0	0	0	5	0	0	0	0	0	0	1	0	0	0	0	0	0	0	0	0	0	0	0	0	0	0	0	0	0	0	0	0	0	0	0	0	0	0	0	2	1	0	5	6	1	0	0	0	0	1	1	0	0	0	0	0	0	0	0	0	0	0	0	0	0	0	0	0	0	0	0	0	1	0	0	0	0	0	0	0	0	0	0	2	0	0	0	0	1	,475	-,100083458556983	0	,456335311717493	0
2667	3	2	EV37	3	leuprolide	11	3	0	25	12	10	0	0	0	0	0	3	3	0	0	0	0	0	0	2	4	0	0	0	0	1	0	0	10	16	15	3	15	7	0	9	0	0	1	1	3	0	0	0	0	0	0	0	0	0	0	0	0	1	4	0	0	0	0	0	0	3	0	8	0	0	20	2	51	11	0	62	125	31	0	0	10	4	10	23	2	0	0	12	17	0	0	0	0	0	0	0	0	0	15	0	22	0	0	0	0	10	8	3	0	1	0	3	1	0	0	0	62	62	0	0	0	1	,216	-1,28913061266624	0	,334555782666115	0
2591	3	2	EV37	3	amphetamine	41	29	1	0	38	30	0	1	0	0	6	12	7	2	1	7	0	0	1	4	12	0	0	0	4	2	0	0	21	37	72	5	3	24	0	14	1	0	7	2	10	4	0	0	1	0	2	1	1	0	0	0	1	4	3	0	2	1	0	0	5	4	5	50	0	0	28	1	66	12	0	102	210	47	0	0	11	2	8	30	2	0	0	13	16	0	0	1	0	0	0	0	0	0	16	0	28	0	0	0	0	15	8	3	0	2	0	6	0	0	0	0	95	78	0	0	1	1	,035	-3,31678003984957	0	,103860951482353	0
2685	3	2	EV37	3	nelarabine	2	0	0	22	0	1	0	0	0	0	0	0	0	0	0	0	0	0	0	0	0	0	0	0	0	0	0	0	2	0	1	1	0	0	0	0	0	0	0	1	0	0	0	0	0	0	0	0	0	0	0	0	0	0	1	0	0	0	0	0	0	0	0	0	1	0	6	0	16	2	0	16	40	9	0	0	3	0	3	7	0	0	0	2	3	0	0	0	0	0	0	0	0	0	3	0	12	0	0	0	0	2	2	1	0	1	0	0	0	0	0	0	12	18	0	0	0	1	,482	-,0720311282088828	0	,480352344780554	0
2596	3	2	EV37	3	atomoxetine	0	0	2	29	1	0	0	0	0	0	0	0	0	0	0	0	0	0	0	0	1	0	0	0	0	0	0	0	0	1	0	0	0	0	0	1	0	0	0	0	0	0	0	0	0	0	0	0	0	0	0	0	0	0	0	0	0	0	0	0	0	0	0	0	0	0	5	0	5	2	0	5	31	4	0	0	1	0	0	3	1	0	0	0	1	0	0	0	0	0	0	0	0	0	2	0	13	0	0	0	0	0	1	1	0	0	0	0	0	0	0	0	10	9	0	0	0	1	,594	,380526159760912	0	,475863658818614	0
2682	3	2	EV37	3	milnacipran	0	0	1	0	0	0	0	0	0	0	0	0	0	0	0	0	0	0	0	0	0	0	0	0	0	0	0	0	0	1	0	0	7	0	0	0	0	0	0	2	0	0	0	0	0	0	0	0	0	0	0	0	0	0	0	0	0	0	0	0	0	0	0	0	0	0	2	0	6	3	0	8	16	7	0	0	2	1	3	4	0	0	0	1	3	0	0	0	0	0	0	0	0	0	1	0	2	0	0	0	0	3	1	0	0	0	0	0	0	0	0	0	7	10	0	0	0	1	,574	,298190050050196	0	,483777750259825	0
2690	3	2	EV37	3	orlistat	1	0	0	29	0	0	0	0	0	0	0	0	0	0	0	0	0	0	0	0	0	0	0	0	0	0	0	0	0	1	1	1	17	0	0	0	0	0	0	0	0	0	0	0	0	0	0	0	0	0	0	0	0	0	1	0	0	0	0	0	0	0	0	0	0	0	4	0	22	7	0	19	53	9	0	0	1	0	5	8	0	0	0	4	3	0	0	0	0	0	0	0	0	0	2	0	11	0	0	0	0	1	0	0	0	0	0	1	0	0	0	0	23	20	0	0	0	1	,55	,200670695462151	0	,503108043770075	0
2616	3	2	EV37	3	danazol	0	0	2	0	0	0	0	0	0	0	0	0	0	0	0	0	0	0	0	4	0	0	0	0	0	0	0	0	0	1	0	0	5	0	0	0	0	0	0	0	0	0	0	0	0	0	0	0	0	0	0	0	0	0	0	0	0	0	0	0	0	0	0	0	0	0	2	0	5	0	0	5	18	3	0	0	0	0	1	0	0	0	0	2	1	0	0	0	0	0	0	0	0	0	0	0	1	0	0	0	0	1	0	0	0	0	0	0	0	0	0	0	4	4	0	0	0	1	,676	,735449560250635	0	,522480065489493	0
2586	3	2	EV37	3	alendronate	1	0	0	0	0	0	0	0	0	0	0	1	0	0	0	0	0	0	0	9	0	0	0	0	0	0	0	0	0	0	0	0	23	1	0	0	0	0	0	0	0	0	0	0	0	0	1	0	0	0	0	0	0	0	0	0	0	0	0	0	0	1	0	0	0	0	6	0	14	1	0	16	35	7	0	0	1	0	6	4	0	0	0	1	1	0	0	0	0	0	0	0	0	0	3	0	3	0	0	0	0	1	1	0	0	0	0	0	0	0	0	0	17	20	0	0	0	1	,593	,37638121355513	0	,450823309502631	0
2592	3	2	EV37	3	amphotericin b	0	0	0	0	0	0	0	0	0	0	0	0	0	0	0	0	0	0	0	7	0	0	0	0	0	0	0	0	0	1	0	0	10	0	0	0	0	0	0	2	0	0	0	0	0	0	0	0	0	0	0	0	0	0	1	0	0	0	0	0	0	0	0	0	0	0	7	0	7	2	0	9	23	4	0	0	2	0	2	3	0	0	0	0	0	0	0	0	0	0	0	0	0	0	3	0	3	0	0	0	0	1	1	0	0	0	0	0	0	0	0	0	11	7	0	0	0	1	,557	,228995469882149	0	,554882892133794	0
2676	3	2	EV37	3	mexiletine	1	0	0	0	0	0	0	0	0	0	0	0	0	0	0	0	0	0	0	7	0	0	0	0	0	0	0	0	0	1	0	1	8	0	0	0	0	0	0	0	0	0	0	0	0	0	0	0	0	0	0	0	0	0	1	0	0	0	0	0	0	0	0	0	1	0	0	0	18	4	0	23	30	14	0	0	3	1	6	17	1	0	0	7	4	0	0	0	0	0	0	0	0	0	4	0	3	0	0	0	0	4	2	0	0	1	0	2	0	0	0	0	20	18	0	0	0	1	,654	,636668576399474	0	,511297398480803	0
2633	3	2	EV37	3	estradiol	29	0	0	0	0	0	0	2	0	0	0	0	0	0	0	0	0	0	0	2	0	0	0	0	0	0	0	0	0	0	1	1	40	0	0	0	0	1	0	0	0	0	0	0	0	0	0	0	0	0	0	0	0	0	0	0	0	0	0	0	0	0	1	0	0	0	17	0	50	15	0	50	103	26	0	0	9	4	9	19	1	0	0	13	12	0	0	0	0	0	0	0	0	0	10	0	12	0	0	0	0	8	7	0	0	1	0	3	0	0	0	0	58	60	0	0	0	1	,526	,104093891042633	0	,45342978746613	0
2703	3	2	EV37	3	propoxyphene	4	1	0	0	14	9	0	0	0	0	0	1	0	0	0	0	0	0	0	0	1	0	0	0	0	1	0	0	10	3	4	1	1	0	0	13	0	0	6	0	4	0	0	0	0	0	0	1	0	1	0	0	0	0	0	0	0	0	0	0	5	1	0	2	0	0	8	0	26	5	0	39	61	26	0	0	3	0	9	13	3	0	0	4	5	0	0	0	0	0	0	0	0	0	5	0	8	0	0	0	0	2	2	2	0	0	0	1	0	0	0	0	26	23	0	0	0	1	,709	,890532259360635	0	,621244273096215	0
2689	3	2	EV37	3	octreotide	39	9	0	13	20	35	0	0	0	0	1	20	14	0	1	4	0	0	4	8	12	0	2	0	2	14	0	0	13	57	44	3	17	20	0	25	0	0	9	0	7	1	0	0	1	0	2	0	2	0	0	1	0	0	6	0	0	0	0	0	0	16	4	29	0	0	64	2	86	15	0	120	252	64	0	0	16	2	15	35	1	0	0	15	12	0	0	1	0	0	0	0	0	0	15	0	15	0	0	0	0	15	6	3	0	1	0	1	1	0	0	0	108	87	0	0	1	1	,014	-4,25459902498738	0	,0117797123823054	0
2746	3	2	EV37	3	vincristine	33	11	0	9	31	35	0	0	0	0	0	7	8	0	3	3	0	0	1	2	9	0	0	0	5	5	0	0	19	32	42	2	10	11	0	14	0	0	6	1	7	1	0	0	1	0	0	0	1	0	0	0	0	0	1	0	1	0	0	0	4	7	2	31	0	0	40	3	62	14	0	90	199	42	0	0	11	4	12	28	2	0	0	12	13	0	0	1	0	0	0	0	0	0	18	0	21	0	0	0	0	18	8	2	0	2	0	3	1	0	0	0	79	62	0	0	1	1	,326	-,7263327295456	0	,631044900425253	0
2674	3	2	EV37	3	metformin	8	0	0	0	0	0	0	0	0	0	0	0	0	0	0	0	0	0	0	7	1	0	0	0	0	0	0	0	0	0	0	0	92	0	1	0	0	0	0	2	0	0	0	0	0	0	0	0	0	0	0	0	0	0	3	0	0	0	0	0	0	0	0	0	0	0	11	0	63	16	0	66	133	36	0	0	11	3	9	23	1	0	0	16	13	0	0	0	0	0	0	0	0	0	12	0	9	0	0	0	0	10	8	0	0	1	0	3	0	0	0	0	78	71	0	0	0	1	,497	-,0120001440031105	0	,57844636584746	0
2743	3	2	EV37	3	valproic acid	68	22	0	0	24	36	1	0	0	0	1	21	7	5	3	4	0	0	2	4	11	0	1	0	2	2	0	0	20	67	68	3	19	31	0	12	0	0	4	1	5	1	0	0	1	0	2	0	1	0	0	0	1	0	2	0	1	9	0	0	5	15	1	51	0	0	54	5	90	18	0	126	268	65	0	0	11	3	12	39	1	0	0	18	13	0	0	1	0	0	0	0	0	0	20	0	24	0	0	0	0	15	7	3	0	1	0	1	1	0	0	0	130	100	0	0	1	1	,026	-3,62331476562105	0	,0494116030262095	0
2650	3	2	EV37	3	gabapentin	0	0	0	0	0	0	0	0	0	0	0	0	0	0	0	0	0	0	0	9	1	0	0	0	0	0	0	0	0	1	0	0	45	0	1	0	0	0	0	1	0	0	0	0	0	0	0	0	0	0	0	0	0	0	1	0	0	0	0	0	0	0	0	0	1	0	10	0	32	5	0	35	65	19	0	0	4	2	7	11	0	0	0	4	6	0	0	0	0	0	0	0	0	0	5	0	10	0	0	0	0	4	2	0	0	0	0	0	0	0	0	0	33	25	0	0	0	1	,665	,685656508830788	0	,56141346480261	0
2625	3	2	EV37	3	doxorubicin	0	0	3	0	0	0	0	0	0	0	0	0	0	0	0	0	0	0	0	8	0	0	0	0	0	2	0	0	0	3	1	0	30	0	0	0	0	0	0	1	0	0	0	0	0	0	0	0	0	0	0	0	0	0	1	0	0	0	0	0	0	0	0	0	0	0	12	0	17	4	0	18	47	5	0	0	2	0	2	7	0	0	0	2	1	0	0	0	0	0	0	0	0	0	4	0	4	0	0	0	0	5	1	0	0	0	0	1	0	0	0	0	22	14	0	0	0	1	,815	1,48283228816254	0	,711423791157475	0
2729	3	2	EV37	3	terbutaline	22	9	1	1	5	15	0	0	0	0	0	8	5	0	1	3	0	0	2	5	3	0	1	0	0	0	0	0	8	20	28	0	5	1	1	19	0	0	7	1	9	2	0	0	0	0	0	0	0	0	0	0	0	0	2	0	2	0	0	0	0	9	1	27	0	0	20	1	64	11	0	81	150	52	0	0	9	1	10	33	4	0	0	12	11	0	0	0	0	0	0	0	0	0	14	0	14	0	0	0	0	9	6	1	0	2	0	3	0	0	0	0	73	60	0	0	0	1	,568	,273695830477041	0	,468625623345989	0
2595	3	2	EV37	3	atenolol	0	0	2	0	0	0	0	0	0	0	0	0	0	0	0	0	0	0	0	7	0	0	0	0	0	0	0	0	0	2	1	0	32	0	0	0	0	0	0	1	0	0	0	0	0	0	0	0	0	0	0	0	0	0	0	0	0	0	0	0	0	0	0	1	2	0	24	0	51	12	0	55	87	34	0	0	11	4	10	26	1	0	0	12	12	0	0	0	0	0	0	0	0	0	9	0	13	0	0	0	0	6	7	0	0	1	0	3	0	0	0	0	52	49	0	0	0	1	,811	1,45652103905577	0	,524196314702775	0
2714	3	2	EV37	3	ropinirole	0	0	0	112	0	3	0	0	0	0	0	0	0	0	0	0	0	0	0	0	1	0	0	0	0	0	0	0	4	3	3	2	12	0	0	1	0	0	1	1	1	0	0	0	1	0	0	0	0	0	0	0	0	0	1	0	0	0	0	0	0	0	0	0	0	0	8	0	50	13	0	65	133	41	0	0	8	4	10	23	2	0	0	12	11	0	0	0	0	0	0	0	0	0	6	0	24	0	0	0	0	11	5	0	0	1	0	1	0	0	0	0	74	62	0	0	0	1	,606	,430529076771381	0	,706436674921506	0
2673	3	2	EV37	3	memantine	35	9	0	43	13	9	0	0	0	0	1	15	8	0	1	0	0	0	2	1	6	0	1	0	1	5	0	0	4	23	38	3	14	2	1	11	0	0	4	1	4	1	0	0	0	0	0	1	0	0	0	0	0	1	1	0	0	0	0	0	4	12	0	19	0	0	37	0	72	13	0	90	187	53	0	0	9	2	16	31	1	0	0	16	14	0	0	0	0	0	0	0	0	0	17	0	24	0	0	0	0	11	7	4	0	2	0	2	0	0	0	0	89	77	0	0	0	1	,819	1,50958705258724	0	,918638950075463	0
2745	3	2	EV37	3	verapamil	92	34	0	14	42	73	1	0	0	0	2	40	29	9	3	7	0	0	6	12	40	1	4	0	6	22	0	0	20	102	143	6	15	11	2	56	0	0	24	1	15	5	0	0	2	0	2	2	5	0	0	0	1	3	3	0	2	0	0	0	5	32	1	69	0	0	85	2	137	20	0	176	403	99	1	0	22	4	21	69	4	0	0	26	21	0	0	0	0	0	0	0	0	0	24	0	39	0	0	0	0	25	13	3	0	2	0	4	1	1	0	0	196	139	0	0	1	1	,114	-2,05051850221059	0	,573058759124187	0
2702	3	2	EV37	3	propafenone	17	5	3	40	26	18	3	0	0	0	0	14	2	0	3	0	0	0	2	5	3	1	2	0	1	5	0	0	19	10	28	2	10	3	0	19	0	0	11	1	4	3	0	0	1	0	0	1	0	0	0	0	0	0	0	0	0	0	0	0	3	16	0	4	3	0	42	0	64	11	0	92	182	72	0	0	15	3	15	44	2	0	0	15	13	0	0	0	0	0	0	0	0	0	16	0	27	0	0	0	0	15	9	2	0	2	0	3	0	0	0	0	88	63	0	0	0	1	,84	1,65822807660353	0	,415566454677257	0
2701	3	2	EV37	3	pregabalin	0	0	0	155	0	0	0	0	0	0	0	0	0	0	0	0	0	0	0	0	0	0	0	0	0	3	0	0	0	0	1	3	33	0	0	0	0	0	0	2	0	0	0	0	0	0	0	0	0	0	0	0	0	0	1	0	0	0	0	0	0	0	0	0	1	0	6	0	78	17	0	102	196	73	0	0	15	4	19	41	2	0	0	18	15	0	0	0	0	0	0	0	0	0	15	0	25	0	0	0	0	15	9	0	0	2	0	3	0	0	0	0	102	92	0	0	0	1	,828	1,57151867757181	0	,811701120218029	0
2744	3	2	EV37	3	venlafaxine	31	9	1	79	21	24	0	1	0	0	0	11	6	1	0	5	0	0	1	10	6	0	0	0	2	2	0	0	0	22	43	5	0	1	1	18	0	0	10	1	3	0	0	0	2	0	0	1	0	0	0	0	1	2	2	0	4	0	0	0	6	7	1	22	0	0	44	0	75	16	0	100	216	62	0	0	14	4	15	42	1	0	0	17	18	0	0	0	0	0	0	0	0	0	14	0	26	0	0	0	0	10	9	3	0	2	0	2	0	0	0	0	106	89	0	0	0	1	,965	3,31678003984957	0	,887416885943476	0
2675	3	2	EV37	3	metoprolol	46	13	2	18	16	44	1	1	0	0	3	17	23	2	4	7	0	0	3	16	17	2	7	0	5	6	0	0	17	60	74	10	25	5	2	70	0	0	34	2	13	8	0	0	2	0	0	2	1	0	0	0	2	4	1	0	6	0	0	0	4	25	1	23	2	0	74	5	115	17	0	160	325	90	0	0	20	4	18	62	4	0	0	26	21	0	0	1	0	0	0	0	0	0	24	0	35	0	0	0	0	19	14	2	0	2	0	4	0	0	0	0	166	132	0	0	1	1	,085	-2,37627280878521	0	,551461099983615	0
2793	3	3	EV37	3	desvenlafaxine	0	0	0	10	0	0	0	0	0	0	0	0	0	0	0	0	0	0	0	0	0	0	0	0	0	0	0	0	0	0	0	0	0	0	0	0	1	0	0	1	0	0	0	0	0	0	0	0	0	0	0	0	0	0	0	0	0	0	0	0	0	0	1	0	0	0	4	0	0	1	0	3	12	4	0	0	0	0	0	0	0	0	0	0	0	0	0	0	0	0	0	0	0	0	0	0	4	0	0	0	0	1	0	1	0	0	0	0	0	0	0	0	3	2	0	0	0	1	,308	-,809486172644095	0	,314197151807442	0
2867	3	3	EV37	3	penicillamine	2	0	0	0	0	0	0	0	0	0	0	0	0	0	0	0	0	0	0	0	0	0	0	0	0	0	0	0	0	0	0	0	1	0	0	0	0	0	0	0	0	0	0	0	0	0	0	0	0	0	0	0	0	0	0	0	0	0	0	0	0	0	0	0	0	0	0	0	0	0	0	0	3	1	0	0	0	0	0	0	0	0	0	0	0	0	0	0	0	0	0	0	0	0	0	0	0	0	0	0	0	2	0	0	0	0	0	0	0	0	0	0	1	0	0	0	0	1	,435	-,261479700057757	0	,423050822662049	0
2861	3	3	EV37	3	octreotide	40	13	0	23	21	40	0	0	0	0	1	20	13	2	0	3	0	0	3	8	10	0	2	0	2	12	0	0	26	43	45	5	23	34	0	23	0	0	11	0	9	0	1	0	2	0	3	0	2	0	0	1	0	1	9	0	2	0	0	0	0	18	8	28	0	0	85	5	40	5	0	145	246	69	0	0	6	0	3	13	0	0	1	0	4	0	0	0	0	0	0	0	0	0	5	0	15	0	0	0	0	87	4	1	0	1	0	4	0	0	2	0	44	66	1	0	1	1	,001	-6,90675477864855	0	,0136375675395463	0
2912	3	3	EV37	3	triptorelin pamoate	0	0	0	0	0	0	0	0	0	0	0	0	0	0	0	0	0	0	0	0	0	0	0	0	0	0	0	0	1	6	0	1	9	0	0	0	0	0	0	0	0	0	0	0	0	0	0	0	0	0	0	0	0	0	0	0	0	0	0	0	0	0	0	0	0	0	1	0	0	1	0	16	7	5	0	0	0	0	0	0	0	0	0	0	0	0	0	0	0	0	0	0	0	0	0	0	1	0	0	0	0	3	0	0	0	1	0	0	0	0	0	0	3	2	0	0	0	1	,474	-,104093891042633	0	,465822825581506	0
2848	3	3	EV37	3	mexiletine	0	0	0	0	0	0	0	0	0	0	0	0	0	0	0	0	0	0	0	3	0	0	0	0	0	0	0	0	0	0	1	0	8	0	0	0	0	0	0	0	0	0	0	0	0	0	0	0	0	0	0	0	0	0	1	0	0	0	0	0	0	0	0	0	0	0	1	0	3	0	0	7	12	4	0	0	1	0	0	2	0	0	0	0	0	0	0	0	0	0	0	0	0	0	0	0	0	0	0	0	0	6	0	0	0	0	0	0	0	0	0	0	4	6	0	0	0	1	,463	-,148271040422631	0	,548231707012309	0
2759	3	3	EV37	3	alfuzosin	0	0	0	0	0	0	0	0	0	0	0	0	0	0	0	0	0	0	0	0	0	0	0	0	0	3	0	0	0	0	0	1	11	0	0	0	0	0	0	1	0	0	0	0	0	0	0	0	0	0	0	0	0	0	1	0	0	0	0	0	0	0	0	0	0	0	2	0	1	0	0	10	11	2	0	0	0	0	0	1	0	0	0	0	0	0	0	0	0	0	0	0	0	0	0	0	0	0	0	0	0	7	0	0	0	0	0	1	0	0	0	0	1	3	0	0	0	1	,474	-,104093891042633	0	,461274330765442	0
2796	3	3	EV37	3	donepezil	0	0	0	0	0	0	0	0	0	0	0	0	0	0	0	0	0	0	0	0	0	0	0	0	0	0	0	0	0	1	0	0	17	0	0	0	0	0	0	1	0	0	0	0	0	0	0	0	0	0	0	0	0	0	0	0	0	0	0	0	0	0	0	0	0	0	0	0	7	3	0	15	24	11	0	0	1	0	1	1	0	0	0	0	2	0	0	0	0	0	0	0	0	0	2	0	3	0	0	0	0	3	2	0	0	0	0	0	0	0	0	0	6	11	0	0	0	1	,441	-,237104597708253	0	,491515694110247	0
2895	3	3	EV37	3	succimer	0	0	0	0	0	0	0	0	0	0	0	0	0	0	0	0	0	0	0	0	0	0	0	0	0	0	0	0	0	0	0	0	5	0	0	0	0	0	0	1	0	0	0	0	0	0	0	0	0	0	0	0	0	0	0	0	0	0	0	0	0	0	0	0	0	0	0	0	0	0	0	4	7	5	0	0	0	0	1	0	0	0	0	0	0	0	0	0	0	0	0	0	0	0	0	0	0	0	0	0	0	4	0	0	0	0	0	0	0	0	0	0	2	0	0	0	0	1	,497	-,0120001440031105	0	,493307027035781	0
2789	3	3	EV37	3	daptomycin	15	3	0	0	19	31	0	0	0	0	1	2	12	0	2	0	0	0	0	1	5	0	0	0	2	7	0	0	7	15	18	2	24	19	0	15	0	0	6	0	4	1	0	0	1	0	2	0	0	0	0	0	0	1	1	0	1	0	0	0	2	3	2	10	0	0	39	3	29	5	0	73	117	52	0	0	4	0	5	7	0	0	0	0	5	0	0	0	0	0	0	0	0	0	5	0	6	0	0	0	0	48	4	0	0	1	0	5	0	0	1	0	28	39	0	0	0	1	,389	-,451517615553149	0	,2446620187988	0
2767	3	3	EV37	3	atenolol	0	0	0	0	0	0	0	0	0	0	0	0	0	0	0	0	0	0	0	3	0	0	0	0	0	0	0	0	0	0	0	0	24	0	0	0	0	0	0	0	0	0	0	0	0	0	0	0	0	0	0	0	0	0	0	0	0	0	0	0	0	0	0	0	0	0	18	0	7	2	0	30	38	14	0	0	1	0	1	5	0	0	0	0	1	0	0	0	0	0	0	0	0	0	2	0	2	0	0	0	0	19	2	0	0	0	0	2	0	0	0	0	11	23	0	0	0	1	,595	,384674338439091	0	,560992793050175	0
2854	3	3	EV37	3	milnacipran	0	0	1	0	0	0	0	0	0	0	0	0	0	0	0	0	0	0	0	0	0	0	0	0	0	0	0	0	0	1	0	0	7	0	0	0	0	0	0	1	0	0	0	0	0	0	0	0	0	0	0	0	0	0	0	0	0	0	0	0	0	0	0	0	0	0	1	0	2	1	0	7	14	6	0	0	0	0	0	0	0	0	0	0	1	0	0	0	0	0	0	0	0	0	1	0	1	0	0	0	0	2	1	0	0	0	0	0	0	0	0	0	4	3	0	0	0	1	,545	,180488375712294	0	,520842797181562	0
2758	3	3	EV37	3	alendronate	0	0	0	0	0	0	0	0	0	0	0	0	0	0	0	0	0	0	0	3	0	0	0	0	0	0	0	0	0	0	0	0	22	0	0	0	0	0	0	0	0	0	0	0	0	0	0	0	0	0	0	0	0	0	0	0	0	0	0	0	0	0	0	0	0	0	4	0	4	3	0	19	32	12	0	0	0	0	2	6	1	0	0	0	2	0	0	0	0	0	0	0	0	0	2	0	2	0	0	0	0	12	2	0	0	0	0	2	0	0	0	0	7	7	0	0	0	1	,587	,351577226867063	0	,487749094791835	0
2755	3	3	EV37	3	acarbose	0	0	0	0	0	0	0	0	0	0	0	0	0	0	0	0	0	0	0	0	0	0	0	0	0	0	0	0	0	0	0	1	25	0	0	0	0	0	0	1	0	0	0	0	0	0	0	0	0	0	0	0	0	0	1	0	0	0	0	0	0	0	0	0	0	0	7	0	5	1	0	26	31	12	0	0	0	0	1	4	1	0	0	0	0	0	0	0	0	0	0	0	0	0	1	0	2	0	0	0	0	15	1	0	0	0	0	0	0	0	0	0	7	13	0	0	0	1	,479	-,0840494443424517	0	,443170865969116	0
2842	3	3	EV37	3	levothyroxine	2	0	1	0	0	0	0	1	0	0	0	0	0	0	0	0	0	0	0	0	0	0	0	0	0	0	0	0	0	0	0	0	0	0	0	0	0	0	0	0	0	0	0	0	0	0	0	0	0	0	0	0	0	0	0	0	0	0	0	0	0	0	0	0	0	0	1	0	1	0	0	4	3	1	0	0	0	0	0	1	0	0	0	0	0	0	0	0	0	0	0	0	0	0	0	0	0	0	0	0	0	1	0	0	0	0	0	0	0	0	0	0	1	0	0	0	0	1	,586	,347453815751698	0	,460262351346591	0
2857	3	3	EV37	3	nelarabine	3	0	0	31	1	1	0	0	0	0	0	0	0	0	0	0	0	0	0	0	0	0	0	0	0	0	0	0	3	0	1	2	0	2	1	0	0	0	0	1	0	0	0	0	0	0	0	0	0	0	0	0	0	0	1	0	0	0	0	0	0	0	0	0	0	0	9	0	12	4	0	29	58	22	0	0	2	0	1	3	0	0	0	0	2	0	0	0	0	0	0	0	0	0	1	0	6	0	0	0	0	10	1	1	0	1	0	0	0	0	1	0	9	20	0	0	0	1	,435	-,261479700057757	0	,517417999605271	0
2875	3	3	EV37	3	propoxyphene	3	0	0	0	13	13	0	0	0	0	0	1	0	0	0	2	0	0	0	1	0	0	0	0	0	1	0	0	11	5	6	3	0	0	0	15	0	0	6	0	5	0	0	0	1	0	0	1	0	1	0	0	0	2	0	0	0	0	0	0	3	0	0	2	0	0	6	0	8	2	0	35	58	20	0	0	0	0	1	5	0	0	0	0	3	0	0	0	0	0	0	0	0	0	2	0	6	0	0	0	0	19	1	1	0	0	0	4	0	0	0	0	15	20	0	0	0	1	,753	1,11467689117192	0	,655468380241536	0
2768	3	3	EV37	3	atomoxetine	0	0	2	24	1	0	0	0	0	0	0	0	0	0	0	0	0	0	0	0	0	0	0	0	0	0	0	0	0	1	0	0	0	0	0	0	0	0	0	0	0	0	0	0	1	0	0	0	0	0	0	0	0	0	0	0	0	0	0	0	0	0	0	0	0	0	8	0	1	0	0	9	26	7	0	0	0	0	0	2	0	0	0	0	0	0	0	0	0	0	0	0	0	0	0	0	6	0	0	0	0	4	0	1	0	0	0	0	0	0	0	0	8	8	0	0	0	1	,585	,343333327001158	0	,512924832656565	0
2788	3	3	EV37	3	danazol	4	0	1	0	0	0	0	0	0	0	0	0	0	0	0	0	0	0	0	1	0	0	0	0	0	0	0	0	0	0	0	0	8	0	0	0	0	0	0	1	0	0	0	0	0	0	0	0	0	0	0	0	0	0	0	0	0	0	0	0	0	0	0	0	0	0	3	0	5	1	0	11	19	2	0	0	0	0	0	0	0	0	0	0	0	0	0	0	0	0	0	0	0	0	0	0	0	0	0	0	0	6	0	0	0	0	0	0	0	0	0	0	0	2	0	0	0	1	,58	,322773392263051	0	,559297684573047	0
2919	3	3	EV37	3	vitamin a	60	20	0	0	22	74	2	0	0	0	6	18	12	3	2	12	1	2	3	5	18	3	3	0	4	3	0	0	27	63	105	6	24	72	0	26	0	0	8	1	9	3	0	0	1	0	11	1	3	0	0	0	0	1	2	0	1	0	0	0	16	29	9	64	0	0	68	5	50	10	0	168	290	87	0	0	7	0	6	14	0	0	0	0	5	0	0	0	0	0	0	0	0	0	6	0	10	0	0	0	0	109	5	1	0	1	0	6	1	0	1	0	51	68	1	0	1	1	0	-6,90675477864855	0	,00146489860705317	0
2839	3	3	EV37	3	leuprolide	14	3	0	25	12	14	0	0	0	0	0	3	2	0	0	1	0	0	0	1	4	0	0	0	0	2	0	0	9	15	16	6	17	9	0	15	0	0	5	1	5	0	0	0	0	0	0	0	0	0	0	0	0	0	4	0	0	0	0	0	0	5	2	12	0	0	23	4	23	4	0	84	109	37	0	0	2	0	3	9	0	0	0	0	3	0	0	0	0	0	0	0	0	0	3	0	8	0	0	0	0	37	3	1	0	2	0	3	1	0	0	0	18	35	0	0	0	1	,213	-1,30693608270798	0	,368345811613201	0
2764	3	3	EV37	3	amphotericin b	0	0	0	0	0	0	0	0	0	0	0	0	0	0	0	0	0	0	0	2	0	0	0	0	0	0	0	0	0	0	1	1	29	0	0	0	0	0	0	1	0	0	0	0	0	0	0	0	0	0	0	0	0	0	1	0	0	0	0	0	0	0	0	0	0	0	27	0	10	3	0	32	51	25	0	0	1	0	1	2	0	0	1	0	2	0	0	0	0	0	0	0	0	0	1	0	2	0	0	0	0	21	1	0	0	0	0	3	0	0	1	0	10	12	0	0	0	1	,665	,685656508830788	0	,591157138404484	0
2763	3	3	EV37	3	amphetamine	34	18	1	0	23	22	0	1	0	0	2	10	6	1	3	4	0	0	0	3	11	0	1	0	2	1	0	0	21	41	66	3	4	17	0	16	0	0	6	0	8	3	0	0	0	0	1	1	1	0	0	0	0	3	4	0	1	1	0	0	6	5	3	47	0	0	28	1	29	5	0	94	159	41	0	0	3	0	3	9	0	0	0	0	4	0	0	0	0	0	0	0	0	0	2	0	11	0	0	0	0	49	1	1	0	2	0	3	1	0	1	0	33	40	1	0	1	1	,099	-2,20838540747375	0	,118500079779309	0
2862	3	3	EV37	3	orlistat	5	0	0	30	0	0	0	0	0	0	0	0	0	0	0	0	0	0	0	0	0	0	0	0	0	0	0	0	0	0	0	1	12	0	0	0	0	0	0	1	0	0	0	0	0	0	0	0	0	0	0	0	0	0	1	0	0	0	0	0	0	0	0	0	0	0	2	0	7	2	0	26	40	18	0	0	0	0	2	5	1	0	0	0	0	0	0	0	0	0	0	0	0	0	1	0	7	0	0	0	0	16	1	1	0	0	0	0	0	0	0	0	13	15	0	0	0	1	,57	,281851152140987	0	,540104573905965	0
2846	3	3	EV37	3	metformin	16	0	0	0	0	0	0	0	0	0	0	0	0	0	0	0	0	0	0	2	0	0	0	0	0	1	0	0	0	0	0	0	95	0	0	0	0	0	0	1	0	0	0	0	0	0	0	0	0	0	0	0	0	0	3	0	0	0	0	0	0	0	0	0	0	0	10	0	22	5	0	72	125	40	0	0	4	0	1	8	1	0	0	0	3	0	0	0	0	0	0	0	0	0	4	0	4	0	0	0	0	45	3	0	0	0	0	2	0	0	0	0	24	36	0	0	0	1	,62	,489548225318706	0	,614135692013272	0
2797	3	3	EV37	3	doxorubicin	0	0	2	0	0	0	0	0	0	0	0	0	0	0	0	0	0	0	0	2	0	0	0	0	0	2	0	0	0	1	1	1	60	0	0	0	0	0	0	1	0	0	0	0	0	0	0	0	0	0	0	0	0	0	1	0	0	0	0	0	0	0	0	0	0	0	25	0	3	0	0	38	69	21	0	0	0	0	0	5	1	0	0	0	0	0	0	0	0	0	0	0	0	0	1	0	3	0	0	0	0	22	0	0	0	1	0	1	0	0	0	0	8	7	0	0	0	1	,764	1,17473598414091	0	,740897855961089	0
2822	3	3	EV37	3	gabapentin	0	0	0	0	0	0	0	0	0	0	0	0	0	0	0	0	0	0	0	3	0	0	0	0	0	0	0	0	0	1	0	0	66	0	1	0	0	1	0	1	0	0	0	0	0	0	0	0	0	0	0	0	0	0	1	0	0	0	0	0	0	0	0	0	1	0	10	0	16	4	0	51	57	22	0	0	2	0	1	4	0	0	1	0	3	0	0	0	0	0	0	0	0	0	2	0	4	0	0	0	0	20	3	0	0	0	0	2	0	0	1	0	16	22	0	0	0	1	,66	,663294217410264	0	,597541517405085	0
2874	3	3	EV37	3	propafenone	12	3	2	32	17	15	2	0	0	0	0	4	1	0	4	1	0	0	1	2	4	1	1	0	2	3	0	0	12	9	25	2	8	2	0	15	0	0	7	1	1	3	0	0	1	0	0	0	0	0	0	0	0	0	1	0	0	0	0	0	2	6	1	10	0	0	15	0	20	1	0	56	112	35	0	0	2	0	2	9	0	0	0	0	2	0	0	0	0	0	0	0	0	0	2	0	7	0	0	0	0	35	2	1	0	1	0	3	0	0	1	0	24	31	0	0	0	1	,433	-,269621575725262	0	,451981145465206	0
2901	3	3	EV37	3	terbutaline	23	6	0	0	6	12	0	0	0	0	0	7	4	0	1	3	0	0	2	1	4	0	1	0	1	1	0	0	10	26	28	0	7	1	1	16	0	0	7	0	7	0	0	0	0	0	0	0	0	0	0	0	0	1	1	0	2	0	0	0	0	7	1	23	0	0	18	1	25	5	0	83	109	43	0	0	4	0	2	10	0	0	0	0	3	0	0	0	0	0	0	0	0	0	3	0	5	0	0	0	0	36	1	0	0	1	0	4	0	0	1	0	24	40	0	0	0	1	,764	1,17473598414091	0	,505666933214424	0
2805	3	3	EV37	3	estradiol	33	0	0	0	0	0	0	4	0	0	0	0	0	0	0	0	0	0	0	1	0	0	0	0	0	0	0	0	0	0	0	0	33	0	0	0	0	0	0	0	0	0	0	0	0	0	0	0	0	0	0	0	0	0	0	0	0	0	0	0	0	0	2	0	0	0	17	0	13	4	0	53	69	27	0	0	2	0	1	6	0	0	0	0	1	0	0	0	0	0	0	0	0	0	1	0	1	0	0	0	0	20	1	0	0	0	0	0	0	0	0	0	16	22	0	0	0	1	,736	1,02528101558256	0	,490378430312516	0
2915	3	3	EV37	3	valproic acid	87	14	0	0	32	45	1	0	1	0	2	20	9	3	3	8	0	0	3	2	13	0	1	0	1	5	0	0	56	93	96	4	24	34	0	28	0	0	13	0	5	5	0	0	0	0	4	1	2	0	0	0	0	4	3	0	3	15	0	0	8	14	1	81	0	0	53	4	50	8	0	174	316	98	0	0	11	0	6	19	0	0	0	0	5	0	0	0	0	0	0	0	0	0	7	0	14	0	0	0	0	120	4	1	0	3	0	6	2	0	1	0	53	68	1	0	1	1	,184	-1,48947859735512	0	,056863113512836	0
2845	3	3	EV37	3	memantine	27	3	0	44	9	14	0	0	0	0	1	15	5	0	2	0	0	0	0	0	8	0	1	0	3	2	0	0	7	24	37	3	13	1	1	11	0	0	5	1	3	0	0	0	0	0	0	1	0	0	0	0	0	0	1	0	0	0	0	0	2	8	0	25	0	0	27	0	26	5	0	96	155	49	0	0	5	0	3	8	0	0	0	0	3	0	0	0	0	0	0	0	0	0	4	0	11	0	0	0	0	52	3	1	0	1	0	4	2	0	1	0	32	42	0	0	0	1	,856	1,78245707656574	0	,92905927206013	0
2847	3	3	EV37	3	metoprolol	25	13	0	12	11	29	0	1	0	0	2	13	11	1	3	6	0	0	1	7	13	0	3	0	4	5	0	0	12	47	55	5	23	2	0	40	0	0	14	1	7	4	0	0	0	0	0	0	1	0	0	0	0	2	2	0	3	0	0	0	1	10	1	19	0	0	36	1	38	6	0	106	170	56	0	0	5	0	7	12	0	0	1	0	4	0	0	0	0	0	0	0	0	0	6	0	12	0	0	0	0	62	4	1	0	1	0	4	0	0	2	0	32	55	1	0	1	1	,578	,314568554636366	0	,587807054612157	0
2918	3	3	EV37	3	vincristine	40	12	0	8	33	50	0	0	0	0	2	9	10	0	3	6	0	0	1	3	14	0	0	1	3	7	0	0	33	61	65	4	15	17	0	27	0	0	7	0	9	2	0	0	0	0	0	1	2	0	0	0	1	2	2	0	0	1	0	0	5	5	5	35	0	0	60	8	36	4	0	134	233	63	0	0	6	0	4	17	1	0	0	0	4	0	0	0	0	0	0	0	0	0	6	0	12	0	0	0	0	91	4	1	0	2	0	6	0	0	1	0	39	50	1	0	1	1	,773	1,22532903110602	0	,664861166919582	0
2886	3	3	EV37	3	ropinirole	1	0	0	107	0	1	0	0	0	0	2	0	0	0	0	0	0	0	0	0	0	0	0	0	0	0	0	0	3	2	2	4	8	0	0	0	0	0	0	2	2	0	0	0	0	0	0	0	0	0	0	0	0	1	1	0	0	0	0	0	0	0	0	5	0	0	7	0	18	6	0	74	116	40	0	0	2	0	2	5	0	0	0	0	2	0	0	0	0	0	0	0	0	0	2	0	10	0	0	0	0	36	2	1	0	0	0	0	0	0	0	0	25	35	0	0	0	1	,77	1,20831120592453	0	,736231251579965	0
2917	3	3	EV37	3	verapamil	57	27	1	10	27	79	1	0	0	0	0	22	20	6	1	8	0	0	4	10	43	1	3	1	5	13	0	0	20	118	139	5	14	8	2	52	0	0	22	1	9	6	0	0	3	0	0	3	4	0	0	0	2	4	5	0	4	0	0	0	3	16	4	83	0	0	43	3	53	6	0	170	262	73	1	0	11	0	8	17	0	0	0	0	5	0	0	0	0	0	0	0	1	0	6	0	14	0	0	0	0	87	5	1	0	3	0	4	1	0	1	0	48	69	0	0	0	1	,078	-2,469836396867	0	,608895810242999	0
2873	3	3	EV37	3	pregabalin	0	0	0	169	0	1	0	0	0	0	0	0	0	0	0	0	0	0	0	0	0	0	0	0	0	3	0	0	0	0	1	5	41	1	0	0	0	0	0	1	0	0	0	0	0	0	0	0	0	0	0	0	0	1	1	0	0	0	0	0	0	0	0	0	1	0	4	0	27	3	0	122	188	59	0	0	4	0	4	9	0	0	0	0	2	0	0	0	0	0	0	0	0	0	2	0	8	0	0	0	0	68	2	2	0	1	0	3	0	0	1	0	39	47	0	0	0	1	,931	2,60215277267981	0	,833332653722465	0
2916	3	3	EV37	3	venlafaxine	24	5	1	76	20	26	0	2	0	0	0	5	3	0	0	3	0	0	0	5	7	1	0	0	4	1	0	0	0	21	43	5	0	0	1	21	0	0	11	1	6	0	0	0	1	0	0	0	0	0	0	0	1	1	3	0	1	0	0	0	9	6	1	21	0	0	28	0	35	6	0	112	187	61	0	0	5	0	5	12	0	0	0	0	4	0	0	0	0	0	0	0	0	0	3	0	13	0	0	0	0	53	3	2	0	1	0	2	0	0	1	0	38	56	0	0	0	1	,941	2,76940569567966	0	,901406806969613	0
3039	3	4	EV37	3	penicillamine	0	0	0	0	0	0	0	0	0	0	0	0	0	0	0	0	0	0	0	0	0	0	0	0	0	0	0	0	0	0	0	0	0	0	0	0	0	0	0	0	0	0	0	0	0	0	0	0	0	0	0	0	0	0	0	0	0	0	0	0	0	0	0	0	0	0	0	0	0	0	0	0	0	0	0	0	0	0	0	0	0	0	0	0	0	0	0	0	0	0	0	0	0	0	0	0	0	0	0	0	0	0	0	0	0	0	0	0	0	0	0	0	0	0	0	0	0	1	,424	-,306374205463933	0	,424461584053303	0
3084	3	4	EV37	3	triptorelin pamoate	0	0	0	0	0	0	0	0	0	0	0	0	0	0	0	0	0	0	0	0	0	0	0	0	0	0	0	0	0	3	0	0	3	0	0	0	0	0	0	0	0	0	0	0	0	0	0	0	0	0	0	0	0	0	0	0	0	0	0	0	0	0	0	0	0	0	0	0	4	0	0	3	5	0	0	0	2	0	2	3	0	0	0	0	0	0	0	0	0	0	0	0	0	0	1	0	0	0	0	0	0	5	1	0	0	0	0	0	0	0	0	0	3	1	0	0	0	1	,411	-,359832969155352	0	,467260704122707	0
3014	3	4	EV37	3	levothyroxine	0	0	0	0	0	0	0	0	0	0	0	0	0	0	0	0	0	0	0	0	0	0	0	0	0	0	0	0	0	0	0	0	0	0	0	0	0	0	0	0	0	0	0	0	0	0	0	0	0	0	0	0	0	0	0	0	0	0	0	0	0	0	1	0	0	0	1	0	0	0	0	1	1	2	0	0	0	0	2	0	0	0	0	0	0	0	0	0	0	0	0	0	0	0	0	0	0	0	0	0	0	0	0	0	0	0	0	0	0	0	0	0	2	0	0	0	0	1	,406	-,380526159760912	0	,461697901036413	0
2965	3	4	EV37	3	desvenlafaxine	0	0	0	11	0	0	0	0	0	0	0	0	0	0	0	0	0	0	0	0	0	0	0	0	0	0	0	0	0	0	0	0	0	0	0	0	0	0	0	0	0	0	0	0	0	0	0	0	0	0	0	0	0	0	1	0	0	0	0	0	0	0	1	0	0	0	1	0	0	0	0	0	10	0	0	0	0	0	0	1	0	0	0	0	0	0	0	0	0	0	0	0	0	0	0	0	0	0	0	0	0	7	0	0	0	0	0	0	0	0	0	0	0	1	0	0	0	1	,395	-,42634269312972	0	,315443382152122	0
3091	3	4	EV37	3	vitamin a	37	14	0	0	12	49	0	0	0	0	3	11	9	1	3	4	1	1	2	3	19	4	3	0	4	4	0	0	5	29	67	3	9	25	0	11	0	0	3	1	14	1	0	0	1	0	5	1	3	0	0	0	1	0	3	0	0	0	0	0	11	16	5	32	0	0	28	2	38	0	0	47	113	5	0	0	4	0	7	12	0	0	0	1	0	0	0	0	0	0	0	0	0	0	14	0	1	0	0	0	0	61	2	0	0	0	0	1	2	0	0	0	33	22	2	0	1	1	0	-6,90675477864855	0	,00147337388443131	0
2930	3	4	EV37	3	alendronate	0	0	0	0	0	0	0	0	0	0	0	0	0	0	0	0	0	0	0	1	0	0	0	0	0	0	0	0	0	0	0	0	6	0	0	0	0	0	0	0	0	0	0	0	0	0	0	0	0	0	0	0	0	0	1	0	0	0	0	0	0	0	0	0	0	0	3	0	5	0	0	6	5	0	0	0	0	0	0	1	0	0	0	0	0	0	0	0	0	0	0	0	0	0	4	0	0	0	0	0	0	3	0	0	0	0	0	0	0	0	0	0	2	4	0	0	0	1	,424	-,306374205463933	0	,489192672924989	0
3034	3	4	EV37	3	orlistat	0	0	0	24	0	0	0	0	0	0	0	0	0	0	0	0	0	0	0	0	0	0	0	0	0	0	0	0	0	0	0	1	5	0	0	0	0	0	0	0	0	0	0	0	0	0	0	0	0	0	0	0	0	1	0	0	0	0	0	0	0	0	0	0	0	0	1	0	11	0	0	8	24	0	0	0	2	0	1	5	0	0	0	0	1	0	0	0	0	0	0	0	0	0	3	0	0	0	0	0	0	22	2	0	0	0	0	0	0	0	0	0	7	4	0	0	0	1	,439	-,245221492447525	0	,541539292345921	0
2940	3	4	EV37	3	atomoxetine	0	0	1	20	1	0	0	0	0	0	0	0	0	0	0	0	0	0	0	0	0	0	0	0	0	0	0	0	0	0	0	0	0	0	0	0	0	0	0	0	0	0	0	0	1	0	0	0	0	0	0	0	0	0	0	0	0	0	0	0	0	0	0	0	0	0	4	0	6	0	0	3	14	0	0	0	2	0	0	3	0	0	0	0	0	0	0	0	0	0	0	0	0	0	2	0	0	0	0	0	0	16	1	0	0	0	0	0	0	0	0	0	4	1	0	0	0	1	,439	-,245221492447525	0	,514368102822358	0
3011	3	4	EV37	3	leuprolide	3	2	0	19	5	8	0	0	0	0	0	0	0	0	0	0	0	0	0	1	1	0	0	0	0	1	0	0	3	8	10	5	8	3	0	12	0	0	1	1	3	0	0	0	0	0	0	0	0	0	0	0	0	1	2	0	0	0	0	0	0	2	3	7	0	0	17	3	23	0	0	22	62	2	0	0	2	0	3	9	0	0	0	1	0	0	0	0	0	0	0	0	0	0	7	0	1	0	0	0	0	39	2	0	0	0	0	1	2	0	0	0	23	15	0	0	0	1	,139	-1,82362057129704	0	,369691039685296	0
2969	3	4	EV37	3	doxorubicin	0	0	0	0	0	0	0	0	0	0	0	0	0	0	0	0	0	0	0	1	0	0	0	0	0	0	0	0	0	0	2	0	18	0	0	0	0	0	0	1	0	0	0	0	0	0	0	0	0	0	0	0	0	0	0	0	0	0	0	0	0	0	0	0	0	0	6	0	7	0	0	9	19	0	0	0	3	0	2	2	0	0	0	0	1	0	0	0	0	0	0	0	0	0	2	0	0	0	0	0	0	12	2	0	0	0	0	0	0	0	0	0	6	4	0	0	0	1	,421	-,318669643890614	0	,742005386426595	0
2927	3	4	EV37	3	acarbose	1	0	0	0	0	0	0	0	0	0	0	0	0	0	0	0	0	0	0	0	0	0	0	0	0	0	0	0	0	0	0	1	12	0	0	0	0	0	0	1	0	0	0	0	0	0	0	0	0	0	0	0	0	0	0	0	0	0	0	0	0	0	0	0	0	0	4	0	9	0	0	11	19	0	0	0	2	0	2	5	0	0	0	1	0	0	0	0	0	0	0	0	0	0	3	0	0	0	0	0	0	11	1	0	0	0	0	0	0	0	0	0	7	4	0	0	0	1	,43	-,281851152140988	0	,444597018947412	0
2961	3	4	EV37	3	daptomycin	8	2	0	0	8	18	0	0	0	0	0	1	6	0	0	1	0	0	0	1	3	0	0	0	1	3	0	0	4	11	20	2	11	6	0	8	0	0	4	0	4	1	0	0	1	0	0	0	0	0	0	0	0	0	1	0	1	0	0	0	2	1	2	6	0	0	11	1	19	0	0	22	44	1	0	0	2	0	1	6	0	0	0	1	0	0	0	0	0	0	0	0	0	0	11	0	1	0	0	0	0	36	2	0	0	0	0	1	0	0	0	0	14	9	0	0	0	1	,363	-,562366821307313	0	,245731269056222	0
2977	3	4	EV37	3	estradiol	7	0	0	0	0	0	0	0	0	0	0	0	0	0	0	0	0	0	0	1	0	0	0	0	0	1	0	0	0	0	0	1	18	0	0	0	0	0	0	0	0	0	0	0	0	0	0	0	0	0	0	0	0	0	0	0	0	0	0	0	0	0	1	0	0	0	12	0	14	0	0	17	31	3	0	0	2	0	5	4	0	0	0	1	0	0	0	0	0	0	0	0	0	0	4	0	0	0	0	0	0	16	1	0	0	0	0	0	0	0	0	0	12	9	0	0	0	1	,426	-,298190050050196	0	,491822318791142	0
3067	3	4	EV37	3	succimer	0	0	0	0	0	0	0	0	0	0	0	0	0	0	0	0	0	0	0	0	0	0	0	0	0	0	0	0	0	0	0	0	1	0	0	0	0	0	0	1	0	0	0	0	0	0	0	0	0	0	0	0	0	0	0	0	0	0	0	0	0	0	0	0	0	0	0	0	1	0	0	2	3	0	0	0	0	0	1	0	0	0	0	0	0	0	0	0	0	0	0	0	0	0	0	0	0	0	0	0	0	1	0	0	0	0	0	0	0	0	0	0	2	1	0	0	0	1	,472	-,112117298120706	0	,494751167129558	0
3087	3	4	EV37	3	valproic acid	38	10	0	0	16	27	0	0	0	0	0	9	4	0	3	3	0	0	1	3	10	0	1	0	1	2	0	0	22	30	53	3	8	15	0	21	0	0	6	1	9	4	0	0	1	0	3	0	2	0	0	0	1	0	5	0	0	3	0	0	3	10	2	31	0	0	34	3	31	0	0	48	106	6	0	0	4	0	6	7	0	0	0	1	1	0	0	0	0	0	0	0	0	0	13	0	1	0	0	0	0	62	3	0	0	1	0	1	2	0	0	0	36	19	1	0	1	1	,021	-3,84200920480709	0	,0571737475256024	0
2931	3	4	EV37	3	alfuzosin	0	0	0	0	0	0	0	0	0	0	0	0	0	0	0	0	0	0	0	0	0	0	0	0	0	0	0	0	0	1	0	0	0	0	0	0	0	0	0	0	0	0	0	0	0	0	0	0	0	0	0	0	0	0	0	0	0	0	0	0	0	0	0	0	1	0	1	0	2	0	0	0	2	0	0	0	0	0	0	1	0	0	0	1	0	0	0	0	0	0	0	0	0	0	0	0	0	0	0	0	0	2	0	0	0	0	0	0	0	0	0	0	1	0	0	0	0	1	,513	,0520117220881798	0	,462710330905191	0
3033	3	4	EV37	3	octreotide	21	11	0	10	9	24	0	0	0	0	0	13	4	1	0	3	0	0	2	4	7	0	1	0	1	6	0	0	9	28	28	3	8	9	0	16	0	0	6	0	14	0	0	0	1	0	2	0	3	0	0	0	0	0	4	0	2	0	0	0	0	9	3	21	0	0	26	1	32	0	0	35	110	4	0	0	2	0	5	7	0	0	0	1	0	0	0	0	0	0	0	0	0	0	9	0	1	0	0	0	0	47	2	0	0	0	0	1	1	0	0	0	29	15	1	0	1	1	,099	-2,20838540747375	0	,0137155013348446	0
2960	3	4	EV37	3	danazol	2	0	0	0	0	0	0	0	0	0	0	0	0	0	0	0	0	0	0	1	0	0	0	0	0	0	0	0	0	0	0	0	3	0	0	0	0	0	0	1	0	0	0	0	0	0	0	0	0	0	0	0	0	0	0	0	0	0	0	0	0	0	0	0	0	0	1	0	1	0	0	3	7	0	0	0	0	0	0	1	0	0	0	0	0	0	0	0	0	0	0	0	0	0	1	0	0	0	0	0	0	6	0	0	0	0	0	0	0	0	0	0	1	2	0	0	0	1	,494	-,024001152099543	0	,560721225459019	0
3047	3	4	EV37	3	propoxyphene	3	0	0	0	8	2	0	0	0	0	0	2	1	0	0	0	0	0	0	0	0	0	0	0	0	0	0	0	3	0	2	0	0	0	0	4	0	0	2	0	5	0	0	0	0	0	0	1	0	1	0	0	0	0	0	0	0	0	0	0	1	0	0	1	0	0	5	0	8	0	0	9	23	0	0	0	0	0	1	3	0	0	0	0	0	0	0	0	0	0	0	0	0	0	3	0	1	0	0	0	0	13	1	0	0	0	0	0	0	0	0	0	7	5	0	0	0	1	,614	,464157558682312	0	,656771910969352	0
2939	3	4	EV37	3	atenolol	0	0	1	0	0	0	0	0	0	0	0	0	0	0	0	0	0	0	0	0	1	0	0	0	0	0	0	0	0	1	2	0	16	0	0	0	0	0	0	0	0	0	0	0	0	0	0	0	0	0	0	0	0	0	0	0	0	0	0	0	0	0	0	1	0	0	18	0	9	0	0	18	28	4	0	0	2	0	3	4	0	0	0	0	0	0	0	0	0	0	0	0	0	0	4	0	0	0	0	0	0	16	1	0	0	0	0	0	0	0	0	0	11	5	0	0	0	1	,535	,14022934130865	0	,56241514237746	0
2935	3	4	EV37	3	amphetamine	24	10	0	0	18	25	0	0	0	0	4	4	3	1	1	4	0	0	0	7	16	0	0	0	5	1	0	0	7	34	68	2	2	10	0	18	1	0	7	1	8	3	0	0	1	0	1	1	2	0	0	0	1	2	4	0	1	0	0	0	5	4	3	35	0	0	19	2	30	0	0	38	83	9	0	0	3	0	6	8	0	0	0	1	0	0	0	0	0	0	0	0	0	0	7	0	1	0	0	0	0	44	2	0	0	1	0	0	2	0	0	0	25	13	1	0	1	1	,126	-1,93679846870406	0	,119104904508074	0
3026	3	4	EV37	3	milnacipran	0	0	0	0	0	0	0	0	0	0	0	0	0	0	0	0	0	0	0	0	0	0	0	0	0	0	0	0	0	0	0	0	6	0	0	0	0	0	0	1	0	0	0	0	0	0	0	0	0	0	0	0	0	0	0	0	0	0	0	0	0	0	0	0	0	0	0	0	4	0	0	4	6	0	0	0	0	0	3	0	0	0	0	0	0	0	0	0	0	0	0	0	0	0	1	0	0	0	0	0	0	4	0	0	0	0	0	0	0	0	0	0	3	3	0	0	0	1	,499	-,00400000533334613	0	,522284456817673	0
2936	3	4	EV37	3	amphotericin b	0	0	0	0	0	0	0	0	0	0	0	0	0	0	0	0	0	0	0	1	0	0	0	0	0	0	0	0	0	0	1	0	11	0	0	0	0	0	0	1	0	0	0	0	0	0	0	0	0	0	0	0	0	0	0	0	0	0	0	0	0	0	0	0	0	0	8	0	5	0	0	11	8	0	0	0	0	0	1	0	0	0	0	0	0	0	0	0	0	0	0	0	0	0	2	0	0	0	0	0	0	9	0	0	0	0	0	0	0	0	0	0	5	5	0	0	0	1	,519	,0760366130601276	0	,592552738677802	0
3090	3	4	EV37	3	vincristine	20	5	0	4	14	26	0	0	0	0	0	3	2	0	4	4	0	0	0	1	8	0	0	0	4	2	0	0	11	27	35	2	3	6	0	13	0	0	4	1	13	1	0	0	1	0	0	1	1	0	0	0	0	2	0	0	1	0	0	0	2	3	1	25	0	0	21	4	31	0	0	38	95	3	0	0	3	0	7	6	0	0	0	0	1	0	0	0	0	0	0	0	0	0	10	0	1	0	0	0	0	55	3	0	0	0	0	0	0	0	0	0	25	16	1	0	1	1	,402	-,397138665331611	0	,6661472606356	0
3073	3	4	EV37	3	terbutaline	18	8	0	2	7	15	0	0	0	0	0	8	3	1	1	3	0	0	1	1	6	0	1	0	2	1	0	0	4	18	31	0	3	0	0	19	0	0	8	0	13	2	0	0	0	0	0	0	0	0	0	0	0	0	0	0	2	0	0	0	0	7	0	20	0	0	16	2	28	0	0	33	78	6	0	0	3	0	5	9	0	0	0	1	0	0	0	0	0	0	0	0	0	0	9	0	1	0	0	0	0	41	2	0	0	1	0	2	0	0	0	0	30	15	0	0	0	1	,511	,0440071007288324	0	,507111043453562	0
2994	3	4	EV37	3	gabapentin	1	0	0	0	0	0	0	0	0	0	0	0	0	0	0	0	0	0	0	1	0	0	0	0	0	0	0	0	0	0	0	0	31	0	0	0	0	1	0	1	0	0	0	0	0	0	0	0	0	0	0	0	0	0	0	0	0	0	0	0	0	0	0	0	0	0	7	0	11	0	0	13	28	0	0	0	2	0	2	4	0	0	0	1	0	0	0	0	0	0	0	0	0	0	4	0	0	0	0	0	0	22	1	0	0	0	0	0	0	0	0	0	12	9	0	0	0	1	,511	,0440071007288324	0	,598930110013395	0
2968	3	4	EV37	3	donepezil	0	0	1	0	0	0	0	0	0	0	0	0	0	0	0	0	0	0	0	0	0	0	0	0	0	0	0	0	0	1	2	0	7	0	0	0	0	0	0	1	0	0	0	1	0	0	0	0	0	0	0	0	0	0	0	0	0	0	0	0	0	0	0	0	0	0	0	0	4	0	0	6	10	0	0	0	0	0	2	0	0	0	0	0	0	0	0	0	0	0	0	0	0	0	2	0	0	0	0	0	0	5	0	0	0	0	0	0	0	0	0	0	3	5	0	0	0	1	,583	,335100964551691	0	,492959692070097	0
3020	3	4	EV37	3	mexiletine	1	0	0	0	0	0	0	0	0	0	0	0	0	0	0	0	0	0	0	1	0	0	0	0	0	0	0	0	0	1	0	0	10	0	0	0	0	0	0	1	0	0	0	0	0	0	0	0	0	0	0	0	0	0	0	0	0	0	0	0	0	0	0	0	1	0	3	0	5	0	0	5	10	2	0	0	0	0	0	0	0	0	0	0	0	0	0	0	0	0	0	0	0	0	1	0	0	0	0	0	0	9	0	0	0	1	0	0	0	0	0	0	3	2	0	0	0	1	,594	,380526159760912	0	,549662211566278	0
3018	3	4	EV37	3	metformin	3	0	0	0	0	0	0	0	0	0	0	0	0	0	0	0	0	0	0	0	0	0	0	0	0	0	0	0	0	0	0	0	40	0	0	0	0	0	0	1	0	0	0	0	0	0	0	0	0	0	0	0	0	0	2	0	0	0	0	0	0	0	0	0	1	0	8	0	11	0	0	24	40	2	0	0	3	0	4	4	0	0	0	1	0	0	0	0	0	0	0	0	0	0	5	0	0	0	0	0	0	19	1	0	0	0	0	0	0	0	0	0	11	8	0	0	0	1	,504	,0160003413464411	0	,615503871309644	0
3029	3	4	EV37	3	nelarabine	2	0	0	21	1	1	0	0	0	0	0	0	0	0	0	0	0	0	0	0	0	0	0	0	0	0	0	0	1	0	1	1	0	0	0	0	0	0	0	1	0	0	0	0	0	0	0	0	0	0	0	0	0	0	0	0	0	0	0	0	0	0	0	0	1	0	3	0	6	0	0	13	20	1	0	0	0	0	2	1	0	0	0	0	1	0	0	0	0	0	0	0	0	0	4	0	1	0	0	0	0	18	2	0	0	0	0	0	0	0	0	0	5	7	0	0	0	1	,581	,326879836929773	0	,518860444728258	0
3046	3	4	EV37	3	propafenone	11	3	1	25	15	11	2	0	0	0	0	4	2	0	5	1	0	0	2	0	1	1	2	0	2	3	0	0	11	9	20	1	8	2	0	10	0	0	5	1	3	3	0	0	1	0	0	0	0	0	0	0	0	0	1	0	0	0	0	0	2	4	0	7	1	0	19	0	25	0	0	30	72	2	0	0	2	0	3	8	0	0	0	0	1	0	0	0	0	0	0	0	0	0	9	0	1	0	0	0	0	55	3	0	0	1	0	1	0	0	0	0	21	12	0	0	0	1	,185	-1,48283228816254	0	,45341256410305	0
3058	3	4	EV37	3	ropinirole	0	0	0	74	0	1	0	0	0	0	0	0	0	0	0	0	0	0	0	0	0	0	0	0	0	0	0	0	1	1	1	1	7	0	0	0	0	0	0	1	2	0	0	0	0	0	0	0	0	0	0	0	0	0	0	0	0	0	0	0	0	0	0	4	0	0	5	0	25	0	0	27	63	1	0	0	3	0	2	8	0	0	0	0	0	0	0	0	0	0	0	0	0	0	6	0	0	0	0	0	0	59	1	0	0	0	0	0	0	0	0	0	18	10	0	0	0	1	,725	,969400557188103	0	,737351658071873	0
3017	3	4	EV37	3	memantine	16	4	0	31	9	12	0	0	0	0	1	10	4	0	2	0	0	0	0	1	4	0	0	0	1	2	0	0	3	26	29	3	5	0	0	13	0	0	6	1	3	1	0	0	0	0	0	1	0	0	0	0	0	1	0	0	0	0	0	0	3	5	0	12	0	0	21	0	29	0	0	36	83	1	0	0	2	0	6	9	0	0	0	1	0	0	0	0	0	0	0	0	0	0	10	0	1	0	0	0	0	59	2	0	0	1	0	0	2	0	0	0	28	11	0	0	0	1	,812	1,46305837733173	0	,929439106376603	0
3088	3	4	EV37	3	venlafaxine	16	5	0	43	15	15	1	0	0	0	0	3	3	0	1	4	0	0	1	2	6	0	0	0	2	1	0	0	0	14	38	4	0	0	0	18	0	0	7	1	3	0	0	0	0	0	0	0	0	0	0	0	0	0	2	0	2	0	0	0	3	7	0	15	0	0	23	0	30	0	0	42	95	4	0	0	2	0	5	9	0	0	0	1	1	0	0	0	0	0	0	0	0	0	10	0	1	0	0	0	0	62	3	0	0	0	0	0	1	0	0	0	28	16	0	0	0	1	,834	1,6142456140022	0	,901919068942506	0
3019	3	4	EV37	3	metoprolol	18	9	1	14	15	17	1	0	0	0	2	8	7	0	4	3	0	0	1	6	13	1	1	0	3	4	0	0	5	31	49	5	13	2	1	19	0	0	6	1	14	1	0	0	1	0	0	0	1	0	0	0	1	1	1	0	3	0	0	0	3	16	0	14	0	0	34	6	31	0	0	49	125	6	0	0	0	0	7	7	0	0	0	1	0	0	0	0	0	0	0	0	0	0	10	0	1	0	0	0	0	59	1	0	0	1	0	0	0	0	0	0	31	16	1	0	1	1	,705	,871222446472449	0	,589206143921778	0
3089	3	4	EV37	3	verapamil	44	19	0	12	22	53	1	0	0	0	1	20	14	3	0	6	0	0	2	16	27	1	2	0	3	16	0	0	15	77	93	2	5	2	0	26	0	0	12	1	15	4	0	0	2	0	0	0	5	0	0	0	1	1	4	0	1	0	0	0	3	13	0	55	0	0	34	1	43	0	0	56	157	6	1	0	4	0	7	14	0	0	0	1	1	0	0	0	0	0	0	0	0	0	12	0	1	0	0	0	0	72	3	0	0	1	0	1	1	0	0	0	39	17	0	0	0	1	,268	-1,00479353345045	0	,610270778463112	0
3045	3	4	EV37	3	pregabalin	0	0	0	109	0	1	0	0	0	0	0	0	0	0	0	0	0	0	0	0	0	0	0	0	0	1	0	0	0	0	1	4	16	1	0	0	0	0	0	1	0	0	0	0	0	0	0	0	0	0	0	0	0	1	0	0	0	0	0	0	0	0	0	0	0	0	4	0	29	0	0	43	92	2	0	0	3	0	5	6	0	0	0	0	0	0	0	0	0	0	0	0	0	0	9	0	0	0	0	0	0	67	2	0	0	1	0	2	0	0	0	0	25	15	0	0	0	1	,771	1,21396637000909	0	,834133526837253	0
3263	3	6	EV37	3	vitamin a	83	42	0	0	38	83	2	0	0	0	9	37	20	7	6	14	0	0	11	5	29	8	6	0	9	6	0	0	29	62	135	10	51	117	0	25	0	0	8	2	19	5	0	0	3	0	22	1	8	0	0	0	1	1	6	0	3	0	0	0	38	57	9	75	0	0	127	6	51	7	0	131	314	40	0	0	11	3	8	27	1	0	0	2	10	0	0	1	0	0	0	0	0	0	29	0	24	0	0	0	0	196	6	3	0	0	0	0	0	0	0	0	45	52	0	0	3	1	0	-6,90675477864855	0	,00154111375381748	0
3205	3	6	EV37	3	octreotide	40	13	0	30	24	55	0	0	0	0	0	20	13	0	2	5	0	0	3	4	6	0	3	0	3	17	0	0	26	52	61	8	45	43	0	29	0	0	10	0	14	1	0	0	2	0	6	0	5	0	0	1	0	2	10	0	1	0	0	0	0	22	7	18	0	0	124	3	48	5	0	100	236	31	0	0	10	2	7	25	1	0	0	1	6	0	0	1	0	0	0	0	0	0	25	0	24	0	0	0	0	135	6	3	0	0	0	2	0	0	0	0	36	45	0	0	2	1	0	-6,90675477864855	0	,0143380035475313	0
3186	3	6	EV37	3	levothyroxine	0	0	0	0	0	0	0	0	0	0	0	0	0	0	0	0	0	0	0	0	0	0	0	0	0	0	0	0	0	0	1	0	0	0	0	0	0	0	0	0	0	0	0	0	0	0	0	0	0	0	0	0	0	0	0	0	0	0	0	0	0	0	0	0	0	0	1	0	0	0	0	0	1	0	0	0	0	0	0	0	0	0	0	0	0	0	0	0	0	0	0	0	0	0	0	0	0	0	0	0	0	0	0	0	0	0	0	0	0	0	0	0	0	1	0	0	0	1	,425	-,302280871872933	0	,472903857698924	0
3211	3	6	EV37	3	penicillamine	2	0	0	0	0	0	0	0	0	0	0	0	0	0	0	0	0	0	0	0	0	0	0	0	0	0	0	0	0	0	0	0	0	0	0	0	0	0	0	0	0	0	0	0	0	0	0	0	0	0	0	0	0	0	0	0	0	0	0	0	0	0	0	0	0	0	0	0	0	0	0	1	4	1	0	0	0	0	0	0	0	0	0	0	0	0	0	0	0	0	0	0	0	0	0	0	0	0	0	0	0	2	0	0	0	0	0	0	0	0	0	0	1	0	0	0	0	1	,435	-,261479700057757	0	,435494935043993	0
3149	3	6	EV37	3	estradiol	33	0	0	0	0	0	0	0	0	0	0	0	0	0	0	0	0	0	0	1	1	0	0	0	0	1	0	0	0	0	0	0	50	0	0	0	0	0	0	0	0	0	0	0	0	0	0	0	0	0	0	0	0	0	0	0	0	0	0	0	0	0	3	0	0	0	21	0	15	4	0	30	81	14	0	0	5	1	5	11	0	0	0	1	3	0	0	0	0	0	0	0	0	0	12	0	7	0	0	0	0	35	4	2	0	0	0	0	0	0	0	0	14	13	0	0	0	1	,294	-,87603547015456	0	,503076121568549	0
3102	3	6	EV37	3	alendronate	0	0	0	0	0	0	0	0	0	0	0	0	0	0	0	0	0	0	0	2	0	0	0	0	0	0	0	0	0	0	0	0	32	0	0	0	0	0	0	0	0	0	0	0	0	0	0	0	0	0	0	0	0	0	1	0	0	0	0	0	0	0	0	0	0	0	7	0	4	0	0	10	32	4	0	0	0	0	0	2	0	0	0	0	0	0	0	0	0	0	0	0	0	0	2	0	0	0	0	0	0	16	2	1	0	0	0	0	0	0	0	0	1	3	0	0	0	1	,431	-,277772344022583	0	,500445560174906	0
3111	3	6	EV37	3	atenolol	0	0	0	0	0	0	0	0	0	0	0	0	0	0	0	0	0	0	0	2	0	0	0	0	0	0	0	0	0	0	2	0	13	0	0	0	0	0	0	0	0	0	0	0	0	0	0	0	0	0	0	0	0	0	0	0	0	0	0	0	0	0	0	0	0	0	13	0	3	0	0	4	20	1	0	0	0	0	0	2	0	0	0	0	0	0	0	0	0	0	0	0	0	0	3	0	1	0	0	0	0	7	1	0	0	0	0	0	0	0	0	0	4	5	0	0	0	1	,458	-,168396817325461	0	,573461434144302	0
3133	3	6	EV37	3	daptomycin	20	2	0	0	23	55	0	0	0	0	2	5	17	0	0	1	0	0	0	1	8	0	0	0	3	12	0	0	8	28	31	5	34	22	1	44	0	0	17	0	8	0	0	0	2	0	2	1	0	0	0	0	0	0	1	1	1	0	0	0	2	2	4	17	0	0	58	8	28	5	0	76	142	32	0	0	5	1	5	23	1	0	0	1	6	0	0	0	0	0	0	0	0	0	15	0	16	0	0	0	0	77	4	1	0	0	0	7	0	0	0	0	35	41	0	0	0	1	,08	-2,4423470353692	0	,254170467519617	0
3219	3	6	EV37	3	propoxyphene	5	2	0	0	17	13	0	0	0	0	0	2	0	0	0	1	0	0	0	0	0	0	0	0	0	1	0	0	10	2	7	1	0	0	0	14	0	0	8	0	8	1	0	0	1	0	0	1	0	1	0	0	0	1	0	0	0	0	0	0	4	0	0	4	0	0	13	0	8	0	0	28	54	4	0	0	1	0	1	3	0	0	0	0	2	0	0	0	0	0	0	0	0	0	5	0	8	0	0	0	0	25	2	2	0	0	0	2	0	0	0	0	8	7	0	0	0	1	,553	,212799406908766	0	,666847238847714	0
3137	3	6	EV37	3	desvenlafaxine	0	0	0	16	0	0	0	1	0	0	0	0	0	0	0	0	0	0	0	0	0	0	0	0	0	0	0	0	0	0	0	1	0	0	1	0	1	0	0	1	0	0	0	0	0	0	0	0	0	0	0	0	0	0	0	0	0	0	0	0	0	0	2	0	0	0	4	0	2	0	0	9	13	1	0	0	0	0	0	0	0	0	0	0	1	0	0	0	0	0	0	0	0	0	0	0	11	0	0	0	0	6	0	1	0	0	0	0	0	0	0	0	6	2	0	0	0	1	,326	-,7263327295456	0	,32524435414839	0
3256	3	6	EV37	3	triptorelin pamoate	0	0	0	0	0	0	0	0	0	0	0	0	0	0	0	0	0	0	0	0	0	0	0	0	0	0	0	0	14	2	0	0	21	0	0	0	0	0	0	0	0	0	0	0	0	0	0	0	0	0	0	0	0	0	0	0	0	0	0	0	0	0	0	0	0	0	6	0	4	0	0	6	18	2	0	0	0	0	0	1	0	0	0	0	0	0	0	0	0	0	0	0	0	0	2	0	1	0	0	0	0	34	1	1	0	0	0	0	0	0	0	0	0	2	0	0	0	1	,612	,455726942889053	0	,478481664825195	0
3103	3	6	EV37	3	alfuzosin	0	0	0	0	0	0	0	0	0	0	0	0	0	0	0	0	0	0	0	0	0	0	0	0	0	1	0	0	0	0	0	0	3	0	0	0	0	0	0	1	0	0	0	0	0	0	0	0	0	0	0	0	0	0	2	0	0	0	0	0	0	0	0	0	0	0	1	0	1	0	0	3	5	0	0	0	0	0	2	0	0	0	0	0	0	0	0	0	0	0	0	0	0	0	0	0	0	0	0	0	0	0	0	0	0	0	0	0	0	0	0	0	0	0	0	0	0	1	,415	-,343333327001158	0	,473919226572282	0
3140	3	6	EV37	3	donepezil	0	0	0	0	0	0	0	0	0	0	0	0	0	0	0	0	0	0	0	0	0	0	0	0	0	0	0	0	0	2	0	0	33	0	0	0	0	0	0	2	0	0	0	0	0	0	0	0	0	0	0	0	0	0	0	0	0	0	0	0	0	0	0	0	0	0	0	0	3	0	0	9	24	2	0	0	2	0	0	2	0	0	0	0	2	0	0	0	0	0	0	0	0	0	4	0	5	0	0	0	0	12	2	1	0	0	0	0	0	0	0	0	4	5	0	0	0	1	,447	-,212799406908766	0	,504213697854181	0
3192	3	6	EV37	3	mexiletine	0	0	0	0	0	0	0	0	0	0	0	0	0	0	0	0	0	0	0	2	0	0	0	0	0	0	0	0	0	0	0	2	10	0	0	0	0	0	0	1	0	0	0	0	0	0	0	0	0	0	0	0	0	0	2	0	0	0	0	0	0	0	0	0	0	0	0	0	6	3	0	8	11	5	0	0	1	1	2	4	0	0	0	1	1	0	0	0	0	0	0	0	0	0	1	0	1	0	0	0	0	6	0	0	0	0	0	0	0	0	0	0	7	5	0	0	0	1	,43	-,281851152140988	0	,560779020905946	0
3099	3	6	EV37	3	acarbose	0	0	0	0	0	0	0	0	0	0	0	0	0	0	0	0	0	0	0	0	0	0	0	0	0	0	0	0	0	0	0	1	17	0	0	0	0	0	0	2	0	0	0	0	0	0	0	0	0	0	0	0	0	0	2	0	0	0	0	0	0	0	0	0	0	0	8	0	6	0	0	8	24	3	0	0	1	0	2	4	1	0	0	0	0	0	0	0	0	0	0	0	0	0	3	0	3	0	0	0	0	8	1	0	0	0	0	0	0	0	0	0	0	2	0	0	0	1	,408	-,372239460479844	0	,455739315438458	0
3132	3	6	EV37	3	danazol	2	0	0	0	0	0	0	0	0	0	0	0	0	0	0	0	0	0	0	2	0	0	0	0	0	1	0	0	0	0	0	0	17	0	0	0	0	0	0	2	0	0	0	0	0	0	0	0	0	0	0	0	0	0	0	0	0	0	0	0	0	0	0	0	0	0	2	0	5	0	0	5	24	0	0	0	1	1	0	2	0	0	0	0	1	0	0	0	0	0	0	0	0	0	2	0	1	0	0	0	0	14	1	1	0	0	0	0	0	0	0	0	9	4	0	0	0	1	,532	,128175193423998	0	,571777720011033	0
3198	3	6	EV37	3	milnacipran	0	0	1	0	0	0	0	0	0	0	0	0	0	0	0	0	0	0	0	0	0	0	0	0	0	0	0	0	0	1	0	1	13	0	0	0	0	0	0	2	0	0	0	0	0	0	0	0	0	0	0	0	0	0	0	0	0	0	0	0	0	0	0	0	0	0	1	0	3	0	0	10	19	4	0	0	0	0	0	2	0	0	0	0	1	0	0	0	0	0	0	0	0	0	4	0	2	0	0	0	0	4	2	2	0	0	0	0	0	0	0	0	5	5	0	0	0	1	,527	,10810516004943	0	,533503522001188	0
3206	3	6	EV37	3	orlistat	7	0	0	42	0	0	0	0	0	0	0	0	0	0	0	0	0	0	0	0	0	0	0	0	0	0	0	0	0	0	0	1	12	0	0	0	0	0	0	1	0	0	0	0	0	0	0	0	0	0	0	0	0	0	2	0	0	0	0	0	0	0	0	0	0	0	4	0	6	0	0	18	43	3	0	0	2	0	1	3	0	0	0	0	2	0	0	0	0	0	0	0	0	0	4	0	13	0	0	0	0	14	1	2	0	0	0	0	0	0	0	0	8	4	0	0	0	1	,447	-,212799406908766	0	,552693441302054	0
3112	3	6	EV37	3	atomoxetine	0	0	1	39	2	0	0	0	0	0	0	0	0	0	0	0	0	0	0	0	0	0	0	0	0	0	0	0	0	1	0	0	0	0	0	1	0	0	0	0	0	0	0	0	0	0	0	0	0	0	0	0	0	0	0	0	0	0	0	0	0	0	0	0	0	0	8	0	7	0	0	15	28	3	0	0	2	0	0	5	1	0	0	0	1	0	0	0	0	0	0	0	0	0	0	0	14	0	0	0	0	12	0	1	0	0	0	0	0	0	0	0	7	4	0	0	0	1	,588	,3557035985491	0	,525604214622456	0
3166	3	6	EV37	3	gabapentin	3	0	0	0	0	0	0	0	0	0	0	0	0	0	0	0	0	0	0	2	0	0	0	0	0	0	0	0	0	0	0	0	90	0	2	0	0	0	0	2	0	0	0	0	0	0	0	0	0	0	0	0	0	0	2	0	0	0	0	0	0	0	0	0	0	0	15	0	11	4	0	36	61	8	0	0	4	1	4	7	0	0	0	1	4	0	0	0	0	0	0	0	0	0	9	0	13	0	0	0	0	49	2	2	0	0	0	0	0	0	0	0	17	12	0	0	0	1	,551	,20471192141066	0	,609694321392744	0
3245	3	6	EV37	3	terbutaline	27	7	0	4	9	13	0	0	0	0	0	12	3	2	0	2	0	0	2	2	4	0	2	0	2	0	0	0	10	26	20	0	6	1	0	24	0	0	9	0	7	0	0	0	0	0	0	0	1	0	0	0	0	0	2	0	3	0	0	0	0	10	0	25	0	0	24	1	22	3	0	38	91	15	0	0	3	1	6	11	0	0	0	1	5	0	0	0	0	0	0	0	0	0	5	0	16	0	0	0	0	27	2	3	0	0	0	1	0	0	0	0	18	13	0	0	0	1	,452	-,192593107115784	0	,518357838116112	0
3239	3	6	EV37	3	succimer	0	0	0	0	0	0	0	0	0	0	0	0	0	0	0	0	0	0	0	0	0	0	0	0	0	0	0	0	0	0	0	1	11	0	0	0	0	0	0	3	0	0	0	0	0	0	0	0	0	0	0	0	0	0	0	0	0	0	0	0	0	0	0	0	0	0	0	0	3	0	0	7	16	2	0	0	1	0	0	0	0	0	0	0	0	0	0	0	0	0	0	0	0	0	7	0	0	0	0	0	0	10	1	0	0	0	0	0	0	0	0	0	4	3	0	0	0	1	,497	-,0120001440031105	0	,506005256402011	0
3107	3	6	EV37	3	amphetamine	41	20	2	0	41	27	0	0	0	0	6	13	3	2	5	7	0	0	0	5	16	0	1	0	6	2	0	0	23	52	58	4	7	32	0	23	2	0	15	2	8	6	0	0	3	0	2	1	0	0	0	0	5	1	3	0	2	0	0	0	10	5	5	45	0	0	41	1	34	4	0	68	152	19	0	0	7	2	7	23	1	0	0	1	8	0	0	1	0	0	0	0	0	0	15	0	19	0	0	0	0	52	6	3	0	0	0	0	0	0	0	0	33	35	0	0	2	1	,048	-2,98736402388347	0	,123909752929904	0
3183	3	6	EV37	3	leuprolide	16	8	0	57	24	6	0	0	0	0	0	7	5	0	0	0	0	0	0	3	2	0	0	0	0	4	0	0	18	16	16	4	42	12	2	18	0	0	0	2	9	0	0	0	0	0	2	0	0	0	0	0	0	2	2	0	1	0	0	0	0	8	0	4	0	0	57	2	31	1	0	55	145	12	0	0	6	1	4	13	1	0	0	0	5	0	0	0	0	0	0	0	0	0	23	0	27	0	0	0	0	90	6	2	0	0	0	3	0	0	0	0	33	28	0	0	0	1	,595	,384674338439091	0	,380241290010235	0
3190	3	6	EV37	3	metformin	15	0	0	0	0	0	0	0	0	0	0	0	0	0	0	0	0	0	0	2	0	0	0	0	0	3	0	0	0	0	0	0	158	0	0	0	0	0	0	2	0	0	0	0	0	0	0	0	0	0	0	0	0	0	4	0	0	0	0	0	0	0	0	0	0	0	13	0	20	4	0	47	136	18	0	0	6	2	6	11	0	0	0	1	4	0	0	0	0	0	0	0	0	0	11	0	4	0	0	0	0	103	3	1	0	0	0	0	0	0	0	0	21	24	0	0	0	1	,658	,654394194262712	0	,626100954554301	0
3201	3	6	EV37	3	nelarabine	3	0	0	52	2	2	0	0	0	0	0	0	0	0	0	0	0	0	0	0	0	0	0	0	0	0	0	0	5	0	2	5	0	4	2	1	0	0	0	2	0	0	0	0	0	0	0	0	0	0	0	0	0	0	2	0	0	0	0	0	0	0	0	0	2	0	19	0	22	4	0	47	83	15	0	0	5	2	4	17	1	0	0	1	5	0	0	0	0	0	0	0	0	0	19	0	21	0	0	0	0	41	8	3	0	0	0	6	0	0	0	0	24	25	0	0	0	1	,563	,2533464330441	0	,530087573250347	0
3259	3	6	EV37	3	valproic acid	120	18	0	0	39	74	1	0	1	0	2	29	15	5	9	10	0	0	6	5	12	1	2	0	3	7	0	0	59	88	105	11	52	53	1	56	0	0	26	2	12	9	0	0	3	0	7	2	0	0	0	0	2	5	3	0	3	10	0	0	10	23	0	108	0	0	93	3	60	7	0	126	288	34	0	0	13	2	11	29	1	0	0	2	8	0	0	1	0	0	0	0	0	0	33	0	26	0	0	0	0	195	7	2	0	0	0	8	0	0	0	0	47	56	0	0	2	1	,015	-4,18459144006988	0	,0596493885534792	0
3108	3	6	EV37	3	amphotericin b	0	0	0	0	0	0	0	0	0	0	0	0	0	0	0	0	0	0	0	2	0	0	0	0	0	0	0	0	0	0	1	3	73	0	0	0	0	0	0	3	0	0	0	0	0	0	0	0	0	0	0	0	0	0	2	0	0	0	0	0	0	0	0	0	0	0	48	0	17	4	0	47	104	25	0	0	5	2	4	12	2	0	0	1	4	0	0	0	0	0	0	0	0	0	18	0	8	0	0	0	0	66	3	0	0	0	0	5	0	0	0	0	23	34	0	0	0	1	,758	1,14174565948569	0	,603374764196336	0
3218	3	6	EV37	3	propafenone	6	2	3	47	19	15	3	0	0	0	0	3	1	0	2	3	0	0	0	1	5	2	0	0	4	1	0	0	10	8	29	3	7	1	0	18	0	0	7	2	2	4	0	0	2	0	0	0	1	0	0	0	0	0	0	0	2	0	0	0	4	3	0	17	0	0	20	0	27	0	0	51	99	11	0	0	3	1	1	12	1	0	0	0	3	0	0	0	0	0	0	0	0	0	17	0	25	0	0	0	0	41	4	3	0	0	0	6	0	0	0	0	26	24	0	0	0	1	,603	,417980916039995	0	,464590984304925	0
3141	3	6	EV37	3	doxorubicin	0	0	5	0	0	0	0	0	0	0	0	0	0	0	0	0	0	0	0	2	0	0	0	0	0	13	0	0	0	1	1	2	157	0	0	0	0	0	0	3	0	0	0	0	0	0	0	0	0	0	0	0	0	0	2	0	0	0	0	0	0	0	0	0	0	1	63	0	25	0	0	44	125	12	0	0	4	0	3	12	1	0	0	0	2	0	0	0	0	0	0	0	0	0	20	0	9	0	0	0	0	146	3	1	0	0	0	4	0	0	0	0	17	16	0	0	0	1	,835	1,62148625095027	0	,75052908680963	0
3230	3	6	EV37	3	ropinirole	0	0	0	158	0	2	0	0	0	0	0	0	0	0	0	0	0	0	0	0	0	0	0	0	0	0	0	0	8	3	3	4	19	0	0	0	0	0	0	2	1	0	0	0	0	0	0	0	0	0	0	0	0	0	2	0	0	0	0	0	0	0	0	5	0	0	11	0	23	0	0	60	129	19	0	0	3	2	2	16	2	0	0	0	5	0	0	0	0	0	0	0	0	0	11	0	20	0	0	0	0	70	5	2	0	0	0	2	0	0	0	0	34	27	0	0	0	1	,843	1,68072115265355	0	,745976473361671	0
3191	3	6	EV37	3	metoprolol	29	9	0	29	14	20	1	1	0	0	0	11	11	1	3	5	1	0	0	14	21	0	0	0	3	8	0	0	15	41	47	4	24	1	0	39	0	0	17	2	10	5	0	0	0	0	0	0	2	0	0	0	0	0	3	0	4	1	0	0	0	13	0	12	0	0	46	6	29	0	0	67	143	16	0	0	4	0	5	12	0	0	0	0	5	0	0	1	0	0	0	0	0	0	13	0	20	0	0	0	0	44	3	3	0	0	0	2	0	0	0	0	24	26	0	0	2	1	,95	2,94443897916644	0	,600057062374597	0
3189	3	6	EV37	3	memantine	37	2	0	71	13	17	0	0	0	0	2	21	7	1	3	0	0	0	1	1	5	0	0	0	2	10	0	0	9	27	50	4	28	1	1	14	0	0	9	2	3	0	0	0	0	0	0	2	0	0	0	0	0	0	2	0	0	0	0	0	4	13	0	19	0	0	43	0	36	4	0	77	150	17	0	0	6	2	6	16	0	0	0	2	7	0	0	0	0	0	0	0	0	0	17	0	24	0	0	0	0	72	4	3	0	0	0	6	0	0	0	0	39	35	0	0	0	1	,993	4,95482051498986	0	,932335023171874	0
3217	3	6	EV37	3	pregabalin	0	0	0	223	0	0	0	0	0	0	0	0	0	0	0	0	0	0	0	0	0	0	0	0	0	3	0	0	0	0	0	10	55	0	0	0	0	0	0	2	0	0	0	0	0	0	0	0	0	0	0	0	0	2	2	0	0	0	0	0	0	0	0	0	0	0	6	0	37	5	0	79	178	29	0	0	7	3	4	20	2	0	0	2	4	0	0	0	0	0	0	0	0	0	16	0	23	0	0	0	0	105	5	2	0	0	0	2	0	0	0	0	44	36	0	0	0	1	,852	1,7503742530652	0	,8402686997185	0
3260	3	6	EV37	3	venlafaxine	29	6	1	101	30	29	1	1	0	0	0	12	4	1	1	7	0	0	1	5	4	1	1	0	3	2	0	0	0	28	57	9	0	0	1	28	0	0	10	2	10	1	0	0	1	0	0	0	2	0	0	0	1	1	3	0	2	0	0	0	6	10	0	26	0	0	57	0	46	4	0	90	191	22	0	0	9	3	7	26	2	0	0	1	7	0	0	0	0	0	0	0	0	0	17	0	26	0	0	0	0	86	6	3	0	0	0	6	0	0	0	0	48	42	0	0	0	1	,942	2,78756226402994	0	,905830010202737	0
3262	3	6	EV37	3	vincristine	82	15	0	20	51	122	0	1	0	2	6	21	16	0	8	15	0	0	2	0	18	0	0	1	9	22	0	0	62	94	113	5	57	50	1	74	0	0	31	2	17	13	0	0	2	0	0	2	3	0	0	0	3	3	3	0	2	0	0	0	12	13	6	78	0	0	202	19	56	5	0	126	292	43	0	0	11	2	8	33	1	0	0	1	6	0	0	1	0	0	0	0	0	0	36	0	23	0	0	0	0	325	8	3	0	0	0	8	0	0	0	0	57	64	0	0	2	1	,975	3,66356164612965	0	,67608311094045	0
3261	3	6	EV37	3	verapamil	77	37	2	27	36	80	1	0	0	0	3	29	29	6	3	8	0	0	6	18	52	1	4	1	7	26	0	0	23	122	134	3	16	8	0	59	0	0	27	2	14	8	0	0	3	0	0	3	8	0	0	0	6	0	7	0	12	0	0	0	6	29	3	100	0	0	78	1	50	5	0	91	222	20	0	0	7	1	7	23	1	0	0	2	6	0	0	0	0	0	0	0	0	0	20	0	28	0	0	0	0	114	5	3	0	0	0	4	0	0	0	0	37	36	0	0	0	1	,992	4,82028156560504	0	,620923262929732	0
3435	3	7	EV37	3	vitamin a	95	35	0	0	46	64	3	0	0	0	3	27	17	4	5	12	1	0	5	4	19	7	4	1	3	4	0	0	20	45	106	5	33	91	0	18	0	0	5	2	15	0	0	0	2	0	11	0	5	0	0	0	0	2	4	0	0	0	0	0	23	48	15	52	0	0	98	2	50	4	0	151	270	40	0	0	4	0	8	14	1	0	0	2	2	0	0	0	0	0	0	0	0	0	27	0	9	0	0	0	0	114	6	1	0	0	0	5	0	0	0	0	39	35	0	0	2	1	0	-6,90675477864855	0	,00135538674586986	0
3377	3	7	EV37	3	octreotide	39	12	0	16	18	28	0	0	0	0	0	21	9	0	4	5	0	0	6	6	2	0	1	0	1	13	0	0	15	36	34	6	34	38	0	15	0	0	4	0	12	0	0	0	2	0	6	0	2	1	0	1	0	0	8	0	1	0	0	0	0	18	6	13	0	0	105	0	38	4	0	126	194	28	0	0	4	0	5	13	1	0	0	2	2	0	0	0	0	0	0	0	0	0	26	0	9	0	0	0	0	80	6	1	0	0	0	3	0	0	0	0	28	25	0	0	2	1	,001	-6,90675477864855	0	,0126295695601335	0
3358	3	7	EV37	3	levothyroxine	0	0	0	0	0	0	0	0	0	0	0	0	0	0	0	0	0	0	0	0	0	0	0	0	0	0	0	0	0	0	0	0	0	0	0	0	0	0	0	0	0	0	0	0	0	0	0	0	0	0	0	0	0	0	0	0	0	0	0	0	0	0	2	0	0	0	2	0	0	0	0	1	2	1	0	0	0	0	0	0	0	0	0	0	0	0	0	0	0	0	0	0	0	0	0	0	0	0	0	0	0	0	0	0	0	0	0	0	0	0	0	0	0	0	0	0	0	1	,343	-,649953571318671	0	,44100226957595	0
3279	3	7	EV37	3	amphetamine	28	15	0	0	25	17	0	0	0	0	5	6	0	2	5	6	0	0	1	4	10	0	0	0	5	2	0	0	11	44	49	2	3	18	0	17	2	0	10	2	8	2	0	0	2	0	2	0	3	0	0	0	2	1	2	0	2	0	0	0	6	6	4	30	0	0	22	0	32	3	0	70	109	10	0	0	2	0	3	3	0	0	0	0	1	0	0	0	0	0	0	0	0	0	15	0	9	0	0	0	0	27	3	1	0	0	0	3	0	0	0	0	15	19	0	0	2	1	,051	-2,9235831658856	0	,110610511020396	0
3284	3	7	EV37	3	atomoxetine	0	0	0	14	2	0	0	0	0	0	0	0	0	0	0	0	0	0	0	0	0	0	0	0	0	0	0	0	0	0	0	0	0	0	0	2	0	0	0	0	0	0	0	0	1	0	0	0	0	0	0	0	0	0	0	0	0	0	0	0	0	0	0	0	0	0	7	0	2	0	0	6	20	1	0	0	1	0	0	0	0	0	0	0	0	0	0	0	0	0	0	0	0	0	0	0	0	0	0	0	0	4	0	0	0	0	0	0	0	0	0	0	1	1	0	0	0	1	,358	-,584055317289261	0	,49347586755652	0
3309	3	7	EV37	3	desvenlafaxine	0	0	0	6	0	0	0	0	0	0	0	0	0	0	0	0	0	0	0	0	0	0	0	0	0	0	0	0	0	0	0	0	0	0	0	0	0	0	0	0	0	0	0	0	0	0	0	0	0	0	0	0	0	0	0	0	0	0	0	0	0	0	2	0	0	0	2	0	0	0	0	2	5	0	0	0	0	0	0	0	0	0	0	0	0	0	0	0	0	0	0	0	0	0	0	0	0	0	0	0	0	2	0	0	0	0	0	0	0	0	0	0	0	0	0	0	0	1	,356	-,592767995252323	0	,297678256988756	0
3383	3	7	EV37	3	penicillamine	1	0	0	0	0	0	0	0	0	0	0	0	0	0	0	0	0	0	0	1	0	0	0	0	0	0	0	0	0	0	0	0	0	0	0	0	0	0	0	0	0	0	0	0	0	0	0	0	0	0	0	0	0	0	0	0	0	0	0	0	0	0	0	0	0	0	0	0	0	0	0	1	2	2	0	0	0	0	0	0	0	0	0	0	0	0	0	0	0	0	0	0	0	0	0	0	0	0	0	0	0	2	0	0	0	0	0	0	0	0	0	0	1	0	0	0	0	1	,454	-,184521777703557	0	,404181820945744	0
3428	3	7	EV37	3	triptorelin pamoate	0	0	0	0	0	0	0	0	0	0	0	0	0	0	0	0	0	0	0	0	0	0	0	0	0	0	0	0	0	3	0	0	9	0	0	0	0	0	0	0	0	0	0	0	0	0	0	0	0	0	0	0	0	0	0	0	0	0	0	0	0	0	0	0	0	0	2	0	2	0	0	10	17	4	0	0	1	0	0	2	0	0	0	0	0	0	0	0	0	0	0	0	0	0	2	0	0	0	0	0	0	4	0	0	0	0	0	0	0	0	0	0	5	5	0	0	0	1	,457	-,172425929039731	0	,446522558436452	0
3283	3	7	EV37	3	atenolol	0	0	0	0	0	0	0	0	0	0	0	0	0	0	0	0	0	0	0	1	0	0	0	0	0	0	0	0	0	0	2	0	13	0	0	0	0	0	0	0	0	0	0	0	0	0	0	0	0	0	0	0	0	0	0	0	0	0	0	0	0	0	0	0	0	0	8	0	2	0	0	10	17	4	0	0	0	0	0	1	0	0	0	0	0	0	0	0	0	0	0	0	0	0	3	0	0	0	0	0	0	3	0	0	0	0	0	0	0	0	0	0	2	4	0	0	0	1	,467	-,132192166496947	0	,541748414626543	0
3417	3	7	EV37	3	terbutaline	17	0	0	0	2	14	0	0	0	0	0	8	2	0	0	1	0	0	1	0	5	0	2	0	1	0	0	0	8	20	13	2	6	1	0	12	2	0	2	2	9	2	0	0	0	0	0	2	0	0	0	0	0	0	2	0	0	0	0	0	0	11	0	21	0	0	18	0	13	0	0	49	57	10	0	0	1	0	3	4	0	0	0	0	1	0	0	0	0	0	0	0	0	0	5	0	4	0	0	0	0	9	0	1	0	0	0	0	0	0	0	0	7	11	0	0	0	1	,128	-1,91875915998936	0	,486218452168798	0
3274	3	7	EV37	3	alendronate	0	0	0	0	0	0	0	0	0	0	0	0	0	0	0	0	0	0	0	1	0	0	0	0	0	0	0	0	0	0	0	0	25	0	0	0	0	0	0	0	0	0	0	0	0	0	0	0	0	0	0	0	0	0	1	0	0	0	0	0	0	0	0	0	0	0	5	0	3	0	0	17	26	7	0	0	0	0	2	3	1	0	0	1	0	0	0	0	0	0	0	0	0	0	3	0	0	0	0	0	0	10	0	0	0	0	0	0	0	0	0	0	8	4	0	0	0	1	,494	-,024001152099543	0	,468336854494943	0
3275	3	7	EV37	3	alfuzosin	0	0	0	0	0	0	0	0	0	0	0	0	0	0	0	0	0	0	0	0	0	0	0	0	0	1	0	0	0	0	0	0	2	0	0	0	0	0	0	2	0	0	0	0	0	0	0	0	0	0	0	0	0	0	1	0	0	0	0	0	0	0	0	0	0	0	0	0	3	0	0	2	3	0	0	0	0	0	0	0	0	0	0	0	0	0	0	0	0	0	0	0	0	0	0	0	0	0	0	0	0	0	0	0	0	0	0	0	0	0	0	0	0	1	0	0	0	1	,461	-,156317527912349	0	,442006581132861	0
3370	3	7	EV37	3	milnacipran	0	0	0	0	0	0	0	0	0	0	0	0	0	0	0	0	0	0	0	0	0	0	0	0	0	0	0	0	0	0	0	0	10	0	0	0	0	0	0	2	0	0	0	0	0	0	0	0	0	0	0	0	0	0	0	0	0	0	0	0	0	0	0	0	0	0	1	0	6	2	0	11	17	7	0	0	0	0	0	1	0	0	0	0	0	0	0	0	0	0	0	0	0	0	4	0	0	0	0	0	0	6	2	0	0	0	0	0	0	0	0	0	2	6	0	0	0	1	,473	-,108105160049429	0	,501402663503475	0
3390	3	7	EV37	3	propafenone	3	2	1	26	15	17	1	0	0	0	0	0	2	0	4	3	0	0	0	1	3	2	0	0	3	1	0	0	9	8	26	2	5	0	0	21	0	0	11	2	0	4	0	0	2	0	0	0	0	0	0	0	0	0	0	0	2	0	0	0	4	3	0	14	0	0	20	0	23	4	0	63	81	14	0	0	1	0	4	9	1	0	0	1	1	0	0	0	0	0	0	0	0	0	16	0	5	0	0	0	0	36	4	1	0	0	0	2	0	0	0	0	9	10	0	0	0	1	,0639999999999999	-2,68273239311792	0	,432789728767553	0
3305	3	7	EV37	3	daptomycin	21	5	0	0	20	32	0	0	0	0	1	1	19	0	0	0	0	0	0	2	6	0	0	0	6	6	0	0	6	22	23	4	25	9	0	28	0	0	11	0	5	2	0	0	2	0	1	0	0	0	0	0	0	0	3	1	3	0	0	0	0	2	3	13	0	0	28	8	25	4	0	67	86	15	0	0	2	0	4	8	0	0	0	0	3	0	0	0	0	0	0	0	0	0	12	0	4	0	0	0	0	41	3	1	0	0	0	1	0	0	0	0	12	17	0	0	0	1	,096	-2,24248116892434	0	,230569831866828	0
3338	3	7	EV37	3	gabapentin	0	0	0	0	0	0	0	0	0	0	0	0	0	0	0	0	0	0	0	1	0	0	0	0	0	0	0	0	0	0	0	0	49	0	3	0	0	0	0	2	0	0	0	0	0	0	0	0	0	0	0	0	0	0	2	0	0	0	0	0	0	0	0	0	0	0	11	0	14	2	0	29	47	12	0	0	1	0	1	3	0	0	0	0	1	0	0	0	0	0	0	0	0	0	7	0	2	0	0	0	0	20	2	0	0	0	0	1	0	0	0	0	9	16	0	0	0	1	,528	,112117298120706	0	,578696080277764	0
3364	3	7	EV37	3	mexiletine	0	0	0	0	0	0	0	0	0	0	0	0	0	0	0	0	0	0	0	1	0	0	0	0	0	0	0	0	0	0	0	0	6	0	0	0	0	0	0	2	0	0	0	0	0	0	0	0	0	0	0	0	0	0	2	0	0	0	0	0	0	0	0	0	0	0	0	0	2	0	0	9	9	3	0	0	1	0	1	0	0	0	0	0	0	0	0	0	0	0	0	0	0	0	1	0	0	0	0	0	0	3	0	0	0	0	0	0	0	0	0	0	2	4	0	0	0	1	,459	-,164369068785937	0	,528897693856314	0
3321	3	7	EV37	3	estradiol	34	0	0	0	0	0	0	1	0	0	0	0	0	0	0	0	0	0	0	1	0	0	0	0	0	0	0	0	0	0	0	0	36	0	1	0	0	0	0	0	0	0	0	0	0	0	0	0	0	0	0	0	0	0	0	0	0	0	0	0	0	0	3	0	0	0	13	0	20	2	0	41	77	17	0	0	1	0	1	3	0	0	0	0	1	0	0	0	0	0	0	0	0	0	13	0	2	0	0	0	0	21	2	0	0	0	0	1	0	0	0	0	12	18	0	0	0	1	,483	-,0680262208558565	0	,47095775432811	0
3312	3	7	EV37	3	donepezil	0	0	1	0	0	0	0	0	0	0	0	0	0	0	0	0	0	0	0	0	0	0	0	0	0	0	0	0	0	1	0	0	19	0	0	0	0	0	0	2	0	0	0	0	0	0	0	0	0	0	0	0	0	0	0	0	0	0	0	0	0	0	0	0	0	0	0	0	11	2	0	14	17	3	0	0	0	0	0	1	0	0	0	0	1	0	0	0	0	0	0	0	0	0	4	0	0	0	0	0	0	4	2	0	0	0	0	0	0	0	0	0	1	6	0	0	0	1	,541	,164369068785937	0	,47209170129412	0
3304	3	7	EV37	3	danazol	1	0	0	0	0	0	0	0	0	0	0	0	0	0	0	0	0	0	0	1	0	0	0	0	0	2	0	0	0	0	0	0	19	0	0	0	0	0	0	2	0	0	0	0	0	0	0	0	0	0	0	0	0	0	0	0	0	0	0	0	0	0	0	0	0	0	3	0	10	2	0	20	27	4	0	0	0	0	1	3	0	0	0	0	2	0	0	0	0	0	0	0	0	0	5	0	3	0	0	0	0	17	1	0	0	0	0	2	0	0	0	0	4	3	0	0	0	1	,626	,515094573685567	0	,540039923734724	0
3271	3	7	EV37	3	acarbose	0	0	0	0	0	0	0	0	0	0	0	0	0	0	0	0	0	0	0	0	0	0	0	0	0	0	0	0	0	0	0	0	20	0	0	0	0	0	0	2	0	0	0	0	0	0	0	0	0	0	0	0	0	0	1	0	0	0	0	0	0	0	0	0	0	0	7	0	5	0	0	14	24	5	0	0	1	0	2	1	1	0	0	1	0	0	0	0	0	0	0	0	0	0	3	0	0	0	0	0	0	8	0	0	0	0	0	0	0	0	0	0	8	6	0	0	0	1	,513	,0520117220881798	0	,424064063659791	0
3391	3	7	EV37	3	propoxyphene	4	1	0	0	10	7	0	0	0	0	0	2	2	0	0	0	0	0	0	0	0	0	0	0	0	0	0	0	11	5	5	0	0	0	0	9	0	0	5	0	1	0	0	0	0	0	0	1	0	1	0	0	0	0	0	0	0	0	0	0	3	0	0	2	0	0	12	0	6	0	0	30	34	4	0	0	0	0	1	4	0	0	0	0	0	0	0	0	0	0	0	0	0	0	4	0	1	0	0	0	0	13	0	1	0	0	0	0	0	0	0	0	3	4	0	0	0	1	,768	1,19705236148136	0	,637690753040688	0
3411	3	7	EV37	3	succimer	0	0	0	0	0	0	0	0	0	0	0	0	0	0	0	0	0	0	0	0	0	0	0	0	0	0	0	0	0	0	0	0	19	0	0	0	0	0	0	2	0	0	0	0	0	0	0	0	0	0	0	0	0	0	0	0	0	0	0	0	0	0	0	0	0	0	0	0	7	0	0	11	25	2	0	0	0	0	1	1	0	0	0	0	1	0	0	0	0	0	0	0	0	0	7	0	1	0	0	0	0	13	1	0	0	0	0	5	0	0	0	0	9	9	0	0	0	1	,706	,87603547015456	0	,47387821637934	0
3378	3	7	EV37	3	orlistat	2	0	0	23	0	0	0	0	0	0	0	0	0	0	0	0	0	0	0	0	0	0	0	0	0	0	0	0	0	0	0	0	15	0	0	0	0	0	0	2	0	0	0	0	0	0	0	0	0	0	0	0	0	0	2	0	0	0	0	0	0	0	0	0	0	0	3	0	5	0	0	19	33	7	0	0	0	0	3	3	1	0	0	1	0	0	0	0	0	0	0	0	0	0	4	0	0	0	0	0	0	10	1	0	0	0	0	1	0	0	0	0	8	5	0	0	0	1	,574	,298190050050196	0	,520726811822477	0
3280	3	7	EV37	3	amphotericin b	0	0	0	0	0	0	0	0	0	0	0	0	0	0	0	0	0	0	0	1	0	0	0	0	0	0	0	0	0	0	2	0	59	0	0	0	0	0	0	2	0	0	0	0	0	0	0	0	0	0	0	0	0	0	2	0	0	0	0	0	0	0	0	0	0	0	30	0	16	2	0	39	80	14	0	0	3	0	4	5	0	0	0	0	1	0	0	0	0	0	0	0	0	0	13	0	1	0	0	0	0	45	2	0	0	0	0	5	0	0	0	0	18	16	0	0	0	1	,746	1,07739133318522	0	,572226765188005	0
3355	3	7	EV37	3	leuprolide	8	6	0	28	17	10	0	0	0	0	0	4	2	0	0	1	0	0	0	4	4	0	0	0	0	2	0	0	5	19	18	4	31	11	0	21	0	0	3	2	4	0	0	0	0	0	1	0	0	0	0	0	0	0	1	0	2	0	0	0	0	8	1	7	0	0	28	2	28	4	0	70	128	17	0	0	2	0	5	10	0	0	0	0	3	0	0	0	0	0	0	0	0	0	24	0	6	0	0	0	0	48	4	1	0	0	0	7	0	0	0	0	19	22	0	0	0	1	,523	,0920649731765818	0	,350434757567855	0
3373	3	7	EV37	3	nelarabine	0	0	0	30	2	2	0	0	0	0	0	0	0	0	0	0	0	0	0	0	0	0	0	0	0	0	0	0	4	0	2	2	0	4	0	2	0	0	0	2	0	0	0	0	0	0	0	0	0	0	0	0	0	0	2	0	0	0	0	0	0	0	0	0	2	0	16	0	20	5	0	40	65	10	0	0	3	0	5	7	0	0	0	0	1	0	0	0	0	0	0	0	0	0	15	0	4	0	0	0	0	28	5	1	0	0	0	2	0	0	0	0	9	13	0	0	0	1	,506	,024001152099543	0	,497972846333698	0
3434	3	7	EV37	3	vincristine	55	12	0	9	49	98	0	1	0	0	2	14	18	2	10	15	0	0	1	4	27	1	0	0	8	22	0	0	27	56	88	2	44	35	0	50	0	0	19	2	13	8	0	0	2	0	0	5	0	0	0	0	0	0	3	0	0	1	0	0	9	8	4	66	0	0	114	21	52	8	0	152	284	44	0	0	8	0	9	22	1	0	0	2	2	0	0	0	0	0	0	0	0	0	36	0	12	0	0	0	0	153	8	1	0	0	0	11	0	0	0	0	45	35	0	0	2	1	,089	-2,32590652752782	0	,647307416253945	0
3431	3	7	EV37	3	valproic acid	123	22	0	0	35	50	0	0	1	0	3	24	8	7	9	10	0	0	6	3	14	0	0	0	5	0	0	0	40	82	69	7	30	38	2	33	0	0	16	2	16	8	0	0	3	1	2	1	0	0	0	0	2	3	6	0	4	12	0	0	6	14	0	97	0	0	69	0	56	6	0	163	275	35	0	0	6	0	9	20	1	0	0	2	3	0	0	0	0	0	0	0	0	0	39	0	12	0	0	0	0	125	7	1	0	0	0	13	0	0	0	0	41	35	0	0	2	1	,053	-2,88300717963396	0	,0528312984365711	0
3362	3	7	EV37	3	metformin	11	0	0	0	0	0	0	0	0	0	0	0	0	0	0	0	0	0	0	1	0	0	0	0	0	1	0	0	0	0	0	0	124	0	1	0	0	0	0	2	0	0	0	0	0	0	0	0	0	0	0	0	0	0	4	0	0	0	0	0	0	0	0	0	1	0	5	0	23	4	0	75	134	28	0	0	3	0	4	9	1	0	0	1	4	0	0	0	0	0	0	0	0	0	14	0	6	0	0	0	0	65	3	0	0	0	0	3	0	0	0	0	32	24	0	0	0	1	,772	1,21963892107034	0	,595541337366958	0
3313	3	7	EV37	3	doxorubicin	0	0	2	0	0	0	0	0	0	0	0	0	0	0	0	0	0	0	0	1	0	0	0	0	0	7	0	0	0	1	1	0	114	0	0	0	0	0	0	2	0	0	0	0	0	0	0	0	0	0	0	0	0	0	2	0	0	0	0	0	0	0	0	0	0	0	41	0	23	2	0	59	128	22	0	0	3	0	5	12	1	0	0	2	2	0	0	0	0	0	0	0	0	0	20	0	5	0	0	0	0	76	4	0	0	0	0	7	0	0	0	0	29	22	0	0	0	1	,917	2,40226686445987	0	,725683524989972	0
3363	3	7	EV37	3	metoprolol	24	7	0	11	10	14	0	0	0	0	1	10	12	0	1	7	0	0	2	9	12	1	0	0	2	2	0	0	10	29	32	4	17	2	0	24	0	0	11	2	11	5	0	0	0	0	0	1	0	0	0	0	0	0	2	0	2	0	0	0	1	10	0	11	0	0	39	3	17	3	0	76	102	17	0	0	0	0	3	9	1	0	0	1	2	0	0	0	0	0	0	0	0	0	13	0	5	0	0	0	0	33	4	1	0	0	0	1	0	0	0	0	9	14	0	0	2	1	,561	,245221492447525	0	,568834700343602	0
3402	3	7	EV37	3	ropinirole	0	0	0	92	0	2	0	0	0	0	0	0	0	0	0	0	0	0	0	0	0	0	0	0	0	0	0	0	2	0	2	2	13	0	0	0	0	0	0	2	2	0	0	0	0	0	0	0	0	0	0	0	0	0	1	0	0	0	0	0	0	0	0	0	0	0	4	0	16	5	0	47	76	10	0	0	1	0	3	5	0	0	0	0	1	0	0	0	0	0	0	0	0	0	11	0	4	0	0	0	0	31	3	0	0	0	0	1	0	0	0	0	10	10	0	0	0	1	,692	,809486172644095	0	,720846145031957	0
3432	3	7	EV37	3	venlafaxine	16	5	0	59	24	19	1	1	0	0	0	6	1	2	1	2	0	0	1	1	5	0	0	0	2	2	0	0	0	17	39	3	0	0	0	31	0	0	18	2	6	2	0	0	0	0	0	0	1	0	0	0	0	0	3	0	5	0	0	0	4	7	0	22	0	0	35	0	33	4	0	88	133	17	0	0	2	0	5	13	1	0	0	1	2	0	0	0	0	0	0	0	0	0	15	0	8	0	0	0	0	61	4	1	0	0	0	2	0	0	0	0	17	19	0	0	0	1	,912	2,33830317559613	0	,894272506434298	0
3361	3	7	EV37	3	memantine	25	3	0	42	12	10	0	0	0	0	2	22	5	2	0	0	0	0	3	1	3	0	0	0	3	3	0	0	6	19	32	2	18	1	0	12	0	0	7	2	3	1	0	0	0	0	0	2	0	0	0	0	0	0	1	0	0	0	0	0	3	10	0	9	0	0	39	0	30	4	0	81	118	22	0	0	2	0	4	9	1	0	0	1	1	0	0	0	0	0	0	0	0	0	15	0	7	0	0	0	0	46	4	1	0	0	0	2	0	0	0	0	12	18	0	0	0	1	,982	3,9992195504583	0	,923756684799091	0
3389	3	7	EV37	3	pregabalin	0	0	0	159	0	0	0	0	0	0	0	0	0	0	0	0	0	0	0	0	0	0	0	0	0	2	0	0	0	0	0	6	33	0	0	0	0	0	0	2	0	0	0	0	0	0	0	0	0	0	0	0	0	1	2	0	0	0	0	0	0	0	0	0	0	0	4	0	25	5	0	83	133	27	0	0	3	0	5	9	1	0	0	1	2	0	0	0	0	0	0	0	0	0	18	0	7	0	0	0	0	66	3	0	0	0	0	2	0	0	0	0	20	17	0	0	0	1	,829	1,57855659863263	0	,822243823611818	0
3433	3	7	EV37	3	verapamil	53	19	1	12	29	60	1	1	0	0	0	33	19	3	5	5	0	0	3	14	36	0	4	1	7	18	0	0	16	87	96	3	11	6	0	53	0	0	24	2	11	6	0	0	3	0	0	2	4	0	0	0	2	1	4	0	7	0	0	0	5	22	1	64	1	0	61	1	39	2	0	105	188	24	0	0	4	0	6	18	1	0	0	1	1	0	0	0	0	0	0	0	0	0	16	0	6	0	0	0	0	68	4	1	0	0	0	2	0	0	0	0	28	28	0	0	0	1	,934	2,64982169620242	0	,590217435159118	0
3549	3	8	EV37	3	octreotide	25	6	0	9	9	17	0	0	0	0	0	9	3	0	2	1	0	0	3	2	5	0	2	0	0	9	0	0	14	27	29	1	10	18	0	16	0	0	4	0	4	2	0	0	1	0	2	0	2	0	0	1	0	0	2	0	0	0	0	0	0	14	2	14	0	0	42	2	24	0	0	66	112	28	0	0	0	0	7	8	0	0	0	0	3	0	0	0	0	0	0	0	0	0	5	0	0	0	0	0	0	47	0	0	0	1	0	0	0	0	0	0	22	15	1	0	1	1	,005	-5,29330482472449	0	,0161146968093879	0
3607	3	8	EV37	3	vitamin a	37	11	0	0	14	29	0	1	0	0	2	7	10	2	2	2	0	0	2	4	14	1	2	0	1	4	0	0	19	19	40	1	13	47	0	11	0	0	1	1	3	0	0	0	0	0	5	0	2	0	0	0	0	0	2	0	0	1	0	0	9	19	2	32	0	0	48	2	25	0	0	69	147	34	0	0	1	0	6	6	0	0	0	0	2	0	0	0	0	0	0	0	0	0	6	0	0	0	0	0	0	46	0	0	0	1	0	2	0	0	0	0	25	21	1	0	1	1	0	-6,90675477864855	0	,00173487186635048	0
3481	3	8	EV37	3	desvenlafaxine	0	0	0	2	0	0	0	0	0	0	0	0	0	0	0	0	0	0	0	0	0	0	0	0	0	0	0	0	0	0	0	0	0	0	1	0	1	0	0	1	0	0	0	0	0	0	0	0	0	0	0	0	0	0	0	0	0	0	0	0	0	0	1	0	0	0	0	0	1	0	0	1	1	1	0	0	0	0	0	0	0	0	0	0	0	0	0	0	0	0	0	0	0	0	0	0	0	0	0	0	0	2	0	0	0	0	0	0	0	0	0	0	0	0	0	0	0	1	,291	-,890532259360635	0	,351796547667609	0
3555	3	8	EV37	3	penicillamine	2	0	0	0	0	0	0	0	0	0	0	0	0	0	0	0	0	0	0	0	0	0	0	0	0	0	0	0	0	0	0	0	0	0	0	0	0	0	0	0	0	0	0	0	0	0	0	0	0	0	0	0	0	0	0	0	0	0	0	0	0	0	0	0	0	0	0	0	0	0	0	0	2	0	0	0	0	0	0	0	0	0	0	0	0	0	0	0	0	0	0	0	0	0	0	0	0	0	0	0	0	0	0	0	0	0	0	0	0	0	0	0	0	0	0	0	0	1	,424	-,306374205463933	0	,464847109648572	0
3583	3	8	EV37	3	succimer	0	0	0	0	0	0	0	0	0	0	0	0	0	0	0	0	0	0	0	0	0	0	0	0	0	0	0	0	0	0	0	0	4	0	0	0	0	0	0	0	0	0	0	0	0	0	0	0	0	0	0	0	0	0	0	0	0	0	0	0	0	0	0	0	0	0	0	0	1	0	0	3	6	3	0	0	0	0	0	1	0	0	0	0	0	0	0	0	0	0	0	0	0	0	1	0	0	0	0	0	0	0	0	0	0	0	0	0	0	0	0	0	1	2	0	0	0	1	,435	-,261479700057757	0	,535600765942848	0
3600	3	8	EV37	3	triptorelin pamoate	0	0	0	0	0	0	0	0	0	0	0	0	0	0	0	0	0	0	0	0	0	0	0	0	0	0	0	0	0	1	0	0	3	0	0	0	0	0	0	0	0	0	0	0	0	0	0	0	0	0	0	0	0	0	0	0	0	0	0	0	0	0	0	0	0	0	0	0	1	0	0	3	5	3	0	0	0	0	0	0	0	0	0	0	0	0	0	0	0	0	0	0	0	0	0	0	0	0	0	0	0	0	0	0	0	0	0	0	0	0	0	0	1	2	0	0	0	1	,441	-,237104597708253	0	,508123215792583	0
3456	3	8	EV37	3	atomoxetine	0	0	1	11	1	0	0	0	0	0	0	0	0	0	0	0	0	0	0	0	0	0	0	0	0	0	0	0	0	1	0	0	0	0	0	0	0	0	0	0	0	0	0	0	1	0	0	0	0	0	0	0	0	0	0	0	0	0	0	0	0	0	0	0	0	0	7	0	1	0	0	7	14	5	0	0	0	0	0	1	0	0	0	0	1	0	0	0	0	0	0	0	0	0	1	0	1	0	0	0	0	6	0	0	0	0	0	0	0	0	0	0	5	0	0	0	0	1	,481	-,0760366130601276	0	,55505802685372	0
3447	3	8	EV37	3	alfuzosin	0	0	0	0	0	0	0	0	0	0	0	0	0	0	0	0	0	0	0	0	0	0	0	0	0	1	0	0	0	0	0	0	3	0	0	0	0	0	0	1	0	0	0	0	0	0	0	0	0	0	0	0	0	0	0	0	0	0	0	0	0	0	0	0	0	0	0	0	0	0	0	1	1	0	0	0	0	0	0	1	0	0	0	0	0	0	0	0	0	0	0	0	0	0	0	0	0	0	0	0	0	2	0	0	0	0	0	0	0	0	0	0	1	0	0	0	0	1	,465	-,14022934130865	0	,50355104007842	0
3452	3	8	EV37	3	amphotericin b	0	0	0	0	0	0	0	0	0	0	0	0	0	0	0	0	0	0	0	1	0	0	0	0	0	0	0	0	0	0	0	0	16	0	0	0	0	0	0	0	0	0	0	0	0	0	0	0	0	0	0	0	0	0	0	0	0	0	0	0	0	0	0	0	0	0	11	0	5	0	0	17	28	4	0	0	0	0	2	1	0	0	0	0	1	0	0	0	0	0	0	0	0	0	0	0	0	0	0	0	0	6	0	0	0	0	0	0	0	0	0	0	6	4	0	0	0	1	,498	-,00800004266707626	0	,631386359467685	0
3446	3	8	EV37	3	alendronate	0	0	0	0	0	0	0	0	0	0	0	0	0	0	0	0	0	0	0	2	0	0	0	0	0	0	0	0	0	0	0	0	10	0	0	0	0	0	0	0	0	0	0	0	0	0	0	0	0	0	0	0	0	0	0	0	0	0	0	0	0	0	0	0	0	0	3	0	3	0	0	9	16	2	0	0	0	0	1	1	0	0	0	0	0	0	0	0	0	0	0	0	0	0	0	0	0	0	0	0	0	5	0	0	0	0	0	0	0	0	0	0	2	4	0	0	0	1	,489	-,0440071007288324	0	,530064813312623	0
3443	3	8	EV37	3	acarbose	0	0	0	0	0	0	0	0	0	0	0	0	0	0	0	0	0	0	0	0	0	0	0	0	0	0	0	0	0	0	0	1	11	0	0	0	0	0	0	1	0	0	0	0	0	0	0	0	0	0	0	0	0	0	0	0	0	0	0	0	0	0	0	0	0	0	5	0	2	0	0	9	13	4	0	0	0	0	1	0	0	0	0	0	0	0	0	0	0	0	0	0	0	0	0	0	0	0	0	0	0	2	0	0	0	0	0	0	0	0	0	0	1	4	0	0	0	1	,464	-,144249608844547	0	,485282977398882	0
3563	3	8	EV37	3	propoxyphene	2	0	0	0	9	11	0	0	0	0	0	1	0	0	0	0	0	0	0	0	0	0	0	0	0	0	0	0	14	2	6	2	0	0	0	9	0	0	4	0	2	0	0	0	1	0	0	1	0	1	0	0	0	1	0	0	0	0	0	0	1	0	0	2	0	0	11	0	10	0	0	21	31	13	0	0	0	0	3	5	0	0	0	0	1	0	0	0	0	0	0	0	0	0	3	0	0	0	0	0	0	17	0	0	0	1	0	1	0	0	0	0	10	9	0	0	0	1	,648	,610259520754178	0	,692659467036466	0
3477	3	8	EV37	3	daptomycin	9	1	0	0	10	18	0	0	0	0	0	0	7	0	0	0	0	0	0	1	1	0	0	0	0	7	0	0	10	11	8	2	16	10	0	2	0	0	1	0	1	0	0	0	1	0	2	0	0	0	0	0	0	1	3	0	0	0	0	0	2	5	0	7	0	0	28	1	22	0	0	39	69	21	0	0	1	0	3	3	0	0	0	0	2	0	0	0	0	0	0	0	0	0	5	0	1	0	0	0	0	28	0	0	0	1	0	2	0	0	0	0	12	12	0	0	0	1	,529	,116130337841882	0	,277304933355632	0
3476	3	8	EV37	3	danazol	4	0	1	0	0	0	0	0	0	0	0	0	0	0	0	0	0	0	0	0	0	0	0	0	0	0	0	0	0	0	0	0	0	0	0	0	0	0	0	1	0	0	0	0	0	0	0	0	0	0	0	0	0	0	0	0	0	0	0	0	0	0	0	0	0	0	1	0	2	0	0	2	6	1	0	0	0	0	0	0	0	0	0	0	0	0	0	0	0	0	0	0	0	0	0	0	0	0	0	0	0	1	0	0	0	0	0	0	0	0	0	0	0	0	0	0	0	1	,545	,180488375712294	0	,600543491655592	0
3550	3	8	EV37	3	orlistat	5	0	0	14	0	0	0	0	0	0	0	0	0	0	0	0	0	0	0	0	0	0	0	0	0	0	0	0	0	0	0	1	11	0	0	0	0	0	0	1	0	0	0	0	0	0	0	0	0	0	0	0	0	0	0	0	0	0	0	0	0	0	0	0	0	0	3	0	6	0	0	13	20	9	0	0	0	0	0	2	0	0	0	0	1	0	0	0	0	0	0	0	0	0	2	0	1	0	0	0	0	5	0	0	0	0	0	0	0	0	0	0	7	7	0	0	0	1	,517	,0680262208558565	0	,5818035577771	0
3542	3	8	EV37	3	milnacipran	0	0	1	0	0	0	0	0	0	0	0	0	0	0	0	0	0	0	0	0	0	0	0	0	0	0	0	0	0	1	0	0	6	0	0	0	0	0	0	1	0	0	0	0	0	0	0	0	0	0	0	0	0	0	0	0	0	0	0	0	0	0	0	0	0	0	1	0	3	0	0	7	6	5	0	0	0	0	0	0	0	0	0	0	0	0	0	0	0	0	0	0	0	0	2	0	0	0	0	0	0	2	0	0	0	0	0	0	0	0	0	0	5	2	0	0	0	1	,575	,302280871872934	0	,562874773979312	0
3545	3	8	EV37	3	nelarabine	3	0	0	15	2	1	0	0	0	0	0	0	0	0	0	0	0	0	0	0	0	0	0	0	0	0	0	0	2	0	1	1	0	0	0	0	0	0	0	1	0	0	0	0	0	0	0	0	0	0	0	0	0	0	0	0	0	0	0	0	0	0	0	0	0	0	2	0	6	0	0	18	25	7	0	0	0	0	1	2	0	0	0	0	2	0	0	0	0	0	0	0	0	0	3	0	1	0	0	0	0	8	0	0	0	0	0	0	0	0	0	0	8	3	0	0	0	1	,547	,188556676938947	0	,559496316514678	0
3485	3	8	EV37	3	doxorubicin	0	0	2	0	0	0	0	0	0	0	0	0	0	0	0	0	0	0	0	2	0	0	0	0	0	0	0	0	0	2	2	0	18	0	0	0	0	0	0	0	0	0	0	0	0	0	0	0	0	0	0	0	0	0	0	0	0	0	0	0	0	0	0	0	0	0	8	0	4	0	0	9	22	4	0	0	0	0	0	1	0	0	0	0	0	0	0	0	0	0	0	0	0	0	0	0	0	0	0	0	0	5	0	0	0	0	0	0	0	0	0	0	4	4	0	0	0	1	,663	,676692059833501	0	,772073816290954	0
3484	3	8	EV37	3	donepezil	0	0	0	0	0	0	0	0	0	0	0	0	0	0	0	0	0	0	0	0	0	0	0	0	0	0	0	0	0	1	0	0	17	0	0	0	0	0	0	1	0	0	0	0	0	0	0	0	0	0	0	0	0	1	0	0	0	0	0	0	0	0	0	0	1	0	0	0	3	0	0	13	16	6	0	0	0	0	0	1	0	0	0	0	0	0	0	0	0	0	0	0	0	0	1	0	0	0	0	0	0	4	0	0	0	0	0	0	0	0	0	0	5	5	0	0	0	1	,578	,314568554636366	0	,533817654589125	0
3530	3	8	EV37	3	levothyroxine	1	0	2	0	0	0	0	1	0	0	0	0	0	0	0	0	0	0	0	0	0	0	0	0	0	0	0	0	0	0	0	0	0	0	0	0	0	0	0	0	0	0	0	0	0	0	0	0	0	0	0	0	0	0	0	0	0	0	0	0	0	0	0	0	0	0	1	0	0	0	0	3	2	0	0	0	0	0	0	0	0	0	0	0	0	0	0	0	0	0	0	0	0	0	0	0	0	0	0	0	0	1	0	0	0	0	0	0	0	0	0	0	1	2	0	0	0	1	,66	,663294217410264	0	,502532829504505	0
3536	3	8	EV37	3	mexiletine	1	0	0	0	0	0	0	0	0	0	0	0	0	0	0	0	0	0	0	1	0	0	0	0	0	0	0	0	0	1	0	0	11	0	0	0	0	0	0	1	0	0	0	0	0	0	0	0	0	0	0	0	0	0	0	0	0	0	0	0	0	0	0	0	1	0	1	0	5	0	0	3	11	1	0	0	0	0	1	0	0	0	0	0	1	0	0	0	0	0	0	0	0	0	1	0	0	0	0	0	0	5	0	0	0	0	0	0	0	0	0	0	6	0	0	0	0	1	,591	,368100861363296	0	,589753518951964	0
3455	3	8	EV37	3	atenolol	0	0	1	0	0	0	0	0	0	0	0	0	0	0	0	0	0	0	0	0	0	0	0	0	0	0	0	0	0	1	1	0	11	0	0	0	0	0	0	0	0	0	0	0	0	0	0	0	0	0	0	0	0	0	0	0	0	0	0	0	0	0	0	0	1	0	10	0	6	0	0	9	14	5	0	0	0	0	2	1	0	0	0	0	0	0	0	0	0	0	0	0	0	0	0	0	0	0	0	0	0	7	0	0	0	0	0	0	0	0	0	0	6	7	0	0	0	1	,648	,610259520754178	0	,60219279270908	0
3493	3	8	EV37	3	estradiol	25	0	1	0	0	0	0	0	0	0	0	0	0	0	0	0	0	0	0	1	1	0	0	0	0	0	0	0	0	1	0	0	15	0	0	0	0	0	0	0	0	0	0	0	0	0	0	0	0	0	0	0	0	0	0	0	0	0	0	0	0	0	2	2	1	0	6	0	6	0	0	13	42	8	0	0	0	0	3	0	0	0	0	0	1	0	0	0	0	0	0	0	0	0	1	0	0	0	0	0	0	9	0	0	0	0	0	0	0	0	0	0	7	8	0	0	0	1	,587	,351577226867063	0	,532685049177395	0
3527	3	8	EV37	3	leuprolide	6	0	0	14	6	1	0	0	0	0	0	1	0	0	0	0	0	0	0	1	1	0	0	0	0	1	0	0	10	11	6	2	13	5	0	5	0	0	0	1	0	0	0	0	0	0	0	0	0	0	0	0	0	0	0	0	0	0	0	0	0	3	0	3	0	0	10	1	14	0	0	28	48	16	0	0	0	0	1	2	0	0	0	0	1	0	0	0	0	0	0	0	0	0	4	0	1	0	0	0	0	19	0	0	0	0	0	1	0	0	0	0	13	12	0	0	0	1	,579	,318669643890614	0	,408564717186322	0
3534	3	8	EV37	3	metformin	21	0	0	0	0	0	0	0	0	0	0	0	0	0	0	0	0	0	0	0	0	0	0	0	0	0	0	0	0	1	0	0	40	0	1	0	0	0	0	1	0	0	0	0	0	0	0	0	0	0	0	0	0	0	2	0	0	0	0	0	0	0	0	0	1	0	7	0	8	0	0	34	64	14	0	0	0	0	3	5	0	0	0	0	1	0	0	0	0	0	0	0	0	0	1	0	0	0	0	0	0	13	0	0	0	0	0	0	0	0	0	0	12	11	0	0	0	1	,609	,443110707724531	0	,653429426517014	0
3562	3	8	EV37	3	propafenone	4	0	2	18	11	8	1	0	0	0	0	2	1	0	2	0	0	0	1	1	3	1	1	0	1	1	0	0	9	3	14	1	6	1	0	8	0	0	3	1	3	2	0	0	1	0	0	0	1	0	0	0	0	0	0	0	0	0	0	0	2	5	0	5	0	0	16	0	13	0	0	31	50	17	0	0	0	0	2	6	0	0	0	0	0	0	0	0	0	0	0	0	0	0	5	0	0	0	0	0	0	29	0	0	0	0	0	0	0	0	0	0	14	6	0	0	0	1	,284	-,924705928799439	0	,494187438709528	0
3451	3	8	EV37	3	amphetamine	17	9	1	0	21	19	0	0	0	0	6	2	1	1	1	4	0	0	0	2	7	0	0	0	2	1	0	0	20	32	44	6	3	10	0	16	1	0	6	1	4	3	0	0	2	0	1	0	0	0	0	0	3	1	2	0	3	0	0	0	3	3	1	43	0	0	15	0	20	0	0	57	103	26	0	0	0	0	6	5	0	0	0	0	3	0	0	0	0	0	0	0	0	0	5	0	0	0	0	0	0	49	1	0	0	1	0	1	1	0	0	0	25	15	1	0	1	1	,709	,890532259360635	0	,137371718697641	0
3589	3	8	EV37	3	terbutaline	25	3	1	0	4	7	0	0	0	0	2	5	2	0	1	3	0	0	1	1	1	0	1	0	1	1	0	0	9	13	15	1	6	1	0	6	0	1	3	0	5	0	0	0	0	0	0	0	0	0	0	0	0	2	0	0	0	1	0	0	0	6	0	22	0	0	16	2	22	0	0	37	58	22	0	0	0	0	4	4	0	0	0	0	2	0	0	0	0	0	0	0	0	0	4	0	0	0	0	0	0	31	0	0	0	1	0	1	0	0	0	0	13	14	0	0	0	1	,685	,776846199436592	0	,54787454657148	0
3510	3	8	EV37	3	gabapentin	2	0	0	0	0	0	0	0	0	0	0	0	0	0	0	0	0	0	0	1	0	0	0	0	0	0	0	0	0	2	0	0	39	0	1	0	0	0	0	1	0	0	0	0	0	0	0	0	0	0	0	0	0	0	0	0	0	0	0	0	0	0	0	0	2	0	8	0	8	0	0	26	40	9	0	0	0	0	2	1	0	0	0	0	2	0	0	0	0	0	0	0	0	0	2	0	1	0	0	0	0	11	0	0	0	0	0	1	0	0	0	0	10	8	0	0	0	1	,746	1,07739133318522	0	,637527720526826	0
3535	3	8	EV37	3	metoprolol	21	9	1	6	6	12	0	0	0	0	1	4	5	0	1	1	0	0	0	1	3	1	0	0	1	3	0	0	5	28	19	1	14	1	0	18	0	0	7	1	4	1	0	0	0	0	0	0	1	0	0	0	0	0	1	0	2	0	0	0	1	8	0	15	1	0	26	2	21	0	0	41	75	26	0	0	0	0	5	6	0	0	0	0	1	0	0	0	0	0	0	0	0	0	4	0	0	0	0	0	0	31	0	0	0	1	0	0	0	0	0	0	13	14	1	0	1	1	,582	,330989015206681	0	,628158570386496	0
3603	3	8	EV37	3	valproic acid	83	11	0	0	18	27	1	1	1	0	3	6	2	1	2	4	0	0	1	2	7	0	0	0	3	2	0	0	32	66	50	4	15	22	0	13	0	0	5	1	4	2	0	0	1	0	0	0	0	0	0	0	1	3	2	0	0	20	0	0	4	9	2	61	0	0	46	1	25	0	0	85	147	33	0	0	1	0	6	9	0	0	0	0	2	0	0	0	0	0	0	0	0	0	7	0	0	0	0	0	0	74	0	0	0	1	0	3	0	0	0	0	35	24	1	0	1	1	,302	-,837792085387503	0	,0666611100361117	0
3533	3	8	EV37	3	memantine	15	2	0	29	4	11	0	0	0	0	1	6	2	0	0	0	0	0	0	0	7	0	0	0	1	2	0	0	4	18	22	1	11	0	1	7	0	0	2	1	2	0	0	0	0	0	0	1	0	0	0	0	0	0	0	0	0	0	0	0	4	7	0	11	1	0	24	0	22	0	0	50	82	29	0	0	1	0	5	6	0	0	0	0	2	0	0	0	0	0	0	0	0	0	6	0	0	0	0	0	0	39	0	0	0	1	0	1	0	0	0	0	28	12	0	0	0	1	,949	2,9235831658856	0	,939445485264131	0
3606	3	8	EV37	3	vincristine	27	4	1	7	19	23	0	0	0	0	0	5	3	0	2	2	0	0	0	2	6	0	0	0	4	2	0	0	24	30	27	1	9	5	0	14	0	0	5	1	3	1	0	0	1	0	0	2	0	0	0	0	0	0	2	0	0	1	0	0	6	4	1	32	0	0	28	4	24	0	0	54	109	26	0	0	0	0	4	6	0	0	0	0	1	0	0	0	0	0	0	0	0	0	6	0	0	0	0	0	0	42	0	0	0	1	0	1	0	0	0	0	24	15	1	0	1	1	,91	2,31363492918063	0	,70150007160422	0
3604	3	8	EV37	3	venlafaxine	18	3	0	44	18	15	1	0	0	0	0	2	2	1	1	2	0	0	1	5	6	0	0	0	1	1	0	0	0	13	27	5	0	0	1	20	0	0	11	1	2	1	0	0	2	0	0	1	0	0	0	0	1	2	1	0	3	0	0	0	5	5	0	10	0	0	29	0	22	0	0	55	100	26	0	0	0	0	5	4	0	0	0	0	2	0	0	0	0	0	0	0	0	0	6	0	0	0	0	0	0	28	0	0	0	1	0	1	0	0	0	0	23	17	0	0	0	1	,947	2,88300717963396	0	,915473194348569	0
3574	3	8	EV37	3	ropinirole	2	0	1	53	0	1	0	0	0	0	2	0	0	0	0	0	0	0	0	0	1	0	0	0	0	0	0	0	1	4	2	2	11	0	0	0	0	0	0	2	1	0	0	0	0	0	0	0	0	0	0	0	0	1	0	0	0	1	0	0	0	0	0	3	3	0	2	0	13	0	0	40	67	15	0	0	0	0	3	5	0	0	0	0	1	0	0	0	0	0	0	0	0	0	2	0	1	0	0	0	0	19	0	0	0	1	0	0	0	0	0	0	23	11	0	0	0	1	,881	2,00193413282465	0	,767792730371774	0
3605	3	8	EV37	3	verapamil	45	15	1	9	20	39	1	0	0	0	1	14	9	1	2	6	0	0	2	9	22	1	3	0	3	9	0	0	15	60	66	3	10	5	0	36	0	0	19	1	6	7	0	0	1	0	0	2	1	0	0	0	2	2	2	0	4	0	0	0	1	14	0	34	2	0	47	1	28	0	0	69	139	30	1	0	1	0	6	8	0	0	0	0	4	0	0	0	0	0	0	0	1	0	6	0	1	0	0	0	0	65	0	0	0	1	0	2	0	0	0	0	29	20	0	0	0	1	,297	-,861624753007965	0	,648417664778113	0
3561	3	8	EV37	3	pregabalin	0	0	0	97	0	1	0	0	0	0	0	0	0	0	0	0	0	0	0	0	0	0	0	0	0	3	0	0	0	0	0	2	23	0	0	0	0	0	0	1	0	0	0	0	0	0	0	0	0	0	0	0	0	1	0	0	0	0	0	0	0	0	0	0	2	0	6	0	20	0	0	62	99	24	0	0	0	0	6	6	0	0	0	0	2	0	0	0	0	0	0	0	0	0	4	0	1	0	0	0	0	36	0	0	0	1	0	1	0	0	0	0	28	18	0	0	0	1	,909	2,30148558766063	0	,855554923970834	0
3775	4	1	EV37	3	valproic acid	427	8	2	0	20	58	0	2	0	0	2	6	1	0	1	6	0	0	2	6	12	2	0	0	2	1	0	0	35	282	83	2	12	13	1	27	0	0	13	0	1	7	0	0	1	0	1	0	1	0	0	0	0	1	1	0	1	72	0	0	7	4	2	332	1	0	31	1	7	2	34	8	0	1	0	2	0	0	0	0	0	0	0	0	0	0	0	0	1	0	1	27	0	0	0	0	612	0	0	0	0	1	0	3	0	0	0	0	0	0	0	0	0	0	0	0	0	1	0	-6,90675477864855	0	,0276852476277923	0
3623	4	1	EV37	3	amphetamine	14	2	0	0	6	27	0	1	0	0	3	4	1	0	2	3	0	0	0	3	15	0	0	0	4	0	0	0	6	65	53	4	1	5	0	23	0	0	11	0	0	3	0	0	2	0	0	0	0	0	0	0	0	4	0	0	2	1	0	0	1	1	0	70	0	0	2	2	1	0	13	2	0	0	0	1	0	0	0	0	0	0	0	0	0	0	0	0	0	0	0	10	0	0	0	0	137	0	0	0	0	1	0	0	0	0	0	0	0	0	0	0	0	0	0	0	0	1	,013	-4,32972068197194	0	,186261184958028	0
3721	4	1	EV37	3	octreotide	2	0	0	1	2	7	0	0	0	0	0	3	0	0	0	0	0	0	0	1	0	0	1	0	0	1	0	0	2	9	5	0	3	2	0	4	0	0	0	0	0	2	0	0	0	0	1	0	0	0	0	0	0	0	0	0	0	0	0	0	0	4	0	2	0	0	5	0	2	0	3	2	0	1	0	0	0	0	0	0	0	0	0	0	0	0	0	0	0	0	0	0	0	0	0	0	28	0	0	0	0	0	0	0	0	0	0	0	0	0	0	0	0	0	0	0	0	1	,198	-1,39884157717198	0	,254963086945794	0
3682	4	1	EV37	3	gabapentin	0	0	0	0	0	0	0	0	0	0	0	0	0	0	0	0	0	0	0	0	0	0	0	0	0	0	0	0	0	0	0	0	3	0	1	0	0	0	0	0	0	0	0	0	0	0	0	0	0	0	0	0	0	0	0	0	0	0	0	0	0	0	0	0	0	0	0	0	0	0	0	0	0	0	0	0	0	0	0	0	0	0	0	0	0	0	0	0	0	0	0	0	0	0	0	0	4	0	0	0	0	0	0	0	0	0	0	0	0	0	0	0	0	0	0	0	0	1	,419	-,326879836929773	0	,469186408303824	0
3706	4	1	EV37	3	metformin	24	0	0	0	0	0	0	0	0	0	0	0	0	0	0	0	0	0	0	1	0	0	0	0	0	0	0	0	0	0	0	0	25	0	0	0	0	0	0	0	0	0	0	0	0	0	0	0	0	0	0	0	0	0	0	0	0	0	0	0	0	0	0	2	0	0	2	0	0	0	7	2	0	0	0	0	0	0	0	0	0	0	0	0	0	0	0	0	0	0	0	1	0	0	0	0	50	0	0	0	0	0	0	0	0	0	0	0	0	0	0	0	0	0	0	0	0	1	,359	-,579707068432391	0	,461594193533283	0
3649	4	1	EV37	3	daptomycin	1	0	0	0	1	6	0	0	0	0	0	0	0	0	0	0	0	0	0	0	0	0	0	0	1	0	0	0	2	1	0	0	0	4	0	1	0	0	1	0	0	0	0	0	0	0	0	0	0	0	0	0	0	0	0	0	0	0	0	0	1	2	0	0	0	0	3	0	1	0	1	1	0	0	0	1	0	0	0	0	0	0	0	0	0	0	0	0	0	0	0	0	0	0	0	0	9	0	0	0	0	0	0	0	0	0	0	0	0	0	0	0	0	0	0	0	0	1	,344	-,645519131570691	0	,398533386833433	0
3735	4	1	EV37	3	propoxyphene	0	0	0	0	0	0	0	0	0	0	0	0	0	0	0	0	0	0	0	0	1	0	0	0	0	0	0	0	1	0	1	0	0	0	0	1	0	0	0	0	0	0	0	0	0	0	0	0	0	0	0	0	0	0	0	0	0	0	0	0	0	0	0	0	0	0	0	0	0	0	0	0	0	0	0	0	0	0	0	0	0	0	0	0	0	0	0	0	0	0	0	0	0	0	0	0	4	0	0	0	0	0	0	0	0	0	0	0	0	0	0	0	0	0	0	0	0	1	,41	-,363965377201412	0	,475150469485021	0
3727	4	1	EV37	3	penicillamine	24	0	0	0	0	0	0	0	0	0	0	0	0	0	0	0	0	0	0	0	0	0	0	0	0	0	0	0	0	0	0	0	0	0	0	0	0	0	0	0	0	0	0	0	0	0	0	0	0	0	0	0	0	0	0	0	0	0	0	0	0	0	0	0	0	0	1	0	0	0	2	0	0	0	0	0	0	0	0	0	0	0	0	0	0	0	0	0	0	0	0	0	0	0	0	0	24	0	0	0	0	0	0	0	0	0	0	0	0	0	0	0	0	0	0	0	0	1	,409	-,368100861363296	0	,487021543207397	0
3628	4	1	EV37	3	atomoxetine	0	0	0	0	0	0	0	0	0	0	0	0	0	0	0	0	0	0	0	0	0	0	0	0	0	0	0	0	0	0	0	0	0	0	0	0	0	0	0	0	0	0	0	0	0	0	0	0	0	0	0	0	0	0	0	0	0	0	0	0	0	0	0	0	0	0	1	0	0	0	0	0	0	0	0	0	0	0	0	0	0	0	0	0	0	0	0	0	0	0	0	0	0	0	0	0	1	0	0	0	0	0	0	0	0	0	0	0	0	0	0	0	0	0	0	0	0	1	,423	-,310470087461821	0	,46875590290108	0
3699	4	1	EV37	3	leuprolide	1	0	0	3	2	3	0	0	0	0	0	0	0	0	0	0	0	0	0	1	0	0	0	0	0	0	0	0	1	6	1	1	4	0	1	3	0	0	0	0	0	0	0	0	0	0	0	0	0	0	0	0	0	1	0	0	0	0	0	0	0	0	0	3	0	0	3	0	0	0	2	1	0	0	0	0	0	0	0	0	0	0	0	0	0	0	0	0	0	0	0	0	0	0	0	0	16	0	0	0	0	0	0	1	0	0	0	0	0	0	0	0	0	0	0	0	0	1	,464	-,144249608844547	0	,44093256840735	0
3619	4	1	EV37	3	alfuzosin	0	0	0	0	0	0	0	0	0	0	0	0	0	0	0	0	0	0	0	0	0	0	0	0	0	0	0	0	0	0	0	0	1	0	0	0	0	0	0	0	0	0	0	0	0	0	0	0	0	0	0	0	0	0	0	0	0	0	0	0	0	0	0	0	0	0	0	0	0	0	0	0	0	0	0	0	0	0	0	0	0	0	0	0	0	0	0	0	0	0	0	0	0	0	0	0	1	0	0	0	0	0	0	0	0	0	0	0	0	0	0	0	0	0	0	0	0	1	,423	-,310470087461821	0	,472588489372102	0
3656	4	1	EV37	3	donepezil	0	0	0	0	0	0	0	0	0	0	0	0	0	0	0	0	0	0	0	0	0	0	0	0	0	0	0	0	0	0	0	0	1	0	0	0	0	0	0	0	0	0	0	0	0	0	0	0	0	0	0	0	0	0	0	0	0	0	0	0	0	0	0	0	0	0	0	0	0	0	0	0	0	0	0	0	0	0	0	0	0	0	0	0	0	0	0	0	0	0	0	0	0	0	0	0	1	0	0	0	0	0	0	0	0	0	0	0	0	0	0	0	0	0	0	0	0	1	,423	-,310470087461821	0	,479148314522288	0
3708	4	1	EV37	3	mexiletine	0	0	0	0	0	0	0	0	0	0	0	0	0	0	0	0	0	0	0	0	0	0	0	0	0	0	0	0	0	0	0	0	1	0	0	0	0	0	0	0	0	0	0	0	0	0	0	0	0	0	0	0	0	0	0	0	0	0	0	0	0	0	0	0	0	0	0	0	0	0	0	0	0	0	0	0	0	0	0	0	0	0	0	0	0	0	0	0	0	0	0	0	0	0	0	0	1	0	0	0	0	0	0	0	0	0	0	0	0	0	0	0	0	0	0	0	0	1	,423	-,310470087461821	0	,473030330108432	0
3615	4	1	EV37	3	acarbose	0	0	0	0	0	0	0	0	0	0	0	0	0	0	0	0	0	0	0	0	0	0	0	0	0	0	0	0	0	0	0	0	0	0	0	0	0	0	0	0	0	0	0	0	0	0	0	0	0	0	0	0	0	0	0	0	0	0	0	0	0	0	0	0	0	0	0	0	0	0	0	0	0	0	0	0	0	0	0	0	0	0	0	0	0	0	0	0	0	0	0	0	0	0	0	0	0	0	0	0	0	0	0	0	0	0	0	0	0	0	0	0	0	0	0	0	0	1	,424	-,306374205463933	0	,467869922695838	0
3618	4	1	EV37	3	alendronate	0	0	0	0	0	0	0	0	0	0	0	0	0	0	0	0	0	0	0	0	0	0	0	0	0	0	0	0	0	0	0	0	0	0	0	0	0	0	0	0	0	0	0	0	0	0	0	0	0	0	0	0	0	0	0	0	0	0	0	0	0	0	0	0	0	0	0	0	0	0	0	0	0	0	0	0	0	0	0	0	0	0	0	0	0	0	0	0	0	0	0	0	0	0	0	0	0	0	0	0	0	0	0	0	0	0	0	0	0	0	0	0	0	0	0	0	0	1	,424	-,306374205463933	0	,469266740292026	0
3624	4	1	EV37	3	amphotericin b	0	0	0	0	0	0	0	0	0	0	0	0	0	0	0	0	0	0	0	0	0	0	0	0	0	0	0	0	0	0	0	0	0	0	0	0	0	0	0	0	0	0	0	0	0	0	0	0	0	0	0	0	0	0	0	0	0	0	0	0	0	0	0	0	0	0	0	0	0	0	0	0	0	0	0	0	0	0	0	0	0	0	0	0	0	0	0	0	0	0	0	0	0	0	0	0	0	0	0	0	0	0	0	0	0	0	0	0	0	0	0	0	0	0	0	0	0	1	,424	-,306374205463933	0	,471783520503375	0
3627	4	1	EV37	3	atenolol	0	0	0	0	0	0	0	0	0	0	0	0	0	0	0	0	0	0	0	0	0	0	0	0	0	0	0	0	0	0	0	0	0	0	0	0	0	0	0	0	0	0	0	0	0	0	0	0	0	0	0	0	0	0	0	0	0	0	0	0	0	0	0	0	0	0	0	0	0	0	0	0	0	0	0	0	0	0	0	0	0	0	0	0	0	0	0	0	0	0	0	0	0	0	0	0	0	0	0	0	0	0	0	0	0	0	0	0	0	0	0	0	0	0	0	0	0	1	,424	-,306374205463933	0	,472796836370161	0
3714	4	1	EV37	3	milnacipran	0	0	0	0	0	0	0	0	0	0	0	0	0	0	0	0	0	0	0	0	0	0	0	0	0	0	0	0	0	0	0	0	0	0	0	0	0	0	0	0	0	0	0	0	0	0	0	0	0	0	0	0	0	0	0	0	0	0	0	0	0	0	0	0	0	0	0	0	0	0	0	0	0	0	0	0	0	0	0	0	0	0	0	0	0	0	0	0	0	0	0	0	0	0	0	0	0	0	0	0	0	0	0	0	0	0	0	0	0	0	0	0	0	0	0	0	0	1	,424	-,306374205463933	0	,46935439305345	0
3755	4	1	EV37	3	succimer	0	0	0	0	0	0	0	0	0	0	0	0	0	0	0	0	0	0	0	0	0	0	0	0	0	0	0	0	0	0	0	0	0	0	0	0	0	0	0	0	0	0	0	0	0	0	0	0	0	0	0	0	0	0	0	0	0	0	0	0	0	0	0	0	0	0	0	0	0	0	0	0	0	0	0	0	0	0	0	0	0	0	0	0	0	0	0	0	0	0	0	0	0	0	0	0	0	0	0	0	0	0	0	0	0	0	0	0	0	0	0	0	0	0	0	0	0	1	,424	-,306374205463933	0	,468745707296171	0
3772	4	1	EV37	3	triptorelin pamoate	0	0	0	0	0	0	0	0	0	0	0	0	0	0	0	0	0	0	0	0	0	0	0	0	0	0	0	0	0	0	0	0	0	0	0	0	0	0	0	0	0	0	0	0	0	0	0	0	0	0	0	0	0	0	0	0	0	0	0	0	0	0	0	0	0	0	0	0	0	0	0	0	0	0	0	0	0	0	0	0	0	0	0	0	0	0	0	0	0	0	0	0	0	0	0	0	0	0	0	0	0	0	0	0	0	0	0	0	0	0	0	0	0	0	0	0	0	1	,424	-,306374205463933	0	,470383981027054	0
3733	4	1	EV37	3	pregabalin	0	0	0	1	0	0	0	0	0	0	0	0	0	0	0	0	0	0	0	0	0	0	0	0	0	0	0	0	0	0	0	0	0	0	0	0	0	0	0	0	0	0	0	0	0	0	0	0	0	0	0	0	0	0	0	0	0	0	0	0	0	0	0	0	0	0	0	0	0	0	0	0	0	0	0	0	0	0	0	0	0	0	0	0	0	0	0	0	0	0	0	0	0	0	0	0	1	0	0	0	0	0	0	0	0	0	0	0	0	0	0	0	0	0	0	0	0	1	,425	-,302280871872933	0	,47933304244524	0
3717	4	1	EV37	3	nelarabine	0	0	0	1	1	0	0	0	0	0	0	0	0	0	0	0	0	0	0	0	0	0	0	0	0	0	0	0	0	0	0	0	0	0	0	0	0	0	0	0	0	0	0	0	0	0	0	0	0	0	0	0	0	0	0	0	0	0	0	0	0	0	0	0	0	0	0	0	1	0	0	0	0	0	0	1	0	0	0	0	0	0	0	0	0	0	0	0	0	0	0	0	0	0	0	0	2	0	0	0	0	0	0	0	0	0	0	0	0	0	0	0	0	0	0	0	0	1	,423	-,310470087461821	0	,472248827477042	0
3761	4	1	EV37	3	terbutaline	1	0	0	0	1	4	0	0	0	0	0	1	0	0	0	1	0	0	0	0	2	0	0	0	1	0	0	0	2	8	8	1	0	0	0	8	0	0	2	0	0	0	0	0	0	0	0	0	0	0	0	0	0	0	0	0	2	0	0	0	0	0	0	5	0	0	3	0	0	0	4	2	0	0	0	1	0	0	0	0	0	0	0	0	0	0	0	0	0	0	0	0	0	0	0	0	25	0	0	0	0	0	0	0	0	0	0	0	0	0	0	0	0	0	0	0	0	1	,492	-,0320027310861738	0	,485936533570584	0
3746	4	1	EV37	3	ropinirole	1	0	0	4	0	0	0	0	0	0	0	0	0	0	0	0	0	0	0	0	0	0	0	0	0	0	0	0	0	0	0	0	1	0	0	0	0	0	0	0	0	0	0	0	0	0	0	0	0	0	0	0	0	0	0	0	0	0	0	0	0	0	0	1	0	0	0	0	0	0	2	1	0	0	0	0	0	0	0	0	0	0	0	0	0	0	0	0	0	0	0	0	0	0	0	0	6	0	0	0	0	0	0	0	0	0	0	0	0	0	0	0	0	0	0	0	0	1	,441	-,237104597708253	0	,478768789979437	0
3779	4	1	EV37	3	vitamin a	18	2	1	0	5	18	0	0	0	0	2	4	0	0	1	4	0	1	1	4	10	1	0	0	2	0	0	0	3	23	42	1	6	12	0	8	0	0	2	0	0	2	0	0	1	0	2	0	0	0	0	0	0	2	0	0	0	0	0	0	5	5	0	23	0	0	9	1	5	0	12	4	0	1	0	1	0	0	0	0	0	0	0	0	0	0	0	0	0	0	0	1	0	0	0	0	82	0	0	0	0	0	0	0	0	0	0	0	0	0	0	0	0	0	0	0	0	1	,118	-2,01150743154113	0	,0828222718252083	0
3705	4	1	EV37	3	memantine	1	0	0	4	2	7	0	0	0	0	0	0	0	0	0	0	0	0	0	1	1	0	0	0	3	0	0	0	1	4	6	0	0	0	0	2	0	0	0	0	0	0	0	0	0	0	0	0	0	0	0	0	0	0	0	0	0	0	0	0	1	0	0	4	0	0	1	0	1	0	1	1	0	0	0	1	0	0	0	0	0	0	0	0	0	0	0	0	0	0	0	2	0	0	0	0	17	0	0	0	0	0	0	0	0	0	0	0	0	0	0	0	0	0	0	0	0	1	,419	-,326879836929773	0	,534610618872679	0
3734	4	1	EV37	3	propafenone	0	0	0	2	1	1	1	0	0	0	0	0	0	0	0	0	0	0	0	0	1	0	0	0	0	0	0	0	0	0	0	0	0	0	0	1	0	0	1	0	0	0	0	0	0	0	0	0	0	0	0	0	0	0	0	0	0	0	0	0	0	0	0	0	0	0	0	0	0	0	0	0	0	0	0	0	0	0	0	0	0	0	0	0	0	0	0	0	0	0	0	0	0	0	0	0	4	0	0	0	0	0	0	0	0	0	0	0	0	0	0	0	0	0	0	0	0	1	,625	,510825623765991	0	,510398633013659	0
3722	4	1	EV37	3	orlistat	4	0	0	7	0	0	0	0	0	0	0	0	0	0	0	0	0	0	0	0	0	0	0	0	0	0	0	0	0	0	0	0	5	0	0	0	0	0	0	1	0	0	0	0	0	0	0	0	0	0	0	0	0	0	0	0	0	0	0	0	0	0	0	0	0	0	1	0	0	0	3	1	0	0	0	0	0	0	0	0	0	0	0	0	0	0	0	0	0	0	0	1	0	0	0	0	17	0	0	0	0	0	0	0	0	0	0	0	0	0	0	0	0	0	0	0	0	1	,396	-,422159986680334	0	,468658180588739	0
3657	4	1	EV37	3	doxorubicin	0	0	1	0	0	0	0	0	0	0	0	0	0	0	0	0	0	0	0	0	0	0	0	0	0	0	0	0	0	0	0	0	1	0	0	0	0	0	0	0	0	0	0	0	0	0	0	0	0	0	0	0	0	0	0	0	0	0	0	0	0	0	0	0	0	0	0	0	0	0	0	0	0	0	0	0	0	0	0	0	0	0	0	0	0	0	0	0	0	0	0	0	0	0	0	0	2	0	0	0	0	0	0	0	0	0	0	0	0	0	0	0	0	0	0	0	0	1	,503	,0120001440031106	0	,495219905729766	0
3776	4	1	EV37	3	venlafaxine	0	1	0	3	1	2	0	1	0	0	0	0	1	0	0	0	0	0	0	0	1	0	0	0	0	0	0	0	0	1	5	0	0	0	0	2	0	0	1	0	0	1	0	0	0	0	0	0	0	0	0	0	0	0	0	0	0	0	0	0	0	0	0	2	0	0	2	0	1	0	0	0	0	0	0	1	0	0	0	0	0	0	0	0	0	0	0	0	0	0	0	0	0	0	0	0	13	0	0	0	0	0	0	0	0	0	0	0	0	0	0	0	0	0	0	0	0	1	,452	-,192593107115784	0	,515078794520708	0
3653	4	1	EV37	3	desvenlafaxine	0	0	0	2	0	0	0	1	0	0	0	0	0	0	0	0	0	0	0	0	0	0	0	0	0	0	0	0	0	0	0	0	0	0	0	0	0	0	0	0	0	0	0	0	0	0	0	0	0	0	0	0	0	0	0	0	0	0	0	0	0	0	1	0	0	0	0	0	0	0	0	0	0	0	0	0	0	0	0	0	0	0	0	0	0	0	0	0	0	0	0	0	0	0	0	0	3	0	0	0	0	0	0	0	0	0	0	0	0	0	0	0	0	0	0	0	0	1	,451	-,196631102006852	0	,473733401852027	0
3648	4	1	EV37	3	danazol	7	0	1	0	0	0	0	0	0	0	0	0	0	0	0	0	0	0	0	1	0	0	0	0	0	0	0	0	0	0	0	0	5	0	0	0	0	0	0	1	0	0	0	0	0	0	0	0	0	0	0	0	0	0	0	0	0	0	0	0	0	0	0	0	1	0	2	0	0	0	2	1	0	0	0	0	0	0	0	0	0	0	0	0	0	0	0	0	0	0	0	0	0	0	0	0	15	0	0	0	0	0	0	0	0	0	0	0	0	0	0	0	0	0	0	0	0	1	,625	,510825623765991	0	,541380125723771	0
3707	4	1	EV37	3	metoprolol	7	1	0	3	4	9	0	1	0	0	0	4	2	0	1	1	1	0	0	1	4	0	0	0	0	1	0	0	4	12	10	2	4	0	0	8	0	0	5	0	0	1	0	0	0	0	0	0	0	0	0	0	0	0	0	0	1	1	0	0	1	3	0	5	0	0	10	0	1	0	6	1	0	0	0	1	0	0	0	0	0	0	0	0	0	0	0	0	0	0	0	0	0	0	0	0	37	0	0	0	0	0	0	1	0	0	0	0	0	0	0	0	0	0	0	0	0	1	,544	,176456437341557	0	,428724914442291	0
3777	4	1	EV37	3	verapamil	12	5	0	1	4	25	0	0	0	0	0	0	0	0	0	4	0	0	1	4	7	0	0	0	4	2	0	0	3	31	31	1	2	2	0	18	0	0	8	0	0	2	0	0	0	0	0	0	0	0	0	0	2	1	0	0	2	0	0	0	1	4	0	27	0	0	9	2	3	0	7	3	0	1	0	1	0	0	0	0	0	0	0	0	0	0	0	0	0	0	0	0	0	0	0	0	62	0	0	0	0	0	0	1	0	0	0	0	0	0	0	0	0	0	0	0	0	1	,869	1,89214580206424	0	,58770728200794	0
3702	4	1	EV37	3	levothyroxine	6	0	3	0	0	0	0	2	0	1	0	0	0	0	0	0	0	0	0	0	0	0	0	0	0	0	0	0	0	0	0	0	0	0	0	0	0	0	0	0	0	0	0	0	0	0	0	0	0	0	0	0	0	0	0	0	0	0	0	0	0	0	3	0	0	0	2	0	0	0	3	0	0	0	0	0	0	0	0	0	0	0	0	0	0	0	0	0	0	0	0	0	0	0	0	0	13	0	0	0	0	0	0	1	0	0	0	0	0	0	0	0	0	0	0	0	0	1	,848	1,71900011494563	0	,706510941107683	0
3778	4	1	EV37	3	vincristine	28	7	4	2	10	33	0	1	0	1	2	5	3	0	2	4	0	0	0	2	5	0	0	0	1	3	0	0	10	49	30	3	4	6	1	24	0	0	6	0	0	1	0	0	0	0	1	1	0	0	0	0	1	2	1	0	1	1	0	0	0	0	3	38	4	0	10	4	2	0	11	3	0	1	0	1	0	0	0	0	0	0	0	0	0	0	0	0	0	0	0	3	0	0	0	0	115	0	0	0	0	0	0	1	0	0	0	0	0	0	0	0	0	0	0	0	0	1	,943	2,80601501479891	0	,63789750009542	0
3665	4	1	EV37	3	estradiol	326	0	3	0	0	0	0	15	0	0	0	0	0	0	0	0	0	0	0	3	0	0	0	0	0	1	0	0	0	0	0	1	28	0	0	0	0	1	0	0	0	0	0	0	0	0	0	0	0	0	0	0	0	0	0	0	0	0	0	0	0	0	5	1	0	0	7	0	4	1	27	5	0	1	0	0	0	0	0	0	0	0	0	0	0	0	0	0	0	0	0	12	0	0	0	0	345	0	0	0	0	0	0	0	0	0	0	0	0	0	0	0	0	0	0	0	0	1	,387	-,45994024290643	0	,574663433765579	0
3951	4	2	EV37	3	vitamin a	4	2	0	0	3	7	0	0	0	0	0	0	0	0	0	1	0	0	0	0	2	1	0	0	0	0	0	0	0	3	11	0	0	8	0	1	0	0	0	0	0	0	0	0	0	0	1	0	0	0	0	0	0	0	0	0	0	0	0	0	1	2	0	4	0	0	5	0	1	2	0	1	0	0	0	2	1	0	0	0	0	1	0	0	0	0	0	0	0	0	0	0	0	0	0	0	20	0	0	0	0	0	0	3	0	0	0	0	0	0	0	0	0	9	0	0	1	1	,025	-3,66356164612965	0	,0602217397666134	0
3871	4	2	EV37	3	leuprolide	1	0	0	1	2	0	0	0	0	0	0	1	0	0	0	0	0	0	0	0	0	0	0	0	0	0	0	0	1	0	0	0	0	1	0	0	0	0	0	0	0	0	0	0	0	0	1	0	0	0	0	0	0	0	0	0	0	0	0	0	0	1	1	1	0	0	2	0	1	0	0	0	0	0	0	0	0	0	0	0	0	0	0	0	0	0	0	0	0	0	0	0	0	0	0	0	2	0	0	0	0	0	0	0	0	0	0	0	0	0	0	0	0	2	0	0	0	1	,366	-,54941562103586	0	,358844143704905	0
3933	4	2	EV37	3	terbutaline	0	1	0	0	4	1	0	0	0	0	0	0	0	1	0	0	0	0	0	0	0	0	0	0	0	0	0	0	1	1	0	0	1	0	0	0	0	0	0	0	0	0	0	0	0	0	0	0	0	0	0	0	0	0	0	0	0	0	0	0	0	0	0	0	0	0	1	0	0	0	0	0	0	0	0	0	0	0	0	0	0	0	0	0	0	0	0	0	0	0	0	0	0	0	0	0	4	0	0	0	0	0	0	0	0	0	0	0	0	0	0	0	0	2	0	0	0	1	,411	-,359832969155352	0	,401486544038709	0
3893	4	2	EV37	3	octreotide	1	0	0	0	1	1	0	0	0	0	0	0	0	0	0	0	0	0	0	0	0	0	0	0	0	0	0	0	1	3	2	0	1	0	0	2	0	0	0	0	0	1	0	0	0	0	0	0	0	0	0	0	0	0	0	0	0	0	0	0	0	0	0	2	0	0	2	0	0	0	0	0	0	0	0	0	1	0	0	0	0	0	0	0	0	0	0	0	0	0	0	0	0	0	0	0	6	0	0	0	0	0	0	0	0	0	0	0	0	0	0	0	0	2	0	0	0	1	,375	-,510825623765991	0	,1953961090275	0
3795	4	2	EV37	3	amphetamine	2	3	0	0	6	7	0	0	0	0	0	2	1	0	0	0	0	0	0	0	2	0	0	0	0	0	0	0	4	5	18	0	0	4	0	4	0	0	0	0	0	0	0	0	0	0	0	0	0	0	0	0	0	0	0	0	0	0	0	0	0	0	0	10	0	0	4	1	2	2	0	0	0	1	0	3	0	0	0	0	0	1	0	0	0	0	0	0	0	0	0	0	0	0	0	0	27	0	0	0	0	0	0	2	0	0	0	0	0	0	0	0	0	8	0	0	0	1	,299	-,852064313643903	0	,139734625961184	0
3874	4	2	EV37	3	levothyroxine	0	1	0	0	1	0	0	0	0	0	0	0	0	0	0	0	0	0	0	0	0	0	0	0	0	0	0	0	0	0	0	0	0	0	0	0	0	0	0	0	0	0	0	0	0	0	0	0	0	0	0	0	0	0	0	0	0	0	0	0	0	0	1	0	0	0	1	0	0	0	0	0	0	0	0	0	0	0	0	0	0	0	0	0	0	0	0	0	0	0	0	0	0	0	0	0	1	0	0	0	0	0	0	0	0	0	0	0	0	0	0	0	0	1	0	0	0	1	,361	-,571026496044654	0	,630763131086554	0
3949	4	2	EV37	3	verapamil	11	2	0	0	6	7	0	0	0	0	0	4	1	1	1	1	0	0	0	5	3	0	1	0	2	4	0	0	2	8	10	1	2	0	0	3	0	0	2	0	0	0	0	0	1	0	0	0	0	0	0	0	0	1	0	0	0	0	0	0	1	6	1	8	0	0	7	1	1	1	0	1	0	2	0	3	1	0	0	0	0	1	0	0	0	0	0	0	0	0	0	0	0	0	0	0	24	0	0	0	0	0	0	1	0	0	0	0	0	0	0	0	0	8	0	0	1	1	,241	-1,14720484390498	0	,502872254655171	0
3821	4	2	EV37	3	daptomycin	1	1	0	0	2	1	0	0	0	0	0	0	1	0	0	0	0	0	0	0	0	0	0	0	0	1	0	0	0	0	0	0	1	1	0	1	0	0	1	0	0	0	0	0	0	0	0	0	0	0	0	0	0	0	0	0	0	0	0	0	0	0	0	0	0	0	2	0	1	0	0	2	0	0	0	0	0	0	0	0	0	1	0	0	0	0	0	0	0	0	0	0	0	0	0	0	6	0	0	0	0	0	0	1	0	0	0	0	0	0	0	0	0	3	0	0	0	1	,401	-,40130017080888	0	,319822849275893	0
3879	4	2	EV37	3	metoprolol	10	1	0	1	4	1	0	0	0	0	0	3	2	0	1	2	0	0	0	1	3	0	0	0	0	2	0	0	1	5	7	2	3	0	0	4	0	0	4	0	1	1	0	0	0	0	0	0	0	0	0	0	0	0	0	0	1	0	0	0	0	4	0	2	0	0	5	2	1	1	0	0	0	1	0	2	0	0	0	0	0	1	0	0	0	0	0	0	0	0	0	0	0	0	0	0	17	0	0	0	0	0	0	0	0	0	0	0	0	0	0	0	0	9	0	0	0	1	,404	-,3888257891042	0	,347496559418248	0
3907	4	2	EV37	3	propoxyphene	0	0	0	0	0	0	0	0	0	0	0	0	0	0	0	0	0	0	0	0	1	0	0	0	0	0	0	0	0	0	0	0	0	0	0	0	0	0	0	0	0	0	0	0	0	0	0	0	0	0	0	0	0	0	0	0	0	0	0	0	0	0	0	0	0	0	0	0	0	0	0	0	0	1	0	0	0	0	0	0	0	0	0	0	0	0	0	0	0	0	0	0	0	0	0	0	0	0	0	0	0	0	0	0	0	0	0	0	0	0	0	0	0	0	0	0	0	1	,411	-,359832969155352	0	,391148678496599	0
3799	4	2	EV37	3	atenolol	0	0	0	0	0	0	0	0	0	0	0	0	0	0	0	0	0	0	0	0	0	0	0	0	0	0	0	0	0	0	0	0	1	0	0	0	0	0	0	0	0	0	0	0	0	0	0	0	0	0	0	0	0	0	0	0	0	0	0	0	0	0	0	0	0	0	0	0	0	0	0	0	0	0	0	0	0	0	0	0	0	0	0	0	0	0	0	0	0	0	0	0	0	0	0	0	1	0	0	0	0	0	0	0	0	0	0	0	0	0	0	0	0	0	0	0	0	1	,423	-,310470087461821	0	,388902823358956	0
3787	4	2	EV37	3	acarbose	0	0	0	0	0	0	0	0	0	0	0	0	0	0	0	0	0	0	0	0	0	0	0	0	0	0	0	0	0	0	0	0	0	0	0	0	0	0	0	0	0	0	0	0	0	0	0	0	0	0	0	0	0	0	0	0	0	0	0	0	0	0	0	0	0	0	0	0	0	0	0	0	0	0	0	0	0	0	0	0	0	0	0	0	0	0	0	0	0	0	0	0	0	0	0	0	0	0	0	0	0	0	0	0	0	0	0	0	0	0	0	0	0	0	0	0	0	1	,424	-,306374205463933	0	,384213024909259	0
3790	4	2	EV37	3	alendronate	0	0	0	0	0	0	0	0	0	0	0	0	0	0	0	0	0	0	0	0	0	0	0	0	0	0	0	0	0	0	0	0	0	0	0	0	0	0	0	0	0	0	0	0	0	0	0	0	0	0	0	0	0	0	0	0	0	0	0	0	0	0	0	0	0	0	0	0	0	0	0	0	0	0	0	0	0	0	0	0	0	0	0	0	0	0	0	0	0	0	0	0	0	0	0	0	0	0	0	0	0	0	0	0	0	0	0	0	0	0	0	0	0	0	0	0	0	1	,424	-,306374205463933	0	,385541040672307	0
3791	4	2	EV37	3	alfuzosin	0	0	0	0	0	0	0	0	0	0	0	0	0	0	0	0	0	0	0	0	0	0	0	0	0	0	0	0	0	0	0	0	0	0	0	0	0	0	0	0	0	0	0	0	0	0	0	0	0	0	0	0	0	0	0	0	0	0	0	0	0	0	0	0	0	0	0	0	0	0	0	0	0	0	0	0	0	0	0	0	0	0	0	0	0	0	0	0	0	0	0	0	0	0	0	0	0	0	0	0	0	0	0	0	0	0	0	0	0	0	0	0	0	0	0	0	0	1	,424	-,306374205463933	0	,388704188439905	0
3796	4	2	EV37	3	amphotericin b	0	0	0	0	0	0	0	0	0	0	0	0	0	0	0	0	0	0	0	0	0	0	0	0	0	0	0	0	0	0	0	0	0	0	0	0	0	0	0	0	0	0	0	0	0	0	0	0	0	0	0	0	0	0	0	0	0	0	0	0	0	0	0	0	0	0	0	0	0	0	0	0	0	0	0	0	0	0	0	0	0	0	0	0	0	0	0	0	0	0	0	0	0	0	0	0	0	0	0	0	0	0	0	0	0	0	0	0	0	0	0	0	0	0	0	0	0	1	,424	-,306374205463933	0	,387937004783104	0
3828	4	2	EV37	3	donepezil	0	0	0	0	0	0	0	0	0	0	0	0	0	0	0	0	0	0	0	0	0	0	0	0	0	0	0	0	0	0	0	0	0	0	0	0	0	0	0	0	0	0	0	0	0	0	0	0	0	0	0	0	0	0	0	0	0	0	0	0	0	0	0	0	0	0	0	0	0	0	0	0	0	0	0	0	0	0	0	0	0	0	0	0	0	0	0	0	0	0	0	0	0	0	0	0	0	0	0	0	0	0	0	0	0	0	0	0	0	0	0	0	0	0	0	0	0	1	,424	-,306374205463933	0	,394971625954313	0
3829	4	2	EV37	3	doxorubicin	0	0	0	0	0	0	0	0	0	0	0	0	0	0	0	0	0	0	0	0	0	0	0	0	0	0	0	0	0	0	0	0	0	0	0	0	0	0	0	0	0	0	0	0	0	0	0	0	0	0	0	0	0	0	0	0	0	0	0	0	0	0	0	0	0	0	0	0	0	0	0	0	0	0	0	0	0	0	0	0	0	0	0	0	0	0	0	0	0	0	0	0	0	0	0	0	0	0	0	0	0	0	0	0	0	0	0	0	0	0	0	0	0	0	0	0	0	1	,424	-,306374205463933	0	,410444718539689	0
3886	4	2	EV37	3	milnacipran	0	0	0	0	0	0	0	0	0	0	0	0	0	0	0	0	0	0	0	0	0	0	0	0	0	0	0	0	0	0	0	0	0	0	0	0	0	0	0	0	0	0	0	0	0	0	0	0	0	0	0	0	0	0	0	0	0	0	0	0	0	0	0	0	0	0	0	0	0	0	0	0	0	0	0	0	0	0	0	0	0	0	0	0	0	0	0	0	0	0	0	0	0	0	0	0	0	0	0	0	0	0	0	0	0	0	0	0	0	0	0	0	0	0	0	0	0	1	,424	-,306374205463933	0	,385624417586445	0
3927	4	2	EV37	3	succimer	0	0	0	0	0	0	0	0	0	0	0	0	0	0	0	0	0	0	0	0	0	0	0	0	0	0	0	0	0	0	0	0	0	0	0	0	0	0	0	0	0	0	0	0	0	0	0	0	0	0	0	0	0	0	0	0	0	0	0	0	0	0	0	0	0	0	0	0	0	0	0	0	0	0	0	0	0	0	0	0	0	0	0	0	0	0	0	0	0	0	0	0	0	0	0	0	0	0	0	0	0	0	0	0	0	0	0	0	0	0	0	0	0	0	0	0	0	1	,424	-,306374205463933	0	,385045525928408	0
3944	4	2	EV37	3	triptorelin pamoate	0	0	0	0	0	0	0	0	0	0	0	0	0	0	0	0	0	0	0	0	0	0	0	0	0	0	0	0	0	0	0	0	0	0	0	0	0	0	0	0	0	0	0	0	0	0	0	0	0	0	0	0	0	0	0	0	0	0	0	0	0	0	0	0	0	0	0	0	0	0	0	0	0	0	0	0	0	0	0	0	0	0	0	0	0	0	0	0	0	0	0	0	0	0	0	0	0	0	0	0	0	0	0	0	0	0	0	0	0	0	0	0	0	0	0	0	0	1	,424	-,306374205463933	0	,386604148521924	0
3854	4	2	EV37	3	gabapentin	0	0	0	0	0	0	0	0	0	0	0	0	0	0	0	0	0	0	0	0	0	0	0	0	0	0	0	0	0	0	0	0	1	0	0	0	0	0	0	0	0	0	0	0	0	0	0	0	0	0	0	0	0	0	0	0	0	0	0	0	0	0	0	0	0	0	0	0	0	0	0	0	0	0	0	1	0	0	0	0	0	0	0	0	0	0	0	0	0	0	0	0	0	0	0	0	0	0	0	0	0	0	0	0	0	0	0	0	0	0	0	0	0	0	0	0	0	1	,424	-,306374205463933	0	,385464631727001	0
3905	4	2	EV37	3	pregabalin	0	0	0	0	0	0	0	0	0	0	0	0	0	0	0	0	0	0	0	0	0	0	0	0	0	0	0	0	0	0	0	0	1	0	0	0	0	0	0	0	0	0	0	0	0	0	0	0	0	0	0	0	0	0	0	0	0	0	0	0	0	0	0	0	0	0	0	0	0	0	0	0	0	0	0	1	0	0	0	0	0	0	0	0	0	0	0	0	0	0	0	0	0	0	0	0	0	0	0	0	0	0	0	0	0	0	0	0	0	0	0	0	0	0	0	0	0	1	,424	-,306374205463933	0	,395148521627036	0
3948	4	2	EV37	3	venlafaxine	1	0	0	2	1	1	0	0	0	0	0	0	0	0	0	0	0	0	0	0	1	0	0	0	0	0	0	0	0	0	2	0	0	0	0	0	0	0	0	0	0	0	0	0	0	0	0	0	0	0	0	0	0	0	0	0	0	0	0	0	0	0	0	0	0	0	0	0	1	0	0	0	0	1	0	0	0	0	0	0	0	0	0	0	0	0	0	0	0	0	0	0	0	0	0	0	3	0	0	0	0	0	0	0	0	0	0	0	0	0	0	0	0	2	0	0	0	1	,412	-,3557035985491	0	,429798623652039	0
3918	4	2	EV37	3	ropinirole	0	0	0	1	0	0	0	0	0	0	0	0	0	0	0	0	0	0	0	0	0	0	0	0	0	0	0	0	0	0	0	0	0	0	0	0	0	0	0	0	0	0	0	0	0	0	0	0	0	0	0	0	0	0	0	0	0	0	0	0	0	0	0	0	0	0	0	0	0	0	0	0	0	0	0	1	0	0	0	0	0	0	0	0	0	0	0	0	0	0	0	0	0	0	0	0	0	0	0	0	0	0	0	0	0	0	0	0	0	0	0	0	0	0	0	0	0	1	,426	-,298190050050196	0	,394608261972263	0
3906	4	2	EV37	3	propafenone	0	0	0	1	1	0	0	0	0	0	0	0	0	0	0	0	0	0	0	0	0	0	0	0	0	0	0	0	0	0	2	0	1	0	0	0	0	0	0	0	0	0	0	0	0	0	0	0	0	0	0	0	0	0	0	0	0	0	0	0	0	0	0	0	0	0	1	0	0	0	0	0	0	2	0	0	0	0	0	0	0	0	0	0	0	0	0	0	0	0	0	0	0	0	0	0	4	0	0	0	0	0	0	0	0	0	0	0	0	0	0	0	0	0	0	0	0	1	,428	-,290015795798001	0	,425213871670044	0
3894	4	2	EV37	3	orlistat	1	0	0	0	0	0	0	0	0	0	0	0	0	0	0	0	0	0	0	0	0	0	0	0	0	0	0	0	0	0	0	0	1	0	0	0	0	0	0	0	0	0	0	0	0	0	0	0	0	0	0	0	0	0	0	0	0	0	0	0	0	0	0	0	0	0	0	0	0	1	0	0	0	0	0	0	0	0	0	0	0	0	0	0	0	0	0	0	0	0	0	0	0	0	0	0	1	0	0	0	0	0	0	0	0	0	0	0	0	0	0	0	0	1	0	0	0	1	,423	-,310470087461821	0	,384962302978367	0
3800	4	2	EV37	3	atomoxetine	0	0	0	1	0	0	0	0	0	0	0	0	0	0	0	0	0	0	0	0	0	0	0	0	0	0	0	0	0	0	0	0	0	0	0	0	0	0	0	0	0	0	0	0	0	0	0	0	0	0	0	0	0	0	0	0	0	0	0	0	0	0	0	0	0	0	0	0	0	0	0	0	0	1	0	0	0	0	0	0	0	0	0	0	0	0	0	0	0	0	0	0	0	0	0	0	0	0	0	0	0	0	0	0	0	0	0	0	0	0	0	0	0	0	0	0	0	1	,429	-,285932290727993	0	,385055220525783	0
3889	4	2	EV37	3	nelarabine	0	0	0	2	0	0	0	0	0	0	0	0	0	0	0	0	0	0	0	0	0	0	0	0	0	0	0	0	0	0	0	0	0	0	0	0	0	0	0	0	0	0	0	0	0	0	0	0	0	0	0	0	0	0	0	0	0	0	0	0	0	0	0	0	0	0	0	0	1	0	0	0	0	0	0	1	0	0	0	0	0	0	0	0	0	0	0	0	0	0	0	0	0	0	0	0	1	0	0	0	0	0	0	0	0	0	0	0	0	0	0	0	0	1	0	0	0	1	,426	-,298190050050196	0	,388380419574925	0
3877	4	2	EV37	3	memantine	0	0	0	1	0	2	0	0	0	0	0	0	0	0	0	0	0	0	0	0	0	0	0	0	1	0	0	0	0	1	4	0	0	0	0	1	0	0	0	0	0	0	0	0	0	0	0	0	0	0	0	0	0	0	0	0	0	0	0	0	0	0	0	1	0	0	0	0	1	0	0	0	0	1	0	0	1	0	0	0	0	0	0	0	0	0	0	0	0	0	0	0	0	0	0	0	4	0	0	0	0	0	0	0	0	0	0	0	0	0	0	0	0	2	0	0	0	1	,449	-,20471192141066	0	,449091507833931	0
3880	4	2	EV37	3	mexiletine	0	0	0	0	0	0	0	0	0	0	0	0	0	0	0	0	0	0	0	1	0	0	0	0	0	0	0	0	0	0	0	0	0	0	0	0	0	0	0	0	0	0	0	0	0	0	0	0	0	0	0	0	0	0	0	0	0	0	0	0	0	0	0	0	0	0	0	0	0	0	0	0	0	1	0	0	0	0	0	0	0	0	0	0	0	0	0	0	0	0	0	0	0	0	0	0	1	0	0	0	0	0	0	0	0	0	0	0	0	0	0	0	0	0	0	0	0	1	,442	-,233049080303613	0	,389125465912048	0
3947	4	2	EV37	3	valproic acid	33	2	0	0	14	15	0	0	0	0	1	5	1	0	2	0	0	0	0	3	3	0	0	0	1	2	0	0	19	32	26	1	7	8	0	4	0	0	0	0	1	0	0	0	0	0	2	0	0	0	0	0	0	0	0	0	0	8	0	0	3	9	0	27	1	0	28	0	8	7	0	5	0	3	0	13	1	0	0	0	0	1	0	0	0	0	0	0	0	0	0	0	0	0	0	0	87	0	0	0	0	0	0	9	0	0	0	0	0	0	0	0	0	27	1	0	3	1	,185	-1,48283228816254	0	,0198056006815885	0
3878	4	2	EV37	3	metformin	2	0	0	0	0	0	0	0	0	0	0	0	0	0	0	0	0	0	0	3	0	0	0	0	0	0	0	0	0	0	0	0	6	0	0	0	0	0	0	0	0	0	0	0	0	0	0	0	0	0	0	0	0	0	0	0	0	0	0	0	0	0	0	0	0	0	0	0	0	1	0	1	0	0	0	2	0	0	0	0	0	0	0	0	0	0	0	0	0	0	0	0	0	0	0	0	9	0	0	0	0	0	0	2	0	0	0	0	0	0	0	0	0	3	0	0	1	1	,459	-,164369068785937	0	,378261763997439	0
3899	4	2	EV37	3	penicillamine	1	0	0	0	0	0	0	0	0	0	0	0	1	0	0	0	0	0	0	4	0	0	0	0	0	0	0	0	0	0	0	0	1	1	0	0	0	0	0	0	0	0	0	0	0	0	1	0	0	0	0	0	0	0	0	0	0	0	0	0	0	0	0	0	0	0	1	0	0	0	0	0	0	0	0	1	0	0	0	0	0	0	0	0	0	0	0	0	0	0	0	0	0	0	0	0	4	0	0	0	0	0	0	0	0	0	0	0	0	0	0	0	0	2	0	0	0	1	,487	-,0520117220881797	0	,402530642722047	0
3825	4	2	EV37	3	desvenlafaxine	0	0	0	1	0	0	0	1	0	0	0	0	0	0	0	0	0	0	0	0	0	0	0	0	0	0	0	0	0	0	0	0	0	0	0	0	0	0	0	0	0	0	0	0	0	0	0	0	0	0	0	0	0	0	0	0	0	0	0	0	0	0	1	0	0	0	0	0	0	0	0	0	0	1	0	0	0	0	0	0	0	0	0	0	0	0	0	0	0	0	0	0	0	0	0	0	1	0	0	0	0	0	0	0	0	0	0	0	0	0	0	0	0	0	0	0	0	1	,455	-,180488375712294	0	,389796075100905	0
3820	4	2	EV37	3	danazol	0	0	0	0	0	0	0	0	0	0	0	0	0	0	0	0	0	0	0	5	0	0	0	0	0	0	0	0	0	0	0	0	2	0	0	0	0	0	0	0	0	0	0	0	0	0	0	0	0	0	0	0	0	0	0	0	0	0	0	0	0	0	0	0	0	0	0	0	0	0	0	0	0	1	0	0	0	0	0	0	0	0	0	0	0	0	0	0	0	0	0	0	0	0	0	0	3	0	0	0	0	0	0	0	0	0	0	0	0	0	0	0	0	2	1	0	1	1	,503	,0120001440031106	0	,455838792010748	0
3950	4	2	EV37	3	vincristine	5	0	0	1	7	5	0	0	0	0	0	2	1	0	1	0	0	0	0	3	2	0	0	0	0	1	0	0	1	9	12	0	1	1	0	4	0	0	2	0	1	0	0	0	0	0	0	0	0	0	0	0	1	0	0	0	1	0	0	0	1	1	1	8	0	0	9	0	2	0	0	2	0	1	0	4	1	0	0	0	0	1	0	0	0	0	0	0	0	0	0	0	0	0	0	0	28	0	0	0	0	0	0	4	0	0	0	0	0	0	0	0	0	14	1	0	2	1	,686	,781484641817632	0	,555580360039763	0
3837	4	2	EV37	3	estradiol	39	0	2	0	0	0	0	1	0	0	0	0	0	0	0	0	0	0	0	7	0	0	0	0	0	0	0	0	0	0	0	0	20	0	1	0	0	0	0	0	0	0	0	0	0	0	0	0	0	0	0	0	0	0	0	0	0	0	0	0	0	0	2	0	0	0	12	0	3	5	0	3	0	2	0	9	1	0	0	0	0	0	0	0	0	0	0	0	0	0	0	0	0	0	0	0	48	0	0	0	0	0	0	5	0	0	0	0	0	0	0	0	0	16	1	0	5	1	,603	,417980916039995	0	,489475924349849	0
4123	4	3	EV37	3	vitamin a	11	1	0	0	2	4	0	0	0	0	0	2	0	0	0	0	0	0	0	0	4	1	0	0	0	0	0	0	2	5	13	0	3	7	0	1	0	0	0	0	1	0	0	0	0	0	2	0	0	0	0	0	0	0	0	0	0	0	0	0	3	5	0	4	0	0	6	0	1	0	6	5	0	0	0	0	0	0	0	0	0	0	0	0	0	0	0	0	0	0	0	0	0	0	0	0	26	0	0	0	0	0	0	0	0	0	0	0	0	0	0	0	0	1	1	0	0	1	,052	-2,90311078367359	0	,0679745202976183	0
3967	4	3	EV37	3	amphetamine	2	3	0	0	7	10	0	0	0	0	1	2	1	0	0	3	0	0	0	2	4	0	0	0	0	0	0	0	4	18	22	2	1	3	0	12	0	0	2	0	0	1	0	0	2	0	0	0	0	0	0	0	0	2	0	0	0	0	0	0	1	1	0	18	0	0	2	1	2	0	6	8	0	0	0	0	0	0	0	0	0	0	0	0	0	0	0	0	1	0	0	0	0	0	0	0	39	0	0	0	0	0	0	0	0	0	0	0	0	0	0	0	0	2	0	0	0	1	,217	-1,28323534245034	0	,156024226111244	0
4065	4	3	EV37	3	octreotide	2	1	0	1	3	1	0	0	0	0	0	2	0	0	0	0	0	0	0	0	2	0	1	0	0	0	0	0	2	4	5	1	2	3	0	1	0	0	0	0	0	1	0	0	0	0	1	0	0	0	0	0	0	0	1	0	0	0	0	0	0	1	0	1	0	0	5	0	1	0	4	1	0	0	0	0	0	0	0	0	0	0	0	0	0	0	0	0	0	0	0	0	0	0	0	0	12	0	0	0	0	0	0	0	0	0	0	0	0	0	0	0	0	1	0	0	1	1	,129	-1,90982957249083	0	,216541148949197	0
4119	4	3	EV37	3	valproic acid	35	1	0	0	12	18	0	0	0	0	1	3	0	0	2	0	0	0	0	1	1	0	0	0	0	0	0	0	20	35	30	1	7	12	0	8	0	0	1	0	1	1	0	0	0	0	1	0	0	0	0	0	0	0	2	0	0	2	0	0	4	6	1	44	0	0	28	0	5	2	17	19	0	0	0	1	0	0	0	0	0	0	0	0	0	0	0	0	1	0	0	0	0	0	0	0	107	0	0	0	0	0	0	2	0	0	0	0	0	0	0	0	0	4	1	0	1	1	,17	-1,58562726374038	0	,0224797778462403	0
4043	4	3	EV37	3	leuprolide	1	0	0	2	1	0	0	0	0	0	0	1	0	0	0	0	0	0	0	0	0	0	0	0	0	0	0	0	1	3	0	0	0	1	1	2	0	0	0	0	0	0	0	0	0	0	1	0	0	0	0	0	0	1	0	0	0	0	0	0	0	1	1	2	0	0	3	0	1	0	3	1	0	0	0	0	0	0	0	0	0	0	0	0	0	0	0	0	0	0	0	0	0	0	0	0	7	0	0	0	0	0	0	1	0	0	0	0	0	0	0	0	0	0	0	0	0	1	,404	-,3888257891042	0	,389122772618298	0
4051	4	3	EV37	3	metoprolol	4	1	0	1	3	5	0	0	0	0	0	1	1	0	2	2	0	0	0	2	3	0	0	0	0	2	0	0	0	4	11	1	0	1	0	6	0	0	4	0	0	1	0	0	0	0	0	0	0	0	0	0	0	0	0	0	1	0	0	0	1	2	0	2	0	0	5	0	1	0	4	3	0	0	0	1	0	0	0	0	0	0	0	0	0	0	0	0	0	0	0	0	0	0	0	0	18	0	0	0	0	0	0	3	0	0	0	0	0	0	0	0	0	1	0	0	0	1	,337	-,676692059833501	0	,377381272811556	0
4078	4	3	EV37	3	propafenone	1	0	0	0	0	1	0	0	0	0	0	0	0	0	0	0	0	0	0	0	0	0	0	0	0	0	0	0	0	1	2	0	0	0	0	2	0	0	1	0	0	1	0	0	0	0	0	0	0	0	0	0	0	0	0	0	0	0	0	0	0	0	0	1	0	0	0	0	1	0	0	0	0	0	0	0	0	0	0	0	0	0	0	0	0	0	0	0	0	0	0	0	0	0	0	0	2	0	0	0	0	0	0	0	0	0	0	0	0	0	0	0	0	0	0	0	0	1	,381	-,485305897557895	0	,457100130571854	0
4105	4	3	EV37	3	terbutaline	0	2	0	1	2	2	0	0	0	0	0	0	0	1	0	0	0	0	0	1	1	0	0	0	0	0	0	0	0	2	3	0	0	0	0	4	0	0	0	0	0	0	0	0	0	0	0	0	0	0	0	0	0	0	0	0	0	0	0	0	0	0	0	3	0	0	2	0	1	0	3	1	0	0	0	0	0	0	0	0	0	0	0	0	0	0	0	0	0	0	0	0	0	0	0	0	10	0	0	0	0	0	0	0	0	0	0	0	0	0	0	0	0	0	0	0	0	1	,413	-,351577226867064	0	,432933690748253	0
3993	4	3	EV37	3	daptomycin	1	0	0	0	0	4	0	0	0	0	0	0	0	0	0	0	0	0	0	0	0	0	0	0	0	1	0	0	0	0	1	0	1	2	0	1	0	0	1	0	0	0	0	0	0	0	0	0	0	0	0	0	0	0	0	0	0	0	0	0	1	0	0	1	0	0	2	0	1	0	0	2	0	0	0	0	0	0	0	0	0	0	0	0	0	0	0	0	0	0	0	0	0	0	0	0	3	0	0	0	0	0	0	1	0	0	0	0	0	0	0	0	0	1	0	0	0	1	,364	-,558044695703382	0	,348599102563142	0
4121	4	3	EV37	3	verapamil	5	5	0	2	5	11	0	0	0	0	0	2	0	1	1	0	0	0	0	4	3	0	1	0	1	4	0	0	1	15	13	0	0	0	0	9	0	0	5	0	1	2	0	0	0	0	0	0	0	0	0	0	0	0	0	0	2	0	0	0	2	3	0	8	0	0	7	0	2	0	4	4	0	0	0	1	0	0	0	0	0	0	0	0	0	0	0	0	0	0	0	0	0	0	0	0	25	0	0	0	0	0	0	1	0	0	0	0	0	0	0	0	0	1	1	0	1	1	,227	-1,22532903110602	0	,535159989901569	0
3972	4	3	EV37	3	atomoxetine	0	0	0	0	0	0	0	0	0	0	0	0	0	0	0	0	0	0	0	0	0	0	0	0	0	0	0	0	0	0	0	0	0	0	0	0	0	0	0	0	0	0	0	0	0	0	0	0	0	0	0	0	0	0	0	0	0	0	0	0	0	0	0	0	0	0	1	0	0	0	0	0	0	0	0	0	0	0	0	0	0	0	0	0	0	0	0	0	0	0	0	0	0	0	0	0	1	0	0	0	0	0	0	0	0	0	0	0	0	0	0	0	0	0	0	0	0	1	,423	-,310470087461821	0	,416110136504017	0
4120	4	3	EV37	3	venlafaxine	0	0	0	0	0	1	0	0	0	0	0	0	0	0	0	0	0	0	0	0	0	0	0	0	0	0	0	0	0	1	2	0	0	0	0	0	0	0	0	0	0	0	0	0	0	0	0	0	0	0	0	0	0	0	0	0	0	0	0	0	0	1	0	0	0	0	1	0	0	0	0	1	0	0	0	0	0	0	0	0	0	0	0	0	0	0	0	0	0	0	0	0	0	0	0	0	4	0	0	0	0	0	0	0	0	0	0	0	0	0	0	0	0	1	0	0	0	1	,426	-,298190050050196	0	,461752492938714	0
4026	4	3	EV37	3	gabapentin	0	0	0	0	0	0	0	0	0	0	0	0	0	0	0	0	0	0	0	0	0	0	0	0	0	0	0	0	0	0	0	0	1	0	0	0	0	0	0	0	0	0	0	0	0	0	0	0	0	0	0	0	0	0	0	0	0	0	0	0	0	0	0	0	0	0	0	0	0	0	0	0	0	0	0	0	0	0	0	0	0	0	0	0	0	0	0	0	0	0	0	0	0	0	0	0	1	0	0	0	0	0	0	0	0	0	0	0	0	0	0	0	0	0	0	0	0	1	,423	-,310470087461821	0	,416530201504798	0
4116	4	3	EV37	3	triptorelin pamoate	0	0	0	0	0	0	0	0	0	0	0	0	0	0	0	0	0	0	0	0	0	0	0	0	0	0	0	0	0	0	0	0	1	0	0	0	0	0	0	0	0	0	0	0	0	0	0	0	0	0	0	0	0	0	0	0	0	0	0	0	0	0	0	0	0	0	0	0	0	0	0	0	0	0	0	0	0	0	0	0	0	0	0	0	0	0	0	0	0	0	0	0	0	0	0	0	1	0	0	0	0	0	0	0	0	0	0	0	0	0	0	0	0	0	0	0	0	1	,423	-,310470087461821	0	,417699133626962	0
3959	4	3	EV37	3	acarbose	0	0	0	0	0	0	0	0	0	0	0	0	0	0	0	0	0	0	0	0	0	0	0	0	0	0	0	0	0	0	0	0	0	0	0	0	0	0	0	0	0	0	0	0	0	0	0	0	0	0	0	0	0	0	0	0	0	0	0	0	0	0	0	0	0	0	0	0	0	0	0	0	0	0	0	0	0	0	0	0	0	0	0	0	0	0	0	0	0	0	0	0	0	0	0	0	0	0	0	0	0	0	0	0	0	0	0	0	0	0	0	0	0	0	0	0	0	1	,424	-,306374205463933	0	,415245883205818	0
3962	4	3	EV37	3	alendronate	0	0	0	0	0	0	0	0	0	0	0	0	0	0	0	0	0	0	0	0	0	0	0	0	0	0	0	0	0	0	0	0	0	0	0	0	0	0	0	0	0	0	0	0	0	0	0	0	0	0	0	0	0	0	0	0	0	0	0	0	0	0	0	0	0	0	0	0	0	0	0	0	0	0	0	0	0	0	0	0	0	0	0	0	0	0	0	0	0	0	0	0	0	0	0	0	0	0	0	0	0	0	0	0	0	0	0	0	0	0	0	0	0	0	0	0	0	1	,424	-,306374205463933	0	,416608593787759	0
3963	4	3	EV37	3	alfuzosin	0	0	0	0	0	0	0	0	0	0	0	0	0	0	0	0	0	0	0	0	0	0	0	0	0	0	0	0	0	0	0	0	0	0	0	0	0	0	0	0	0	0	0	0	0	0	0	0	0	0	0	0	0	0	0	0	0	0	0	0	0	0	0	0	0	0	0	0	0	0	0	0	0	0	0	0	0	0	0	0	0	0	0	0	0	0	0	0	0	0	0	0	0	0	0	0	0	0	0	0	0	0	0	0	0	0	0	0	0	0	0	0	0	0	0	0	0	1	,424	-,306374205463933	0	,419852468841824	0
3968	4	3	EV37	3	amphotericin b	0	0	0	0	0	0	0	0	0	0	0	0	0	0	0	0	0	0	0	0	0	0	0	0	0	0	0	0	0	0	0	0	0	0	0	0	0	0	0	0	0	0	0	0	0	0	0	0	0	0	0	0	0	0	0	0	0	0	0	0	0	0	0	0	0	0	0	0	0	0	0	0	0	0	0	0	0	0	0	0	0	0	0	0	0	0	0	0	0	0	0	0	0	0	0	0	0	0	0	0	0	0	0	0	0	0	0	0	0	0	0	0	0	0	0	0	0	1	,424	-,306374205463933	0	,41906595288064	0
3971	4	3	EV37	3	atenolol	0	0	0	0	0	0	0	0	0	0	0	0	0	0	0	0	0	0	0	0	0	0	0	0	0	0	0	0	0	0	0	0	0	0	0	0	0	0	0	0	0	0	0	0	0	0	0	0	0	0	0	0	0	0	0	0	0	0	0	0	0	0	0	0	0	0	0	0	0	0	0	0	0	0	0	0	0	0	0	0	0	0	0	0	0	0	0	0	0	0	0	0	0	0	0	0	0	0	0	0	0	0	0	0	0	0	0	0	0	0	0	0	0	0	0	0	0	1	,424	-,306374205463933	0	,420056083391745	0
4000	4	3	EV37	3	donepezil	0	0	0	0	0	0	0	0	0	0	0	0	0	0	0	0	0	0	0	0	0	0	0	0	0	0	0	0	0	0	0	0	0	0	0	0	0	0	0	0	0	0	0	0	0	0	0	0	0	0	0	0	0	0	0	0	0	0	0	0	0	0	0	0	0	0	0	0	0	0	0	0	0	0	0	0	0	0	0	0	0	0	0	0	0	0	0	0	0	0	0	0	0	0	0	0	0	0	0	0	0	0	0	0	0	0	0	0	0	0	0	0	0	0	0	0	0	1	,424	-,306374205463933	0	,426271919541806	0
4001	4	3	EV37	3	doxorubicin	0	0	0	0	0	0	0	0	0	0	0	0	0	0	0	0	0	0	0	0	0	0	0	0	0	0	0	0	0	0	0	0	0	0	0	0	0	0	0	0	0	0	0	0	0	0	0	0	0	0	0	0	0	0	0	0	0	0	0	0	0	0	0	0	0	0	0	0	0	0	0	0	0	0	0	0	0	0	0	0	0	0	0	0	0	0	0	0	0	0	0	0	0	0	0	0	0	0	0	0	0	0	0	0	0	0	0	0	0	0	0	0	0	0	0	0	0	1	,424	-,306374205463933	0	,442075264956012	0
4052	4	3	EV37	3	mexiletine	0	0	0	0	0	0	0	0	0	0	0	0	0	0	0	0	0	0	0	0	0	0	0	0	0	0	0	0	0	0	0	0	0	0	0	0	0	0	0	0	0	0	0	0	0	0	0	0	0	0	0	0	0	0	0	0	0	0	0	0	0	0	0	0	0	0	0	0	0	0	0	0	0	0	0	0	0	0	0	0	0	0	0	0	0	0	0	0	0	0	0	0	0	0	0	0	0	0	0	0	0	0	0	0	0	0	0	0	0	0	0	0	0	0	0	0	0	1	,424	-,306374205463933	0	,420284294826521	0
4058	4	3	EV37	3	milnacipran	0	0	0	0	0	0	0	0	0	0	0	0	0	0	0	0	0	0	0	0	0	0	0	0	0	0	0	0	0	0	0	0	0	0	0	0	0	0	0	0	0	0	0	0	0	0	0	0	0	0	0	0	0	0	0	0	0	0	0	0	0	0	0	0	0	0	0	0	0	0	0	0	0	0	0	0	0	0	0	0	0	0	0	0	0	0	0	0	0	0	0	0	0	0	0	0	0	0	0	0	0	0	0	0	0	0	0	0	0	0	0	0	0	0	0	0	0	1	,424	-,306374205463933	0	,416694133113797	0
4099	4	3	EV37	3	succimer	0	0	0	0	0	0	0	0	0	0	0	0	0	0	0	0	0	0	0	0	0	0	0	0	0	0	0	0	0	0	0	0	0	0	0	0	0	0	0	0	0	0	0	0	0	0	0	0	0	0	0	0	0	0	0	0	0	0	0	0	0	0	0	0	0	0	0	0	0	0	0	0	0	0	0	0	0	0	0	0	0	0	0	0	0	0	0	0	0	0	0	0	0	0	0	0	0	0	0	0	0	0	0	0	0	0	0	0	0	0	0	0	0	0	0	0	0	1	,424	-,306374205463933	0	,41610018908469	0
4079	4	3	EV37	3	propoxyphene	0	0	0	0	0	0	0	0	0	0	0	0	0	0	0	0	0	0	0	0	0	0	0	0	0	0	0	0	0	1	0	0	0	0	0	0	0	0	0	0	0	0	0	0	0	0	0	0	0	0	0	0	0	0	0	0	0	0	0	0	0	0	0	1	0	0	0	0	0	0	0	0	0	0	0	0	0	0	0	0	0	0	0	0	0	0	0	0	0	0	0	0	0	0	0	0	1	0	0	0	0	0	0	0	0	0	0	0	0	0	0	0	0	0	0	0	0	1	,429	-,285932290727993	0	,422357502985361	0
4077	4	3	EV37	3	pregabalin	0	0	0	1	0	0	0	0	0	0	0	0	0	0	0	0	0	0	0	0	0	0	0	0	0	0	0	0	0	0	0	0	0	0	0	0	0	0	0	0	0	0	0	0	0	0	0	0	0	0	0	0	0	0	0	0	0	0	0	0	0	0	0	0	0	0	0	0	0	0	0	0	0	0	0	0	0	0	0	0	0	0	0	0	0	0	0	0	0	0	0	0	0	0	0	0	1	0	0	0	0	0	0	0	0	0	0	0	0	0	0	0	0	0	0	0	0	1	,425	-,302280871872933	0	,426452952787474	0
4090	4	3	EV37	3	ropinirole	0	0	0	1	0	0	0	0	0	0	0	0	0	0	0	0	0	0	0	0	0	0	0	0	0	0	0	0	0	0	0	0	1	0	0	0	0	0	0	0	0	0	0	0	0	0	0	0	0	0	0	0	0	0	0	0	0	0	0	0	0	0	0	0	0	0	0	0	0	0	0	1	0	0	0	0	0	0	0	0	0	0	0	0	0	0	0	0	0	0	0	0	0	0	0	0	2	0	0	0	0	0	0	0	0	0	0	0	0	0	0	0	0	0	0	0	0	1	,423	-,310470087461821	0	,425900030195223	0
4061	4	3	EV37	3	nelarabine	0	0	0	1	0	0	0	0	0	0	0	0	0	0	0	0	0	0	0	0	0	0	0	0	0	0	0	0	0	0	0	0	0	0	0	0	0	0	0	0	0	0	0	0	0	0	0	0	0	0	0	0	0	0	0	0	0	0	0	0	0	0	0	0	0	0	0	0	0	0	0	1	0	0	0	0	0	0	0	0	0	0	0	0	0	0	0	0	0	0	0	0	0	0	0	0	1	0	0	0	0	0	0	0	0	0	0	0	0	0	0	0	0	1	0	0	0	1	,425	-,302280871872933	0	,419520560601474	0
4009	4	3	EV37	3	estradiol	54	0	0	0	0	0	0	0	0	0	0	0	0	0	0	0	0	0	0	2	0	0	0	0	0	0	0	0	0	0	1	1	23	0	0	0	0	0	0	0	0	0	0	0	0	0	0	0	0	0	0	0	0	0	0	0	0	0	0	0	0	0	2	0	0	0	11	0	3	1	11	12	0	0	0	0	0	0	0	0	0	0	0	0	0	0	0	0	1	0	0	0	0	0	0	0	73	0	0	0	0	0	0	0	0	0	0	0	0	0	0	0	0	0	1	0	1	1	,35	-,619039208406224	0	,52180635867519	0
4066	4	3	EV37	3	orlistat	3	0	0	3	0	0	0	0	0	0	0	0	0	0	0	0	0	0	0	0	0	0	0	0	0	0	0	0	0	0	0	0	2	0	0	0	0	0	0	0	0	0	0	0	0	0	0	0	0	0	0	0	0	0	0	0	0	0	0	0	0	0	0	0	0	0	0	0	1	0	1	3	0	0	0	0	0	0	0	0	0	0	0	0	0	0	0	0	0	0	0	0	0	0	0	0	6	0	0	0	0	0	0	0	0	0	0	0	0	0	0	0	0	0	0	0	0	1	,431	-,277772344022583	0	,416014794752337	0
4050	4	3	EV37	3	metformin	4	0	0	0	0	0	0	0	0	0	0	0	0	0	0	0	0	0	0	1	0	0	0	0	0	0	0	0	0	0	0	0	15	0	0	0	0	0	0	0	0	0	0	0	0	0	0	0	0	0	0	0	0	0	0	0	0	0	0	0	0	0	0	0	0	0	0	0	1	0	5	2	0	0	0	0	0	0	0	0	0	0	0	0	0	0	0	0	0	0	0	0	0	0	0	0	16	0	0	0	0	0	0	0	0	0	0	0	0	0	0	0	0	1	0	0	0	1	,463	-,148271040422631	0	,409133308575602	0
4071	4	3	EV37	3	penicillamine	9	0	0	0	0	0	0	0	0	0	0	0	0	0	0	0	0	0	0	3	0	0	0	0	0	0	0	0	0	0	0	0	0	0	1	0	0	0	0	0	0	0	0	0	0	0	0	0	0	0	0	0	0	0	0	0	0	0	0	0	0	0	0	0	0	0	1	0	1	0	3	0	0	0	0	0	0	0	0	0	0	0	0	0	0	0	0	0	0	0	0	0	0	0	0	0	12	0	0	0	0	0	0	0	0	0	0	0	0	0	0	0	0	0	1	0	0	1	,483	-,0680262208558565	0	,434000268514993	0
3997	4	3	EV37	3	desvenlafaxine	0	0	0	0	0	0	0	1	0	0	0	0	0	0	0	0	0	0	0	0	0	0	0	0	0	0	0	0	0	0	0	0	0	0	1	0	0	0	0	0	0	0	0	0	0	0	0	0	0	0	0	0	0	0	0	0	0	0	0	0	0	0	1	0	0	0	0	0	0	0	0	0	0	0	0	0	0	0	0	0	0	0	0	0	0	0	0	0	0	0	0	0	0	0	0	0	2	0	0	0	0	0	0	0	0	0	0	0	0	0	0	0	0	0	0	0	0	1	,449	-,20471192141066	0	,42097159725522	0
4046	4	3	EV37	3	levothyroxine	2	0	1	0	0	0	0	0	0	0	0	0	0	0	0	0	0	0	0	0	0	0	0	0	0	0	0	0	0	0	1	0	0	0	0	0	0	0	0	0	0	0	0	0	0	0	0	0	0	0	0	0	0	0	0	0	0	0	0	0	0	0	1	0	0	0	2	0	0	0	1	1	0	0	0	0	0	0	0	0	0	0	0	0	0	0	0	0	0	0	0	0	0	0	0	0	6	0	0	0	0	0	0	0	0	0	0	0	0	0	0	0	0	0	0	0	0	1	,463	-,148271040422631	0	,660354720357337	0
4049	4	3	EV37	3	memantine	0	0	0	1	1	4	0	0	0	0	0	0	1	0	0	0	0	0	0	0	1	0	0	0	2	0	0	0	0	4	4	0	0	0	0	2	0	0	0	0	0	0	0	0	0	0	0	0	0	0	0	0	0	0	0	0	0	0	0	0	0	0	0	2	0	0	0	0	2	0	1	3	0	0	0	0	0	0	0	0	0	0	0	0	0	0	0	0	0	0	0	0	0	0	0	0	9	0	0	0	0	0	0	0	0	0	0	0	0	0	0	0	0	1	0	0	0	1	,548	,192593107115784	0	,481269087841862	0
3992	4	3	EV37	3	danazol	2	0	1	0	0	0	0	0	0	0	0	0	0	0	0	0	0	0	0	2	0	0	0	0	0	0	0	0	0	0	0	0	3	0	0	0	0	0	0	0	0	0	0	0	0	0	0	0	0	0	0	0	0	0	0	0	0	0	0	0	0	0	0	0	0	0	2	0	0	0	0	2	0	0	0	0	0	0	0	0	0	0	0	0	0	0	0	0	0	0	0	0	0	0	0	0	9	0	0	0	0	0	0	0	0	0	0	0	0	0	0	0	0	0	0	0	0	1	,525	,100083458556983	0	,488071514126311	0
4122	4	3	EV37	3	vincristine	5	1	0	2	10	5	0	0	0	0	0	3	1	0	3	1	0	0	0	0	1	0	0	0	1	2	0	0	4	9	10	1	5	3	1	5	0	0	3	0	0	0	0	0	0	0	0	0	0	0	0	0	1	1	1	0	1	0	0	0	2	1	0	10	0	0	9	1	2	0	5	7	0	0	0	0	0	0	0	0	0	0	0	0	0	0	0	0	0	0	0	0	0	0	0	0	28	0	0	0	0	0	0	0	0	0	0	0	0	0	0	0	0	1	0	0	1	1	,637	,562366821307313	0	,587254554683588	0
4295	4	4	EV37	3	vitamin a	3	0	0	0	0	7	0	0	0	0	1	0	0	0	0	1	0	0	0	1	1	0	0	1	0	0	0	0	0	3	8	0	1	2	0	4	0	0	2	0	1	0	0	0	0	0	0	0	0	0	0	0	0	0	0	0	2	0	0	0	1	1	1	5	0	0	2	0	3	2	0	6	0	0	0	2	1	0	1	0	0	1	0	0	1	0	0	0	0	0	0	0	0	0	0	0	13	0	0	0	0	0	0	2	0	0	0	0	0	0	0	0	0	1	4	0	0	1	,161	-1,65080634148274	0	,0702502179895235	0
4139	4	4	EV37	3	amphetamine	3	4	0	0	2	2	0	0	0	0	0	1	0	0	0	0	0	0	0	0	3	0	0	0	0	0	0	0	1	5	9	1	0	1	0	4	0	0	0	0	0	0	0	0	0	0	1	0	0	0	0	0	0	0	0	0	0	0	0	0	0	1	0	5	0	0	1	1	3	1	0	4	0	0	0	1	0	0	0	0	0	0	0	0	0	0	0	0	0	0	0	0	0	0	0	0	11	0	0	0	0	0	0	2	0	0	0	0	0	0	0	0	0	0	2	0	0	1	,291	-,890532259360635	0	,160739329728645	0
4294	4	4	EV37	3	vincristine	1	0	0	0	1	3	0	0	0	0	0	0	0	0	0	0	0	0	0	0	0	0	0	0	0	0	0	0	2	2	2	0	3	2	0	1	0	0	0	0	0	0	0	0	0	0	0	0	0	0	0	0	0	0	0	0	0	0	0	0	0	0	0	3	0	0	2	1	1	0	0	2	0	0	0	1	0	0	0	0	0	0	0	0	0	0	0	0	0	0	0	0	0	0	0	0	9	0	0	0	0	0	0	1	0	0	0	0	0	0	0	0	0	1	1	0	0	1	,364	-,558044695703382	0	,595801740878724	0
4237	4	4	EV37	3	octreotide	1	1	0	0	0	0	0	0	0	0	0	0	0	0	0	0	0	0	0	0	0	0	0	0	0	0	0	0	0	3	2	0	1	0	0	1	0	0	0	0	0	0	0	0	0	0	0	0	0	0	0	0	0	0	0	0	0	0	0	0	0	2	0	1	0	0	1	0	0	0	0	0	0	0	0	0	0	0	0	0	0	0	0	0	0	0	0	0	0	0	0	0	0	0	0	0	4	0	0	0	0	0	0	1	0	0	0	0	0	0	0	0	0	0	1	0	0	1	,418	-,330989015206681	0	,222602728113461	0
4165	4	4	EV37	3	daptomycin	0	0	0	0	0	4	0	0	0	0	0	0	0	0	0	0	0	0	0	0	0	0	0	0	0	0	0	0	0	1	0	0	0	0	0	3	0	0	2	0	0	0	0	0	0	0	0	0	0	0	0	0	0	0	0	0	0	0	0	0	0	0	0	0	0	0	0	0	0	0	0	0	0	0	0	0	0	0	0	0	0	0	0	0	0	0	0	0	0	0	0	0	0	0	0	0	4	0	0	0	0	0	0	1	0	0	0	0	0	0	0	0	0	0	1	0	0	1	,424	-,306374205463933	0	,356674416586393	0
4172	4	4	EV37	3	donepezil	0	0	0	0	0	0	0	0	0	0	0	0	0	0	0	0	0	0	0	0	0	0	0	0	0	0	0	0	0	0	0	0	1	0	0	0	0	0	0	0	0	0	0	0	0	0	0	0	0	0	0	0	0	0	0	0	0	0	0	0	0	0	0	0	0	0	0	0	0	0	0	0	0	0	0	0	0	0	0	0	0	0	0	0	0	0	0	0	0	0	0	0	0	0	0	0	0	0	0	0	0	0	0	1	0	0	0	0	0	0	0	0	0	0	0	0	0	1	,424	-,306374205463933	0	,43494512595902	0
4198	4	4	EV37	3	gabapentin	0	0	0	0	0	0	0	0	0	0	0	0	0	0	0	0	0	0	0	0	0	0	0	0	0	0	0	0	0	0	0	0	1	0	0	0	0	0	0	0	0	0	0	0	0	0	0	0	0	0	0	0	0	0	0	0	0	0	0	0	0	0	0	0	0	0	0	0	0	0	0	0	0	0	0	0	0	0	0	0	0	0	0	0	0	0	0	0	0	0	0	0	0	0	0	0	0	0	0	0	0	0	0	1	0	0	0	0	0	0	0	0	0	0	0	0	0	1	,424	-,306374205463933	0	,425152077944268	0
4251	4	4	EV37	3	propoxyphene	1	0	0	0	0	0	0	0	0	0	0	0	0	0	0	0	0	0	0	0	0	0	0	0	0	0	0	0	0	0	0	0	0	0	0	0	0	0	0	0	0	0	0	0	0	0	0	0	0	0	0	0	0	0	0	0	0	0	0	0	0	0	0	0	0	0	0	0	0	0	0	0	0	0	0	0	0	0	0	0	0	0	0	0	0	0	0	0	0	0	0	0	0	0	0	0	0	0	0	0	0	0	0	1	0	0	0	0	0	0	0	0	0	0	0	0	0	1	,424	-,306374205463933	0	,431010897318773	0
4164	4	4	EV37	3	danazol	0	0	0	0	0	0	0	0	0	0	0	0	0	0	0	0	0	0	0	0	0	0	0	0	0	0	0	0	0	0	0	0	1	0	0	0	0	0	0	0	0	0	0	0	0	0	0	0	0	0	0	0	0	0	0	0	0	0	0	0	0	0	0	0	0	0	1	0	1	0	0	0	0	0	0	0	0	0	0	0	0	0	0	0	0	0	0	0	0	0	0	0	0	0	0	0	3	0	0	0	0	0	0	0	0	0	0	0	0	0	0	0	0	0	0	0	0	1	,42	-,322773392263051	0	,496913072650648	0
4223	4	4	EV37	3	metoprolol	0	0	0	0	0	1	0	0	0	0	0	0	0	0	0	0	0	0	0	0	1	0	0	0	1	0	0	0	0	2	2	1	0	0	0	1	0	0	0	0	0	0	0	0	0	0	0	0	0	0	0	0	0	0	0	0	0	0	0	0	0	0	0	2	0	0	1	1	0	0	0	2	0	0	0	0	0	0	0	0	0	0	0	0	0	0	0	0	0	0	0	0	0	0	0	0	1	0	0	0	0	0	0	2	0	0	0	0	0	0	0	0	0	0	1	0	0	1	,434	-,265549544102778	0	,385728515349103	0
4224	4	4	EV37	3	mexiletine	1	0	0	0	0	0	0	0	0	0	0	0	0	0	0	0	0	0	0	0	0	0	0	0	0	0	0	0	0	0	0	0	1	0	0	0	0	0	0	0	0	0	0	0	0	0	0	0	0	0	0	0	0	0	0	0	0	0	0	0	0	0	0	0	0	0	0	0	0	0	0	1	0	0	0	0	0	0	0	0	0	0	0	0	0	0	0	0	0	0	0	0	0	0	0	0	0	0	0	0	0	0	0	1	0	0	0	0	0	0	0	0	0	0	0	0	0	1	,424	-,306374205463933	0	,428926753449533	0
4131	4	4	EV37	3	acarbose	0	0	0	0	0	0	0	0	0	0	0	0	0	0	0	0	0	0	0	0	0	0	0	0	0	0	0	0	0	0	0	0	0	0	0	0	0	0	0	0	0	0	0	0	0	0	0	0	0	0	0	0	0	0	0	0	0	0	0	0	0	0	0	0	0	0	1	0	0	0	0	0	0	0	0	0	0	0	0	0	0	0	0	0	0	0	0	0	0	0	0	0	0	0	0	0	0	0	0	0	0	0	0	0	0	0	0	0	0	0	0	0	0	0	1	0	0	1	,424	-,306374205463933	0	,423860487411859	0
4144	4	4	EV37	3	atomoxetine	0	0	0	1	0	0	0	0	0	0	0	0	0	0	0	0	0	0	0	0	0	0	0	0	0	0	0	0	0	0	0	0	0	0	0	0	0	0	0	0	0	0	0	0	0	0	0	0	0	0	0	0	0	0	0	0	0	0	0	0	0	0	0	0	0	0	0	0	0	0	0	0	0	0	0	0	0	0	0	0	0	0	0	0	0	0	0	0	0	0	0	0	0	0	0	0	0	0	0	0	0	0	0	1	0	0	0	0	0	0	0	0	0	0	0	0	0	1	,426	-,298190050050196	0	,424729647349515	0
4173	4	4	EV37	3	doxorubicin	0	0	0	0	0	0	0	0	0	0	0	0	0	0	0	0	0	0	0	0	0	0	0	0	0	0	0	0	0	0	0	0	0	0	0	0	0	0	0	0	0	0	0	0	0	0	0	0	0	0	0	0	0	0	0	0	0	0	0	0	0	0	0	0	0	0	1	0	1	0	0	0	0	0	0	0	0	0	0	0	0	0	0	0	0	0	0	0	0	0	0	0	0	0	0	0	0	0	0	0	0	0	0	0	0	0	0	0	0	0	0	0	0	0	0	0	0	1	,424	-,306374205463933	0	,450817356531498	0
4134	4	4	EV37	3	alendronate	0	0	0	0	0	0	0	0	0	0	0	0	0	0	0	0	0	0	0	0	0	0	0	0	0	0	0	0	0	0	0	0	0	0	0	0	0	0	0	0	0	0	0	0	0	0	0	0	0	0	0	0	0	0	0	0	0	0	0	0	0	0	0	0	0	0	0	0	0	0	0	0	0	0	0	0	0	0	0	0	0	0	0	0	0	0	0	0	0	0	0	0	0	0	0	0	0	0	0	0	0	0	0	0	0	0	0	0	0	0	0	0	0	0	0	0	0	1	,424	-,306374205463933	0	,42523091029894	0
4140	4	4	EV37	3	amphotericin b	0	0	0	0	0	0	0	0	0	0	0	0	0	0	0	0	0	0	0	0	0	0	0	0	0	0	0	0	0	0	0	0	0	0	0	0	0	0	0	0	0	0	0	0	0	0	0	0	0	0	0	0	0	0	0	0	0	0	0	0	0	0	0	0	0	0	0	0	0	0	0	0	0	0	0	0	0	0	0	0	0	0	0	0	0	0	0	0	0	0	0	0	0	0	0	0	0	0	0	0	0	0	0	0	0	0	0	0	0	0	0	0	0	0	0	0	0	1	,424	-,306374205463933	0	,427701842016405	0
4143	4	4	EV37	3	atenolol	0	0	0	0	0	0	0	0	0	0	0	0	0	0	0	0	0	0	0	0	0	0	0	0	0	0	0	0	0	0	0	0	0	0	0	0	0	0	0	0	0	0	0	0	0	0	0	0	0	0	0	0	0	0	0	0	0	0	0	0	0	0	0	0	0	0	0	0	0	0	0	0	0	0	0	0	0	0	0	0	0	0	0	0	0	0	0	0	0	0	0	0	0	0	0	0	0	0	0	0	0	0	0	0	0	0	0	0	0	0	0	0	0	0	0	0	0	1	,424	-,306374205463933	0	,428697319521967	0
4169	4	4	EV37	3	desvenlafaxine	0	0	0	0	0	0	0	0	0	0	0	0	0	0	0	0	0	0	0	0	0	0	0	0	0	0	0	0	0	0	0	0	0	0	0	0	0	0	0	0	0	0	0	0	0	0	0	0	0	0	0	0	0	0	0	0	0	0	0	0	0	0	0	0	0	0	0	0	0	0	0	0	0	0	0	0	0	0	0	0	0	0	0	0	0	0	0	0	0	0	0	0	0	0	0	0	0	0	0	0	0	0	0	0	0	0	0	0	0	0	0	0	0	0	0	0	0	1	,424	-,306374205463933	0	,429617715210424	0
4218	4	4	EV37	3	levothyroxine	0	0	0	0	0	0	0	0	0	0	0	0	0	0	0	0	0	0	0	0	0	0	0	0	0	0	0	0	0	0	0	0	0	0	0	0	0	0	0	0	0	0	0	0	0	0	0	0	0	0	0	0	0	0	0	0	0	0	0	0	0	0	0	0	0	0	0	0	0	0	0	0	0	0	0	0	0	0	0	0	0	0	0	0	0	0	0	0	0	0	0	0	0	0	0	0	0	0	0	0	0	0	0	0	0	0	0	0	0	0	0	0	0	0	0	0	0	1	,424	-,306374205463933	0	,668243308994538	0
4230	4	4	EV37	3	milnacipran	0	0	0	0	0	0	0	0	0	0	0	0	0	0	0	0	0	0	0	0	0	0	0	0	0	0	0	0	0	0	0	0	0	0	0	0	0	0	0	0	0	0	0	0	0	0	0	0	0	0	0	0	0	0	0	0	0	0	0	0	0	0	0	0	0	0	0	0	0	0	0	0	0	0	0	0	0	0	0	0	0	0	0	0	0	0	0	0	0	0	0	0	0	0	0	0	0	0	0	0	0	0	0	0	0	0	0	0	0	0	0	0	0	0	0	0	0	1	,424	-,306374205463933	0	,425316929317874	0
4238	4	4	EV37	3	orlistat	0	0	0	0	0	0	0	0	0	0	0	0	0	0	0	0	0	0	0	0	0	0	0	0	0	0	0	0	0	0	0	0	0	0	0	0	0	0	0	0	0	0	0	0	0	0	0	0	0	0	0	0	0	0	0	0	0	0	0	0	0	0	0	0	0	0	0	0	0	0	0	0	0	0	0	0	0	0	0	0	0	0	0	0	0	0	0	0	0	0	0	0	0	0	0	0	0	0	0	0	0	0	0	0	0	0	0	0	0	0	0	0	0	0	0	0	0	1	,424	-,306374205463933	0	,42463376692809	0
4243	4	4	EV37	3	penicillamine	0	0	0	0	0	0	0	0	0	0	0	0	0	0	0	0	0	0	0	0	0	0	0	0	0	0	0	0	0	0	0	0	0	0	0	0	0	0	0	0	0	0	0	0	0	0	0	0	0	0	0	0	0	0	0	0	0	0	0	0	0	0	0	0	0	0	0	0	0	0	0	0	0	0	0	0	0	0	0	0	0	0	0	0	0	0	0	0	0	0	0	0	0	0	0	0	0	0	0	0	0	0	0	0	0	0	0	0	0	0	0	0	0	0	0	0	0	1	,424	-,306374205463933	0	,442709384224763	0
4249	4	4	EV37	3	pregabalin	0	0	0	0	0	0	0	0	0	0	0	0	0	0	0	0	0	0	0	0	0	0	0	0	0	0	0	0	0	0	0	0	0	0	0	0	0	0	0	0	0	0	0	0	0	0	0	0	0	0	0	0	0	0	0	0	0	0	0	0	0	0	0	0	0	0	0	0	0	0	0	0	0	0	0	0	0	0	0	0	0	0	0	0	0	0	0	0	0	0	0	0	0	0	0	0	0	0	0	0	0	0	0	0	0	0	0	0	0	0	0	0	0	0	0	0	0	1	,424	-,306374205463933	0	,435127049044129	0
4262	4	4	EV37	3	ropinirole	0	0	0	0	0	0	0	0	0	0	0	0	0	0	0	0	0	0	0	0	0	0	0	0	0	0	0	0	0	0	0	0	0	0	0	0	0	0	0	0	0	0	0	0	0	0	0	0	0	0	0	0	0	0	0	0	0	0	0	0	0	0	0	0	0	0	0	0	0	0	0	0	0	0	0	0	0	0	0	0	0	0	0	0	0	0	0	0	0	0	0	0	0	0	0	0	0	0	0	0	0	0	0	0	0	0	0	0	0	0	0	0	0	0	0	0	0	1	,424	-,306374205463933	0	,434571401322663	0
4271	4	4	EV37	3	succimer	0	0	0	0	0	0	0	0	0	0	0	0	0	0	0	0	0	0	0	0	0	0	0	0	0	0	0	0	0	0	0	0	0	0	0	0	0	0	0	0	0	0	0	0	0	0	0	0	0	0	0	0	0	0	0	0	0	0	0	0	0	0	0	0	0	0	0	0	0	0	0	0	0	0	0	0	0	0	0	0	0	0	0	0	0	0	0	0	0	0	0	0	0	0	0	0	0	0	0	0	0	0	0	0	0	0	0	0	0	0	0	0	0	0	0	0	0	1	,424	-,306374205463933	0	,424719643758738	0
4288	4	4	EV37	3	triptorelin pamoate	0	0	0	0	0	0	0	0	0	0	0	0	0	0	0	0	0	0	0	0	0	0	0	0	0	0	0	0	0	0	0	0	0	0	0	0	0	0	0	0	0	0	0	0	0	0	0	0	0	0	0	0	0	0	0	0	0	0	0	0	0	0	0	0	0	0	0	0	0	0	0	0	0	0	0	0	0	0	0	0	0	0	0	0	0	0	0	0	0	0	0	0	0	0	0	0	0	0	0	0	0	0	0	0	0	0	0	0	0	0	0	0	0	0	0	0	0	1	,424	-,306374205463933	0	,426327526639031	0
4222	4	4	EV37	3	metformin	2	0	0	0	0	0	0	0	0	0	0	0	0	0	0	0	0	0	0	0	0	0	0	0	0	0	0	0	0	0	0	0	5	0	0	0	0	0	0	0	0	0	0	0	0	0	0	0	0	0	0	0	0	0	0	0	0	0	0	0	0	0	0	0	0	0	0	0	0	0	0	3	0	0	0	0	0	0	0	0	0	0	0	0	0	0	0	0	0	0	0	0	0	0	0	0	4	0	0	0	0	0	0	0	0	0	0	0	0	0	0	0	0	0	0	0	0	1	,419	-,326879836929773	0	,417711687841521	0
4250	4	4	EV37	3	propafenone	0	0	0	2	0	0	0	0	0	0	0	0	0	0	0	0	0	0	0	0	0	0	0	0	0	0	0	0	0	0	0	0	0	0	0	0	0	0	0	0	0	0	0	0	0	0	0	0	0	0	0	0	0	0	0	0	0	0	0	0	0	0	0	0	0	0	0	0	0	0	0	0	0	0	0	0	0	0	0	0	0	0	0	0	0	0	0	0	0	0	0	0	0	0	0	0	0	0	0	0	0	0	0	1	0	0	0	0	0	0	0	0	0	0	1	0	0	1	,428	-,290015795798001	0	,465891233880454	0
4233	4	4	EV37	3	nelarabine	0	0	0	1	0	0	0	0	0	0	0	0	0	0	0	0	0	0	0	0	0	0	0	0	0	0	0	0	0	0	0	0	0	0	0	0	0	0	0	0	0	0	0	0	0	0	0	0	0	0	0	0	0	0	0	0	0	0	0	0	0	0	0	0	0	0	0	0	0	0	0	0	0	0	0	0	0	0	0	0	0	0	0	0	0	0	0	0	0	0	0	0	0	0	0	0	1	0	0	0	0	0	0	0	0	0	0	0	0	0	0	0	0	0	0	0	0	1	,425	-,302280871872933	0	,428158913434439	0
4291	4	4	EV37	3	valproic acid	13	2	0	0	8	11	0	0	0	0	0	0	1	0	1	0	0	0	0	1	3	0	0	0	0	0	0	0	8	13	14	0	3	5	0	4	0	0	2	0	2	0	0	0	0	0	0	0	0	0	0	0	0	0	0	0	1	1	0	0	3	2	0	16	0	0	5	1	13	4	0	12	0	1	0	6	1	2	1	0	0	1	0	0	1	0	0	0	0	0	0	0	0	0	0	0	34	0	0	0	0	0	0	6	0	0	0	0	0	0	0	0	0	5	7	0	0	1	,279	-,949427355463583	0	,0232703994859031	0
4215	4	4	EV37	3	leuprolide	0	0	0	2	0	0	0	0	0	0	0	0	0	0	0	0	0	0	0	0	0	0	0	0	0	0	0	0	0	0	0	0	0	0	0	0	0	0	0	0	0	0	0	0	0	0	0	0	0	0	0	0	0	0	0	0	0	0	0	0	0	0	0	0	0	0	0	0	0	0	0	0	0	0	0	0	0	0	0	0	0	0	0	0	0	0	0	0	0	0	0	0	0	0	0	0	2	0	0	0	0	0	0	0	0	0	0	0	0	0	0	0	0	0	0	0	0	1	,425	-,302280871872933	0	,3975638906928	0
4277	4	4	EV37	3	terbutaline	0	0	0	0	0	1	0	0	0	0	0	0	0	0	0	0	0	0	0	0	0	0	0	0	0	0	0	0	1	0	0	0	0	0	0	1	0	0	0	0	0	0	0	0	0	0	0	0	0	0	0	0	0	0	0	0	0	0	0	0	0	0	0	0	0	0	1	0	0	1	0	1	0	0	0	2	0	0	0	0	0	0	0	0	0	0	0	0	0	0	0	0	0	0	0	0	0	0	0	0	0	0	0	0	0	0	0	0	0	0	0	0	0	0	1	0	0	1	,431	-,277772344022583	0	,441638103763579	0
4292	4	4	EV37	3	venlafaxine	1	1	0	0	1	1	0	0	0	0	0	0	1	0	0	0	0	0	0	0	0	0	0	0	0	0	0	0	0	0	2	0	0	0	0	0	0	0	0	0	0	0	0	0	0	0	0	0	0	0	0	0	0	0	0	0	0	0	0	0	0	0	0	0	0	0	2	0	0	1	0	1	0	0	0	1	0	0	0	0	0	0	0	0	0	0	0	0	0	0	0	0	0	0	0	0	2	0	0	0	0	0	0	1	0	0	0	0	0	0	0	0	0	0	0	0	0	1	,446	-,21684573472722	0	,470555519382125	0
4221	4	4	EV37	3	memantine	0	0	0	1	0	2	0	0	0	0	0	0	0	0	0	0	0	0	0	0	0	0	0	0	1	0	0	0	0	1	1	0	0	0	0	1	0	0	0	0	0	0	0	0	0	0	0	0	0	0	0	0	0	0	0	0	0	0	0	0	0	0	0	2	0	0	0	0	0	1	0	1	0	0	0	1	0	0	0	0	0	0	0	0	0	0	0	0	0	0	0	0	0	0	0	0	2	0	0	0	0	0	0	1	0	0	0	0	0	0	0	0	0	1	0	0	0	1	,465	-,14022934130865	0	,490105393259665	0
4135	4	4	EV37	3	alfuzosin	0	0	0	0	0	0	0	0	0	0	0	0	0	0	0	0	0	0	0	0	0	0	0	0	0	0	0	0	0	0	0	0	0	0	0	0	0	0	0	1	0	0	0	0	0	0	0	0	0	0	0	0	0	0	0	0	0	0	0	0	0	0	0	0	0	0	0	0	0	0	0	0	0	0	0	0	0	0	0	0	0	0	0	0	0	0	0	0	0	0	0	0	0	0	0	0	0	0	0	0	0	0	0	1	0	0	0	0	0	0	0	0	0	0	0	0	0	1	,457	-,172425929039731	0	,428492611105282	0
4181	4	4	EV37	3	estradiol	15	0	0	0	0	0	0	2	0	0	0	0	0	0	0	0	0	0	0	0	0	0	0	0	0	0	0	0	0	0	0	0	9	0	0	0	0	0	0	0	0	0	0	0	0	0	0	0	0	0	0	0	0	0	0	0	0	0	0	0	0	0	0	0	0	0	2	0	3	1	0	4	0	1	0	3	0	1	0	0	0	0	0	0	0	0	0	0	0	0	0	0	0	0	0	0	13	0	0	0	0	0	0	2	0	0	0	0	0	0	0	0	0	1	1	0	0	1	,554	,21684573472722	0	,530625597450774	0
4293	4	4	EV37	3	verapamil	3	0	0	1	1	8	0	0	0	0	0	0	0	0	0	1	0	0	1	1	3	0	0	0	2	0	0	0	1	8	6	0	1	0	0	5	0	0	2	0	1	0	0	0	0	0	0	0	0	0	0	0	1	0	0	0	1	0	0	0	0	2	0	4	0	0	3	1	2	1	0	3	0	0	0	2	0	1	0	0	0	0	0	0	0	0	0	0	0	0	0	0	0	0	0	0	7	0	0	0	0	0	0	2	0	0	0	0	0	0	0	0	0	0	2	0	0	1	,751	1,10395275529943	0	,54394819429203	0
4463	4	6	EV37	3	valproic acid	96	5	0	0	11	28	0	1	0	0	0	3	2	0	0	2	0	0	1	1	8	0	0	0	0	1	0	0	24	69	40	3	19	14	0	18	0	0	9	0	2	4	0	0	0	0	0	1	0	0	0	0	0	0	0	0	2	17	0	0	2	8	0	73	0	0	34	1	12	2	3	26	0	0	0	8	1	1	3	0	0	1	0	0	2	0	0	0	29	0	9	0	0	0	0	0	189	0	0	0	1	1	0	7	0	0	0	0	0	0	0	0	0	17	0	0	3	1	,00900000000000001	-4,70148995699377	0	,0234999114147393	0
4467	4	6	EV37	3	vitamin a	7	1	0	0	2	5	0	0	0	0	0	1	0	0	0	0	0	0	0	0	2	0	0	0	0	0	0	0	4	3	6	0	7	7	0	2	0	0	0	0	2	0	0	0	0	0	1	0	0	0	0	0	0	0	0	0	0	0	0	0	0	2	0	6	0	0	6	1	5	0	0	7	0	0	0	1	0	0	0	0	0	0	0	0	1	0	0	0	1	0	0	0	0	0	0	0	24	0	0	0	0	0	0	1	0	0	0	0	0	0	0	0	0	4	0	0	0	1	,186	-1,47621369228934	0	,0709094447949596	0
4409	4	6	EV37	3	octreotide	4	1	0	1	2	1	0	0	0	0	0	1	0	0	0	0	0	0	0	0	0	0	1	0	0	1	0	0	1	1	2	0	2	2	0	0	0	0	0	0	1	0	0	0	0	0	2	0	0	0	0	0	0	0	0	0	0	0	0	0	0	2	0	1	0	0	4	0	3	0	0	2	0	0	0	0	0	0	0	0	0	0	0	0	0	0	0	0	1	0	0	0	0	0	0	0	11	0	0	0	0	0	0	0	0	0	0	0	0	0	0	0	0	4	0	0	0	1	,177	-1,53680646810324	0	,224346651056694	0
4311	4	6	EV37	3	amphetamine	5	4	0	0	6	8	0	1	0	0	1	1	0	0	0	0	0	0	0	0	6	0	0	0	0	0	0	0	3	14	24	1	3	3	0	6	0	0	2	0	2	0	0	0	0	0	0	0	0	0	0	0	0	1	0	0	0	1	0	0	2	2	3	15	0	0	7	2	7	2	1	9	0	0	0	4	0	0	0	0	0	0	0	0	1	0	0	0	4	0	3	0	0	0	0	0	49	0	0	0	1	1	0	2	0	0	0	0	0	0	0	0	0	3	0	0	2	1	,18	-1,51634748936809	0	,16209965779231	0
4395	4	6	EV37	3	metoprolol	3	0	0	1	3	0	0	0	0	0	0	0	1	0	1	1	0	0	0	0	1	0	0	0	0	2	0	0	1	1	1	1	1	0	0	0	0	0	0	0	0	0	0	0	0	0	0	0	0	0	0	0	0	0	0	0	0	0	0	0	1	2	0	0	0	0	8	0	4	1	1	4	0	0	0	1	0	1	0	0	0	0	0	0	1	0	0	0	0	0	0	0	0	0	0	0	8	0	0	0	0	0	0	0	0	0	0	0	0	0	0	0	0	2	0	0	1	1	,427	-,294101703486115	0	,388112385222989	0
4449	4	6	EV37	3	terbutaline	2	1	0	0	3	0	0	0	0	0	0	1	0	0	0	0	0	0	0	0	0	0	0	0	0	2	0	0	1	1	1	0	1	1	0	1	0	0	0	0	0	0	0	0	0	0	0	0	0	0	0	0	0	0	0	0	0	0	0	0	0	2	0	0	0	0	3	0	1	0	0	4	0	0	0	0	0	0	0	0	0	0	0	0	0	0	0	0	0	0	0	0	0	0	0	0	5	0	0	0	0	0	0	0	0	0	0	0	0	0	0	0	0	0	0	0	0	1	,389	-,451517615553149	0	,444117686077588	0
4394	4	6	EV37	3	metformin	0	0	0	0	0	0	0	0	0	0	0	0	0	0	0	0	0	0	0	0	0	0	0	0	0	0	0	0	0	0	0	0	15	0	0	0	0	0	0	0	0	0	0	0	0	0	0	0	0	0	0	0	0	0	0	0	0	0	0	0	0	0	0	0	0	0	0	0	3	0	0	1	0	0	0	0	0	0	0	0	0	0	0	0	0	0	0	0	1	0	0	0	0	0	0	0	11	0	0	0	0	0	0	1	0	0	0	0	0	0	0	0	0	4	0	0	0	1	,409	-,368100861363296	0	,420158019968534	0
4336	4	6	EV37	3	danazol	0	0	0	0	0	0	0	0	0	0	0	0	0	0	0	0	0	0	0	0	0	0	0	0	0	0	0	0	0	0	0	0	4	0	0	0	0	0	0	0	0	0	0	0	0	0	0	0	0	0	0	0	0	0	0	0	0	0	0	0	0	0	0	0	0	0	2	0	1	0	0	2	0	0	0	0	0	0	0	0	0	0	0	0	0	0	0	0	0	0	0	0	0	0	0	0	2	0	0	0	0	0	0	1	0	0	0	0	0	0	0	0	0	0	0	0	0	1	,421	-,318669643890614	0	,499425412328877	0
4345	4	6	EV37	3	doxorubicin	0	0	0	0	0	0	0	0	0	0	0	0	0	0	0	0	0	0	0	0	0	0	0	0	0	0	0	0	0	0	0	0	1	0	0	0	0	0	0	0	0	0	0	0	0	0	0	0	0	0	0	0	0	0	0	0	0	0	0	0	0	0	0	0	0	0	1	0	1	0	0	0	0	0	0	0	0	0	0	0	0	0	0	0	0	0	0	0	0	0	0	0	0	0	0	0	2	0	0	0	0	0	0	0	0	0	0	0	0	0	0	0	0	1	0	0	0	1	,421	-,318669643890614	0	,453306635487337	0
4370	4	6	EV37	3	gabapentin	0	0	0	0	0	0	0	0	0	0	0	0	0	0	0	0	0	0	0	0	0	0	0	0	0	0	0	0	0	0	0	0	2	0	0	0	0	0	0	0	0	0	0	0	0	0	0	0	0	0	0	0	0	0	0	0	0	0	0	0	0	0	0	0	0	0	0	0	1	0	0	0	0	0	0	0	0	0	0	0	0	0	0	0	0	0	0	0	0	0	0	0	0	0	0	0	2	0	0	0	0	0	0	0	0	0	0	0	0	0	0	0	0	1	0	0	0	1	,421	-,318669643890614	0	,427609985201646	0
4303	4	6	EV37	3	acarbose	0	0	0	0	0	0	0	0	0	0	0	0	0	0	0	0	0	0	0	0	0	0	0	0	0	0	0	0	0	0	0	0	0	0	0	0	0	0	0	0	0	0	0	0	0	0	0	0	0	0	0	0	0	0	0	0	0	0	0	0	0	0	0	0	0	0	0	0	0	0	0	0	0	0	0	0	0	0	0	0	0	0	0	0	0	0	0	0	0	0	0	0	0	0	0	0	0	0	0	0	0	0	0	0	0	0	0	0	0	0	0	0	0	0	0	0	0	1	,424	-,306374205463933	0	,426316465317043	0
4306	4	6	EV37	3	alendronate	0	0	0	0	0	0	0	0	0	0	0	0	0	0	0	0	0	0	0	0	0	0	0	0	0	0	0	0	0	0	0	0	0	0	0	0	0	0	0	0	0	0	0	0	0	0	0	0	0	0	0	0	0	0	0	0	0	0	0	0	0	0	0	0	0	0	0	0	0	0	0	0	0	0	0	0	0	0	0	0	0	0	0	0	0	0	0	0	0	0	0	0	0	0	0	0	0	0	0	0	0	0	0	0	0	0	0	0	0	0	0	0	0	0	0	0	0	1	,424	-,306374205463933	0	,427688934226402	0
4307	4	6	EV37	3	alfuzosin	0	0	0	0	0	0	0	0	0	0	0	0	0	0	0	0	0	0	0	0	0	0	0	0	0	0	0	0	0	0	0	0	0	0	0	0	0	0	0	0	0	0	0	0	0	0	0	0	0	0	0	0	0	0	0	0	0	0	0	0	0	0	0	0	0	0	0	0	0	0	0	0	0	0	0	0	0	0	0	0	0	0	0	0	0	0	0	0	0	0	0	0	0	0	0	0	0	0	0	0	0	0	0	0	0	0	0	0	0	0	0	0	0	0	0	0	0	1	,424	-,306374205463933	0	,430955352537741	0
4312	4	6	EV37	3	amphotericin b	0	0	0	0	0	0	0	0	0	0	0	0	0	0	0	0	0	0	0	0	0	0	0	0	0	0	0	0	0	0	0	0	0	0	0	0	0	0	0	0	0	0	0	0	0	0	0	0	0	0	0	0	0	0	0	0	0	0	0	0	0	0	0	0	0	0	0	0	0	0	0	0	0	0	0	0	0	0	0	0	0	0	0	0	0	0	0	0	0	0	0	0	0	0	0	0	0	0	0	0	0	0	0	0	0	0	0	0	0	0	0	0	0	0	0	0	0	1	,424	-,306374205463933	0	,430163459412205	0
4315	4	6	EV37	3	atenolol	0	0	0	0	0	0	0	0	0	0	0	0	0	0	0	0	0	0	0	0	0	0	0	0	0	0	0	0	0	0	0	0	0	0	0	0	0	0	0	0	0	0	0	0	0	0	0	0	0	0	0	0	0	0	0	0	0	0	0	0	0	0	0	0	0	0	0	0	0	0	0	0	0	0	0	0	0	0	0	0	0	0	0	0	0	0	0	0	0	0	0	0	0	0	0	0	0	0	0	0	0	0	0	0	0	0	0	0	0	0	0	0	0	0	0	0	0	1	,424	-,306374205463933	0	,43116034988439	0
4316	4	6	EV37	3	atomoxetine	0	0	0	0	0	0	0	0	0	0	0	0	0	0	0	0	0	0	0	0	0	0	0	0	0	0	0	0	0	0	0	0	0	0	0	0	0	0	0	0	0	0	0	0	0	0	0	0	0	0	0	0	0	0	0	0	0	0	0	0	0	0	0	0	0	0	0	0	0	0	0	0	0	0	0	0	0	0	0	0	0	0	0	0	0	0	0	0	0	0	0	0	0	0	0	0	0	0	0	0	0	0	0	0	0	0	0	0	0	0	0	0	0	0	0	0	0	1	,424	-,306374205463933	0	,427186927286545	0
4344	4	6	EV37	3	donepezil	0	0	0	0	0	0	0	0	0	0	0	0	0	0	0	0	0	0	0	0	0	0	0	0	0	0	0	0	0	0	0	0	0	0	0	0	0	0	0	0	0	0	0	0	0	0	0	0	0	0	0	0	0	0	0	0	0	0	0	0	0	0	0	0	0	0	0	0	0	0	0	0	0	0	0	0	0	0	0	0	0	0	0	0	0	0	0	0	0	0	0	0	0	0	0	0	0	0	0	0	0	0	0	0	0	0	0	0	0	0	0	0	0	0	0	0	0	1	,424	-,306374205463933	0	,437416568642349	0
4396	4	6	EV37	3	mexiletine	0	0	0	0	0	0	0	0	0	0	0	0	0	0	0	0	0	0	0	0	0	0	0	0	0	0	0	0	0	0	0	0	0	0	0	0	0	0	0	0	0	0	0	0	0	0	0	0	0	0	0	0	0	0	0	0	0	0	0	0	0	0	0	0	0	0	0	0	0	0	0	0	0	0	0	0	0	0	0	0	0	0	0	0	0	0	0	0	0	0	0	0	0	0	0	0	0	0	0	0	0	0	0	0	0	0	0	0	0	0	0	0	0	0	0	0	0	1	,424	-,306374205463933	0	,431390106636927	0
4402	4	6	EV37	3	milnacipran	0	0	0	0	0	0	0	0	0	0	0	0	0	0	0	0	0	0	0	0	0	0	0	0	0	0	0	0	0	0	0	0	0	0	0	0	0	0	0	0	0	0	0	0	0	0	0	0	0	0	0	0	0	0	0	0	0	0	0	0	0	0	0	0	0	0	0	0	0	0	0	0	0	0	0	0	0	0	0	0	0	0	0	0	0	0	0	0	0	0	0	0	0	0	0	0	0	0	0	0	0	0	0	0	0	0	0	0	0	0	0	0	0	0	0	0	0	1	,424	-,306374205463933	0	,427775080408697	0
4421	4	6	EV37	3	pregabalin	0	0	0	0	0	0	0	0	0	0	0	0	0	0	0	0	0	0	0	0	0	0	0	0	0	0	0	0	0	0	0	0	0	0	0	0	0	0	0	0	0	0	0	0	0	0	0	0	0	0	0	0	0	0	0	0	0	0	0	0	0	0	0	0	0	0	0	0	0	0	0	0	0	0	0	0	0	0	0	0	0	0	0	0	0	0	0	0	0	0	0	0	0	0	0	0	0	0	0	0	0	0	0	0	0	0	0	0	0	0	0	0	0	0	0	0	0	1	,424	-,306374205463933	0	,4375987248982	0
4443	4	6	EV37	3	succimer	0	0	0	0	0	0	0	0	0	0	0	0	0	0	0	0	0	0	0	0	0	0	0	0	0	0	0	0	0	0	0	0	0	0	0	0	0	0	0	0	0	0	0	0	0	0	0	0	0	0	0	0	0	0	0	0	0	0	0	0	0	0	0	0	0	0	0	0	0	0	0	0	0	0	0	0	0	0	0	0	0	0	0	0	0	0	0	0	0	0	0	0	0	0	0	0	0	0	0	0	0	0	0	0	0	0	0	0	0	0	0	0	0	0	0	0	0	1	,424	-,306374205463933	0	,427176908796607	0
4460	4	6	EV37	3	triptorelin pamoate	0	0	0	0	0	0	0	0	0	0	0	0	0	0	0	0	0	0	0	0	0	0	0	0	0	0	0	0	0	0	0	0	0	0	0	0	0	0	0	0	0	0	0	0	0	0	0	0	0	0	0	0	0	0	0	0	0	0	0	0	0	0	0	0	0	0	0	0	0	0	0	0	0	0	0	0	0	0	0	0	0	0	0	0	0	0	0	0	0	0	0	0	0	0	0	0	0	0	0	0	0	0	0	0	0	0	0	0	0	0	0	0	0	0	0	0	0	1	,424	-,306374205463933	0	,428787160550964	0
4405	4	6	EV37	3	nelarabine	0	0	0	2	0	0	0	0	0	0	0	0	0	0	0	0	0	0	0	0	0	0	0	0	0	0	0	0	1	0	0	0	0	0	0	0	0	0	0	0	0	0	0	0	0	0	0	0	0	0	0	0	0	0	0	0	0	0	0	0	0	0	0	0	0	0	0	0	1	0	0	1	0	0	0	0	0	0	0	0	0	0	0	0	1	0	0	0	0	0	0	0	0	0	0	0	2	0	0	0	0	0	0	0	0	0	0	0	0	0	0	0	0	0	0	0	0	1	,432	-,273695830477041	0	,430621182069277	0
4387	4	6	EV37	3	leuprolide	0	0	0	1	0	0	0	0	0	0	0	0	0	0	0	0	0	0	0	0	0	0	0	0	0	0	0	0	0	0	0	0	2	0	0	0	0	0	0	0	0	0	0	0	0	0	0	0	0	0	0	0	0	0	0	0	0	0	0	0	0	0	0	0	0	0	2	0	1	0	0	1	0	0	0	0	0	0	0	0	0	0	0	0	0	0	0	0	0	0	0	0	0	0	0	0	2	0	0	0	0	0	0	0	0	0	0	0	0	0	0	0	0	2	0	0	0	1	,423	-,310470087461821	0	,399973278236651	0
4341	4	6	EV37	3	desvenlafaxine	0	0	0	1	0	0	0	0	0	0	0	0	0	0	0	0	0	0	0	0	0	0	0	0	0	0	0	0	0	0	0	0	0	0	0	0	0	0	0	0	0	0	0	0	0	0	0	0	0	0	0	0	0	0	0	0	0	0	0	0	0	0	0	0	0	0	1	0	1	0	0	0	0	0	0	0	0	0	0	0	0	0	0	0	0	0	0	0	0	0	0	0	0	0	0	0	0	0	0	0	0	0	0	0	0	0	0	0	0	0	0	0	0	0	0	0	0	1	,426	-,298190050050196	0	,432082034210914	0
4423	4	6	EV37	3	propoxyphene	1	0	0	0	0	0	0	0	0	0	0	0	0	0	0	0	0	0	0	0	0	0	0	0	0	0	0	0	1	0	0	0	0	0	0	0	0	0	0	0	0	0	0	0	0	0	0	0	0	0	0	0	0	0	0	0	0	0	0	0	0	0	0	0	0	0	1	0	1	0	0	0	0	0	0	0	0	0	0	0	0	0	0	0	0	0	0	0	0	0	0	0	0	0	0	0	1	0	0	0	0	0	0	0	0	0	0	0	0	0	0	0	0	0	0	0	0	1	,429	-,285932290727993	0	,433477134441989	0
4422	4	6	EV37	3	propafenone	0	0	0	2	0	0	0	0	0	0	0	0	0	0	0	0	0	0	0	0	0	0	0	0	0	0	0	0	0	0	0	0	1	0	0	0	0	0	0	0	0	0	0	0	0	0	0	0	0	0	0	0	0	0	0	0	0	0	0	0	0	0	0	0	0	0	0	0	1	0	0	0	0	0	0	0	0	0	0	0	0	0	0	0	0	0	0	0	0	0	0	0	0	0	0	0	3	0	0	0	0	0	0	0	0	0	0	0	0	0	0	0	0	1	0	0	0	1	,424	-,306374205463933	0	,468392757253248	0
4434	4	6	EV37	3	ropinirole	0	0	0	2	0	0	0	0	0	0	0	0	0	0	0	0	0	0	0	0	0	0	0	0	0	0	0	0	0	0	0	0	1	0	0	0	0	0	0	0	0	0	0	0	0	0	0	0	0	0	0	0	0	0	0	0	0	0	0	0	0	0	0	0	0	0	0	0	1	0	0	1	0	0	0	0	0	0	0	0	0	0	0	0	0	0	0	0	0	0	0	0	0	0	0	0	2	0	0	0	0	0	0	0	0	0	0	0	0	0	0	0	0	0	0	0	0	1	,425	-,302280871872933	0	,437042362912376	0
4337	4	6	EV37	3	daptomycin	0	2	0	0	1	2	0	0	0	0	0	1	1	0	0	0	0	0	1	0	0	0	0	0	0	3	0	0	1	0	0	0	2	7	0	3	0	0	2	0	0	0	0	0	0	0	0	0	0	0	0	0	0	0	0	0	0	0	0	0	3	1	0	0	0	0	5	0	6	1	1	6	0	0	0	1	0	1	0	0	0	0	0	0	1	0	0	0	0	0	0	0	0	0	0	0	13	0	0	0	0	0	0	0	0	0	0	0	0	0	0	0	0	3	0	0	1	1	,249	-1,10395275529943	0	,358983662558781	0
4410	4	6	EV37	3	orlistat	0	0	0	6	0	0	0	0	0	0	0	0	0	0	0	0	0	0	0	0	0	0	0	0	0	0	0	0	0	0	0	0	1	0	0	0	0	0	0	0	0	0	0	0	0	0	0	0	0	0	0	0	0	0	0	0	0	0	0	0	0	0	0	0	0	0	0	0	3	0	0	2	0	0	0	0	0	0	0	0	0	0	0	0	0	0	0	0	0	0	0	0	0	0	0	0	2	0	0	0	0	0	0	0	0	0	0	0	0	0	0	0	0	1	0	0	0	1	,433	-,269621575725262	0	,427090903979681	0
4415	4	6	EV37	3	penicillamine	2	0	0	0	0	0	0	0	0	0	0	0	0	0	0	0	0	0	0	3	0	0	0	0	0	0	0	0	0	0	0	0	0	0	1	0	0	0	0	0	0	0	0	0	0	0	0	0	0	0	0	0	0	0	0	0	0	0	0	0	0	0	0	0	0	0	0	0	0	0	0	1	0	0	0	0	0	0	0	0	0	0	0	0	0	0	0	0	0	0	0	0	0	0	0	0	4	0	0	0	0	0	0	0	0	0	0	0	0	0	0	0	0	1	0	0	0	1	,466	-,136210204834549	0	,445190185633025	0
4464	4	6	EV37	3	venlafaxine	1	2	0	3	3	1	1	0	0	0	0	0	1	0	0	0	0	0	0	0	0	0	0	0	0	1	0	0	0	0	2	0	0	0	0	0	0	0	0	0	0	0	0	0	0	0	0	0	0	0	0	0	0	0	0	0	0	0	0	0	0	1	0	0	0	0	3	0	3	0	0	1	0	0	0	0	0	0	0	0	0	0	0	0	1	0	0	0	0	0	0	0	0	0	0	0	4	0	0	0	0	0	0	0	0	0	0	0	0	0	0	0	0	2	0	0	0	1	,646	,601502590648827	0	,473059905304452	0
4393	4	6	EV37	3	memantine	3	1	0	3	1	2	0	0	0	0	0	0	0	0	0	0	0	0	0	0	0	0	0	0	1	0	0	0	0	2	1	0	1	0	0	1	0	0	0	0	1	0	0	0	0	0	0	0	0	0	0	0	0	0	0	0	0	0	0	0	3	2	0	3	0	0	3	0	5	2	1	3	0	0	0	3	1	0	0	0	0	0	0	0	1	0	0	0	1	0	0	0	0	0	0	0	9	0	0	0	0	0	0	0	0	0	0	0	0	0	0	0	0	2	0	0	1	1	,49	-,0400053346136992	0	,492617016634555	0
4466	4	6	EV37	3	vincristine	6	1	0	0	7	13	0	0	0	0	0	3	4	0	1	3	0	0	0	5	4	0	0	0	3	3	0	0	13	11	12	0	14	6	0	7	0	0	2	0	3	0	0	0	0	0	0	0	1	0	0	0	0	0	0	0	0	0	0	0	1	0	0	9	0	0	23	2	8	2	1	10	0	0	0	4	1	0	0	0	0	0	0	0	1	0	0	0	9	0	0	0	0	0	0	0	54	0	0	0	1	0	0	2	0	0	0	0	0	0	0	0	0	7	0	0	1	1	,577	,310470087461821	0	,598219537238401	0
4465	4	6	EV37	3	verapamil	10	2	1	3	6	6	0	0	0	0	1	3	3	0	0	3	0	0	1	3	3	0	0	1	1	1	0	0	3	12	8	0	3	1	0	2	0	0	2	0	3	1	0	0	0	0	0	0	0	0	0	0	0	0	1	0	0	0	0	0	0	2	0	4	0	0	11	0	9	2	1	6	0	0	0	4	1	0	0	0	0	0	0	0	1	0	0	0	1	0	0	0	0	0	0	0	28	0	0	0	0	0	0	0	0	0	0	0	0	0	0	0	0	4	0	0	1	1	,394	-,43052907677138	0	,546440041350957	0
4390	4	6	EV37	3	levothyroxine	0	0	3	0	0	0	0	2	0	1	0	0	0	0	0	0	0	0	0	0	0	0	0	0	0	0	0	0	0	1	0	0	0	0	0	0	0	0	0	0	0	0	0	0	0	0	0	0	0	0	0	0	0	0	0	0	0	0	0	0	0	0	0	0	0	0	0	0	1	0	0	1	0	0	0	1	0	0	0	0	0	0	0	0	0	0	0	0	0	0	0	0	0	0	0	0	1	0	0	0	0	0	0	1	0	0	0	0	0	0	0	0	0	2	0	0	0	1	,903	2,2310115749136	0	,670467448767856	0
4353	4	6	EV37	3	estradiol	71	0	1	0	0	0	0	7	0	0	0	0	0	0	0	0	0	0	0	1	0	0	0	0	0	0	0	0	0	0	0	0	25	0	0	0	0	1	0	0	0	0	0	0	0	0	0	0	0	0	0	0	0	0	0	0	0	0	0	0	0	0	0	1	0	0	13	0	7	1	3	13	0	0	0	4	0	0	0	0	0	0	0	0	1	0	0	0	10	0	0	0	0	0	0	0	89	0	0	0	0	1	0	4	0	0	0	0	0	0	0	0	0	10	0	0	3	1	,853	1,75832696071294	0	,533127759230009	0
4639	4	7	EV37	3	vitamin a	8	1	0	0	2	5	0	0	0	0	0	2	1	0	1	0	0	0	0	0	4	1	0	0	1	0	0	0	1	5	10	0	9	10	0	6	0	0	0	0	3	1	0	0	0	0	0	0	0	0	0	0	0	0	0	0	0	0	0	0	1	4	0	3	0	0	12	0	3	1	1	15	0	0	0	0	0	1	0	0	0	0	0	0	0	0	0	0	2	0	3	0	0	0	0	0	20	0	0	0	0	0	0	4	0	0	0	0	0	0	0	0	0	3	2	0	1	1	,024	-3,70540875606515	0	,0638419962830463	0
4635	4	7	EV37	3	valproic acid	83	8	0	0	26	21	0	0	0	0	0	1	1	1	1	0	0	0	1	1	6	0	0	0	0	2	0	0	28	58	55	1	23	14	0	15	0	0	5	0	1	2	0	0	0	0	1	0	0	0	0	0	0	0	1	0	0	17	0	0	7	3	0	69	0	0	39	4	7	5	4	41	0	0	0	3	0	1	1	0	0	0	0	0	1	0	0	0	13	0	14	0	0	0	0	0	169	0	0	0	1	1	0	10	0	0	0	0	0	0	0	0	0	9	1	0	3	1	,00800000000000001	-4,82028156560504	0	,0210506459271576	0
4638	4	7	EV37	3	vincristine	7	4	0	0	4	10	0	0	0	0	0	5	3	0	1	2	0	0	0	0	2	0	0	0	0	2	0	0	8	8	7	0	13	7	0	10	0	0	1	0	4	2	0	0	0	0	0	0	0	0	0	0	0	0	0	0	1	0	0	0	2	1	0	10	0	0	13	1	3	2	1	14	0	0	0	1	0	0	0	0	0	0	0	0	0	0	0	0	9	0	5	0	0	0	0	0	35	0	0	0	1	0	0	3	0	0	0	0	0	0	0	0	0	3	0	0	1	1	,247	-1,11467689117192	0	,570889572303736	0
4581	4	7	EV37	3	octreotide	1	0	0	0	0	0	0	0	0	0	0	0	0	0	0	0	0	0	0	0	1	0	0	0	0	0	0	0	0	4	2	0	1	0	0	1	0	0	0	0	0	0	0	0	0	0	0	0	0	0	0	0	0	0	0	0	0	0	0	0	0	1	0	1	0	0	3	0	2	0	0	1	0	0	0	0	0	0	0	0	0	0	0	0	0	0	0	0	2	0	2	0	0	0	0	0	6	0	0	0	0	0	0	1	0	0	0	0	0	0	0	0	0	0	0	0	0	1	,425	-,302280871872933	0	,205366669685194	0
4567	4	7	EV37	3	metoprolol	2	1	0	2	2	2	0	0	0	0	0	0	0	0	0	1	0	0	0	0	3	0	0	0	1	2	0	0	1	2	3	1	2	0	0	4	0	0	1	0	0	0	0	0	0	0	0	0	0	0	0	0	0	0	0	0	1	0	0	0	0	2	0	1	0	0	4	0	1	1	1	5	0	0	0	0	0	0	0	0	0	0	0	0	1	0	0	0	0	0	0	0	0	0	0	0	5	0	0	0	0	0	0	1	0	0	0	0	0	0	0	0	0	1	0	0	1	1	,397	-,417980916039995	0	,361739041459243	0
4587	4	7	EV37	3	penicillamine	2	0	0	0	0	0	0	0	0	0	0	0	0	0	0	0	0	0	0	0	0	0	0	0	0	0	0	0	0	0	0	0	0	0	1	0	0	0	0	0	0	0	0	0	0	0	0	0	0	0	0	0	0	0	0	0	0	0	0	0	0	0	0	0	0	0	2	0	1	0	0	3	0	0	0	0	0	0	0	0	0	0	0	0	0	0	0	0	1	0	1	0	0	0	0	0	1	0	0	0	0	0	0	0	0	0	0	0	0	0	0	0	0	1	0	0	0	1	,423	-,310470087461821	0	,417585208524169	0
4525	4	7	EV37	3	estradiol	71	0	0	0	0	0	0	1	0	0	0	0	0	0	0	0	0	0	0	0	0	0	0	0	0	0	0	0	0	0	0	0	28	0	0	0	0	0	0	0	0	0	0	0	0	0	0	0	0	0	0	0	0	0	0	0	0	0	0	0	0	0	2	0	0	0	11	0	4	3	3	20	0	0	0	0	0	0	1	0	0	0	0	0	0	0	0	0	9	0	7	0	0	0	0	0	74	0	0	0	0	1	0	6	0	0	0	0	0	0	0	0	0	7	1	0	1	1	,348	-,627842082152179	0	,505033573333348	0
4559	4	7	EV37	3	leuprolide	1	0	0	0	1	0	0	0	0	0	0	1	0	0	0	0	0	0	0	0	0	0	0	0	0	0	0	0	0	0	0	0	1	1	0	0	0	0	0	0	0	0	0	0	0	0	1	0	0	0	0	0	0	0	0	0	0	0	0	0	0	1	0	0	0	0	2	0	0	0	0	2	0	0	0	0	0	0	0	0	0	0	0	0	0	0	0	0	0	0	0	0	0	0	0	0	1	0	0	0	0	0	0	0	0	0	0	0	0	0	0	0	0	0	0	0	0	1	,401	-,40130017080888	0	,373285646732169	0
4566	4	7	EV37	3	metformin	0	0	0	0	0	0	0	0	0	0	0	0	0	0	0	0	0	0	0	0	0	0	0	0	0	0	0	0	0	0	0	0	13	0	0	0	0	0	0	0	0	0	0	0	0	0	0	0	0	0	0	0	0	0	0	0	0	0	0	0	0	0	0	0	0	0	0	0	0	1	0	2	0	0	0	0	0	0	0	0	0	0	0	0	0	0	0	0	3	0	0	0	0	0	0	0	8	0	0	0	0	0	0	1	0	0	0	0	0	0	0	0	0	1	0	0	0	1	,413	-,351577226867064	0	,393005716925868	0
4594	4	7	EV37	3	propafenone	0	0	0	0	0	0	0	0	0	0	0	0	0	0	0	0	0	0	0	0	0	0	0	0	0	0	0	0	0	0	0	0	0	0	0	0	0	0	0	0	0	0	0	0	0	0	0	0	0	0	0	0	0	0	0	0	0	0	0	0	0	0	0	2	0	0	0	0	1	0	0	1	0	0	0	0	0	0	0	0	0	0	0	0	0	0	0	0	1	0	1	0	0	0	0	0	1	0	0	0	0	0	0	0	0	0	0	0	0	0	0	0	0	0	0	0	0	1	,423	-,310470087461821	0	,440491330966057	0
4508	4	7	EV37	3	danazol	0	0	0	0	0	0	0	0	0	0	0	0	0	0	0	0	0	0	0	0	0	0	0	0	0	0	0	0	0	0	0	0	0	0	0	0	0	0	0	0	0	0	0	0	0	0	0	0	0	0	0	0	0	0	0	0	0	0	0	0	0	0	0	0	0	0	1	0	0	0	0	0	0	0	0	0	0	0	0	0	0	0	0	0	0	0	0	0	0	0	0	0	0	0	0	0	1	0	0	0	0	0	0	1	0	0	0	0	0	0	0	0	0	0	0	0	0	1	,423	-,310470087461821	0	,471314328468393	0
4582	4	7	EV37	3	orlistat	0	0	0	2	0	0	0	0	0	0	0	0	0	0	0	0	0	0	0	0	0	0	0	0	0	0	0	0	0	0	0	0	0	0	0	0	0	0	0	0	0	0	0	0	0	0	0	0	0	0	0	0	0	0	0	0	0	0	0	0	0	0	0	0	0	0	0	0	0	0	0	0	0	0	0	0	0	0	0	0	0	0	0	0	0	0	0	0	0	0	1	0	0	0	0	0	1	0	0	0	0	0	0	0	0	0	0	0	0	0	0	0	0	0	0	0	0	1	,426	-,298190050050196	0	,399799486143952	0
4621	4	7	EV37	3	terbutaline	0	0	0	1	1	0	0	0	0	0	0	0	0	0	0	0	0	0	0	0	0	0	0	0	0	0	0	0	1	0	3	0	0	0	0	0	0	0	0	0	0	0	0	0	0	0	0	0	0	0	0	0	0	0	0	0	0	0	0	0	0	1	0	2	0	0	2	0	0	0	0	2	0	0	0	1	0	0	0	0	0	0	0	0	0	0	0	0	1	0	0	0	0	0	0	0	4	0	0	0	0	0	0	0	0	0	0	0	0	0	0	0	0	0	0	0	0	1	,429	-,285932290727993	0	,416529284056319	0
4475	4	7	EV37	3	acarbose	0	0	0	0	0	0	0	0	0	0	0	0	0	0	0	0	0	0	0	0	0	0	0	0	0	0	0	0	0	0	0	0	0	0	0	0	0	0	0	0	0	0	0	0	0	0	0	0	0	0	0	0	0	0	0	0	0	0	0	0	0	0	0	0	0	0	0	0	0	0	0	0	0	0	0	0	0	0	0	0	0	0	0	0	0	0	0	0	0	0	0	0	0	0	0	0	0	0	0	0	0	0	0	0	0	0	0	0	0	0	0	0	0	0	0	0	0	1	,424	-,306374205463933	0	,399040066076671	0
4478	4	7	EV37	3	alendronate	0	0	0	0	0	0	0	0	0	0	0	0	0	0	0	0	0	0	0	0	0	0	0	0	0	0	0	0	0	0	0	0	0	0	0	0	0	0	0	0	0	0	0	0	0	0	0	0	0	0	0	0	0	0	0	0	0	0	0	0	0	0	0	0	0	0	0	0	0	0	0	0	0	0	0	0	0	0	0	0	0	0	0	0	0	0	0	0	0	0	0	0	0	0	0	0	0	0	0	0	0	0	0	0	0	0	0	0	0	0	0	0	0	0	0	0	0	1	,424	-,306374205463933	0	,400386008640358	0
4479	4	7	EV37	3	alfuzosin	0	0	0	0	0	0	0	0	0	0	0	0	0	0	0	0	0	0	0	0	0	0	0	0	0	0	0	0	0	0	0	0	0	0	0	0	0	0	0	0	0	0	0	0	0	0	0	0	0	0	0	0	0	0	0	0	0	0	0	0	0	0	0	0	0	0	0	0	0	0	0	0	0	0	0	0	0	0	0	0	0	0	0	0	0	0	0	0	0	0	0	0	0	0	0	0	0	0	0	0	0	0	0	0	0	0	0	0	0	0	0	0	0	0	0	0	0	1	,424	-,306374205463933	0	,403590953487734	0
4484	4	7	EV37	3	amphotericin b	0	0	0	0	0	0	0	0	0	0	0	0	0	0	0	0	0	0	0	0	0	0	0	0	0	0	0	0	0	0	0	0	0	0	0	0	0	0	0	0	0	0	0	0	0	0	0	0	0	0	0	0	0	0	0	0	0	0	0	0	0	0	0	0	0	0	0	0	0	0	0	0	0	0	0	0	0	0	0	0	0	0	0	0	0	0	0	0	0	0	0	0	0	0	0	0	0	0	0	0	0	0	0	0	0	0	0	0	0	0	0	0	0	0	0	0	0	1	,424	-,306374205463933	0	,402813749138536	0
4487	4	7	EV37	3	atenolol	0	0	0	0	0	0	0	0	0	0	0	0	0	0	0	0	0	0	0	0	0	0	0	0	0	0	0	0	0	0	0	0	0	0	0	0	0	0	0	0	0	0	0	0	0	0	0	0	0	0	0	0	0	0	0	0	0	0	0	0	0	0	0	0	0	0	0	0	0	0	0	0	0	0	0	0	0	0	0	0	0	0	0	0	0	0	0	0	0	0	0	0	0	0	0	0	0	0	0	0	0	0	0	0	0	0	0	0	0	0	0	0	0	0	0	0	0	1	,424	-,306374205463933	0	,403792170732455	0
4488	4	7	EV37	3	atomoxetine	0	0	0	0	0	0	0	0	0	0	0	0	0	0	0	0	0	0	0	0	0	0	0	0	0	0	0	0	0	0	0	0	0	0	0	0	0	0	0	0	0	0	0	0	0	0	0	0	0	0	0	0	0	0	0	0	0	0	0	0	0	0	0	0	0	0	0	0	0	0	0	0	0	0	0	0	0	0	0	0	0	0	0	0	0	0	0	0	0	0	0	0	0	0	0	0	0	0	0	0	0	0	0	0	0	0	0	0	0	0	0	0	0	0	0	0	0	1	,424	-,306374205463933	0	,399893656424539	0
4517	4	7	EV37	3	doxorubicin	0	0	0	0	0	0	0	0	0	0	0	0	0	0	0	0	0	0	0	0	0	0	0	0	0	0	0	0	0	0	0	0	0	0	0	0	0	0	0	0	0	0	0	0	0	0	0	0	0	0	0	0	0	0	0	0	0	0	0	0	0	0	0	0	0	0	0	0	0	0	0	0	0	0	0	0	0	0	0	0	0	0	0	0	0	0	0	0	0	0	0	0	0	0	0	0	0	0	0	0	0	0	0	0	0	0	0	0	0	0	0	0	0	0	0	0	0	1	,424	-,306374205463933	0	,425584435711495	0
4542	4	7	EV37	3	gabapentin	0	0	0	0	0	0	0	0	0	0	0	0	0	0	0	0	0	0	0	0	0	0	0	0	0	0	0	0	0	0	0	0	0	0	0	0	0	0	0	0	0	0	0	0	0	0	0	0	0	0	0	0	0	0	0	0	0	0	0	0	0	0	0	0	0	0	0	0	0	0	0	0	0	0	0	0	0	0	0	0	0	0	0	0	0	0	0	0	0	0	0	0	0	0	0	0	0	0	0	0	0	0	0	0	0	0	0	0	0	0	0	0	0	0	0	0	0	1	,424	-,306374205463933	0	,40030857432924	0
4568	4	7	EV37	3	mexiletine	0	0	0	0	0	0	0	0	0	0	0	0	0	0	0	0	0	0	0	0	0	0	0	0	0	0	0	0	0	0	0	0	0	0	0	0	0	0	0	0	0	0	0	0	0	0	0	0	0	0	0	0	0	0	0	0	0	0	0	0	0	0	0	0	0	0	0	0	0	0	0	0	0	0	0	0	0	0	0	0	0	0	0	0	0	0	0	0	0	0	0	0	0	0	0	0	0	0	0	0	0	0	0	0	0	0	0	0	0	0	0	0	0	0	0	0	0	1	,424	-,306374205463933	0	,404017701766563	0
4574	4	7	EV37	3	milnacipran	0	0	0	0	0	0	0	0	0	0	0	0	0	0	0	0	0	0	0	0	0	0	0	0	0	0	0	0	0	0	0	0	0	0	0	0	0	0	0	0	0	0	0	0	0	0	0	0	0	0	0	0	0	0	0	0	0	0	0	0	0	0	0	0	0	0	0	0	0	0	0	0	0	0	0	0	0	0	0	0	0	0	0	0	0	0	0	0	0	0	0	0	0	0	0	0	0	0	0	0	0	0	0	0	0	0	0	0	0	0	0	0	0	0	0	0	0	1	,424	-,306374205463933	0	,400470503580567	0
4593	4	7	EV37	3	pregabalin	0	0	0	0	0	0	0	0	0	0	0	0	0	0	0	0	0	0	0	0	0	0	0	0	0	0	0	0	0	0	0	0	0	0	0	0	0	0	0	0	0	0	0	0	0	0	0	0	0	0	0	0	0	0	0	0	0	0	0	0	0	0	0	0	0	0	0	0	0	0	0	0	0	0	0	0	0	0	0	0	0	0	0	0	0	0	0	0	0	0	0	0	0	0	0	0	0	0	0	0	0	0	0	0	0	0	0	0	0	0	0	0	0	0	0	0	0	1	,424	-,306374205463933	0	,410116511909011	0
4595	4	7	EV37	3	propoxyphene	0	0	0	0	0	0	0	0	0	0	0	0	0	0	0	0	0	0	0	0	0	0	0	0	0	0	0	0	0	0	0	0	0	0	0	0	0	0	0	0	0	0	0	0	0	0	0	0	0	0	0	0	0	0	0	0	0	0	0	0	0	0	0	0	0	0	0	0	0	0	0	0	0	0	0	0	0	0	0	0	0	0	0	0	0	0	0	0	0	0	0	0	0	0	0	0	0	0	0	0	0	0	0	0	0	0	0	0	0	0	0	0	0	0	0	0	0	1	,424	-,306374205463933	0	,406066874426174	0
4606	4	7	EV37	3	ropinirole	0	0	0	0	0	0	0	0	0	0	0	0	0	0	0	0	0	0	0	0	0	0	0	0	0	0	0	0	0	0	0	0	0	0	0	0	0	0	0	0	0	0	0	0	0	0	0	0	0	0	0	0	0	0	0	0	0	0	0	0	0	0	0	0	0	0	0	0	0	0	0	0	0	0	0	0	0	0	0	0	0	0	0	0	0	0	0	0	0	0	0	0	0	0	0	0	0	0	0	0	0	0	0	0	0	0	0	0	0	0	0	0	0	0	0	0	0	1	,424	-,306374205463933	0	,40956964503428	0
4615	4	7	EV37	3	succimer	0	0	0	0	0	0	0	0	0	0	0	0	0	0	0	0	0	0	0	0	0	0	0	0	0	0	0	0	0	0	0	0	0	0	0	0	0	0	0	0	0	0	0	0	0	0	0	0	0	0	0	0	0	0	0	0	0	0	0	0	0	0	0	0	0	0	0	0	0	0	0	0	0	0	0	0	0	0	0	0	0	0	0	0	0	0	0	0	0	0	0	0	0	0	0	0	0	0	0	0	0	0	0	0	0	0	0	0	0	0	0	0	0	0	0	0	0	1	,424	-,306374205463933	0	,399883831173883	0
4632	4	7	EV37	3	triptorelin pamoate	0	0	0	0	0	0	0	0	0	0	0	0	0	0	0	0	0	0	0	0	0	0	0	0	0	0	0	0	0	0	0	0	0	0	0	0	0	0	0	0	0	0	0	0	0	0	0	0	0	0	0	0	0	0	0	0	0	0	0	0	0	0	0	0	0	0	0	0	0	0	0	0	0	0	0	0	0	0	0	0	0	0	0	0	0	0	0	0	0	0	0	0	0	0	0	0	0	0	0	0	0	0	0	0	0	0	0	0	0	0	0	0	0	0	0	0	0	1	,424	-,306374205463933	0	,401463305883529	0
4516	4	7	EV37	3	donepezil	0	0	0	0	0	0	0	0	0	0	0	0	0	0	0	0	0	0	0	0	0	0	0	0	0	0	0	0	0	0	0	0	1	0	0	0	0	0	0	0	0	0	0	0	0	0	0	0	0	0	0	0	0	0	0	0	0	0	0	0	0	0	0	0	0	0	0	0	0	0	0	0	0	0	0	1	0	0	0	0	0	0	0	0	0	0	0	0	0	0	0	0	0	0	0	0	0	0	0	0	0	0	0	0	0	0	0	0	0	0	0	0	0	0	0	0	0	1	,424	-,306374205463933	0	,409937456927881	0
4513	4	7	EV37	3	desvenlafaxine	0	0	0	1	0	0	0	0	0	0	0	0	0	0	0	0	0	0	0	0	0	0	0	0	0	0	0	0	0	0	0	0	0	0	0	0	0	0	0	0	0	0	0	0	0	0	0	0	0	0	0	0	0	0	0	0	0	0	0	0	0	0	0	0	0	0	1	0	0	0	0	0	0	0	0	0	0	0	0	0	0	0	0	0	0	0	0	0	0	0	0	0	0	0	0	0	1	0	0	0	0	0	0	0	0	0	0	0	0	0	0	0	0	0	0	0	0	1	,425	-,302280871872933	0	,404696973173808	0
4577	4	7	EV37	3	nelarabine	0	0	0	2	0	0	0	0	0	0	0	0	0	0	0	0	0	0	0	0	0	0	0	0	0	0	0	0	0	0	0	0	0	0	0	0	0	0	0	0	0	0	0	0	0	0	0	0	0	0	0	0	0	0	0	0	0	0	0	0	0	0	0	0	0	0	0	0	1	0	0	2	0	0	0	0	0	0	0	0	0	0	0	0	0	0	0	0	0	0	0	0	0	0	0	0	2	0	0	0	0	0	0	0	0	0	0	0	0	0	0	0	0	1	0	0	0	1	,425	-,302280871872933	0	,403262964775913	0
4483	4	7	EV37	3	amphetamine	6	4	0	0	12	4	0	0	0	0	1	3	2	0	0	1	0	0	0	0	3	0	0	0	1	0	0	0	6	24	18	0	3	4	0	8	0	0	2	0	3	0	0	0	0	0	0	0	0	0	0	0	0	0	0	0	0	0	0	0	1	1	0	7	0	0	10	1	3	2	1	16	0	0	0	2	0	1	0	0	0	0	0	0	0	0	0	0	3	0	3	0	0	0	0	0	54	0	0	0	1	1	0	1	0	0	0	0	0	0	0	0	0	2	1	0	1	1	,465	-,14022934130865	0	,147385196033021	0
4562	4	7	EV37	3	levothyroxine	2	0	1	0	0	0	0	0	0	0	0	0	0	0	0	0	0	0	0	0	0	0	0	0	0	0	0	0	0	0	0	0	0	0	0	0	0	0	0	0	0	0	0	0	0	0	0	0	0	0	0	0	0	0	0	0	0	0	0	0	0	0	0	0	0	0	3	0	2	0	0	2	0	0	0	0	0	0	0	0	0	0	0	0	0	0	0	0	1	0	2	0	0	0	0	0	3	0	0	0	0	0	0	0	0	0	0	0	0	0	0	0	0	0	0	0	0	1	,501	,00400000533334614	0	,645136689284628	0
4565	4	7	EV37	3	memantine	0	0	0	1	0	2	0	0	0	0	0	1	0	0	0	0	0	0	0	0	0	0	0	0	1	0	0	0	0	1	2	0	1	0	0	1	0	0	0	0	0	0	0	0	0	0	0	0	0	0	0	0	0	0	0	0	0	0	0	0	1	1	0	1	0	0	1	0	1	0	1	3	0	0	0	0	0	0	0	0	0	0	0	0	0	0	0	0	1	0	0	0	0	0	0	0	4	0	0	0	0	0	0	0	0	0	0	0	0	0	0	0	0	1	0	0	1	1	,507	,0280018295484931	0	,46453352460603	0
4637	4	7	EV37	3	verapamil	8	1	0	2	5	3	0	0	0	0	1	2	1	0	0	1	0	0	0	1	1	0	0	0	0	0	0	0	1	14	7	0	1	0	0	2	0	0	0	0	0	0	0	0	0	0	0	0	0	0	0	0	0	0	0	0	1	0	0	0	0	2	0	8	0	0	8	0	2	2	1	8	0	0	0	1	0	1	0	0	0	0	0	0	0	0	0	0	1	0	1	0	0	0	0	0	20	0	0	0	0	0	0	1	0	0	0	0	0	0	0	0	0	3	0	0	1	1	,561	,245221492447525	0	,518423315426915	0
4509	4	7	EV37	3	daptomycin	1	3	0	0	2	3	0	0	0	0	0	1	2	0	0	0	0	0	1	0	0	0	0	0	0	0	0	0	0	0	0	0	1	2	0	1	0	0	1	0	1	0	0	0	0	0	0	0	0	0	0	0	0	0	0	0	0	0	0	0	2	2	0	0	0	0	3	0	1	0	1	5	0	0	0	0	0	0	0	0	0	0	0	0	1	0	0	0	0	0	0	0	0	0	0	0	6	0	0	0	0	0	0	1	0	0	0	0	0	0	0	0	0	2	0	0	1	1	,427	-,294101703486115	0	,333510832821216	0
4636	4	7	EV37	3	venlafaxine	0	1	0	1	2	1	1	0	0	0	0	0	1	0	0	0	0	0	0	0	0	0	0	0	0	0	0	0	0	0	2	0	0	0	0	1	0	0	0	0	1	0	0	0	0	0	0	0	0	0	0	0	0	0	0	0	0	0	0	0	0	0	0	1	0	0	2	0	1	0	0	2	0	0	0	0	0	0	0	0	0	0	0	0	0	0	0	0	0	0	0	0	0	0	0	0	5	0	0	0	0	0	0	0	0	0	0	0	0	0	0	0	0	1	0	0	0	1	,66	,663294217410264	0	,445113245236217	0
4807	4	8	EV37	3	valproic acid	205	1	1	0	16	39	0	0	0	0	0	3	1	1	2	3	0	0	1	2	10	0	0	0	1	1	0	0	38	121	51	2	5	18	0	31	0	0	15	0	2	6	0	0	0	0	3	2	0	0	0	0	0	0	0	0	2	62	0	0	5	8	0	132	1	0	45	2	2	3	0	7	0	0	0	1	0	0	0	0	0	0	0	0	0	0	0	0	29	0	8	1	0	0	0	0	332	18	0	0	0	0	0	0	0	0	0	0	0	0	0	0	0	3	0	0	0	1	0	-6,90675477864855	0	,025974365957169	0
4655	4	8	EV37	3	amphetamine	5	5	0	0	8	30	0	0	0	0	4	2	1	0	2	3	0	0	0	3	13	0	0	0	3	1	0	0	12	35	35	3	4	9	0	19	0	0	7	0	0	4	0	0	2	0	0	0	0	0	0	0	0	6	0	0	0	0	0	0	4	1	1	39	0	0	11	2	1	2	0	3	0	0	0	1	0	0	0	0	0	0	0	0	0	0	0	0	7	0	2	0	0	0	0	0	98	5	0	0	0	0	0	0	0	0	0	0	0	0	0	0	0	3	0	0	0	1	,036	-3,28757235615443	0	,176529873227417	0
4753	4	8	EV37	3	octreotide	1	0	0	1	2	2	0	0	0	0	0	1	1	0	1	1	0	0	0	0	0	0	1	0	0	0	0	0	1	4	3	0	1	3	0	2	0	0	0	0	1	1	0	0	0	0	1	0	0	0	0	0	0	0	0	0	0	0	0	0	0	4	0	2	0	0	7	0	1	0	0	0	0	0	0	1	0	0	0	0	0	0	0	0	0	0	0	0	0	0	0	0	0	0	0	0	17	1	0	0	0	0	0	0	0	0	0	0	0	0	0	0	0	0	0	0	0	1	,15	-1,73460105538811	0	,242713005342717	0
4811	4	8	EV37	3	vitamin a	9	3	0	0	6	7	0	0	0	0	0	2	0	0	0	3	0	0	0	1	4	0	0	0	0	0	0	0	2	9	18	0	2	14	0	4	0	0	0	0	3	1	0	0	0	0	2	0	1	0	0	0	1	0	0	0	0	0	0	0	2	8	0	8	0	0	12	1	1	1	0	2	0	0	0	1	0	0	0	0	0	0	0	0	0	0	0	0	0	0	0	0	0	0	0	0	44	3	0	0	0	0	0	0	0	0	0	0	0	0	0	0	0	2	0	0	0	1	,153	-1,71126277325962	0	,0779773149022648	0
4739	4	8	EV37	3	metoprolol	6	2	0	0	3	2	0	1	0	0	0	0	2	0	2	1	0	0	0	1	4	0	0	0	0	5	0	0	4	8	9	2	2	0	0	4	0	0	3	0	1	2	0	0	0	0	0	0	0	0	0	0	0	0	0	0	1	1	0	0	1	3	0	4	0	0	7	0	0	1	0	1	0	0	0	0	0	0	0	0	0	0	0	0	0	0	0	0	0	0	0	1	0	0	0	0	27	2	0	0	0	0	0	0	0	0	0	0	0	0	0	0	0	2	0	0	0	1	,246	-1,12006083207559	0	,412751346755743	0
4738	4	8	EV37	3	metformin	12	0	0	0	0	0	0	0	0	0	0	0	0	0	0	0	0	0	0	1	0	0	0	0	0	0	0	0	0	0	0	0	20	0	0	0	0	0	0	0	0	0	0	0	0	0	0	0	0	0	0	0	0	0	1	0	0	0	0	0	0	0	0	0	0	0	4	0	0	0	0	0	0	0	0	1	0	0	0	0	0	0	0	0	0	0	0	0	0	0	0	0	0	0	0	0	32	4	0	0	0	0	0	0	0	0	0	0	0	0	0	0	0	0	0	0	0	1	,369	-,536509218500686	0	,445350679153859	0
4681	4	8	EV37	3	daptomycin	1	1	0	0	1	2	0	0	0	0	0	0	0	0	0	0	0	0	0	0	0	0	0	0	0	0	0	0	1	0	1	0	0	4	0	0	0	0	0	0	0	0	0	0	0	0	0	0	0	0	0	0	0	0	0	0	0	0	0	0	1	0	0	1	0	0	4	0	0	1	0	1	0	0	0	0	0	0	0	0	0	0	0	0	0	0	0	0	0	0	0	0	0	0	0	0	10	0	0	0	0	0	0	0	0	0	0	0	0	0	0	0	0	2	0	0	0	1	,276	-,964390526668566	0	,382930684039271	0
4731	4	8	EV37	3	leuprolide	4	2	0	5	2	0	0	0	0	0	0	1	0	0	0	0	0	0	0	0	0	0	0	0	0	1	0	0	2	2	0	0	1	2	0	0	0	0	0	0	0	0	0	0	0	0	1	0	0	0	0	0	0	0	1	0	0	0	0	0	0	1	0	1	0	0	4	1	0	0	0	0	0	0	0	1	0	0	0	0	0	0	0	0	0	0	0	0	0	0	0	0	0	0	0	0	12	0	0	0	0	0	0	0	0	0	0	0	0	0	0	0	0	0	0	0	0	1	,319	-,758371203364668	0	,424842414260868	0
4714	4	8	EV37	3	gabapentin	0	0	0	0	0	0	0	0	0	0	0	0	0	0	0	0	0	0	0	0	0	0	0	0	0	0	0	0	0	0	0	0	3	0	0	0	0	0	0	0	0	0	0	0	0	0	0	0	0	0	0	0	0	0	0	0	0	0	0	0	0	0	0	0	0	0	2	0	0	0	0	0	0	0	0	0	0	0	0	0	0	0	0	0	0	0	0	0	0	0	1	0	0	0	0	0	5	0	0	0	0	0	0	0	0	0	0	0	0	0	0	0	0	0	0	0	0	1	,417	-,335100964551691	0	,452900464058353	0
4740	4	8	EV37	3	mexiletine	0	0	0	0	0	0	0	0	0	0	0	0	0	0	0	0	0	0	0	0	0	0	0	0	0	0	0	0	0	0	0	0	1	0	0	0	0	0	0	0	0	0	0	0	0	0	0	0	0	0	0	0	0	0	0	0	0	0	0	0	0	0	0	0	0	0	0	0	0	0	0	0	0	0	0	0	0	0	0	0	0	0	0	0	0	0	0	0	0	0	1	0	0	0	0	0	1	0	0	0	0	0	0	0	0	0	0	0	0	0	0	0	0	0	0	0	0	1	,423	-,310470087461821	0	,456725762980685	0
4647	4	8	EV37	3	acarbose	0	0	0	0	0	0	0	0	0	0	0	0	0	0	0	0	0	0	0	0	0	0	0	0	0	0	0	0	0	0	0	0	0	0	0	0	0	0	0	0	0	0	0	0	0	0	0	0	0	0	0	0	0	0	0	0	0	0	0	0	0	0	0	0	0	0	1	0	0	0	0	0	0	0	0	0	0	0	0	0	0	0	0	0	0	0	0	0	1	0	0	0	0	0	0	0	1	0	0	0	0	0	0	0	0	0	0	0	0	0	0	0	0	0	0	0	0	1	,423	-,310470087461821	0	,451590798566221	0
4765	4	8	EV37	3	pregabalin	0	0	0	2	0	0	0	0	0	0	0	0	0	0	0	0	0	0	0	0	0	0	0	0	0	0	0	0	0	0	0	0	0	0	0	0	0	0	0	0	0	0	0	0	0	0	0	0	0	0	0	0	0	0	0	0	0	0	0	0	0	0	0	0	0	0	0	0	0	0	0	0	0	0	0	0	0	0	0	0	0	0	0	0	0	0	0	0	0	0	1	0	0	0	0	0	3	0	0	0	0	0	0	0	0	0	0	0	0	0	0	0	0	0	0	0	0	1	,424	-,306374205463933	0	,463002104598419	0
4650	4	8	EV37	3	alendronate	0	0	0	0	0	0	0	0	0	0	0	0	0	0	0	0	0	0	0	0	0	0	0	0	0	0	0	0	0	0	0	0	0	0	0	0	0	0	0	0	0	0	0	0	0	0	0	0	0	0	0	0	0	0	0	0	0	0	0	0	0	0	0	0	0	0	0	0	0	0	0	0	0	0	0	0	0	0	0	0	0	0	0	0	0	0	0	0	0	0	0	0	0	0	0	0	0	0	0	0	0	0	0	0	0	0	0	0	0	0	0	0	0	0	0	0	0	1	,424	-,306374205463933	0	,452980387182516	0
4651	4	8	EV37	3	alfuzosin	0	0	0	0	0	0	0	0	0	0	0	0	0	0	0	0	0	0	0	0	0	0	0	0	0	0	0	0	0	0	0	0	0	0	0	0	0	0	0	0	0	0	0	0	0	0	0	0	0	0	0	0	0	0	0	0	0	0	0	0	0	0	0	0	0	0	0	0	0	0	0	0	0	0	0	0	0	0	0	0	0	0	0	0	0	0	0	0	0	0	0	0	0	0	0	0	0	0	0	0	0	0	0	0	0	0	0	0	0	0	0	0	0	0	0	0	0	1	,424	-,306374205463933	0	,456285965015545	0
4656	4	8	EV37	3	amphotericin b	0	0	0	0	0	0	0	0	0	0	0	0	0	0	0	0	0	0	0	0	0	0	0	0	0	0	0	0	0	0	0	0	0	0	0	0	0	0	0	0	0	0	0	0	0	0	0	0	0	0	0	0	0	0	0	0	0	0	0	0	0	0	0	0	0	0	0	0	0	0	0	0	0	0	0	0	0	0	0	0	0	0	0	0	0	0	0	0	0	0	0	0	0	0	0	0	0	0	0	0	0	0	0	0	0	0	0	0	0	0	0	0	0	0	0	0	0	1	,424	-,306374205463933	0	,455484783113643	0
4660	4	8	EV37	3	atomoxetine	0	0	0	0	0	0	0	0	0	0	0	0	0	0	0	0	0	0	0	0	0	0	0	0	0	0	0	0	0	0	0	0	0	0	0	0	0	0	0	0	0	0	0	0	0	0	0	0	0	0	0	0	0	0	0	0	0	0	0	0	0	0	0	0	0	0	0	0	0	0	0	0	0	0	0	0	0	0	0	0	0	0	0	0	0	0	0	0	0	0	0	0	0	0	0	0	0	0	0	0	0	0	0	0	0	0	0	0	0	0	0	0	0	0	0	0	0	1	,424	-,306374205463933	0	,452472164097268	0
4746	4	8	EV37	3	milnacipran	0	0	0	0	0	0	0	0	0	0	0	0	0	0	0	0	0	0	0	0	0	0	0	0	0	0	0	0	0	0	0	0	0	0	0	0	0	0	0	0	0	0	0	0	0	0	0	0	0	0	0	0	0	0	0	0	0	0	0	0	0	0	0	0	0	0	0	0	0	0	0	0	0	0	0	0	0	0	0	0	0	0	0	0	0	0	0	0	0	0	0	0	0	0	0	0	0	0	0	0	0	0	0	0	0	0	0	0	0	0	0	0	0	0	0	0	0	1	,424	-,306374205463933	0	,453067594777481	0
4787	4	8	EV37	3	succimer	0	0	0	0	0	0	0	0	0	0	0	0	0	0	0	0	0	0	0	0	0	0	0	0	0	0	0	0	0	0	0	0	0	0	0	0	0	0	0	0	0	0	0	0	0	0	0	0	0	0	0	0	0	0	0	0	0	0	0	0	0	0	0	0	0	0	0	0	0	0	0	0	0	0	0	0	0	0	0	0	0	0	0	0	0	0	0	0	0	0	0	0	0	0	0	0	0	0	0	0	0	0	0	0	0	0	0	0	0	0	0	0	0	0	0	0	0	1	,424	-,306374205463933	0	,452462021015861	0
4685	4	8	EV37	3	desvenlafaxine	0	0	0	1	0	0	0	0	0	0	0	0	0	0	0	0	0	0	0	0	0	0	0	0	0	0	0	0	0	0	0	0	0	0	0	0	0	0	0	0	0	0	0	0	0	0	0	0	0	0	0	0	0	0	0	0	0	0	0	0	0	0	0	0	0	0	0	0	0	0	0	0	0	0	0	0	0	0	0	0	0	0	0	0	0	0	0	0	0	0	0	0	0	0	0	0	1	0	0	0	0	0	0	0	0	0	0	0	0	0	0	0	0	0	0	0	0	1	,425	-,302280871872933	0	,457425636608489	0
4804	4	8	EV37	3	triptorelin pamoate	0	0	0	0	0	0	0	0	0	0	0	0	0	0	0	0	0	0	0	0	0	0	0	0	0	0	0	0	0	1	0	0	0	0	0	0	0	0	0	0	0	0	0	0	0	0	0	0	0	0	0	0	0	0	0	0	0	0	0	0	0	0	0	0	0	0	0	0	0	0	0	0	0	0	0	0	0	0	0	0	0	0	0	0	0	0	0	0	0	0	0	0	0	0	0	0	1	0	0	0	0	0	0	0	0	0	0	0	0	0	0	0	0	0	0	0	0	1	,429	-,285932290727993	0	,454092028575446	0
4808	4	8	EV37	3	venlafaxine	0	0	0	2	1	3	0	1	0	0	0	0	0	0	0	0	0	0	0	0	0	1	0	0	0	0	0	0	0	1	5	0	0	0	0	1	0	0	0	0	0	0	0	0	0	0	0	0	0	0	0	0	0	0	0	0	0	0	0	0	1	0	0	1	0	0	1	0	0	2	0	1	0	0	0	0	0	0	0	0	0	0	0	0	0	0	0	0	0	0	0	0	0	0	0	0	9	0	0	0	0	0	0	0	0	0	0	0	0	0	0	0	0	1	0	0	0	1	,149	-1,74246582262791	0	,49869646675427	0
4754	4	8	EV37	3	orlistat	4	0	0	5	0	0	0	0	0	0	0	0	0	0	0	0	0	0	0	0	0	0	0	0	0	0	0	0	0	0	0	0	1	0	0	0	0	0	0	0	0	0	0	0	0	0	0	0	0	0	0	0	0	0	0	0	0	0	0	0	0	0	0	0	0	0	0	0	0	0	0	0	0	0	0	0	0	0	0	0	0	0	0	0	0	0	0	0	1	0	0	0	0	0	0	0	10	0	0	0	0	0	0	0	0	0	0	0	0	0	0	0	0	0	0	0	0	1	,42	-,322773392263051	0	,452374945765925	0
4749	4	8	EV37	3	nelarabine	0	0	0	1	0	0	0	0	0	0	0	0	0	0	0	0	0	0	0	0	0	0	0	0	0	0	0	0	1	0	0	0	0	0	0	0	0	0	0	0	0	0	0	0	0	0	0	0	0	0	0	0	0	0	0	0	0	0	0	0	0	0	0	0	0	0	0	0	0	1	0	1	0	0	0	0	0	0	0	0	0	0	0	0	0	0	0	0	0	0	0	0	0	0	0	0	2	0	0	0	0	0	0	0	0	0	0	0	0	0	0	0	0	1	0	0	0	1	,43	-,281851152140988	0	,455947890767507	0
4737	4	8	EV37	3	memantine	5	0	0	2	1	2	0	0	0	0	0	0	0	0	0	0	0	0	0	0	0	0	0	0	1	1	0	0	0	1	2	0	4	0	0	1	0	0	0	0	0	0	0	0	0	0	0	0	0	0	0	0	0	0	0	0	0	0	0	0	0	1	0	1	0	0	2	0	0	1	0	1	0	0	0	0	0	0	0	0	0	0	0	0	0	0	0	0	1	0	0	0	0	0	0	0	14	0	0	0	0	0	0	0	0	0	0	0	0	0	0	0	0	1	0	0	0	1	,451	-,196631102006852	0	,518271014616378	0
4759	4	8	EV37	3	penicillamine	10	0	0	0	0	0	0	0	0	0	0	0	0	0	0	0	0	0	0	1	0	0	0	0	0	0	0	0	0	0	0	0	0	0	0	0	0	0	0	0	0	0	0	0	0	0	0	0	0	0	0	0	0	0	0	0	0	0	0	0	0	0	0	0	0	0	1	0	0	0	0	0	0	0	0	0	0	0	0	0	0	0	0	0	0	0	0	0	0	0	0	0	0	0	0	0	12	0	0	0	0	0	0	0	0	0	0	0	0	0	0	0	0	0	0	0	0	1	,423	-,310470087461821	0	,470665449539037	0
4767	4	8	EV37	3	propoxyphene	0	0	0	0	0	0	0	0	0	0	0	0	0	0	0	0	0	0	0	0	0	0	0	0	0	0	0	0	0	0	0	0	0	0	0	0	0	0	0	0	0	0	0	0	0	0	0	0	0	0	0	0	0	0	0	0	0	0	0	0	1	0	0	0	0	0	0	0	0	0	0	0	0	0	0	0	0	0	0	0	0	0	0	0	0	0	0	0	0	0	0	0	0	0	0	0	1	0	0	0	0	0	0	0	0	0	0	0	0	0	0	0	0	0	0	0	0	1	,441	-,237104597708253	0	,458836453963912	0
4778	4	8	EV37	3	ropinirole	0	0	0	8	0	0	0	0	0	0	0	0	0	0	0	0	0	0	0	0	0	0	0	0	0	0	0	0	0	0	0	0	2	0	0	0	0	0	0	0	0	0	0	0	0	0	0	0	0	0	0	0	0	0	0	0	0	0	0	0	0	0	0	0	0	0	1	0	0	1	0	0	0	0	0	0	0	0	0	0	0	0	0	0	0	0	0	0	0	0	0	0	0	0	0	0	7	1	0	0	0	0	0	0	0	0	0	0	0	0	0	0	0	0	0	0	0	1	,43	-,281851152140988	0	,462440001998112	0
4659	4	8	EV37	3	atenolol	0	0	0	0	0	0	0	0	0	0	0	0	0	0	0	0	0	0	0	1	0	0	0	0	0	0	0	0	0	0	0	0	0	0	0	0	0	0	0	0	0	0	0	0	0	0	0	0	0	0	0	0	0	0	0	0	0	0	0	0	0	0	0	0	0	0	0	0	0	0	0	0	0	0	0	0	0	0	0	0	0	0	0	0	0	0	0	0	0	0	0	0	0	0	0	0	1	0	0	0	0	0	0	0	0	0	0	0	0	0	0	0	0	0	0	0	0	1	,438	-,249282939517245	0	,456493345591506	0
4689	4	8	EV37	3	doxorubicin	0	0	1	0	0	0	0	0	0	0	0	0	0	0	0	0	0	0	0	0	0	0	0	0	0	0	0	0	0	0	0	0	2	0	0	0	0	0	0	0	0	0	0	0	0	0	0	0	0	0	0	0	0	0	0	0	0	0	0	0	0	0	0	0	0	0	2	0	0	0	0	0	0	0	0	0	0	0	0	0	0	0	0	0	0	0	0	0	0	0	0	0	0	0	0	0	4	0	0	0	0	0	0	0	0	0	0	0	0	0	0	0	0	0	0	0	0	1	,5	0	0	,478845491725828	0
4688	4	8	EV37	3	donepezil	0	0	1	0	0	0	0	0	0	0	0	0	0	0	0	0	0	0	0	0	0	0	0	0	0	0	0	0	0	0	0	0	1	0	0	0	0	0	0	0	0	0	0	0	0	0	0	0	0	0	0	0	0	0	0	0	0	0	0	0	0	0	0	0	0	0	0	0	0	1	0	0	0	0	0	0	0	0	0	0	0	0	0	0	0	0	0	0	0	0	0	0	0	0	0	0	2	0	0	0	0	0	0	0	0	0	0	0	0	0	0	0	0	0	0	0	0	1	,503	,0120001440031106	0	,462818075939603	0
4793	4	8	EV37	3	terbutaline	6	2	1	0	4	6	0	0	0	0	0	2	0	1	0	0	0	0	0	1	1	0	0	0	2	1	0	0	2	3	3	0	2	1	0	6	0	0	1	0	0	0	0	0	0	0	0	0	0	0	0	0	0	0	0	0	0	1	0	0	0	1	1	9	1	0	5	0	0	0	0	0	0	0	0	0	0	0	0	0	0	0	0	0	0	0	0	0	0	0	0	0	0	0	0	0	20	2	0	0	0	0	0	0	0	0	0	0	0	0	0	0	0	0	0	0	0	1	,522	,0880568553911829	0	,469583522415256	0
4809	4	8	EV37	3	verapamil	10	4	0	2	8	13	0	0	0	0	0	3	2	2	2	3	0	0	0	5	4	0	1	0	2	3	0	0	5	24	20	0	1	1	0	7	0	0	2	0	3	1	0	0	0	0	0	0	1	0	0	0	1	0	0	0	2	0	0	0	2	6	0	17	0	0	13	1	1	2	0	2	0	0	0	1	0	0	0	0	0	0	0	0	0	0	0	0	4	0	2	0	0	0	0	0	45	4	0	0	0	0	0	0	0	0	0	0	0	0	0	0	0	3	0	0	0	1	,611	,451517615553149	0	,571738519557958	0
4680	4	8	EV37	3	danazol	2	0	2	0	0	0	0	0	0	0	0	0	0	0	0	0	0	0	0	1	0	0	0	0	0	0	0	0	0	0	0	0	3	0	0	0	0	0	0	0	0	0	0	0	0	0	0	0	0	0	0	0	0	0	0	0	0	0	0	0	0	0	0	0	0	0	2	0	0	1	0	0	0	0	0	0	0	0	0	0	0	0	0	0	0	0	0	0	0	0	0	0	0	0	0	0	9	1	0	0	0	0	0	0	0	0	0	0	0	0	0	0	0	0	0	0	0	1	,59	,363965377201411	0	,525067052636404	0
4766	4	8	EV37	3	propafenone	2	0	1	1	0	1	0	0	0	0	0	0	0	0	0	0	0	0	0	0	1	0	0	0	0	0	0	0	0	1	4	0	1	0	0	2	0	0	1	0	0	0	0	0	0	0	0	0	0	0	0	0	0	0	0	0	0	0	0	0	0	1	0	0	1	0	1	0	0	1	0	1	0	0	0	0	0	0	0	0	0	0	0	0	0	0	0	0	0	0	1	0	0	0	0	0	10	0	0	0	0	0	0	0	0	0	0	0	0	0	0	0	0	0	0	0	0	1	,562	,249282939517245	0	,494013514209037	0
4810	4	8	EV37	3	vincristine	13	5	0	0	12	24	0	1	0	1	1	3	1	0	3	3	0	0	0	0	5	0	0	0	0	1	0	0	9	20	18	0	2	2	0	17	0	0	9	0	2	3	0	0	0	0	0	1	0	0	0	0	1	0	0	0	1	0	0	0	1	2	2	14	0	0	8	2	1	2	0	3	0	0	0	1	0	0	0	0	0	0	0	0	0	0	0	0	3	0	0	0	0	0	0	0	67	4	0	0	0	0	0	0	0	0	0	0	0	0	0	0	0	2	0	0	0	1	,645	,597132527320357	0	,622624447893648	0
4697	4	8	EV37	3	estradiol	153	0	0	0	0	0	0	6	0	0	0	0	0	0	0	0	0	0	0	1	1	0	0	0	0	0	0	0	0	0	0	0	19	0	0	0	0	0	0	0	0	0	0	0	0	0	0	0	0	0	0	0	0	0	0	0	0	0	0	0	0	0	0	0	0	0	8	0	1	0	0	2	0	0	0	1	0	0	0	0	0	0	0	0	0	0	0	0	9	0	1	0	0	0	0	0	173	14	0	0	0	0	0	0	0	0	0	0	0	0	0	0	0	0	0	0	0	1	,618	,481067848851116	0	,558568928273855	0
4734	4	8	EV37	3	levothyroxine	4	0	2	0	0	0	0	2	0	2	0	0	0	0	0	0	0	0	0	0	0	0	0	0	0	0	0	0	0	0	0	0	0	0	0	0	0	0	0	0	0	0	0	0	0	0	0	0	0	0	0	0	0	0	0	0	0	0	0	0	0	0	0	0	0	0	2	0	0	0	0	0	0	0	0	0	0	0	0	0	0	0	0	0	0	0	0	0	0	0	0	0	0	0	0	0	11	0	0	0	0	0	0	0	0	0	0	0	0	0	0	0	0	0	0	0	0	1	,941	2,76940569567966	0	,692737925994948	0
4979	5	1	EV37	3	valproic acid	16	6	0	0	6	9	0	0	0	0	0	6	1	1	2	0	0	0	0	0	2	0	0	0	0	0	0	0	5	8	7	1	4	2	0	2	0	0	0	0	1	0	0	0	0	0	1	0	0	0	0	0	0	1	1	0	0	3	0	0	1	4	0	11	0	0	7	1	15	0	0	5	11	0	0	3	0	0	0	0	0	0	0	0	0	0	0	0	0	0	0	0	0	0	0	0	15	0	8	0	0	2	0	0	0	0	0	0	1	0	0	0	1	0	0	0	1	1	,153	-1,71126277325962	0	,193265130514105	0
4983	5	1	EV37	3	vitamin a	11	8	0	0	6	10	0	0	0	0	0	5	5	1	1	2	0	0	1	1	4	1	1	0	0	0	0	0	5	10	13	0	4	8	0	3	0	0	2	0	1	1	0	0	0	0	2	0	1	0	0	0	0	0	1	0	0	0	0	0	3	8	2	8	1	0	11	1	18	0	0	5	10	0	0	2	0	0	0	0	0	0	0	0	0	0	0	0	0	0	0	0	0	0	0	0	17	0	8	0	0	3	0	0	0	0	0	0	1	0	0	0	2	0	0	0	0	1	,014	-4,25459902498738	0	,0522814370369567	0
4981	5	1	EV37	3	verapamil	13	5	0	1	7	7	0	0	0	0	0	7	1	0	2	0	0	0	1	0	6	0	0	0	0	4	0	0	2	9	15	0	5	0	0	4	0	0	2	0	2	0	0	0	0	0	0	1	0	0	0	0	0	0	1	0	0	0	0	0	0	4	1	4	0	0	12	0	21	0	0	4	13	0	0	2	0	0	0	0	0	0	0	0	0	0	0	0	0	0	0	0	0	0	0	0	12	0	6	0	0	2	0	0	0	0	0	0	1	1	0	0	1	0	0	0	0	1	,274	-,974421908436726	0	,521679895277483	0
4925	5	1	EV37	3	octreotide	4	2	0	2	2	3	1	0	0	0	0	2	1	0	0	0	0	0	0	0	0	0	0	0	0	0	0	0	3	4	6	3	4	4	0	3	0	0	0	0	1	1	0	0	0	0	1	0	1	0	0	0	0	0	1	0	0	0	0	0	0	2	1	5	0	0	9	1	18	0	0	3	5	0	0	2	0	0	0	0	0	0	0	0	0	0	0	0	0	0	0	0	0	0	0	0	10	0	4	0	0	3	0	0	0	0	0	0	0	0	0	0	2	0	0	0	1	1	,391	-,443110707724531	0	,347486891607191	0
4980	5	1	EV37	3	venlafaxine	3	0	0	2	3	0	0	0	0	0	0	0	0	0	0	0	0	0	0	0	0	0	0	0	0	0	0	0	0	2	0	0	0	0	0	2	0	0	0	0	0	2	0	0	0	0	0	0	0	0	0	0	0	0	0	0	0	0	0	0	0	0	0	1	0	0	3	0	7	0	0	3	5	0	0	1	0	0	0	0	0	0	0	0	0	0	0	0	0	0	0	0	0	0	0	0	3	0	2	0	0	1	0	0	0	0	0	0	0	0	0	0	1	0	0	0	0	1	,346	-,636668576399475	0	,419248890895141	0
4965	5	1	EV37	3	terbutaline	4	0	0	0	0	1	0	0	0	0	0	1	0	0	0	0	0	0	0	0	1	0	0	0	0	0	0	0	3	2	3	0	2	0	0	2	0	0	1	0	2	1	0	0	0	0	0	0	0	0	0	0	0	0	0	0	0	0	0	0	0	1	0	3	0	0	2	0	7	0	0	1	3	0	0	1	0	0	0	0	0	0	0	0	0	0	0	0	0	0	0	0	0	0	0	0	7	0	0	0	0	0	0	0	0	0	0	0	0	0	0	0	0	0	0	0	0	1	,401	-,40130017080888	0	,475602198280594	0
4903	5	1	EV37	3	leuprolide	0	0	0	1	0	0	0	0	0	0	0	0	0	0	0	0	0	0	0	0	0	0	0	0	0	1	0	0	0	0	2	1	2	0	0	0	0	0	0	0	0	0	0	0	0	0	0	0	0	0	0	0	0	0	0	0	0	0	0	0	0	0	0	0	0	0	2	0	5	0	0	1	0	0	0	1	0	0	0	0	0	0	0	0	0	0	0	0	0	0	0	0	0	0	0	0	3	0	2	0	0	2	0	0	0	0	0	0	0	0	0	0	0	0	0	0	0	1	,409	-,368100861363296	0	,364712387132442	0
4827	5	1	EV37	3	amphetamine	6	2	0	0	5	12	0	0	0	0	1	0	0	0	0	1	0	0	0	3	4	0	0	0	0	0	0	0	1	12	14	0	1	1	0	2	0	0	0	0	3	0	0	0	0	0	0	0	0	0	0	0	0	0	1	0	0	0	0	0	1	0	1	8	0	0	2	1	17	0	0	4	8	0	0	2	0	0	0	0	0	0	0	0	0	0	0	0	0	0	0	0	0	0	0	0	9	0	4	0	0	1	0	0	0	0	0	0	1	0	0	0	2	0	0	0	0	1	,274	-,974421908436726	0	,364777157317789	0
4819	5	1	EV37	3	acarbose	0	0	0	0	0	0	0	0	0	0	0	0	0	0	0	0	0	0	0	0	0	0	0	0	0	0	0	0	0	0	0	0	0	0	0	0	0	0	0	0	0	0	0	0	0	0	0	0	0	0	0	0	0	0	0	0	0	0	0	0	0	0	0	0	0	0	0	0	0	0	0	0	0	0	0	0	0	0	0	0	0	0	0	0	0	0	0	0	0	0	0	0	0	0	0	0	0	0	0	0	0	0	0	0	0	0	0	0	0	0	0	0	0	0	0	0	0	1	,424	-,306374205463933	0	,467501865776093	0
4822	5	1	EV37	3	alendronate	0	0	0	0	0	0	0	0	0	0	0	0	0	0	0	0	0	0	0	0	0	0	0	0	0	0	0	0	0	0	0	0	0	0	0	0	0	0	0	0	0	0	0	0	0	0	0	0	0	0	0	0	0	0	0	0	0	0	0	0	0	0	0	0	0	0	0	0	0	0	0	0	0	0	0	0	0	0	0	0	0	0	0	0	0	0	0	0	0	0	0	0	0	0	0	0	0	0	0	0	0	0	0	0	0	0	0	0	0	0	0	0	0	0	0	0	0	1	,424	-,306374205463933	0	,468770955221621	0
4823	5	1	EV37	3	alfuzosin	0	0	0	0	0	0	0	0	0	0	0	0	0	0	0	0	0	0	0	0	0	0	0	0	0	0	0	0	0	0	0	0	0	0	0	0	0	0	0	0	0	0	0	0	0	0	0	0	0	0	0	0	0	0	0	0	0	0	0	0	0	0	0	0	0	0	0	0	0	0	0	0	0	0	0	0	0	0	0	0	0	0	0	0	0	0	0	0	0	0	0	0	0	0	0	0	0	0	0	0	0	0	0	0	0	0	0	0	0	0	0	0	0	0	0	0	0	1	,424	-,306374205463933	0	,46804586772979	0
4831	5	1	EV37	3	atenolol	0	0	0	0	0	0	0	0	0	0	0	0	0	0	0	0	0	0	0	0	0	0	0	0	0	0	0	0	0	0	0	0	0	0	0	0	0	0	0	0	0	0	0	0	0	0	0	0	0	0	0	0	0	0	0	0	0	0	0	0	0	0	0	0	0	0	0	0	0	0	0	0	0	0	0	0	0	0	0	0	0	0	0	0	0	0	0	0	0	0	0	0	0	0	0	0	0	0	0	0	0	0	0	0	0	0	0	0	0	0	0	0	0	0	0	0	0	1	,424	-,306374205463933	0	,470648650866898	0
4832	5	1	EV37	3	atomoxetine	0	0	0	0	0	0	0	0	0	0	0	0	0	0	0	0	0	0	0	0	0	0	0	0	0	0	0	0	0	0	0	0	0	0	0	0	0	0	0	0	0	0	0	0	0	0	0	0	0	0	0	0	0	0	0	0	0	0	0	0	0	0	0	0	0	0	0	0	0	0	0	0	0	0	0	0	0	0	0	0	0	0	0	0	0	0	0	0	0	0	0	0	0	0	0	0	0	0	0	0	0	0	0	0	0	0	0	0	0	0	0	0	0	0	0	0	0	1	,424	-,306374205463933	0	,455832070749304	0
4852	5	1	EV37	3	danazol	0	0	0	0	0	0	0	0	0	0	0	0	0	0	0	0	0	0	0	0	0	0	0	0	0	0	0	0	0	0	0	0	0	0	0	0	0	0	0	0	0	0	0	0	0	0	0	0	0	0	0	0	0	0	0	0	0	0	0	0	0	0	0	0	0	0	0	0	0	0	0	0	0	0	0	0	0	0	0	0	0	0	0	0	0	0	0	0	0	0	0	0	0	0	0	0	0	0	0	0	0	0	0	0	0	0	0	0	0	0	0	0	0	0	0	0	0	1	,424	-,306374205463933	0	,472839508322244	0
4857	5	1	EV37	3	desvenlafaxine	0	0	0	0	0	0	0	0	0	0	0	0	0	0	0	0	0	0	0	0	0	0	0	0	0	0	0	0	0	0	0	0	0	0	0	0	0	0	0	0	0	0	0	0	0	0	0	0	0	0	0	0	0	0	0	0	0	0	0	0	0	0	0	0	0	0	0	0	0	0	0	0	0	0	0	0	0	0	0	0	0	0	0	0	0	0	0	0	0	0	0	0	0	0	0	0	0	0	0	0	0	0	0	0	0	0	0	0	0	0	0	0	0	0	0	0	0	1	,424	-,306374205463933	0	,462223150452049	0
4860	5	1	EV37	3	donepezil	0	0	0	0	0	0	0	0	0	0	0	0	0	0	0	0	0	0	0	0	0	0	0	0	0	0	0	0	0	0	0	0	0	0	0	0	0	0	0	0	0	0	0	0	0	0	0	0	0	0	0	0	0	0	0	0	0	0	0	0	0	0	0	0	0	0	0	0	0	0	0	0	0	0	0	0	0	0	0	0	0	0	0	0	0	0	0	0	0	0	0	0	0	0	0	0	0	0	0	0	0	0	0	0	0	0	0	0	0	0	0	0	0	0	0	0	0	1	,424	-,306374205463933	0	,468850119087796	0
4861	5	1	EV37	3	doxorubicin	0	0	0	0	0	0	0	0	0	0	0	0	0	0	0	0	0	0	0	0	0	0	0	0	0	0	0	0	0	0	0	0	0	0	0	0	0	0	0	0	0	0	0	0	0	0	0	0	0	0	0	0	0	0	0	0	0	0	0	0	0	0	0	0	0	0	0	0	0	0	0	0	0	0	0	0	0	0	0	0	0	0	0	0	0	0	0	0	0	0	0	0	0	0	0	0	0	0	0	0	0	0	0	0	0	0	0	0	0	0	0	0	0	0	0	0	0	1	,424	-,306374205463933	0	,475587537915345	0
4869	5	1	EV37	3	estradiol	0	0	0	0	0	0	0	0	0	0	0	0	0	0	0	0	0	0	0	0	0	0	0	0	0	0	0	0	0	0	0	0	0	0	0	0	0	0	0	0	0	0	0	0	0	0	0	0	0	0	0	0	0	0	0	0	0	0	0	0	0	0	0	0	0	0	0	0	0	0	0	0	0	0	0	0	0	0	0	0	0	0	0	0	0	0	0	0	0	0	0	0	0	0	0	0	0	0	0	0	0	0	0	0	0	0	0	0	0	0	0	0	0	0	0	0	0	1	,424	-,306374205463933	0	,471179624152998	0
4906	5	1	EV37	3	levothyroxine	0	0	0	0	0	0	0	0	0	0	0	0	0	0	0	0	0	0	0	0	0	0	0	0	0	0	0	0	0	0	0	0	0	0	0	0	0	0	0	0	0	0	0	0	0	0	0	0	0	0	0	0	0	0	0	0	0	0	0	0	0	0	0	0	0	0	0	0	0	0	0	0	0	0	0	0	0	0	0	0	0	0	0	0	0	0	0	0	0	0	0	0	0	0	0	0	0	0	0	0	0	0	0	0	0	0	0	0	0	0	0	0	0	0	0	0	0	1	,424	-,306374205463933	0	,473887336010941	0
4910	5	1	EV37	3	metformin	0	0	0	0	0	0	0	0	0	0	0	0	0	0	0	0	0	0	0	0	0	0	0	0	0	0	0	0	0	0	0	0	0	0	0	0	0	0	0	0	0	0	0	0	0	0	0	0	0	0	0	0	0	0	0	0	0	0	0	0	0	0	0	0	0	0	0	0	0	0	0	0	0	0	0	0	0	0	0	0	0	0	0	0	0	0	0	0	0	0	0	0	0	0	0	0	0	0	0	0	0	0	0	0	0	0	0	0	0	0	0	0	0	0	0	0	0	1	,424	-,306374205463933	0	,471397289131199	0
4912	5	1	EV37	3	mexiletine	0	0	0	0	0	0	0	0	0	0	0	0	0	0	0	0	0	0	0	0	0	0	0	0	0	0	0	0	0	0	0	0	0	0	0	0	0	0	0	0	0	0	0	0	0	0	0	0	0	0	0	0	0	0	0	0	0	0	0	0	0	0	0	0	0	0	0	0	0	0	0	0	0	0	0	0	0	0	0	0	0	0	0	0	0	0	0	0	0	0	0	0	0	0	0	0	0	0	0	0	0	0	0	0	0	0	0	0	0	0	0	0	0	0	0	0	0	1	,424	-,306374205463933	0	,47050373050717	0
4918	5	1	EV37	3	milnacipran	0	0	0	0	0	0	0	0	0	0	0	0	0	0	0	0	0	0	0	0	0	0	0	0	0	0	0	0	0	0	0	0	0	0	0	0	0	0	0	0	0	0	0	0	0	0	0	0	0	0	0	0	0	0	0	0	0	0	0	0	0	0	0	0	0	0	0	0	0	0	0	0	0	0	0	0	0	0	0	0	0	0	0	0	0	0	0	0	0	0	0	0	0	0	0	0	0	0	0	0	0	0	0	0	0	0	0	0	0	0	0	0	0	0	0	0	0	1	,424	-,306374205463933	0	,468858597186724	0
4921	5	1	EV37	3	nelarabine	0	0	0	0	0	0	0	0	0	0	0	0	0	0	0	0	0	0	0	0	0	0	0	0	0	0	0	0	0	0	0	0	0	0	0	0	0	0	0	0	0	0	0	0	0	0	0	0	0	0	0	0	0	0	0	0	0	0	0	0	0	0	0	0	0	0	0	0	0	0	0	0	0	0	0	0	0	0	0	0	0	0	0	0	0	0	0	0	0	0	0	0	0	0	0	0	0	0	0	0	0	0	0	0	0	0	0	0	0	0	0	0	0	0	0	0	0	1	,424	-,306374205463933	0	,46945981779519	0
4926	5	1	EV37	3	orlistat	0	0	0	0	0	0	0	0	0	0	0	0	0	0	0	0	0	0	0	0	0	0	0	0	0	0	0	0	0	0	0	0	0	0	0	0	0	0	0	0	0	0	0	0	0	0	0	0	0	0	0	0	0	0	0	0	0	0	0	0	0	0	0	0	0	0	0	0	0	0	0	0	0	0	0	0	0	0	0	0	0	0	0	0	0	0	0	0	0	0	0	0	0	0	0	0	0	0	0	0	0	0	0	0	0	0	0	0	0	0	0	0	0	0	0	0	0	1	,424	-,306374205463933	0	,47429335239045	0
4931	5	1	EV37	3	penicillamine	0	0	0	0	0	0	0	0	0	0	0	0	0	0	0	0	0	0	0	0	0	0	0	0	0	0	0	0	0	0	0	0	0	0	0	0	0	0	0	0	0	0	0	0	0	0	0	0	0	0	0	0	0	0	0	0	0	0	0	0	0	0	0	0	0	0	0	0	0	0	0	0	0	0	0	0	0	0	0	0	0	0	0	0	0	0	0	0	0	0	0	0	0	0	0	0	0	0	0	0	0	0	0	0	0	0	0	0	0	0	0	0	0	0	0	0	0	1	,424	-,306374205463933	0	,468020447129778	0
4937	5	1	EV37	3	pregabalin	0	0	0	0	0	0	0	0	0	0	0	0	0	0	0	0	0	0	0	0	0	0	0	0	0	0	0	0	0	0	0	0	0	0	0	0	0	0	0	0	0	0	0	0	0	0	0	0	0	0	0	0	0	0	0	0	0	0	0	0	0	0	0	0	0	0	0	0	0	0	0	0	0	0	0	0	0	0	0	0	0	0	0	0	0	0	0	0	0	0	0	0	0	0	0	0	0	0	0	0	0	0	0	0	0	0	0	0	0	0	0	0	0	0	0	0	0	1	,424	-,306374205463933	0	,478836139018192	0
4950	5	1	EV37	3	ropinirole	0	0	0	0	0	0	0	0	0	0	0	0	0	0	0	0	0	0	0	0	0	0	0	0	0	0	0	0	0	0	0	0	0	0	0	0	0	0	0	0	0	0	0	0	0	0	0	0	0	0	0	0	0	0	0	0	0	0	0	0	0	0	0	0	0	0	0	0	0	0	0	0	0	0	0	0	0	0	0	0	0	0	0	0	0	0	0	0	0	0	0	0	0	0	0	0	0	0	0	0	0	0	0	0	0	0	0	0	0	0	0	0	0	0	0	0	0	1	,424	-,306374205463933	0	,475089801335376	0
4959	5	1	EV37	3	succimer	0	0	0	0	0	0	0	0	0	0	0	0	0	0	0	0	0	0	0	0	0	0	0	0	0	0	0	0	0	0	0	0	0	0	0	0	0	0	0	0	0	0	0	0	0	0	0	0	0	0	0	0	0	0	0	0	0	0	0	0	0	0	0	0	0	0	0	0	0	0	0	0	0	0	0	0	0	0	0	0	0	0	0	0	0	0	0	0	0	0	0	0	0	0	0	0	0	0	0	0	0	0	0	0	0	0	0	0	0	0	0	0	0	0	0	0	0	1	,424	-,306374205463933	0	,468249987033429	0
4976	5	1	EV37	3	triptorelin pamoate	0	0	0	0	0	0	0	0	0	0	0	0	0	0	0	0	0	0	0	0	0	0	0	0	0	0	0	0	0	0	0	0	0	0	0	0	0	0	0	0	0	0	0	0	0	0	0	0	0	0	0	0	0	0	0	0	0	0	0	0	0	0	0	0	0	0	0	0	0	0	0	0	0	0	0	0	0	0	0	0	0	0	0	0	0	0	0	0	0	0	0	0	0	0	0	0	0	0	0	0	0	0	0	0	0	0	0	0	0	0	0	0	0	0	0	0	0	1	,424	-,306374205463933	0	,469378737944901	0
4886	5	1	EV37	3	gabapentin	0	0	0	0	0	0	0	0	0	0	0	0	0	0	0	0	0	0	0	0	0	0	0	0	0	0	0	0	0	0	0	0	1	0	0	0	0	0	0	0	0	0	0	0	0	0	0	0	0	0	0	0	0	0	0	0	0	0	0	0	0	0	0	0	0	0	0	0	0	0	0	0	1	0	0	0	0	0	0	0	0	0	0	0	0	0	0	0	0	0	0	0	0	0	0	0	0	0	0	0	0	0	0	0	0	0	0	0	0	0	0	0	0	0	0	0	0	1	,424	-,306374205463933	0	,470735425863685	0
4828	5	1	EV37	3	amphotericin b	0	0	0	0	0	0	0	0	0	0	0	0	0	0	0	0	0	0	0	0	0	0	0	0	0	0	0	0	0	0	0	0	1	0	0	0	0	0	0	0	0	0	0	0	0	0	0	0	0	0	0	0	0	0	0	0	0	0	0	0	0	0	0	0	0	0	0	0	1	0	0	0	0	0	0	0	0	0	0	0	0	0	0	0	0	0	0	0	0	0	0	0	0	0	0	0	0	0	0	0	0	0	0	0	0	0	0	0	0	0	0	0	0	0	0	0	0	1	,424	-,306374205463933	0	,475734300875516	0
4939	5	1	EV37	3	propoxyphene	0	0	0	0	1	0	0	0	0	0	0	1	0	0	0	0	0	0	0	0	0	0	0	0	0	0	0	0	0	0	0	0	0	0	0	1	0	0	0	0	1	0	0	0	0	0	0	0	0	0	0	0	0	0	0	0	0	0	0	0	0	0	0	0	0	0	1	0	2	0	0	1	1	0	0	0	0	0	0	0	0	0	0	0	0	0	0	0	0	0	0	0	0	0	0	0	2	0	0	0	0	0	0	0	0	0	0	0	0	0	0	0	0	0	0	0	0	1	,437	-,2533464330441	0	,505963958374294	0
4938	5	1	EV37	3	propafenone	0	0	0	1	3	0	0	0	0	0	0	0	0	0	0	0	0	0	0	0	0	0	0	0	0	0	0	0	2	2	3	0	0	0	0	2	0	0	0	0	0	0	0	0	0	0	0	0	0	0	0	0	0	0	0	0	0	0	0	0	1	0	0	0	0	0	3	0	7	0	0	0	2	0	0	1	0	0	0	0	0	0	0	0	0	0	0	0	0	0	0	0	0	0	0	0	2	0	2	0	0	1	0	0	0	0	0	0	1	0	0	0	0	0	0	0	0	1	,376	-,506561224979533	0	,318583271728443	0
4982	5	1	EV37	3	vincristine	8	2	0	0	4	10	0	0	0	0	0	2	5	0	1	1	0	0	0	0	1	0	0	0	2	2	0	0	2	5	3	0	3	4	0	1	0	0	0	0	1	0	0	0	0	0	0	0	0	0	0	0	0	0	0	0	0	0	0	0	0	0	0	4	0	0	5	0	12	0	0	3	9	0	0	3	0	0	0	0	0	0	0	0	0	0	0	0	0	0	0	0	0	0	0	0	9	0	5	0	0	2	0	0	0	0	0	0	1	1	0	0	1	0	0	0	0	1	,441	-,237104597708253	0	,363828046409064	0
4853	5	1	EV37	3	daptomycin	3	1	0	0	2	3	0	0	0	0	0	1	2	0	0	0	0	0	0	1	1	0	0	0	0	0	0	0	0	2	3	2	0	0	0	2	0	0	1	0	1	0	0	0	0	0	0	0	0	0	0	0	0	0	0	0	0	0	0	0	0	0	0	2	0	0	1	1	8	0	0	4	2	0	0	0	0	0	0	0	0	0	0	0	0	0	0	0	0	0	0	0	0	0	0	0	4	0	0	0	0	1	0	0	0	0	0	0	0	0	0	0	1	0	0	0	0	1	,477	-,0920649731765818	0	,424928225961646	0
4909	5	1	EV37	3	memantine	7	1	0	1	5	2	0	0	0	0	0	2	2	0	0	0	0	0	0	0	0	0	0	0	0	0	0	0	1	3	3	0	0	0	0	2	0	0	0	0	1	0	0	0	0	0	0	0	0	0	0	0	0	0	0	0	0	0	0	0	0	1	0	1	0	0	2	0	13	0	0	3	4	0	0	2	0	0	0	0	0	0	0	0	0	0	0	0	0	0	0	0	0	0	0	0	4	0	2	0	0	1	0	0	0	0	0	0	0	0	0	0	2	0	0	0	0	1	,553	,212799406908766	0	,567054013332396	0
4911	5	1	EV37	3	metoprolol	7	3	0	1	4	3	0	0	0	0	0	2	1	0	0	0	1	0	1	0	0	0	1	0	1	1	0	0	0	3	4	1	4	0	0	4	0	0	1	0	2	0	0	0	0	0	0	0	0	0	0	0	0	0	1	0	0	0	0	0	0	5	0	3	0	0	6	1	14	0	0	2	4	0	0	1	0	0	0	0	0	0	0	0	0	0	0	0	0	0	0	0	0	0	0	0	11	0	3	0	0	2	0	0	0	0	0	0	1	0	0	0	0	0	0	0	0	1	,174	-1,55753947430645	0	,199352559480155	0
5155	5	2	EV37	3	vitamin a	12	7	0	0	7	18	0	0	0	0	0	4	3	1	1	3	0	0	1	1	6	0	0	0	1	2	0	0	2	12	27	0	7	16	0	7	0	0	2	0	1	1	0	0	0	0	2	0	1	0	0	0	0	0	1	0	0	0	0	0	5	5	0	14	0	0	17	1	44	0	0	10	16	0	0	3	2	0	1	1	0	0	0	1	1	0	0	0	0	0	0	0	0	0	1	0	27	0	0	0	0	2	1	4	0	0	1	0	1	0	1	0	11	5	0	0	0	1	,021	-3,84200920480709	0	,0371954844990105	0
5151	5	2	EV37	3	valproic acid	19	8	0	0	6	6	0	0	0	0	1	6	0	0	0	0	0	0	0	0	4	0	0	0	1	0	0	0	10	10	15	0	7	3	0	6	0	0	1	0	1	1	0	0	0	0	1	0	0	0	0	0	0	0	0	0	0	4	0	0	2	3	0	16	0	0	10	0	40	0	0	8	9	0	0	4	1	0	1	1	0	0	0	1	0	0	0	0	0	0	0	0	0	0	1	0	22	0	0	0	0	2	1	3	0	0	1	0	1	0	1	0	9	3	0	0	1	1	,0639999999999999	-2,68273239311792	0	,143664820313772	0
5110	5	2	EV37	3	propafenone	1	1	0	4	0	0	0	0	0	0	0	0	0	0	0	0	0	0	0	0	0	0	0	0	0	0	0	0	3	0	4	0	1	0	0	1	0	0	0	0	2	1	0	0	0	0	0	0	1	0	0	0	0	0	1	0	0	0	0	0	0	0	0	0	0	0	3	0	16	0	0	1	2	0	0	1	3	0	0	1	0	0	0	0	0	0	0	0	0	0	0	0	0	0	0	0	4	0	0	0	0	0	0	0	0	0	1	0	1	0	1	0	2	2	0	0	0	1	,124	-1,95508452533135	0	,246654202556789	0
5025	5	2	EV37	3	daptomycin	1	1	0	0	2	2	0	0	0	0	0	1	1	0	0	0	0	0	0	0	0	0	0	0	0	2	0	0	0	1	5	1	3	4	0	0	0	0	0	0	0	0	0	0	0	0	2	0	0	0	1	0	0	0	1	0	0	0	0	0	1	1	3	0	0	0	4	0	8	0	0	5	6	0	0	0	1	0	1	0	0	0	0	0	0	0	0	0	0	0	0	0	0	0	1	0	8	0	0	0	0	2	1	1	0	0	0	0	0	0	0	0	1	1	0	0	0	1	,171	-1,57855659863263	0	,341004417079603	0
5075	5	2	EV37	3	leuprolide	0	0	0	0	1	0	0	0	0	0	0	0	0	0	0	0	0	0	0	0	0	0	0	0	0	0	0	0	1	0	2	1	1	0	0	1	0	0	1	0	0	0	0	0	0	0	0	0	0	0	0	0	0	0	0	1	0	0	0	0	0	0	0	1	0	0	2	0	6	0	0	2	2	0	0	1	0	0	0	0	0	0	0	0	0	0	0	0	0	0	0	0	0	0	0	0	7	0	0	0	0	0	0	0	0	0	0	0	0	0	0	0	2	0	0	0	0	1	,032	-3,40949618447685	0	,286751155190421	0
5152	5	2	EV37	3	venlafaxine	3	1	0	8	2	2	0	0	0	0	0	0	0	0	0	0	0	0	1	1	1	1	1	0	0	1	0	0	0	1	5	0	0	1	0	1	0	0	0	0	0	0	0	0	0	0	0	0	0	0	0	0	0	0	0	0	0	0	0	0	2	1	0	3	0	0	5	0	15	0	0	2	7	0	0	1	0	0	0	1	0	0	0	0	1	0	0	0	0	0	0	0	0	0	1	0	8	0	0	0	0	1	1	3	0	0	0	0	0	0	0	0	4	4	0	0	0	1	,042	-3,12717815968749	0	,335791796632318	0
5154	5	2	EV37	3	vincristine	6	0	0	0	6	11	0	0	0	0	0	4	2	0	1	2	0	0	0	1	3	0	0	0	1	1	0	0	8	7	9	0	4	2	0	1	0	0	1	0	2	0	0	0	0	0	0	0	1	0	0	0	0	0	2	0	0	0	0	0	1	0	0	11	0	0	8	0	36	0	0	5	8	0	0	4	2	0	1	1	0	0	0	0	0	0	0	0	0	0	0	0	0	0	1	0	14	0	0	0	0	2	1	3	0	0	1	0	1	0	1	0	7	3	0	0	0	1	,221	-1,259848344353	0	,285970757876434	0
5097	5	2	EV37	3	octreotide	9	4	0	4	4	6	1	0	0	0	0	6	2	0	0	0	0	0	1	0	1	0	0	0	0	0	0	0	4	7	7	2	7	7	0	3	0	0	1	0	1	1	0	0	0	0	1	0	1	0	0	0	0	0	0	0	0	0	0	0	0	5	1	4	0	0	24	0	39	0	0	8	15	0	0	4	3	0	0	2	0	0	0	0	0	0	0	0	0	0	0	0	0	0	1	0	17	0	0	0	0	1	1	2	0	0	0	0	0	0	0	0	8	2	0	0	1	1	,32	-,75377180237638	0	,271633404982779	0
5033	5	2	EV37	3	doxorubicin	0	0	0	0	0	0	0	0	0	0	0	0	0	0	0	0	0	0	0	0	0	0	0	0	0	1	0	0	0	0	0	0	1	0	0	0	0	0	0	0	0	0	0	0	0	0	0	0	0	0	0	0	0	0	0	0	0	0	0	0	0	0	0	0	0	0	1	0	0	0	0	1	0	0	0	0	0	0	0	0	0	0	0	0	0	0	0	0	0	0	0	0	0	0	0	0	0	0	0	0	0	0	0	0	0	0	0	0	0	0	0	0	0	0	0	0	0	1	,424	-,306374205463933	0	,388416239859313	0
4991	5	2	EV37	3	acarbose	0	0	0	0	0	0	0	0	0	0	0	0	0	0	0	0	0	0	0	0	0	0	0	0	0	0	0	0	0	0	0	0	0	0	0	0	0	0	0	0	0	0	0	0	0	0	0	0	0	0	0	0	0	0	0	0	0	0	0	0	0	0	0	0	0	0	0	0	0	0	0	0	0	0	0	0	0	0	0	0	0	0	0	0	0	0	0	0	0	0	0	0	0	0	0	0	0	0	0	0	0	0	0	0	0	0	0	0	0	0	0	0	0	0	0	0	0	1	,424	-,306374205463933	0	,380736608782896	0
4994	5	2	EV37	3	alendronate	0	0	0	0	0	0	0	0	0	0	0	0	0	0	0	0	0	0	0	0	0	0	0	0	0	0	0	0	0	0	0	0	0	0	0	0	0	0	0	0	0	0	0	0	0	0	0	0	0	0	0	0	0	0	0	0	0	0	0	0	0	0	0	0	0	0	0	0	0	0	0	0	0	0	0	0	0	0	0	0	0	0	0	0	0	0	0	0	0	0	0	0	0	0	0	0	0	0	0	0	0	0	0	0	0	0	0	0	0	0	0	0	0	0	0	0	0	1	,424	-,306374205463933	0	,38193910294637	0
4995	5	2	EV37	3	alfuzosin	0	0	0	0	0	0	0	0	0	0	0	0	0	0	0	0	0	0	0	0	0	0	0	0	0	0	0	0	0	0	0	0	0	0	0	0	0	0	0	0	0	0	0	0	0	0	0	0	0	0	0	0	0	0	0	0	0	0	0	0	0	0	0	0	0	0	0	0	0	0	0	0	0	0	0	0	0	0	0	0	0	0	0	0	0	0	0	0	0	0	0	0	0	0	0	0	0	0	0	0	0	0	0	0	0	0	0	0	0	0	0	0	0	0	0	0	0	1	,424	-,306374205463933	0	,381251934024869	0
5003	5	2	EV37	3	atenolol	0	0	0	0	0	0	0	0	0	0	0	0	0	0	0	0	0	0	0	0	0	0	0	0	0	0	0	0	0	0	0	0	0	0	0	0	0	0	0	0	0	0	0	0	0	0	0	0	0	0	0	0	0	0	0	0	0	0	0	0	0	0	0	0	0	0	0	0	0	0	0	0	0	0	0	0	0	0	0	0	0	0	0	0	0	0	0	0	0	0	0	0	0	0	0	0	0	0	0	0	0	0	0	0	0	0	0	0	0	0	0	0	0	0	0	0	0	1	,424	-,306374205463933	0	,383720220246507	0
5004	5	2	EV37	3	atomoxetine	0	0	0	0	0	0	0	0	0	0	0	0	0	0	0	0	0	0	0	0	0	0	0	0	0	0	0	0	0	0	0	0	0	0	0	0	0	0	0	0	0	0	0	0	0	0	0	0	0	0	0	0	0	0	0	0	0	0	0	0	0	0	0	0	0	0	0	0	0	0	0	0	0	0	0	0	0	0	0	0	0	0	0	0	0	0	0	0	0	0	0	0	0	0	0	0	0	0	0	0	0	0	0	0	0	0	0	0	0	0	0	0	0	0	0	0	0	1	,424	-,306374205463933	0	,369728847471011	0
5024	5	2	EV37	3	danazol	0	0	0	0	0	0	0	0	0	0	0	0	0	0	0	0	0	0	0	0	0	0	0	0	0	0	0	0	0	0	0	0	0	0	0	0	0	0	0	0	0	0	0	0	0	0	0	0	0	0	0	0	0	0	0	0	0	0	0	0	0	0	0	0	0	0	0	0	0	0	0	0	0	0	0	0	0	0	0	0	0	0	0	0	0	0	0	0	0	0	0	0	0	0	0	0	0	0	0	0	0	0	0	0	0	0	0	0	0	0	0	0	0	0	0	0	0	1	,424	-,306374205463933	0	,385801344429734	0
5029	5	2	EV37	3	desvenlafaxine	0	0	0	0	0	0	0	0	0	0	0	0	0	0	0	0	0	0	0	0	0	0	0	0	0	0	0	0	0	0	0	0	0	0	0	0	0	0	0	0	0	0	0	0	0	0	0	0	0	0	0	0	0	0	0	0	0	0	0	0	0	0	0	0	0	0	0	0	0	0	0	0	0	0	0	0	0	0	0	0	0	0	0	0	0	0	0	0	0	0	0	0	0	0	0	0	0	0	0	0	0	0	0	0	0	0	0	0	0	0	0	0	0	0	0	0	0	1	,424	-,306374205463933	0	,375746286866014	0
5032	5	2	EV37	3	donepezil	0	0	0	0	0	0	0	0	0	0	0	0	0	0	0	0	0	0	0	0	0	0	0	0	0	0	0	0	0	0	0	0	0	0	0	0	0	0	0	0	0	0	0	0	0	0	0	0	0	0	0	0	0	0	0	0	0	0	0	0	0	0	0	0	0	0	0	0	0	0	0	0	0	0	0	0	0	0	0	0	0	0	0	0	0	0	0	0	0	0	0	0	0	0	0	0	0	0	0	0	0	0	0	0	0	0	0	0	0	0	0	0	0	0	0	0	0	1	,424	-,306374205463933	0	,382014147964812	0
5058	5	2	EV37	3	gabapentin	0	0	0	0	0	0	0	0	0	0	0	0	0	0	0	0	0	0	0	0	0	0	0	0	0	0	0	0	0	0	0	0	0	0	0	0	0	0	0	0	0	0	0	0	0	0	0	0	0	0	0	0	0	0	0	0	0	0	0	0	0	0	0	0	0	0	0	0	0	0	0	0	0	0	0	0	0	0	0	0	0	0	0	0	0	0	0	0	0	0	0	0	0	0	0	0	0	0	0	0	0	0	0	0	0	0	0	0	0	0	0	0	0	0	0	0	0	1	,424	-,306374205463933	0	,383802588435439	0
5078	5	2	EV37	3	levothyroxine	0	0	0	0	0	0	0	0	0	0	0	0	0	0	0	0	0	0	0	0	0	0	0	0	0	0	0	0	0	0	0	0	0	0	0	0	0	0	0	0	0	0	0	0	0	0	0	0	0	0	0	0	0	0	0	0	0	0	0	0	0	0	0	0	0	0	0	0	0	0	0	0	0	0	0	0	0	0	0	0	0	0	0	0	0	0	0	0	0	0	0	0	0	0	0	0	0	0	0	0	0	0	0	0	0	0	0	0	0	0	0	0	0	0	0	0	0	1	,424	-,306374205463933	0	,386797815712954	0
5082	5	2	EV37	3	metformin	0	0	0	0	0	0	0	0	0	0	0	0	0	0	0	0	0	0	0	0	0	0	0	0	0	0	0	0	0	0	0	0	0	0	0	0	0	0	0	0	0	0	0	0	0	0	0	0	0	0	0	0	0	0	0	0	0	0	0	0	0	0	0	0	0	0	0	0	0	0	0	0	0	0	0	0	0	0	0	0	0	0	0	0	0	0	0	0	0	0	0	0	0	0	0	0	0	0	0	0	0	0	0	0	0	0	0	0	0	0	0	0	0	0	0	0	0	1	,424	-,306374205463933	0	,384431003586814	0
5084	5	2	EV37	3	mexiletine	0	0	0	0	0	0	0	0	0	0	0	0	0	0	0	0	0	0	0	0	0	0	0	0	0	0	0	0	0	0	0	0	0	0	0	0	0	0	0	0	0	0	0	0	0	0	0	0	0	0	0	0	0	0	0	0	0	0	0	0	0	0	0	0	0	0	0	0	0	0	0	0	0	0	0	0	0	0	0	0	0	0	0	0	0	0	0	0	0	0	0	0	0	0	0	0	0	0	0	0	0	0	0	0	0	0	0	0	0	0	0	0	0	0	0	0	0	1	,424	-,306374205463933	0	,383582670686598	0
5090	5	2	EV37	3	milnacipran	0	0	0	0	0	0	0	0	0	0	0	0	0	0	0	0	0	0	0	0	0	0	0	0	0	0	0	0	0	0	0	0	0	0	0	0	0	0	0	0	0	0	0	0	0	0	0	0	0	0	0	0	0	0	0	0	0	0	0	0	0	0	0	0	0	0	0	0	0	0	0	0	0	0	0	0	0	0	0	0	0	0	0	0	0	0	0	0	0	0	0	0	0	0	0	0	0	0	0	0	0	0	0	0	0	0	0	0	0	0	0	0	0	0	0	0	0	1	,424	-,306374205463933	0	,382022185199032	0
5093	5	2	EV37	3	nelarabine	0	0	0	0	0	0	0	0	0	0	0	0	0	0	0	0	0	0	0	0	0	0	0	0	0	0	0	0	0	0	0	0	0	0	0	0	0	0	0	0	0	0	0	0	0	0	0	0	0	0	0	0	0	0	0	0	0	0	0	0	0	0	0	0	0	0	0	0	0	0	0	0	0	0	0	0	0	0	0	0	0	0	0	0	0	0	0	0	0	0	0	0	0	0	0	0	0	0	0	0	0	0	0	0	0	0	0	0	0	0	0	0	0	0	0	0	0	1	,424	-,306374205463933	0	,382592263281933	0
5098	5	2	EV37	3	orlistat	0	0	0	0	0	0	0	0	0	0	0	0	0	0	0	0	0	0	0	0	0	0	0	0	0	0	0	0	0	0	0	0	0	0	0	0	0	0	0	0	0	0	0	0	0	0	0	0	0	0	0	0	0	0	0	0	0	0	0	0	0	0	0	0	0	0	0	0	0	0	0	0	0	0	0	0	0	0	0	0	0	0	0	0	0	0	0	0	0	0	0	0	0	0	0	0	0	0	0	0	0	0	0	0	0	0	0	0	0	0	0	0	0	0	0	0	0	1	,424	-,306374205463933	0	,387184128425796	0
5103	5	2	EV37	3	penicillamine	0	0	0	0	0	0	0	0	0	0	0	0	0	0	0	0	0	0	0	0	0	0	0	0	0	0	0	0	0	0	0	0	0	0	0	0	0	0	0	0	0	0	0	0	0	0	0	0	0	0	0	0	0	0	0	0	0	0	0	0	0	0	0	0	0	0	0	0	0	0	0	0	0	0	0	0	0	0	0	0	0	0	0	0	0	0	0	0	0	0	0	0	0	0	0	0	0	0	0	0	0	0	0	0	0	0	0	0	0	0	0	0	0	0	0	0	0	1	,424	-,306374205463933	0	,381227849102193	0
5122	5	2	EV37	3	ropinirole	0	0	0	0	0	0	0	0	0	0	0	0	0	0	0	0	0	0	0	0	0	0	0	0	0	0	0	0	0	0	0	0	0	0	0	0	0	0	0	0	0	0	0	0	0	0	0	0	0	0	0	0	0	0	0	0	0	0	0	0	0	0	0	0	0	0	0	0	0	0	0	0	0	0	0	0	0	0	0	0	0	0	0	0	0	0	0	0	0	0	0	0	0	0	0	0	0	0	0	0	0	0	0	0	0	0	0	0	0	0	0	0	0	0	0	0	0	1	,424	-,306374205463933	0	,387942244742798	0
5131	5	2	EV37	3	succimer	0	0	0	0	0	0	0	0	0	0	0	0	0	0	0	0	0	0	0	0	0	0	0	0	0	0	0	0	0	0	0	0	0	0	0	0	0	0	0	0	0	0	0	0	0	0	0	0	0	0	0	0	0	0	0	0	0	0	0	0	0	0	0	0	0	0	0	0	0	0	0	0	0	0	0	0	0	0	0	0	0	0	0	0	0	0	0	0	0	0	0	0	0	0	0	0	0	0	0	0	0	0	0	0	0	0	0	0	0	0	0	0	0	0	0	0	0	1	,424	-,306374205463933	0	,381445343741883	0
5148	5	2	EV37	3	triptorelin pamoate	0	0	0	0	0	0	0	0	0	0	0	0	0	0	0	0	0	0	0	0	0	0	0	0	0	0	0	0	0	0	0	0	0	0	0	0	0	0	0	0	0	0	0	0	0	0	0	0	0	0	0	0	0	0	0	0	0	0	0	0	0	0	0	0	0	0	0	0	0	0	0	0	0	0	0	0	0	0	0	0	0	0	0	0	0	0	0	0	0	0	0	0	0	0	0	0	0	0	0	0	0	0	0	0	0	0	0	0	0	0	0	0	0	0	0	0	0	1	,424	-,306374205463933	0	,382515369326799	0
5041	5	2	EV37	3	estradiol	1	0	0	0	0	0	0	0	0	0	0	0	0	0	0	0	0	0	0	0	0	0	0	0	0	0	0	0	0	0	0	0	0	0	0	0	0	0	0	0	0	0	0	0	0	0	0	0	0	0	0	0	0	0	0	0	0	0	0	0	0	0	0	0	0	0	0	0	0	0	0	1	0	0	0	0	0	0	0	0	0	0	0	0	0	0	0	0	0	0	0	0	0	0	0	0	0	0	0	0	0	0	0	0	0	0	0	0	0	0	0	0	0	0	0	0	0	1	,424	-,306374205463933	0	,384224306553254	0
5109	5	2	EV37	3	pregabalin	0	0	0	1	0	0	0	0	0	0	0	0	0	0	0	0	0	0	0	0	0	0	0	0	0	0	0	0	0	0	0	0	0	0	0	0	0	0	0	0	0	0	0	0	0	0	0	0	0	0	0	0	0	0	0	0	0	0	0	0	0	0	0	0	0	0	0	0	0	0	0	1	0	0	0	0	0	0	0	0	0	0	0	0	0	0	0	0	0	0	0	0	0	0	0	0	0	0	0	0	0	0	0	0	0	0	0	0	0	0	0	0	0	0	0	0	0	1	,426	-,298190050050196	0	,391513941887737	0
5000	5	2	EV37	3	amphotericin b	0	0	0	0	0	0	0	0	0	0	0	0	0	0	0	0	0	0	0	1	0	0	0	0	0	0	0	0	0	0	0	0	0	0	0	0	0	0	0	0	0	0	0	0	0	0	0	0	0	0	0	0	0	0	0	0	0	0	0	0	0	0	0	0	0	0	0	0	0	0	0	0	0	0	0	0	0	0	0	0	0	0	0	0	0	0	0	0	0	0	0	0	0	0	0	0	0	0	0	0	0	1	0	0	0	0	0	0	0	0	0	0	0	0	0	0	0	1	,443	-,228995469882149	0	,388556033879915	0
5111	5	2	EV37	3	propoxyphene	0	0	0	0	1	0	0	0	0	0	0	1	1	0	0	0	0	0	0	0	0	0	0	0	0	0	0	0	0	0	0	0	0	0	0	0	0	0	0	0	1	0	0	0	0	0	0	0	0	0	0	0	0	0	0	0	0	0	0	0	0	0	0	0	0	0	1	0	2	0	0	2	0	0	0	0	1	0	1	0	0	0	0	0	0	0	0	0	0	0	0	0	0	0	0	0	3	0	0	0	0	1	0	1	0	0	0	0	0	0	0	0	0	0	0	0	0	1	,472	-,112117298120706	0	,417659248870591	0
5137	5	2	EV37	3	terbutaline	6	1	0	0	4	1	0	0	0	0	0	1	2	0	0	0	0	0	0	0	1	0	0	0	0	2	0	0	6	8	6	0	4	0	0	4	0	0	2	0	0	0	0	0	0	0	0	0	0	0	0	0	0	0	0	0	2	0	0	0	0	2	0	8	0	0	10	0	23	0	0	4	6	0	0	1	2	0	0	2	0	0	0	0	0	0	0	0	0	0	0	0	0	0	0	0	11	0	0	0	0	0	0	1	0	0	0	0	0	0	0	0	3	2	0	0	0	1	,536	,144249608844547	0	,388430203442303	0
4999	5	2	EV37	3	amphetamine	8	3	0	0	7	15	0	0	0	0	1	4	2	0	1	0	0	0	0	2	4	0	0	0	1	0	0	0	8	9	23	0	2	4	0	5	0	0	3	0	1	1	0	0	0	0	0	0	0	0	0	0	1	0	0	0	0	0	0	0	2	1	1	15	0	0	5	1	41	0	0	7	13	0	0	2	3	0	1	2	0	0	0	0	0	0	0	0	0	0	0	0	0	0	1	0	24	0	0	0	0	2	1	2	0	0	1	0	1	0	1	0	7	3	0	0	0	1	,293	-,880858056879505	0	,286808330688501	0
5081	5	2	EV37	3	memantine	4	1	0	8	1	3	0	0	0	0	0	1	0	0	0	0	0	0	0	1	0	0	0	0	1	0	0	0	1	4	6	0	2	0	0	0	0	0	0	0	0	0	0	0	0	0	0	0	0	0	0	0	0	0	0	0	0	0	0	0	0	2	0	3	0	0	6	0	18	0	0	5	8	0	0	2	1	0	1	0	0	0	0	0	0	0	0	0	0	0	0	0	0	0	1	0	12	0	0	0	0	2	1	1	0	0	0	0	0	0	0	0	4	3	0	0	0	1	,476	-,0960738300896222	0	,478412120411782	0
5083	5	2	EV37	3	metoprolol	12	5	0	2	7	6	0	0	0	0	0	3	3	0	0	0	1	0	1	1	2	0	0	0	0	1	0	0	5	9	7	1	10	0	0	8	0	0	3	0	2	0	0	0	0	0	0	0	1	0	0	0	0	1	0	0	0	0	0	0	0	4	0	2	0	0	20	1	49	0	0	4	9	0	0	2	6	0	1	2	0	0	0	0	1	0	0	0	0	0	0	0	0	0	0	0	18	0	0	0	0	2	0	2	0	0	1	0	1	0	1	0	9	7	0	0	0	1	,209	-1,33096371580284	0	,14847748552915	0
5153	5	2	EV37	3	verapamil	19	8	0	3	10	15	1	0	0	0	1	11	5	0	2	3	0	0	1	3	12	0	0	0	3	2	0	0	9	17	30	0	3	2	0	11	0	0	4	0	0	0	0	0	0	0	0	1	0	0	0	0	1	0	0	0	0	0	0	0	2	10	0	11	1	0	29	1	64	0	0	7	18	1	0	4	6	0	1	2	0	0	0	0	0	0	0	0	0	0	0	0	0	0	1	0	24	0	0	0	0	2	1	3	0	0	1	0	1	0	1	0	12	4	0	0	0	1	,822	1,52995684476409	0	,433036519177646	0
5327	5	3	EV37	3	vitamin a	8	3	0	0	3	12	0	0	0	0	0	3	1	0	0	3	0	0	1	2	4	0	0	0	0	2	0	0	3	9	22	0	7	13	0	5	0	0	2	0	1	1	0	0	0	0	3	0	1	0	0	0	0	0	1	0	0	0	0	0	5	5	1	12	0	0	12	1	30	0	0	5	13	0	0	2	2	0	1	2	0	0	0	0	0	0	0	0	0	0	0	0	0	0	0	0	13	0	4	0	0	6	0	4	0	0	0	0	1	0	0	0	1	2	0	0	0	1	,069	-2,60215277267981	0	,0429570287793932	0
5255	5	3	EV37	3	metoprolol	9	5	0	1	2	1	0	0	0	0	0	3	1	0	0	0	1	0	0	0	2	0	0	0	1	0	0	0	1	6	11	1	4	0	1	9	0	0	2	0	4	1	0	0	0	0	0	0	1	0	0	0	0	1	0	0	0	0	0	0	0	1	0	4	0	0	8	2	25	0	0	2	9	0	1	1	3	0	1	1	0	0	0	0	0	0	0	0	0	0	0	0	0	0	0	0	11	0	1	0	0	5	0	4	0	0	0	0	1	0	0	0	0	1	0	0	0	1	,048	-2,98736402388347	0	,168460487920546	0
5282	5	3	EV37	3	propafenone	1	1	0	1	0	2	0	0	0	0	0	0	0	0	0	0	0	0	0	0	1	0	0	0	0	0	0	0	2	1	5	1	1	0	0	1	0	0	0	0	2	0	0	0	0	0	0	0	1	0	0	0	0	0	1	0	0	0	0	0	0	0	0	2	0	0	1	0	8	0	0	0	1	0	0	0	0	0	0	0	0	0	0	0	0	0	0	0	0	0	0	0	0	0	0	0	1	0	1	0	0	1	0	2	0	0	0	0	1	0	0	0	0	0	0	0	0	1	,28	-,944461608840851	0	,275574291197718	0
5326	5	3	EV37	3	vincristine	5	0	0	1	3	9	0	0	0	0	0	3	3	1	1	1	0	0	0	0	4	0	0	0	2	2	0	0	6	4	5	1	4	2	0	3	0	0	2	1	0	1	0	0	1	0	0	0	0	0	0	0	0	0	1	0	0	0	0	0	0	1	0	6	0	0	8	1	24	0	0	3	8	0	0	1	3	0	1	2	0	0	0	0	0	0	0	0	0	0	0	0	0	0	0	0	7	0	2	0	0	5	0	2	0	0	0	0	1	0	0	0	1	1	0	0	0	1	,282	-,93456249811011	0	,317557507136967	0
5309	5	3	EV37	3	terbutaline	4	0	0	0	2	1	0	0	0	0	0	2	0	0	1	0	0	0	0	0	1	0	0	0	0	0	0	0	4	2	3	0	2	0	0	2	0	0	1	0	2	0	0	0	0	0	0	0	0	0	0	0	0	0	0	0	0	0	0	0	0	1	0	6	0	0	2	0	14	0	0	0	3	0	0	1	2	0	0	0	0	0	0	0	0	0	0	0	0	0	0	0	0	0	0	0	6	0	0	0	0	1	0	1	0	0	0	0	0	0	0	0	0	0	0	0	0	1	,404	-,3888257891042	0	,424604233914293	0
5324	5	3	EV37	3	venlafaxine	2	0	0	5	1	0	0	0	0	0	0	0	0	0	0	0	0	0	0	0	0	0	0	0	0	0	0	0	0	1	1	0	0	0	0	1	0	0	0	0	1	1	0	0	0	0	0	0	0	0	0	0	0	0	0	0	0	0	0	0	0	0	0	2	0	0	3	0	6	0	0	1	6	0	0	0	0	0	0	2	0	0	0	0	0	0	0	0	0	0	0	0	0	0	0	0	4	0	1	0	0	4	0	1	0	0	0	0	0	0	0	0	1	1	0	0	0	1	,401	-,40130017080888	0	,370029718039994	0
5269	5	3	EV37	3	octreotide	5	2	0	1	2	8	1	0	0	0	0	3	2	0	0	0	0	0	2	0	0	0	0	0	0	2	0	0	4	5	8	1	8	6	0	2	0	0	1	0	3	1	0	0	0	0	2	0	1	0	0	0	0	0	1	0	0	0	0	0	0	7	1	1	0	0	15	0	29	0	0	3	11	0	0	0	3	0	0	3	0	0	0	0	0	0	0	0	0	0	0	0	0	0	0	0	11	0	2	0	0	5	0	1	0	0	0	0	0	0	0	0	1	1	0	0	1	1	,376	-,506561224979533	0	,302307007436576	0
5163	5	3	EV37	3	acarbose	0	0	0	0	0	0	0	0	0	0	0	0	0	0	0	0	0	0	0	0	0	0	0	0	0	0	0	0	0	0	0	0	0	0	0	0	0	0	0	0	0	0	0	0	0	0	0	0	0	0	0	0	0	0	0	0	0	0	0	0	0	0	0	0	0	0	0	0	0	0	0	0	0	0	0	0	0	0	0	0	0	0	0	0	0	0	0	0	0	0	0	0	0	0	0	0	0	0	0	0	0	0	0	0	0	0	0	0	0	0	0	0	0	0	0	0	0	1	,424	-,306374205463933	0	,416682315486933	0
5166	5	3	EV37	3	alendronate	0	0	0	0	0	0	0	0	0	0	0	0	0	0	0	0	0	0	0	0	0	0	0	0	0	0	0	0	0	0	0	0	0	0	0	0	0	0	0	0	0	0	0	0	0	0	0	0	0	0	0	0	0	0	0	0	0	0	0	0	0	0	0	0	0	0	0	0	0	0	0	0	0	0	0	0	0	0	0	0	0	0	0	0	0	0	0	0	0	0	0	0	0	0	0	0	0	0	0	0	0	0	0	0	0	0	0	0	0	0	0	0	0	0	0	0	0	1	,424	-,306374205463933	0	,417921721314564	0
5167	5	3	EV37	3	alfuzosin	0	0	0	0	0	0	0	0	0	0	0	0	0	0	0	0	0	0	0	0	0	0	0	0	0	0	0	0	0	0	0	0	0	0	0	0	0	0	0	0	0	0	0	0	0	0	0	0	0	0	0	0	0	0	0	0	0	0	0	0	0	0	0	0	0	0	0	0	0	0	0	0	0	0	0	0	0	0	0	0	0	0	0	0	0	0	0	0	0	0	0	0	0	0	0	0	0	0	0	0	0	0	0	0	0	0	0	0	0	0	0	0	0	0	0	0	0	1	,424	-,306374205463933	0	,417213514751256	0
5175	5	3	EV37	3	atenolol	0	0	0	0	0	0	0	0	0	0	0	0	0	0	0	0	0	0	0	0	0	0	0	0	0	0	0	0	0	0	0	0	0	0	0	0	0	0	0	0	0	0	0	0	0	0	0	0	0	0	0	0	0	0	0	0	0	0	0	0	0	0	0	0	0	0	0	0	0	0	0	0	0	0	0	0	0	0	0	0	0	0	0	0	0	0	0	0	0	0	0	0	0	0	0	0	0	0	0	0	0	0	0	0	0	0	0	0	0	0	0	0	0	0	0	0	0	1	,424	-,306374205463933	0	,419756676978098	0
5176	5	3	EV37	3	atomoxetine	0	0	0	0	0	0	0	0	0	0	0	0	0	0	0	0	0	0	0	0	0	0	0	0	0	0	0	0	0	0	0	0	0	0	0	0	0	0	0	0	0	0	0	0	0	0	0	0	0	0	0	0	0	0	0	0	0	0	0	0	0	0	0	0	0	0	0	0	0	0	0	0	0	0	0	0	0	0	0	0	0	0	0	0	0	0	0	0	0	0	0	0	0	0	0	0	0	0	0	0	0	0	0	0	0	0	0	0	0	0	0	0	0	0	0	0	0	1	,424	-,306374205463933	0	,405315504956038	0
5196	5	3	EV37	3	danazol	0	0	0	0	0	0	0	0	0	0	0	0	0	0	0	0	0	0	0	0	0	0	0	0	0	0	0	0	0	0	0	0	0	0	0	0	0	0	0	0	0	0	0	0	0	0	0	0	0	0	0	0	0	0	0	0	0	0	0	0	0	0	0	0	0	0	0	0	0	0	0	0	0	0	0	0	0	0	0	0	0	0	0	0	0	0	0	0	0	0	0	0	0	0	0	0	0	0	0	0	0	0	0	0	0	0	0	0	0	0	0	0	0	0	0	0	0	1	,424	-,306374205463933	0	,421899446436736	0
5201	5	3	EV37	3	desvenlafaxine	0	0	0	0	0	0	0	0	0	0	0	0	0	0	0	0	0	0	0	0	0	0	0	0	0	0	0	0	0	0	0	0	0	0	0	0	0	0	0	0	0	0	0	0	0	0	0	0	0	0	0	0	0	0	0	0	0	0	0	0	0	0	0	0	0	0	0	0	0	0	0	0	0	0	0	0	0	0	0	0	0	0	0	0	0	0	0	0	0	0	0	0	0	0	0	0	0	0	0	0	0	0	0	0	0	0	0	0	0	0	0	0	0	0	0	0	0	1	,424	-,306374205463933	0	,411533951177807	0
5204	5	3	EV37	3	donepezil	0	0	0	0	0	0	0	0	0	0	0	0	0	0	0	0	0	0	0	0	0	0	0	0	0	0	0	0	0	0	0	0	0	0	0	0	0	0	0	0	0	0	0	0	0	0	0	0	0	0	0	0	0	0	0	0	0	0	0	0	0	0	0	0	0	0	0	0	0	0	0	0	0	0	0	0	0	0	0	0	0	0	0	0	0	0	0	0	0	0	0	0	0	0	0	0	0	0	0	0	0	0	0	0	0	0	0	0	0	0	0	0	0	0	0	0	0	1	,424	-,306374205463933	0	,417999054846635	0
5205	5	3	EV37	3	doxorubicin	0	0	0	0	0	0	0	0	0	0	0	0	0	0	0	0	0	0	0	0	0	0	0	0	0	0	0	0	0	0	0	0	0	0	0	0	0	0	0	0	0	0	0	0	0	0	0	0	0	0	0	0	0	0	0	0	0	0	0	0	0	0	0	0	0	0	0	0	0	0	0	0	0	0	0	0	0	0	0	0	0	0	0	0	0	0	0	0	0	0	0	0	0	0	0	0	0	0	0	0	0	0	0	0	0	0	0	0	0	0	0	0	0	0	0	0	0	1	,424	-,306374205463933	0	,424589872746544	0
5213	5	3	EV37	3	estradiol	0	0	0	0	0	0	0	0	0	0	0	0	0	0	0	0	0	0	0	0	0	0	0	0	0	0	0	0	0	0	0	0	0	0	0	0	0	0	0	0	0	0	0	0	0	0	0	0	0	0	0	0	0	0	0	0	0	0	0	0	0	0	0	0	0	0	0	0	0	0	0	0	0	0	0	0	0	0	0	0	0	0	0	0	0	0	0	0	0	0	0	0	0	0	0	0	0	0	0	0	0	0	0	0	0	0	0	0	0	0	0	0	0	0	0	0	0	1	,424	-,306374205463933	0	,420275819618319	0
5230	5	3	EV37	3	gabapentin	0	0	0	0	0	0	0	0	0	0	0	0	0	0	0	0	0	0	0	0	0	0	0	0	0	0	0	0	0	0	0	0	0	0	0	0	0	0	0	0	0	0	0	0	0	0	0	0	0	0	0	0	0	0	0	0	0	0	0	0	0	0	0	0	0	0	0	0	0	0	0	0	0	0	0	0	0	0	0	0	0	0	0	0	0	0	0	0	0	0	0	0	0	0	0	0	0	0	0	0	0	0	0	0	0	0	0	0	0	0	0	0	0	0	0	0	0	1	,424	-,306374205463933	0	,419841510837842	0
5250	5	3	EV37	3	levothyroxine	0	0	0	0	0	0	0	0	0	0	0	0	0	0	0	0	0	0	0	0	0	0	0	0	0	0	0	0	0	0	0	0	0	0	0	0	0	0	0	0	0	0	0	0	0	0	0	0	0	0	0	0	0	0	0	0	0	0	0	0	0	0	0	0	0	0	0	0	0	0	0	0	0	0	0	0	0	0	0	0	0	0	0	0	0	0	0	0	0	0	0	0	0	0	0	0	0	0	0	0	0	0	0	0	0	0	0	0	0	0	0	0	0	0	0	0	0	1	,424	-,306374205463933	0	,422924953387896	0
5254	5	3	EV37	3	metformin	0	0	0	0	0	0	0	0	0	0	0	0	0	0	0	0	0	0	0	0	0	0	0	0	0	0	0	0	0	0	0	0	0	0	0	0	0	0	0	0	0	0	0	0	0	0	0	0	0	0	0	0	0	0	0	0	0	0	0	0	0	0	0	0	0	0	0	0	0	0	0	0	0	0	0	0	0	0	0	0	0	0	0	0	0	0	0	0	0	0	0	0	0	0	0	0	0	0	0	0	0	0	0	0	0	0	0	0	0	0	0	0	0	0	0	0	0	1	,424	-,306374205463933	0	,420488667340691	0
5256	5	3	EV37	3	mexiletine	0	0	0	0	0	0	0	0	0	0	0	0	0	0	0	0	0	0	0	0	0	0	0	0	0	0	0	0	0	0	0	0	0	0	0	0	0	0	0	0	0	0	0	0	0	0	0	0	0	0	0	0	0	0	0	0	0	0	0	0	0	0	0	0	0	0	0	0	0	0	0	0	0	0	0	0	0	0	0	0	0	0	0	0	0	0	0	0	0	0	0	0	0	0	0	0	0	0	0	0	0	0	0	0	0	0	0	0	0	0	0	0	0	0	0	0	0	1	,424	-,306374205463933	0	,419615005159304	0
5262	5	3	EV37	3	milnacipran	0	0	0	0	0	0	0	0	0	0	0	0	0	0	0	0	0	0	0	0	0	0	0	0	0	0	0	0	0	0	0	0	0	0	0	0	0	0	0	0	0	0	0	0	0	0	0	0	0	0	0	0	0	0	0	0	0	0	0	0	0	0	0	0	0	0	0	0	0	0	0	0	0	0	0	0	0	0	0	0	0	0	0	0	0	0	0	0	0	0	0	0	0	0	0	0	0	0	0	0	0	0	0	0	0	0	0	0	0	0	0	0	0	0	0	0	0	1	,424	-,306374205463933	0	,418007337073117	0
5265	5	3	EV37	3	nelarabine	0	0	0	0	0	0	0	0	0	0	0	0	0	0	0	0	0	0	0	0	0	0	0	0	0	0	0	0	0	0	0	0	0	0	0	0	0	0	0	0	0	0	0	0	0	0	0	0	0	0	0	0	0	0	0	0	0	0	0	0	0	0	0	0	0	0	0	0	0	0	0	0	0	0	0	0	0	0	0	0	0	0	0	0	0	0	0	0	0	0	0	0	0	0	0	0	0	0	0	0	0	0	0	0	0	0	0	0	0	0	0	0	0	0	0	0	0	1	,424	-,306374205463933	0	,418594740605223	0
5270	5	3	EV37	3	orlistat	0	0	0	0	0	0	0	0	0	0	0	0	0	0	0	0	0	0	0	0	0	0	0	0	0	0	0	0	0	0	0	0	0	0	0	0	0	0	0	0	0	0	0	0	0	0	0	0	0	0	0	0	0	0	0	0	0	0	0	0	0	0	0	0	0	0	0	0	0	0	0	0	0	0	0	0	0	0	0	0	0	0	0	0	0	0	0	0	0	0	0	0	0	0	0	0	0	0	0	0	0	0	0	0	0	0	0	0	0	0	0	0	0	0	0	0	0	1	,424	-,306374205463933	0	,423322438938405	0
5275	5	3	EV37	3	penicillamine	0	0	0	0	0	0	0	0	0	0	0	0	0	0	0	0	0	0	0	0	0	0	0	0	0	0	0	0	0	0	0	0	0	0	0	0	0	0	0	0	0	0	0	0	0	0	0	0	0	0	0	0	0	0	0	0	0	0	0	0	0	0	0	0	0	0	0	0	0	0	0	0	0	0	0	0	0	0	0	0	0	0	0	0	0	0	0	0	0	0	0	0	0	0	0	0	0	0	0	0	0	0	0	0	0	0	0	0	0	0	0	0	0	0	0	0	0	1	,424	-,306374205463933	0	,417188689778474	0
5281	5	3	EV37	3	pregabalin	0	0	0	0	0	0	0	0	0	0	0	0	0	0	0	0	0	0	0	0	0	0	0	0	0	0	0	0	0	0	0	0	0	0	0	0	0	0	0	0	0	0	0	0	0	0	0	0	0	0	0	0	0	0	0	0	0	0	0	0	0	0	0	0	0	0	0	0	0	0	0	0	0	0	0	0	0	0	0	0	0	0	0	0	0	0	0	0	0	0	0	0	0	0	0	0	0	0	0	0	0	0	0	0	0	0	0	0	0	0	0	0	0	0	0	0	0	1	,424	-,306374205463933	0	,427774280215427	0
5294	5	3	EV37	3	ropinirole	0	0	0	0	0	0	0	0	0	0	0	0	0	0	0	0	0	0	0	0	0	0	0	0	0	0	0	0	0	0	0	0	0	0	0	0	0	0	0	0	0	0	0	0	0	0	0	0	0	0	0	0	0	0	0	0	0	0	0	0	0	0	0	0	0	0	0	0	0	0	0	0	0	0	0	0	0	0	0	0	0	0	0	0	0	0	0	0	0	0	0	0	0	0	0	0	0	0	0	0	0	0	0	0	0	0	0	0	0	0	0	0	0	0	0	0	0	1	,424	-,306374205463933	0	,424102345352632	0
5303	5	3	EV37	3	succimer	0	0	0	0	0	0	0	0	0	0	0	0	0	0	0	0	0	0	0	0	0	0	0	0	0	0	0	0	0	0	0	0	0	0	0	0	0	0	0	0	0	0	0	0	0	0	0	0	0	0	0	0	0	0	0	0	0	0	0	0	0	0	0	0	0	0	0	0	0	0	0	0	0	0	0	0	0	0	0	0	0	0	0	0	0	0	0	0	0	0	0	0	0	0	0	0	0	0	0	0	0	0	0	0	0	0	0	0	0	0	0	0	0	0	0	0	0	1	,424	-,306374205463933	0	,417412860700394	0
5320	5	3	EV37	3	triptorelin pamoate	0	0	0	0	0	0	0	0	0	0	0	0	0	0	0	0	0	0	0	0	0	0	0	0	0	0	0	0	0	0	0	0	0	0	0	0	0	0	0	0	0	0	0	0	0	0	0	0	0	0	0	0	0	0	0	0	0	0	0	0	0	0	0	0	0	0	0	0	0	0	0	0	0	0	0	0	0	0	0	0	0	0	0	0	0	0	0	0	0	0	0	0	0	0	0	0	0	0	0	0	0	0	0	0	0	0	0	0	0	0	0	0	0	0	0	0	0	1	,424	-,306374205463933	0	,418515515693786	0
5325	5	3	EV37	3	verapamil	13	4	0	0	2	24	0	0	0	0	0	4	0	0	1	3	0	0	1	2	11	0	0	0	6	3	0	0	5	17	30	1	3	2	1	13	0	0	7	0	1	0	0	0	0	0	0	1	0	0	0	0	1	0	1	0	0	0	0	0	0	5	0	11	0	0	17	0	43	0	0	6	16	0	1	2	3	0	1	3	0	0	0	0	0	0	0	0	0	0	0	0	0	0	0	0	16	0	3	0	0	6	0	3	0	0	0	0	1	0	0	0	1	1	0	0	0	1	,184	-1,48947859735512	0	,4701710110422	0
5247	5	3	EV37	3	leuprolide	0	0	0	2	1	0	0	0	0	0	0	0	0	0	0	0	0	0	0	0	0	0	0	0	0	0	0	0	1	0	3	0	1	0	0	1	0	0	0	0	0	0	0	0	0	0	0	0	0	0	0	0	0	0	0	0	0	0	0	0	0	0	0	0	0	0	2	0	6	0	0	0	2	0	0	0	0	0	0	0	0	0	0	0	0	0	0	0	0	0	0	0	0	0	0	0	3	0	1	0	0	2	0	0	0	0	0	0	0	0	0	0	0	0	0	0	0	1	,439	-,245221492447525	0	,318385666966502	0
5172	5	3	EV37	3	amphotericin b	0	0	0	0	0	0	0	0	0	0	0	0	0	0	0	0	0	0	0	1	0	0	0	0	0	0	0	0	0	0	0	0	0	0	0	0	0	0	0	0	0	0	0	0	0	0	0	0	0	0	0	0	0	0	0	0	0	0	0	0	0	0	0	0	0	0	0	0	2	0	0	0	0	0	0	0	0	0	0	0	0	0	0	0	0	0	0	0	0	0	0	0	0	0	0	0	0	0	0	0	0	0	0	0	0	0	0	0	0	0	0	0	0	0	0	0	0	1	,44	-,241162056816888	0	,424733644364055	0
5283	5	3	EV37	3	propoxyphene	0	0	0	0	1	0	0	0	0	0	0	1	1	0	0	0	0	0	0	0	0	0	0	0	0	0	0	0	0	0	0	0	0	0	0	0	0	0	0	0	1	0	0	0	0	0	0	0	0	0	0	0	0	0	0	0	0	0	0	0	0	0	0	0	0	0	1	0	3	0	0	1	1	0	0	0	0	0	1	0	0	0	0	0	0	0	0	0	0	0	0	0	0	0	0	0	2	0	0	0	0	1	0	1	0	0	0	0	0	0	0	0	0	0	0	0	0	1	,492	-,0320027310861738	0	,454532245302271	0
5171	5	3	EV37	3	amphetamine	4	4	0	0	7	6	0	0	0	0	2	3	3	0	0	2	0	0	0	3	3	0	0	0	2	0	0	0	3	7	8	1	1	3	0	2	1	0	2	1	3	1	0	0	1	0	0	0	0	0	0	0	1	0	0	0	1	0	0	0	0	1	2	6	0	0	5	1	21	0	0	3	9	0	0	1	2	0	1	2	0	0	0	0	0	0	0	0	0	0	0	0	0	0	0	0	11	0	2	0	0	5	0	3	0	0	0	0	1	0	0	0	1	1	0	0	0	1	,319	-,758371203364668	0	,31844633390589	0
5253	5	3	EV37	3	memantine	2	0	0	3	2	0	0	0	0	0	0	3	1	0	0	0	0	0	0	1	0	0	0	0	0	0	0	0	2	6	4	0	1	0	0	1	0	0	0	0	2	0	0	0	0	0	0	0	0	0	0	0	0	0	0	0	0	0	0	0	0	1	0	3	0	0	1	0	15	0	0	3	6	0	0	0	0	0	1	2	0	0	0	0	0	0	0	0	0	0	0	0	0	0	0	0	5	0	1	0	0	4	0	2	0	0	0	0	0	0	0	0	1	1	0	0	0	1	,605	,42634269312972	0	,51589708600379	0
5197	5	3	EV37	3	daptomycin	2	0	0	0	2	5	0	0	0	0	0	0	2	0	0	0	0	0	0	0	0	0	0	0	2	0	0	0	2	1	4	1	3	0	0	3	0	0	2	0	2	0	0	0	0	0	0	1	0	0	0	0	0	0	0	0	0	0	0	0	0	0	0	2	0	0	1	1	13	0	0	3	4	0	0	1	0	0	1	2	0	0	0	0	0	0	0	0	0	0	0	0	0	0	0	0	3	0	0	0	0	3	0	1	0	0	0	0	0	0	0	0	1	1	0	0	0	1	,64	,575364144903562	0	,375473379108674	0
5323	5	3	EV37	3	valproic acid	10	5	0	0	5	9	1	0	0	0	0	3	1	0	0	1	0	0	0	1	3	0	1	0	2	0	0	0	4	12	9	2	6	2	0	7	0	0	1	1	2	1	0	0	1	0	0	0	0	0	0	0	1	1	1	0	0	0	0	0	1	3	0	10	0	0	9	0	28	0	0	4	10	0	0	2	3	0	1	2	0	0	0	0	0	0	0	0	0	0	0	0	0	0	0	0	9	0	3	0	0	7	0	3	0	0	0	0	1	0	0	0	1	1	0	0	1	1	,438	-,249282939517245	0	,163124186750175	0
5498	5	4	EV37	3	vincristine	1	0	0	0	3	7	0	0	0	0	0	2	0	0	0	0	0	0	0	0	1	0	0	0	1	2	0	0	3	3	7	0	0	1	0	4	0	0	1	0	0	0	0	0	0	0	0	0	0	0	0	0	0	0	0	0	0	0	0	0	0	0	0	4	0	0	5	0	20	0	0	2	1	0	0	0	5	0	1	0	0	0	0	0	0	0	0	0	0	0	0	0	0	0	0	0	0	0	0	0	0	1	0	0	0	0	0	0	1	0	0	0	1	0	0	0	0	1	,309	-,804798546869924	0	,323797420897397	0
5343	5	4	EV37	3	amphetamine	3	0	0	0	3	8	0	0	0	0	0	1	0	0	0	0	0	0	0	0	1	0	0	0	0	0	0	0	1	4	3	0	1	0	0	0	0	0	0	0	0	0	0	0	0	0	0	0	0	0	0	0	0	0	0	0	0	0	0	0	0	1	1	2	0	0	5	0	24	0	0	4	3	0	0	0	4	0	2	0	0	0	0	0	0	0	0	0	0	0	0	0	0	0	0	0	0	0	0	0	0	1	0	0	0	0	0	0	1	0	0	0	1	0	0	0	0	1	,275	-,969400557188103	0	,324695403193959	0
5454	5	4	EV37	3	propafenone	0	1	0	5	0	1	0	0	0	0	0	1	0	0	0	0	0	0	0	0	0	0	0	0	0	0	0	0	0	0	0	0	0	0	0	1	0	0	0	0	2	0	0	0	0	0	0	0	1	0	0	0	0	0	0	0	0	0	0	0	0	0	0	0	0	0	2	0	6	0	0	2	3	0	0	0	1	0	1	0	0	0	0	0	0	0	0	0	0	0	0	0	0	0	0	0	0	0	0	0	0	0	0	0	0	0	0	0	1	0	0	0	0	0	0	0	0	1	,326	-,7263327295456	0	,281329326641707	0
5369	5	4	EV37	3	daptomycin	0	1	0	0	2	1	0	0	0	0	0	1	0	0	0	0	0	0	0	0	1	0	0	0	0	0	0	0	1	0	1	1	1	0	0	0	0	0	0	0	0	0	0	0	0	0	0	0	0	0	0	0	0	0	0	0	0	0	0	0	0	0	1	0	0	0	1	0	9	0	0	2	1	0	0	0	1	0	1	0	0	0	0	0	0	0	0	0	0	0	0	0	0	0	0	0	0	0	0	0	0	1	0	0	0	0	0	0	0	0	0	0	1	0	0	0	0	1	,344	-,645519131570691	0	,382213949210908	0
5499	5	4	EV37	3	vitamin a	5	3	0	0	4	7	0	0	0	0	0	3	2	1	0	2	0	0	1	0	1	0	0	0	0	0	0	0	1	4	10	2	3	3	0	2	0	0	0	0	2	0	0	0	0	0	0	0	1	0	0	0	0	0	0	0	0	0	0	0	0	2	1	7	0	0	2	0	34	0	0	5	2	0	0	0	3	0	2	0	0	0	0	0	0	0	0	0	0	0	0	0	0	0	0	0	0	0	0	0	0	2	0	0	0	0	0	0	1	0	0	0	1	0	0	0	0	1	,22	-1,26566637333128	0	,0441502013702979	0
5335	5	4	EV37	3	acarbose	0	0	0	0	0	0	0	0	0	0	0	0	0	0	0	0	0	0	0	0	0	0	0	0	0	0	0	0	0	0	0	0	0	0	0	0	0	0	0	0	0	0	0	0	0	0	0	0	0	0	0	0	0	0	0	0	0	0	0	0	0	0	0	0	0	0	0	0	0	0	0	0	0	0	0	0	0	0	0	0	0	0	0	0	0	0	0	0	0	0	0	0	0	0	0	0	0	0	0	0	0	0	0	0	0	0	0	0	0	0	0	0	0	0	0	0	0	1	,424	-,306374205463933	0	,423660823652029	0
5338	5	4	EV37	3	alendronate	0	0	0	0	0	0	0	0	0	0	0	0	0	0	0	0	0	0	0	0	0	0	0	0	0	0	0	0	0	0	0	0	0	0	0	0	0	0	0	0	0	0	0	0	0	0	0	0	0	0	0	0	0	0	0	0	0	0	0	0	0	0	0	0	0	0	0	0	0	0	0	0	0	0	0	0	0	0	0	0	0	0	0	0	0	0	0	0	0	0	0	0	0	0	0	0	0	0	0	0	0	0	0	0	0	0	0	0	0	0	0	0	0	0	0	0	0	1	,424	-,306374205463933	0	,424905866550478	0
5339	5	4	EV37	3	alfuzosin	0	0	0	0	0	0	0	0	0	0	0	0	0	0	0	0	0	0	0	0	0	0	0	0	0	0	0	0	0	0	0	0	0	0	0	0	0	0	0	0	0	0	0	0	0	0	0	0	0	0	0	0	0	0	0	0	0	0	0	0	0	0	0	0	0	0	0	0	0	0	0	0	0	0	0	0	0	0	0	0	0	0	0	0	0	0	0	0	0	0	0	0	0	0	0	0	0	0	0	0	0	0	0	0	0	0	0	0	0	0	0	0	0	0	0	0	0	1	,424	-,306374205463933	0	,424194449769194	0
5344	5	4	EV37	3	amphotericin b	0	0	0	0	0	0	0	0	0	0	0	0	0	0	0	0	0	0	0	0	0	0	0	0	0	0	0	0	0	0	0	0	0	0	0	0	0	0	0	0	0	0	0	0	0	0	0	0	0	0	0	0	0	0	0	0	0	0	0	0	0	0	0	0	0	0	0	0	0	0	0	0	0	0	0	0	0	0	0	0	0	0	0	0	0	0	0	0	0	0	0	0	0	0	0	0	0	0	0	0	0	0	0	0	0	0	0	0	0	0	0	0	0	0	0	0	0	1	,424	-,306374205463933	0	,431747190150341	0
5347	5	4	EV37	3	atenolol	0	0	0	0	0	0	0	0	0	0	0	0	0	0	0	0	0	0	0	0	0	0	0	0	0	0	0	0	0	0	0	0	0	0	0	0	0	0	0	0	0	0	0	0	0	0	0	0	0	0	0	0	0	0	0	0	0	0	0	0	0	0	0	0	0	0	0	0	0	0	0	0	0	0	0	0	0	0	0	0	0	0	0	0	0	0	0	0	0	0	0	0	0	0	0	0	0	0	0	0	0	0	0	0	0	0	0	0	0	0	0	0	0	0	0	0	0	1	,424	-,306374205463933	0	,426749005275431	0
5348	5	4	EV37	3	atomoxetine	0	0	0	0	0	0	0	0	0	0	0	0	0	0	0	0	0	0	0	0	0	0	0	0	0	0	0	0	0	0	0	0	0	0	0	0	0	0	0	0	0	0	0	0	0	0	0	0	0	0	0	0	0	0	0	0	0	0	0	0	0	0	0	0	0	0	0	0	0	0	0	0	0	0	0	0	0	0	0	0	0	0	0	0	0	0	0	0	0	0	0	0	0	0	0	0	0	0	0	0	0	0	0	0	0	0	0	0	0	0	0	0	0	0	0	0	0	1	,424	-,306374205463933	0	,412238180375829	0
5368	5	4	EV37	3	danazol	0	0	0	0	0	0	0	0	0	0	0	0	0	0	0	0	0	0	0	0	0	0	0	0	0	0	0	0	0	0	0	0	0	0	0	0	0	0	0	0	0	0	0	0	0	0	0	0	0	0	0	0	0	0	0	0	0	0	0	0	0	0	0	0	0	0	0	0	0	0	0	0	0	0	0	0	0	0	0	0	0	0	0	0	0	0	0	0	0	0	0	0	0	0	0	0	0	0	0	0	0	0	0	0	0	0	0	0	0	0	0	0	0	0	0	0	0	1	,424	-,306374205463933	0	,428901084733326	0
5373	5	4	EV37	3	desvenlafaxine	0	0	0	0	0	0	0	0	0	0	0	0	0	0	0	0	0	0	0	0	0	0	0	0	0	0	0	0	0	0	0	0	0	0	0	0	0	0	0	0	0	0	0	0	0	0	0	0	0	0	0	0	0	0	0	0	0	0	0	0	0	0	0	0	0	0	0	0	0	0	0	0	0	0	0	0	0	0	0	0	0	0	0	0	0	0	0	0	0	0	0	0	0	0	0	0	0	0	0	0	0	0	0	0	0	0	0	0	0	0	0	0	0	0	0	0	0	1	,424	-,306374205463933	0	,418488094880835	0
5376	5	4	EV37	3	donepezil	0	0	0	0	0	0	0	0	0	0	0	0	0	0	0	0	0	0	0	0	0	0	0	0	0	0	0	0	0	0	0	0	0	0	0	0	0	0	0	0	0	0	0	0	0	0	0	0	0	0	0	0	0	0	0	0	0	0	0	0	0	0	0	0	0	0	0	0	0	0	0	0	0	0	0	0	0	0	0	0	0	0	0	0	0	0	0	0	0	0	0	0	0	0	0	0	0	0	0	0	0	0	0	0	0	0	0	0	0	0	0	0	0	0	0	0	0	1	,424	-,306374205463933	0	,424983548874446	0
5377	5	4	EV37	3	doxorubicin	0	0	0	0	0	0	0	0	0	0	0	0	0	0	0	0	0	0	0	0	0	0	0	0	0	0	0	0	0	0	0	0	0	0	0	0	0	0	0	0	0	0	0	0	0	0	0	0	0	0	0	0	0	0	0	0	0	0	0	0	0	0	0	0	0	0	0	0	0	0	0	0	0	0	0	0	0	0	0	0	0	0	0	0	0	0	0	0	0	0	0	0	0	0	0	0	0	0	0	0	0	0	0	0	0	0	0	0	0	0	0	0	0	0	0	0	0	1	,424	-,306374205463933	0	,431602825646155	0
5402	5	4	EV37	3	gabapentin	0	0	0	0	0	0	0	0	0	0	0	0	0	0	0	0	0	0	0	0	0	0	0	0	0	0	0	0	0	0	0	0	0	0	0	0	0	0	0	0	0	0	0	0	0	0	0	0	0	0	0	0	0	0	0	0	0	0	0	0	0	0	0	0	0	0	0	0	0	0	0	0	0	0	0	0	0	0	0	0	0	0	0	0	0	0	0	0	0	0	0	0	0	0	0	0	0	0	0	0	0	0	0	0	0	0	0	0	0	0	0	0	0	0	0	0	0	1	,424	-,306374205463933	0	,426834212758881	0
5422	5	4	EV37	3	levothyroxine	0	0	0	0	0	0	0	0	0	0	0	0	0	0	0	0	0	0	0	0	0	0	0	0	0	0	0	0	0	0	0	0	0	0	0	0	0	0	0	0	0	0	0	0	0	0	0	0	0	0	0	0	0	0	0	0	0	0	0	0	0	0	0	0	0	0	0	0	0	0	0	0	0	0	0	0	0	0	0	0	0	0	0	0	0	0	0	0	0	0	0	0	0	0	0	0	0	0	0	0	0	0	0	0	0	0	0	0	0	0	0	0	0	0	0	0	0	1	,424	-,306374205463933	0	,42993095367832	0
5426	5	4	EV37	3	metformin	0	0	0	0	0	0	0	0	0	0	0	0	0	0	0	0	0	0	0	0	0	0	0	0	0	0	0	0	0	0	0	0	0	0	0	0	0	0	0	0	0	0	0	0	0	0	0	0	0	0	0	0	0	0	0	0	0	0	0	0	0	0	0	0	0	0	0	0	0	0	0	0	0	0	0	0	0	0	0	0	0	0	0	0	0	0	0	0	0	0	0	0	0	0	0	0	0	0	0	0	0	0	0	0	0	0	0	0	0	0	0	0	0	0	0	0	0	1	,424	-,306374205463933	0	,427484205797065	0
5428	5	4	EV37	3	mexiletine	0	0	0	0	0	0	0	0	0	0	0	0	0	0	0	0	0	0	0	0	0	0	0	0	0	0	0	0	0	0	0	0	0	0	0	0	0	0	0	0	0	0	0	0	0	0	0	0	0	0	0	0	0	0	0	0	0	0	0	0	0	0	0	0	0	0	0	0	0	0	0	0	0	0	0	0	0	0	0	0	0	0	0	0	0	0	0	0	0	0	0	0	0	0	0	0	0	0	0	0	0	0	0	0	0	0	0	0	0	0	0	0	0	0	0	0	0	1	,424	-,306374205463933	0	,426606708582941	0
5434	5	4	EV37	3	milnacipran	0	0	0	0	0	0	0	0	0	0	0	0	0	0	0	0	0	0	0	0	0	0	0	0	0	0	0	0	0	0	0	0	0	0	0	0	0	0	0	0	0	0	0	0	0	0	0	0	0	0	0	0	0	0	0	0	0	0	0	0	0	0	0	0	0	0	0	0	0	0	0	0	0	0	0	0	0	0	0	0	0	0	0	0	0	0	0	0	0	0	0	0	0	0	0	0	0	0	0	0	0	0	0	0	0	0	0	0	0	0	0	0	0	0	0	0	0	1	,424	-,306374205463933	0	,424991868435212	0
5437	5	4	EV37	3	nelarabine	0	0	0	0	0	0	0	0	0	0	0	0	0	0	0	0	0	0	0	0	0	0	0	0	0	0	0	0	0	0	0	0	0	0	0	0	0	0	0	0	0	0	0	0	0	0	0	0	0	0	0	0	0	0	0	0	0	0	0	0	0	0	0	0	0	0	0	0	0	0	0	0	0	0	0	0	0	0	0	0	0	0	0	0	0	0	0	0	0	0	0	0	0	0	0	0	0	0	0	0	0	0	0	0	0	0	0	0	0	0	0	0	0	0	0	0	0	1	,424	-,306374205463933	0	,425581909750035	0
5442	5	4	EV37	3	orlistat	0	0	0	0	0	0	0	0	0	0	0	0	0	0	0	0	0	0	0	0	0	0	0	0	0	0	0	0	0	0	0	0	0	0	0	0	0	0	0	0	0	0	0	0	0	0	0	0	0	0	0	0	0	0	0	0	0	0	0	0	0	0	0	0	0	0	0	0	0	0	0	0	0	0	0	0	0	0	0	0	0	0	0	0	0	0	0	0	0	0	0	0	0	0	0	0	0	0	0	0	0	0	0	0	0	0	0	0	0	0	0	0	0	0	0	0	0	1	,424	-,306374205463933	0	,430330113628019	0
5447	5	4	EV37	3	penicillamine	0	0	0	0	0	0	0	0	0	0	0	0	0	0	0	0	0	0	0	0	0	0	0	0	0	0	0	0	0	0	0	0	0	0	0	0	0	0	0	0	0	0	0	0	0	0	0	0	0	0	0	0	0	0	0	0	0	0	0	0	0	0	0	0	0	0	0	0	0	0	0	0	0	0	0	0	0	0	0	0	0	0	0	0	0	0	0	0	0	0	0	0	0	0	0	0	0	0	0	0	0	0	0	0	0	0	0	0	0	0	0	0	0	0	0	0	0	1	,424	-,306374205463933	0	,424169511742864	0
5453	5	4	EV37	3	pregabalin	0	0	0	0	0	0	0	0	0	0	0	0	0	0	0	0	0	0	0	0	0	0	0	0	0	0	0	0	0	0	0	0	0	0	0	0	0	0	0	0	0	0	0	0	0	0	0	0	0	0	0	0	0	0	0	0	0	0	0	0	0	0	0	0	0	0	0	0	0	0	0	0	0	0	0	0	0	0	0	0	0	0	0	0	0	0	0	0	0	0	0	0	0	0	0	0	0	0	0	0	0	0	0	0	0	0	0	0	0	0	0	0	0	0	0	0	0	1	,424	-,306374205463933	0	,43480008594492	0
5466	5	4	EV37	3	ropinirole	0	0	0	0	0	0	0	0	0	0	0	0	0	0	0	0	0	0	0	0	0	0	0	0	0	0	0	0	0	0	0	0	0	0	0	0	0	0	0	0	0	0	0	0	0	0	0	0	0	0	0	0	0	0	0	0	0	0	0	0	0	0	0	0	0	0	0	0	0	0	0	0	0	0	0	0	0	0	0	0	0	0	0	0	0	0	0	0	0	0	0	0	0	0	0	0	0	0	0	0	0	0	0	0	0	0	0	0	0	0	0	0	0	0	0	0	0	1	,424	-,306374205463933	0	,431113278911264	0
5475	5	4	EV37	3	succimer	0	0	0	0	0	0	0	0	0	0	0	0	0	0	0	0	0	0	0	0	0	0	0	0	0	0	0	0	0	0	0	0	0	0	0	0	0	0	0	0	0	0	0	0	0	0	0	0	0	0	0	0	0	0	0	0	0	0	0	0	0	0	0	0	0	0	0	0	0	0	0	0	0	0	0	0	0	0	0	0	0	0	0	0	0	0	0	0	0	0	0	0	0	0	0	0	0	0	0	0	0	0	0	0	0	0	0	0	0	0	0	0	0	0	0	0	0	1	,424	-,306374205463933	0	,424394702255924	0
5492	5	4	EV37	3	triptorelin pamoate	0	0	0	0	0	0	0	0	0	0	0	0	0	0	0	0	0	0	0	0	0	0	0	0	0	0	0	0	0	0	0	0	0	0	0	0	0	0	0	0	0	0	0	0	0	0	0	0	0	0	0	0	0	0	0	0	0	0	0	0	0	0	0	0	0	0	0	0	0	0	0	0	0	0	0	0	0	0	0	0	0	0	0	0	0	0	0	0	0	0	0	0	0	0	0	0	0	0	0	0	0	0	0	0	0	0	0	0	0	0	0	0	0	0	0	0	0	1	,424	-,306374205463933	0	,42550233023383	0
5385	5	4	EV37	3	estradiol	1	0	0	0	0	0	0	0	0	0	0	0	0	0	0	0	0	0	0	0	0	0	0	0	0	0	0	0	0	0	0	0	0	0	0	0	0	0	0	0	0	0	0	0	0	0	0	0	0	0	0	0	0	0	0	0	0	0	0	0	0	0	0	0	0	0	0	0	1	0	0	0	0	0	0	0	0	0	0	0	0	0	0	0	0	0	0	0	0	0	0	0	0	0	0	0	0	0	0	0	0	0	0	0	0	0	0	0	0	0	0	0	0	0	0	0	0	1	,424	-,306374205463933	0	,427270427812687	0
5497	5	4	EV37	3	verapamil	11	8	0	2	6	10	0	0	0	0	0	7	4	1	2	0	0	0	0	1	6	0	0	0	0	2	0	0	2	12	16	0	3	1	0	1	0	0	0	0	2	0	0	0	0	0	0	0	0	0	0	0	0	0	0	0	0	0	0	0	1	5	1	7	0	0	5	0	39	0	0	5	4	0	0	0	7	0	2	0	0	0	0	0	0	0	0	0	0	0	0	0	0	0	0	0	0	0	0	0	0	2	0	0	0	0	0	0	1	0	0	0	1	0	0	0	0	1	,249	-1,10395275529943	0	,477312314653097	0
5419	5	4	EV37	3	leuprolide	0	0	0	0	0	0	0	0	0	0	0	0	0	0	0	0	0	0	0	0	0	0	0	0	0	0	0	0	0	1	1	0	0	0	0	0	0	0	0	0	0	0	0	0	0	0	0	0	0	0	0	0	0	0	0	0	0	0	0	0	0	0	0	0	0	0	1	0	3	0	0	0	0	0	0	0	0	0	0	0	0	0	0	0	0	0	0	0	0	0	0	0	0	0	0	0	0	0	0	0	0	0	0	0	0	0	0	0	0	0	0	0	0	0	0	0	0	1	,431	-,277772344022583	0	,324634112804821	0
5441	5	4	EV37	3	octreotide	7	3	0	2	5	1	0	0	0	0	0	3	2	0	1	0	0	0	0	1	0	0	0	0	0	0	0	0	2	5	4	0	2	2	0	1	0	0	0	0	0	1	0	0	0	0	0	0	0	0	0	0	0	0	0	0	0	0	0	0	0	1	1	2	0	0	6	0	20	0	0	4	4	0	0	0	3	0	1	0	0	0	0	0	0	0	0	0	0	0	0	0	0	0	0	0	0	0	0	0	0	0	0	0	0	0	0	0	0	0	0	0	1	0	0	0	1	1	,319	-,758371203364668	0	,308382667450734	0
5427	5	4	EV37	3	metoprolol	5	2	0	2	3	1	0	0	0	0	0	1	2	0	0	0	0	0	0	1	1	0	1	0	1	1	0	0	2	3	5	0	3	0	0	3	0	0	1	0	2	0	0	0	0	0	0	0	1	0	0	0	0	0	0	0	0	0	0	0	0	1	0	2	0	0	4	0	19	0	0	4	3	0	0	0	3	0	2	0	0	0	0	0	0	0	0	0	0	0	0	0	0	0	0	0	0	0	0	0	0	1	0	0	0	0	0	0	1	0	0	0	0	0	0	0	0	1	,229	-1,21396637000909	0	,1725112759629	0
5496	5	4	EV37	3	venlafaxine	1	0	0	4	0	1	0	0	0	0	0	0	0	0	0	0	0	0	0	0	0	0	0	0	0	0	0	0	0	1	1	0	0	0	0	0	0	0	0	0	1	0	0	0	0	0	0	0	0	0	0	0	0	0	0	0	0	0	0	0	0	0	0	0	0	0	1	0	9	0	0	1	1	0	0	0	0	0	1	0	0	0	0	0	0	0	0	0	0	0	0	0	0	0	0	0	0	0	0	0	0	0	0	0	0	0	0	0	0	0	0	0	1	0	0	0	0	1	,448	-,20875481386211	0	,376731513274194	0
5455	5	4	EV37	3	propoxyphene	0	0	0	0	1	1	0	0	0	0	0	1	0	0	0	0	0	0	0	1	0	0	0	0	0	0	0	0	0	1	2	0	0	0	0	0	0	0	0	0	0	0	0	0	0	0	0	0	0	0	0	0	0	0	0	0	0	0	0	0	0	0	0	1	0	0	1	0	5	0	0	1	0	0	0	0	1	0	1	0	0	0	0	0	0	0	0	0	0	0	0	0	0	0	0	0	0	0	0	0	0	1	0	0	0	0	0	0	0	0	0	0	0	0	0	0	0	1	,456	-,176456437341557	0	,461642979740905	0
5481	5	4	EV37	3	terbutaline	6	2	0	0	1	1	0	0	0	0	0	0	2	0	0	0	0	0	0	0	0	0	0	0	0	0	0	0	4	5	2	0	0	0	0	0	0	0	0	0	2	0	0	0	0	0	0	0	0	0	0	0	0	0	0	0	0	0	0	0	0	1	0	3	0	0	6	0	22	0	0	3	2	0	0	0	4	0	1	0	0	0	0	0	0	0	0	0	0	0	0	0	0	0	0	0	0	0	0	0	0	1	0	0	0	0	0	0	0	0	0	0	0	0	0	0	0	1	,463	-,148271040422631	0	,431617246090183	0
5425	5	4	EV37	3	memantine	1	0	0	2	0	1	0	0	0	0	0	2	0	0	0	0	0	0	0	0	0	0	0	0	0	0	0	0	0	1	1	0	0	0	0	0	0	0	0	0	1	0	0	0	0	0	0	0	0	0	0	0	0	0	0	0	0	0	0	0	0	1	0	0	0	0	1	0	7	0	0	3	1	0	0	0	1	0	2	0	0	0	0	0	0	0	0	0	0	0	0	0	0	0	0	0	0	0	0	0	0	1	0	0	0	0	0	0	0	0	0	0	1	0	0	0	0	1	,469	-,12415925279566	0	,523047279354401	0
5495	5	4	EV37	3	valproic acid	4	4	0	0	3	5	1	0	0	0	1	1	1	0	0	0	0	0	0	0	1	0	0	0	0	1	0	0	3	4	10	0	2	1	0	0	0	0	0	0	0	0	0	0	0	0	0	0	0	0	0	0	0	0	0	0	0	0	0	0	1	2	0	9	0	0	3	0	21	0	0	3	2	0	0	0	2	0	2	0	0	0	0	0	0	0	0	0	0	0	0	0	0	0	0	0	0	0	0	0	0	1	0	0	0	0	0	0	1	0	0	0	1	0	0	0	1	1	,523	,0920649731765818	0	,167072439736885	0
5671	5	6	EV37	3	vitamin a	16	5	0	0	7	6	0	0	0	0	0	7	2	2	1	0	0	0	2	0	5	1	0	0	0	1	0	0	4	8	16	1	11	15	0	2	0	0	0	0	1	0	0	0	0	0	3	0	1	0	0	0	0	0	1	0	0	0	0	0	4	9	1	3	0	0	15	1	29	0	0	6	6	2	0	1	1	0	0	0	0	0	0	0	0	0	0	0	0	0	0	0	0	0	0	0	19	0	2	0	0	2	0	2	0	0	0	0	1	0	0	0	0	4	0	0	0	1	,00800000000000001	-4,82028156560504	0	,0444105811509842	0
5667	5	6	EV37	3	valproic acid	17	6	0	0	4	6	0	0	0	0	0	3	0	0	0	0	0	0	0	1	4	0	1	0	0	0	0	0	6	12	15	1	6	2	0	4	0	0	2	0	1	2	0	0	0	0	0	0	0	0	0	0	0	1	0	0	0	2	0	0	2	3	0	17	0	0	10	0	24	0	0	6	5	2	0	2	3	0	0	0	0	0	0	0	0	0	0	0	0	0	0	0	0	0	0	0	15	0	1	0	0	2	0	2	0	0	0	0	1	0	0	0	1	1	0	0	1	1	,054	-2,8632585224876	0	,167930401049811	0
5626	5	6	EV37	3	propafenone	2	3	0	2	0	2	0	0	0	0	0	0	0	0	0	0	0	0	0	0	1	0	0	0	0	0	0	0	0	1	4	1	1	0	0	1	0	0	0	0	2	0	0	0	0	0	0	0	0	0	0	0	0	0	2	0	0	0	0	0	0	0	0	2	0	0	0	0	10	0	0	0	0	0	0	0	1	0	0	0	0	0	0	0	0	0	0	0	0	0	0	0	0	0	0	0	2	0	1	0	0	2	0	0	0	0	0	0	1	0	0	0	0	1	0	0	0	1	,207	-1,34310442836948	0	,282574973007761	0
5520	5	6	EV37	3	atomoxetine	0	0	0	0	0	0	0	0	0	0	0	0	0	0	0	0	0	0	0	0	0	0	0	0	0	0	0	0	0	0	0	0	0	0	0	0	0	0	0	0	0	0	0	0	1	0	0	0	0	0	0	0	0	0	0	0	0	0	0	0	0	0	0	0	0	0	0	0	0	0	0	0	1	0	0	0	0	0	0	0	0	0	0	0	0	0	0	0	0	0	0	0	0	0	0	0	0	0	0	0	0	0	0	0	0	0	0	0	0	0	0	0	0	0	0	0	0	1	,335	-,685656508830788	0	,413729769782823	0
5599	5	6	EV37	3	metoprolol	7	3	0	4	2	0	0	0	0	0	0	0	2	0	0	0	0	0	0	0	0	0	0	0	0	1	0	0	5	4	4	0	4	1	0	4	0	0	1	0	1	0	0	0	0	0	0	0	0	0	0	0	0	0	0	0	0	0	0	0	0	5	0	1	0	0	6	1	13	0	0	2	1	0	0	0	5	0	0	0	0	0	0	0	0	0	0	0	0	0	0	0	0	0	0	0	9	0	1	0	0	3	0	1	0	0	0	0	1	0	0	0	0	2	0	0	0	1	,294	-,87603547015456	0	,173391352955052	0
5541	5	6	EV37	3	daptomycin	4	2	0	0	4	3	0	0	0	0	0	2	3	0	0	0	0	0	0	1	2	0	0	0	0	1	0	0	1	2	5	1	4	3	0	3	0	0	1	0	0	0	0	0	0	0	3	0	0	0	0	0	0	0	0	0	0	0	0	0	0	1	0	2	0	0	6	2	14	0	0	4	3	2	0	0	1	0	0	0	0	0	0	0	0	0	0	0	0	0	0	0	0	0	0	0	10	0	0	0	0	0	0	1	0	0	0	0	0	0	0	0	0	0	0	0	0	1	,39	-,447312218043665	0	,383667815998063	0
5670	5	6	EV37	3	vincristine	7	0	0	1	4	10	0	0	0	0	0	4	2	0	0	2	0	0	0	1	0	0	0	0	0	1	0	0	4	3	6	0	5	4	0	4	0	0	1	0	2	1	0	0	0	0	0	0	1	0	0	0	0	0	1	0	1	0	0	0	1	0	0	3	0	0	10	1	19	0	0	4	4	2	0	1	4	0	0	0	0	0	0	0	0	0	0	0	0	0	0	0	0	0	0	0	9	0	1	0	0	2	0	2	0	0	0	0	1	0	0	0	1	1	0	0	0	1	,273	-,979454682348559	0	,325146031058394	0
5613	5	6	EV37	3	octreotide	3	0	0	3	1	1	0	0	0	0	0	2	0	0	0	0	0	0	1	0	0	0	0	0	0	0	0	0	1	4	5	0	4	2	0	2	0	0	0	0	1	1	0	0	0	0	0	0	1	0	0	0	0	0	0	0	0	0	0	0	0	2	0	2	0	0	11	0	16	0	0	2	3	2	0	2	2	0	0	0	0	0	0	0	0	0	0	0	0	0	0	0	0	0	0	0	9	0	2	0	0	3	0	1	0	0	0	0	0	0	0	0	0	0	0	0	1	1	,34	-,663294217410264	0	,309696479633761	0
5507	5	6	EV37	3	acarbose	0	0	0	0	0	0	0	0	0	0	0	0	0	0	0	0	0	0	0	0	0	0	0	0	0	0	0	0	0	0	0	0	0	0	0	0	0	0	0	0	0	0	0	0	0	0	0	0	0	0	0	0	0	0	0	0	0	0	0	0	0	0	0	0	0	0	0	0	0	0	0	0	0	0	0	0	0	0	0	0	0	0	0	0	0	0	0	0	0	0	0	0	0	0	0	0	0	0	0	0	0	0	0	0	0	0	0	0	0	0	0	0	0	0	0	0	0	1	,424	-,306374205463933	0	,425163846618309	0
5510	5	6	EV37	3	alendronate	0	0	0	0	0	0	0	0	0	0	0	0	0	0	0	0	0	0	0	0	0	0	0	0	0	0	0	0	0	0	0	0	0	0	0	0	0	0	0	0	0	0	0	0	0	0	0	0	0	0	0	0	0	0	0	0	0	0	0	0	0	0	0	0	0	0	0	0	0	0	0	0	0	0	0	0	0	0	0	0	0	0	0	0	0	0	0	0	0	0	0	0	0	0	0	0	0	0	0	0	0	0	0	0	0	0	0	0	0	0	0	0	0	0	0	0	0	1	,424	-,306374205463933	0	,426410038568348	0
5511	5	6	EV37	3	alfuzosin	0	0	0	0	0	0	0	0	0	0	0	0	0	0	0	0	0	0	0	0	0	0	0	0	0	0	0	0	0	0	0	0	0	0	0	0	0	0	0	0	0	0	0	0	0	0	0	0	0	0	0	0	0	0	0	0	0	0	0	0	0	0	0	0	0	0	0	0	0	0	0	0	0	0	0	0	0	0	0	0	0	0	0	0	0	0	0	0	0	0	0	0	0	0	0	0	0	0	0	0	0	0	0	0	0	0	0	0	0	0	0	0	0	0	0	0	0	1	,424	-,306374205463933	0	,425697967558657	0
5519	5	6	EV37	3	atenolol	0	0	0	0	0	0	0	0	0	0	0	0	0	0	0	0	0	0	0	0	0	0	0	0	0	0	0	0	0	0	0	0	0	0	0	0	0	0	0	0	0	0	0	0	0	0	0	0	0	0	0	0	0	0	0	0	0	0	0	0	0	0	0	0	0	0	0	0	0	0	0	0	0	0	0	0	0	0	0	0	0	0	0	0	0	0	0	0	0	0	0	0	0	0	0	0	0	0	0	0	0	0	0	0	0	0	0	0	0	0	0	0	0	0	0	0	0	1	,424	-,306374205463933	0	,428254843259328	0
5540	5	6	EV37	3	danazol	0	0	0	0	0	0	0	0	0	0	0	0	0	0	0	0	0	0	0	0	0	0	0	0	0	0	0	0	0	0	0	0	0	0	0	0	0	0	0	0	0	0	0	0	0	0	0	0	0	0	0	0	0	0	0	0	0	0	0	0	0	0	0	0	0	0	0	0	0	0	0	0	0	0	0	0	0	0	0	0	0	0	0	0	0	0	0	0	0	0	0	0	0	0	0	0	0	0	0	0	0	0	0	0	0	0	0	0	0	0	0	0	0	0	0	0	0	1	,424	-,306374205463933	0	,430408814954894	0
5545	5	6	EV37	3	desvenlafaxine	0	0	0	0	0	0	0	0	0	0	0	0	0	0	0	0	0	0	0	0	0	0	0	0	0	0	0	0	0	0	0	0	0	0	0	0	0	0	0	0	0	0	0	0	0	0	0	0	0	0	0	0	0	0	0	0	0	0	0	0	0	0	0	0	0	0	0	0	0	0	0	0	0	0	0	0	0	0	0	0	0	0	0	0	0	0	0	0	0	0	0	0	0	0	0	0	0	0	0	0	0	0	0	0	0	0	0	0	0	0	0	0	0	0	0	0	0	1	,424	-,306374205463933	0	,419986139385107	0
5548	5	6	EV37	3	donepezil	0	0	0	0	0	0	0	0	0	0	0	0	0	0	0	0	0	0	0	0	0	0	0	0	0	0	0	0	0	0	0	0	0	0	0	0	0	0	0	0	0	0	0	0	0	0	0	0	0	0	0	0	0	0	0	0	0	0	0	0	0	0	0	0	0	0	0	0	0	0	0	0	0	0	0	0	0	0	0	0	0	0	0	0	0	0	0	0	0	0	0	0	0	0	0	0	0	0	0	0	0	0	0	0	0	0	0	0	0	0	0	0	0	0	0	0	0	1	,424	-,306374205463933	0	,426487791952347	0
5574	5	6	EV37	3	gabapentin	0	0	0	0	0	0	0	0	0	0	0	0	0	0	0	0	0	0	0	0	0	0	0	0	0	0	0	0	0	0	0	0	0	0	0	0	0	0	0	0	0	0	0	0	0	0	0	0	0	0	0	0	0	0	0	0	0	0	0	0	0	0	0	0	0	0	0	0	0	0	0	0	0	0	0	0	0	0	0	0	0	0	0	0	0	0	0	0	0	0	0	0	0	0	0	0	0	0	0	0	0	0	0	0	0	0	0	0	0	0	0	0	0	0	0	0	0	1	,424	-,306374205463933	0	,428340126747331	0
5594	5	6	EV37	3	levothyroxine	0	0	0	0	0	0	0	0	0	0	0	0	0	0	0	0	0	0	0	0	0	0	0	0	0	0	0	0	0	0	0	0	0	0	0	0	0	0	0	0	0	0	0	0	0	0	0	0	0	0	0	0	0	0	0	0	0	0	0	0	0	0	0	0	0	0	0	0	0	0	0	0	0	0	0	0	0	0	0	0	0	0	0	0	0	0	0	0	0	0	0	0	0	0	0	0	0	0	0	0	0	0	0	0	0	0	0	0	0	0	0	0	0	0	0	0	0	1	,424	-,306374205463933	0	,431439569233855	0
5598	5	6	EV37	3	metformin	0	0	0	0	0	0	0	0	0	0	0	0	0	0	0	0	0	0	0	0	0	0	0	0	0	0	0	0	0	0	0	0	0	0	0	0	0	0	0	0	0	0	0	0	0	0	0	0	0	0	0	0	0	0	0	0	0	0	0	0	0	0	0	0	0	0	0	0	0	0	0	0	0	0	0	0	0	0	0	0	0	0	0	0	0	0	0	0	0	0	0	0	0	0	0	0	0	0	0	0	0	0	0	0	0	0	0	0	0	0	0	0	0	0	0	0	0	1	,424	-,306374205463933	0	,428990696631167	0
5600	5	6	EV37	3	mexiletine	0	0	0	0	0	0	0	0	0	0	0	0	0	0	0	0	0	0	0	0	0	0	0	0	0	0	0	0	0	0	0	0	0	0	0	0	0	0	0	0	0	0	0	0	0	0	0	0	0	0	0	0	0	0	0	0	0	0	0	0	0	0	0	0	0	0	0	0	0	0	0	0	0	0	0	0	0	0	0	0	0	0	0	0	0	0	0	0	0	0	0	0	0	0	0	0	0	0	0	0	0	0	0	0	0	0	0	0	0	0	0	0	0	0	0	0	0	1	,424	-,306374205463933	0	,42811241943961	0
5606	5	6	EV37	3	milnacipran	0	0	0	0	0	0	0	0	0	0	0	0	0	0	0	0	0	0	0	0	0	0	0	0	0	0	0	0	0	0	0	0	0	0	0	0	0	0	0	0	0	0	0	0	0	0	0	0	0	0	0	0	0	0	0	0	0	0	0	0	0	0	0	0	0	0	0	0	0	0	0	0	0	0	0	0	0	0	0	0	0	0	0	0	0	0	0	0	0	0	0	0	0	0	0	0	0	0	0	0	0	0	0	0	0	0	0	0	0	0	0	0	0	0	0	0	0	1	,424	-,306374205463933	0	,426496119119036	0
5609	5	6	EV37	3	nelarabine	0	0	0	0	0	0	0	0	0	0	0	0	0	0	0	0	0	0	0	0	0	0	0	0	0	0	0	0	0	0	0	0	0	0	0	0	0	0	0	0	0	0	0	0	0	0	0	0	0	0	0	0	0	0	0	0	0	0	0	0	0	0	0	0	0	0	0	0	0	0	0	0	0	0	0	0	0	0	0	0	0	0	0	0	0	0	0	0	0	0	0	0	0	0	0	0	0	0	0	0	0	0	0	0	0	0	0	0	0	0	0	0	0	0	0	0	0	1	,424	-,306374205463933	0	,427086697687219	0
5619	5	6	EV37	3	penicillamine	0	0	0	0	0	0	0	0	0	0	0	0	0	0	0	0	0	0	0	0	0	0	0	0	0	0	0	0	0	0	0	0	0	0	0	0	0	0	0	0	0	0	0	0	0	0	0	0	0	0	0	0	0	0	0	0	0	0	0	0	0	0	0	0	0	0	0	0	0	0	0	0	0	0	0	0	0	0	0	0	0	0	0	0	0	0	0	0	0	0	0	0	0	0	0	0	0	0	0	0	0	0	0	0	0	0	0	0	0	0	0	0	0	0	0	0	0	1	,424	-,306374205463933	0	,425673006485843	0
5625	5	6	EV37	3	pregabalin	0	0	0	0	0	0	0	0	0	0	0	0	0	0	0	0	0	0	0	0	0	0	0	0	0	0	0	0	0	0	0	0	0	0	0	0	0	0	0	0	0	0	0	0	0	0	0	0	0	0	0	0	0	0	0	0	0	0	0	0	0	0	0	0	0	0	0	0	0	0	0	0	0	0	0	0	0	0	0	0	0	0	0	0	0	0	0	0	0	0	0	0	0	0	0	0	0	0	0	0	0	0	0	0	0	0	0	0	0	0	0	0	0	0	0	0	0	1	,424	-,306374205463933	0	,436312710336943	0
5638	5	6	EV37	3	ropinirole	0	0	0	0	0	0	0	0	0	0	0	0	0	0	0	0	0	0	0	0	0	0	0	0	0	0	0	0	0	0	0	0	0	0	0	0	0	0	0	0	0	0	0	0	0	0	0	0	0	0	0	0	0	0	0	0	0	0	0	0	0	0	0	0	0	0	0	0	0	0	0	0	0	0	0	0	0	0	0	0	0	0	0	0	0	0	0	0	0	0	0	0	0	0	0	0	0	0	0	0	0	0	0	0	0	0	0	0	0	0	0	0	0	0	0	0	0	1	,424	-,306374205463933	0	,432622894747638	0
5647	5	6	EV37	3	succimer	0	0	0	0	0	0	0	0	0	0	0	0	0	0	0	0	0	0	0	0	0	0	0	0	0	0	0	0	0	0	0	0	0	0	0	0	0	0	0	0	0	0	0	0	0	0	0	0	0	0	0	0	0	0	0	0	0	0	0	0	0	0	0	0	0	0	0	0	0	0	0	0	0	0	0	0	0	0	0	0	0	0	0	0	0	0	0	0	0	0	0	0	0	0	0	0	0	0	0	0	0	0	0	0	0	0	0	0	0	0	0	0	0	0	0	0	0	1	,424	-,306374205463933	0	,425898404830931	0
5664	5	6	EV37	3	triptorelin pamoate	0	0	0	0	0	0	0	0	0	0	0	0	0	0	0	0	0	0	0	0	0	0	0	0	0	0	0	0	0	0	0	0	0	0	0	0	0	0	0	0	0	0	0	0	0	0	0	0	0	0	0	0	0	0	0	0	0	0	0	0	0	0	0	0	0	0	0	0	0	0	0	0	0	0	0	0	0	0	0	0	0	0	0	0	0	0	0	0	0	0	0	0	0	0	0	0	0	0	0	0	0	0	0	0	0	0	0	0	0	0	0	0	0	0	0	0	0	1	,424	-,306374205463933	0	,427007045961346	0
5549	5	6	EV37	3	doxorubicin	0	0	0	0	0	0	0	0	0	0	0	0	0	0	0	0	0	0	0	0	0	0	0	0	0	0	0	0	0	0	0	0	1	0	0	0	0	0	0	0	0	0	0	0	0	0	0	0	0	0	0	0	0	0	0	0	0	0	0	0	0	0	0	0	0	0	0	0	0	0	0	0	1	0	0	0	0	0	0	0	0	0	0	0	0	0	0	0	0	0	0	0	0	0	0	0	0	0	0	0	0	0	0	0	0	0	0	0	0	0	0	0	0	0	0	0	0	1	,424	-,306374205463933	0	,433112850610906	0
5516	5	6	EV37	3	amphotericin b	0	0	0	0	0	0	0	0	0	0	0	0	0	0	0	0	0	0	0	0	0	0	0	0	0	0	0	0	0	0	0	0	1	0	0	0	0	0	0	0	0	0	0	0	0	0	0	0	0	0	0	0	0	0	0	0	0	0	0	0	0	0	0	0	0	0	0	0	1	0	0	0	0	0	0	0	0	0	0	0	0	0	0	0	0	0	0	0	0	0	0	0	0	0	0	0	0	0	0	0	0	0	0	0	0	0	0	0	0	0	0	0	0	0	0	0	0	1	,424	-,306374205463933	0	,433257335200921	0
5557	5	6	EV37	3	estradiol	1	0	0	0	0	0	0	0	0	0	0	0	0	0	0	0	0	0	0	0	0	0	0	0	0	0	0	0	0	0	0	0	0	0	0	0	0	0	0	0	0	0	0	0	0	0	0	0	0	0	0	0	0	0	0	0	0	0	0	0	0	0	0	0	0	0	0	0	1	0	0	0	0	0	0	0	0	0	0	0	0	0	0	0	0	0	0	0	0	0	0	0	0	0	0	0	0	0	0	0	0	0	0	0	0	0	0	0	0	0	0	0	0	0	0	0	0	1	,424	-,306374205463933	0	,428776729500973	0
5653	5	6	EV37	3	terbutaline	3	0	0	0	2	0	0	0	0	0	0	2	1	0	0	0	0	0	0	0	1	0	0	0	0	1	0	0	1	2	2	0	2	0	0	0	0	0	0	0	2	0	0	0	0	0	0	0	0	0	0	0	0	0	0	0	0	0	0	0	0	0	0	0	0	0	3	0	9	0	0	0	1	0	0	0	3	0	0	0	0	0	0	0	0	0	0	0	0	0	0	0	0	0	0	0	5	0	0	0	0	1	0	0	0	0	0	0	0	0	0	0	0	0	0	0	0	1	,443	-,228995469882149	0	,433127283061746	0
5591	5	6	EV37	3	leuprolide	0	0	0	2	0	0	0	0	0	0	0	1	0	0	0	0	0	0	0	0	0	0	0	0	0	0	0	0	0	0	0	0	2	0	0	0	0	0	0	0	0	0	0	0	0	0	0	0	0	0	0	0	0	0	0	0	0	0	0	0	0	1	0	0	0	0	4	0	8	0	0	0	0	0	0	0	0	0	0	0	0	0	0	0	0	0	0	0	0	0	0	0	0	0	0	0	3	0	1	0	0	2	0	0	0	0	0	0	0	0	0	0	0	0	0	0	0	1	,446	-,21684573472722	0	,325984527812498	0
5515	5	6	EV37	3	amphetamine	7	1	0	0	5	2	0	0	0	0	1	2	1	0	1	0	0	0	0	1	0	0	0	0	0	1	0	0	4	6	7	0	1	1	0	3	0	0	1	0	3	0	0	0	0	0	0	0	0	0	0	0	0	0	2	0	0	0	0	0	2	1	0	3	0	0	1	1	17	0	0	3	4	2	0	0	2	0	0	0	0	0	0	0	0	0	0	0	0	0	0	0	0	0	0	0	9	0	1	0	0	3	0	1	0	0	0	0	1	0	0	0	0	1	0	0	0	1	,34	-,663294217410264	0	,326045950072768	0
5627	5	6	EV37	3	propoxyphene	0	0	0	0	2	0	0	0	0	0	0	2	0	0	0	0	0	0	0	0	0	0	0	0	0	0	0	0	1	0	0	0	0	0	0	0	0	0	0	0	1	0	0	0	0	0	0	0	0	0	0	0	0	0	0	0	0	0	0	0	0	0	0	0	0	0	2	0	3	0	0	2	0	0	0	0	0	0	0	0	0	0	0	0	0	0	0	0	0	0	0	0	0	0	0	0	4	0	0	0	0	0	0	1	0	0	0	0	0	0	0	0	0	0	0	0	0	1	,458	-,168396817325461	0	,463172461345679	0
5668	5	6	EV37	3	venlafaxine	1	0	0	5	1	1	0	0	0	0	0	0	0	0	0	0	0	0	1	0	0	0	0	0	0	0	0	0	0	0	3	0	0	0	0	2	0	0	0	0	0	2	0	0	0	0	0	0	0	0	0	0	0	0	0	0	0	0	0	0	0	0	0	1	0	0	2	0	12	0	0	2	3	2	0	0	1	0	0	0	0	0	0	0	0	0	0	0	0	0	0	0	0	0	0	0	4	0	1	0	0	2	0	0	0	0	0	0	0	0	0	0	0	1	0	0	0	1	,331	-,703665684751166	0	,378177291780182	0
5597	5	6	EV37	3	memantine	6	0	0	5	1	0	0	0	0	0	0	3	1	0	0	0	0	0	0	0	0	0	0	0	0	1	0	0	0	2	2	0	3	0	0	2	0	0	0	0	1	0	0	0	0	0	0	0	0	0	0	0	0	0	0	0	0	0	0	0	1	2	0	1	0	0	3	0	14	0	0	3	3	2	0	0	1	0	0	0	0	0	0	0	0	0	0	0	0	0	0	0	0	0	0	0	6	0	1	0	0	3	0	2	0	0	0	0	0	0	0	0	0	0	0	0	0	1	,547	,188556676938947	0	,524581966426547	0
5614	5	6	EV37	3	orlistat	0	0	0	0	0	0	0	0	0	0	0	0	0	0	0	0	0	0	0	0	0	0	0	0	0	0	0	0	0	0	0	0	0	0	0	0	0	0	0	1	0	0	0	0	0	0	0	0	0	0	0	0	0	0	0	0	0	0	0	0	0	0	0	0	0	0	0	0	0	0	0	0	1	0	0	0	0	0	0	0	0	0	0	0	0	0	0	0	0	0	0	0	0	0	0	0	0	0	0	0	0	0	0	0	0	0	0	0	0	0	0	0	0	0	0	0	0	1	,457	-,172425929039731	0	,431839068810081	0
5669	5	6	EV37	3	verapamil	10	6	0	1	3	12	0	0	0	0	0	6	0	0	0	2	0	0	0	2	8	0	0	0	4	1	0	0	2	11	15	0	2	0	0	11	0	0	5	0	1	0	0	0	0	0	0	1	1	0	0	0	2	0	1	0	0	0	0	0	1	2	0	8	0	0	13	0	25	0	0	5	4	2	0	2	5	0	0	0	0	0	0	0	0	0	0	0	0	0	0	0	0	0	0	0	10	0	1	0	0	3	0	1	0	0	0	0	1	0	0	0	0	1	0	0	0	1	,834	1,6142456140022	0	,478847534837335	0
5839	5	7	EV37	3	valproic acid	12	7	0	0	7	4	0	0	0	0	0	5	4	3	3	0	0	0	0	1	1	0	0	0	0	1	0	0	9	4	6	3	8	7	0	2	0	0	0	0	2	0	0	0	0	0	1	0	0	0	0	0	0	3	2	0	0	0	0	0	2	3	0	4	0	0	14	1	26	0	0	9	2	0	0	0	5	0	1	0	0	0	0	0	0	0	0	0	0	0	0	0	0	0	0	0	19	0	1	0	0	1	0	4	0	0	0	0	2	0	1	0	0	0	0	0	0	1	,07	-2,58668934409794	0	,153198271396478	0
5771	5	7	EV37	3	metoprolol	9	4	0	1	4	0	0	0	0	0	0	1	1	0	1	0	0	0	0	0	0	0	1	0	0	2	0	0	0	5	4	0	3	0	0	4	0	0	2	0	2	0	0	0	0	0	0	0	0	0	0	0	0	0	2	0	0	0	0	0	0	3	0	0	0	0	7	1	14	0	0	3	0	0	0	0	4	0	0	0	0	0	0	0	0	0	0	0	0	0	0	0	0	0	0	0	8	0	1	0	0	0	0	2	0	0	0	0	2	0	1	0	0	0	0	0	0	1	,0639999999999999	-2,68273239311792	0	,158271274128067	0
5843	5	7	EV37	3	vitamin a	19	10	0	0	10	4	0	0	0	0	0	10	7	3	1	1	0	0	3	0	3	0	1	0	0	2	0	0	6	8	17	0	13	17	0	0	0	0	0	0	2	0	0	0	0	0	4	0	2	0	0	0	0	0	2	0	0	0	0	0	5	8	1	6	0	0	17	1	35	0	0	10	3	0	0	0	5	0	1	0	0	0	0	0	0	0	0	0	0	0	0	0	0	0	0	0	28	0	1	0	0	5	0	4	0	0	0	0	2	0	1	0	0	1	0	0	0	1	,018	-3,9992195504583	0	,039993707180557	0
5825	5	7	EV37	3	terbutaline	4	2	0	0	4	1	0	0	0	0	0	0	0	2	1	1	0	0	0	0	0	0	0	0	0	0	0	0	0	3	5	0	0	0	0	7	0	0	2	0	2	0	0	0	0	0	0	0	0	0	0	0	0	0	0	0	2	0	0	0	0	0	0	0	0	0	0	0	11	0	0	1	0	0	0	0	2	0	0	0	0	0	0	0	0	0	0	0	0	0	0	0	0	0	0	0	7	0	0	0	0	0	0	1	0	0	0	0	0	0	0	0	0	0	0	0	0	1	,328	-,717244732139006	0	,40649589907412	0
5798	5	7	EV37	3	propafenone	2	2	0	2	1	0	0	0	0	0	0	0	0	0	0	0	0	0	0	0	0	0	0	0	0	0	0	0	0	0	1	0	1	0	0	0	0	0	0	0	2	0	0	0	0	0	0	0	0	0	0	0	0	0	2	0	0	0	0	0	0	0	0	0	0	0	0	0	5	0	0	1	0	0	0	0	2	0	0	0	0	0	0	0	0	0	0	0	0	0	0	0	0	0	0	0	1	0	1	0	0	0	0	0	0	0	0	0	2	0	1	0	0	0	0	0	0	1	,163	-1,63607386968271	0	,260939409518221	0
5713	5	7	EV37	3	daptomycin	1	2	0	0	4	1	0	0	0	0	0	2	0	0	0	0	0	0	0	0	1	0	0	0	0	0	0	0	3	1	0	0	2	2	0	5	0	0	4	0	1	0	0	0	0	0	2	0	0	0	0	0	0	0	0	0	0	0	0	0	0	0	0	0	0	0	4	1	7	0	0	5	0	0	0	0	1	0	1	0	0	0	0	0	0	0	0	0	0	0	0	0	0	0	0	0	11	0	0	0	0	0	0	2	0	0	0	0	0	0	0	0	0	0	0	0	0	1	,328	-,717244732139006	0	,358156125226048	0
5842	5	7	EV37	3	vincristine	12	1	0	0	7	4	0	0	0	0	0	4	2	0	2	0	0	0	0	0	1	0	0	0	2	6	0	0	3	1	2	0	9	3	0	1	0	0	0	0	1	0	0	0	0	0	0	0	0	0	0	0	0	0	2	0	0	0	0	0	3	2	0	0	0	0	16	0	20	0	0	7	2	0	0	0	2	0	0	0	0	0	0	0	0	0	0	0	0	0	0	0	0	0	0	0	10	0	1	0	0	2	0	2	0	0	0	0	2	0	1	0	0	0	0	0	0	1	,235	-1,18029031968238	0	,301621342239958	0
5763	5	7	EV37	3	leuprolide	2	0	0	0	3	1	0	0	0	0	0	0	0	0	0	0	0	0	0	0	0	0	0	0	0	0	0	0	0	0	0	0	1	0	0	1	0	0	0	0	1	0	0	0	0	0	0	0	0	0	0	0	0	0	0	0	0	0	0	0	0	0	0	0	0	0	3	0	8	0	0	1	0	0	0	0	3	0	0	0	0	0	0	0	0	0	0	0	0	0	0	0	0	0	0	0	4	0	1	0	0	0	0	1	0	0	0	0	0	0	0	0	0	0	0	0	0	1	,364	-,558044695703382	0	,30242635950057	0
5785	5	7	EV37	3	octreotide	5	1	0	0	0	2	0	0	0	0	0	2	1	0	0	0	0	0	0	0	0	0	0	0	0	1	0	0	1	3	5	0	5	3	0	0	0	0	0	0	1	0	0	0	0	0	0	0	1	0	0	0	0	0	1	0	0	0	0	0	0	1	0	3	0	0	6	0	14	0	0	4	1	0	0	0	3	0	1	0	0	0	0	0	0	0	0	0	0	0	0	0	0	0	0	0	7	0	1	0	0	0	0	1	0	0	0	0	0	0	0	0	0	0	0	0	0	1	,312	-,790785650123861	0	,286814519049589	0
5679	5	7	EV37	3	acarbose	0	0	0	0	0	0	0	0	0	0	0	0	0	0	0	0	0	0	0	0	0	0	0	0	0	0	0	0	0	0	0	0	0	0	0	0	0	0	0	0	0	0	0	0	0	0	0	0	0	0	0	0	0	0	0	0	0	0	0	0	0	0	0	0	0	0	0	0	0	0	0	0	0	0	0	0	0	0	0	0	0	0	0	0	0	0	0	0	0	0	0	0	0	0	0	0	0	0	0	0	0	0	0	0	0	0	0	0	0	0	0	0	0	0	0	0	0	1	,424	-,306374205463933	0	,398677742745013	0
5682	5	7	EV37	3	alendronate	0	0	0	0	0	0	0	0	0	0	0	0	0	0	0	0	0	0	0	0	0	0	0	0	0	0	0	0	0	0	0	0	0	0	0	0	0	0	0	0	0	0	0	0	0	0	0	0	0	0	0	0	0	0	0	0	0	0	0	0	0	0	0	0	0	0	0	0	0	0	0	0	0	0	0	0	0	0	0	0	0	0	0	0	0	0	0	0	0	0	0	0	0	0	0	0	0	0	0	0	0	0	0	0	0	0	0	0	0	0	0	0	0	0	0	0	0	1	,424	-,306374205463933	0	,399900309172532	0
5683	5	7	EV37	3	alfuzosin	0	0	0	0	0	0	0	0	0	0	0	0	0	0	0	0	0	0	0	0	0	0	0	0	0	0	0	0	0	0	0	0	0	0	0	0	0	0	0	0	0	0	0	0	0	0	0	0	0	0	0	0	0	0	0	0	0	0	0	0	0	0	0	0	0	0	0	0	0	0	0	0	0	0	0	0	0	0	0	0	0	0	0	0	0	0	0	0	0	0	0	0	0	0	0	0	0	0	0	0	0	0	0	0	0	0	0	0	0	0	0	0	0	0	0	0	0	1	,424	-,306374205463933	0	,399201697289863	0
5691	5	7	EV37	3	atenolol	0	0	0	0	0	0	0	0	0	0	0	0	0	0	0	0	0	0	0	0	0	0	0	0	0	0	0	0	0	0	0	0	0	0	0	0	0	0	0	0	0	0	0	0	0	0	0	0	0	0	0	0	0	0	0	0	0	0	0	0	0	0	0	0	0	0	0	0	0	0	0	0	0	0	0	0	0	0	0	0	0	0	0	0	0	0	0	0	0	0	0	0	0	0	0	0	0	0	0	0	0	0	0	0	0	0	0	0	0	0	0	0	0	0	0	0	0	1	,424	-,306374205463933	0	,401710746193586	0
5692	5	7	EV37	3	atomoxetine	0	0	0	0	0	0	0	0	0	0	0	0	0	0	0	0	0	0	0	0	0	0	0	0	0	0	0	0	0	0	0	0	0	0	0	0	0	0	0	0	0	0	0	0	0	0	0	0	0	0	0	0	0	0	0	0	0	0	0	0	0	0	0	0	0	0	0	0	0	0	0	0	0	0	0	0	0	0	0	0	0	0	0	0	0	0	0	0	0	0	0	0	0	0	0	0	0	0	0	0	0	0	0	0	0	0	0	0	0	0	0	0	0	0	0	0	0	1	,424	-,306374205463933	0	,387475830727411	0
5712	5	7	EV37	3	danazol	0	0	0	0	0	0	0	0	0	0	0	0	0	0	0	0	0	0	0	0	0	0	0	0	0	0	0	0	0	0	0	0	0	0	0	0	0	0	0	0	0	0	0	0	0	0	0	0	0	0	0	0	0	0	0	0	0	0	0	0	0	0	0	0	0	0	0	0	0	0	0	0	0	0	0	0	0	0	0	0	0	0	0	0	0	0	0	0	0	0	0	0	0	0	0	0	0	0	0	0	0	0	0	0	0	0	0	0	0	0	0	0	0	0	0	0	0	1	,424	-,306374205463933	0	,403825507180572	0
5717	5	7	EV37	3	desvenlafaxine	0	0	0	0	0	0	0	0	0	0	0	0	0	0	0	0	0	0	0	0	0	0	0	0	0	0	0	0	0	0	0	0	0	0	0	0	0	0	0	0	0	0	0	0	0	0	0	0	0	0	0	0	0	0	0	0	0	0	0	0	0	0	0	0	0	0	0	0	0	0	0	0	0	0	0	0	0	0	0	0	0	0	0	0	0	0	0	0	0	0	0	0	0	0	0	0	0	0	0	0	0	0	0	0	0	0	0	0	0	0	0	0	0	0	0	0	0	1	,424	-,306374205463933	0	,393601729635237	0
5720	5	7	EV37	3	donepezil	0	0	0	0	0	0	0	0	0	0	0	0	0	0	0	0	0	0	0	0	0	0	0	0	0	0	0	0	0	0	0	0	0	0	0	0	0	0	0	0	0	0	0	0	0	0	0	0	0	0	0	0	0	0	0	0	0	0	0	0	0	0	0	0	0	0	0	0	0	0	0	0	0	0	0	0	0	0	0	0	0	0	0	0	0	0	0	0	0	0	0	0	0	0	0	0	0	0	0	0	0	0	0	0	0	0	0	0	0	0	0	0	0	0	0	0	0	1	,424	-,306374205463933	0	,399976599440466	0
5721	5	7	EV37	3	doxorubicin	0	0	0	0	0	0	0	0	0	0	0	0	0	0	0	0	0	0	0	0	0	0	0	0	0	0	0	0	0	0	0	0	0	0	0	0	0	0	0	0	0	0	0	0	0	0	0	0	0	0	0	0	0	0	0	0	0	0	0	0	0	0	0	0	0	0	0	0	0	0	0	0	0	0	0	0	0	0	0	0	0	0	0	0	0	0	0	0	0	0	0	0	0	0	0	0	0	0	0	0	0	0	0	0	0	0	0	0	0	0	0	0	0	0	0	0	0	1	,424	-,306374205463933	0	,406481717703626	0
5729	5	7	EV37	3	estradiol	0	0	0	0	0	0	0	0	0	0	0	0	0	0	0	0	0	0	0	0	0	0	0	0	0	0	0	0	0	0	0	0	0	0	0	0	0	0	0	0	0	0	0	0	0	0	0	0	0	0	0	0	0	0	0	0	0	0	0	0	0	0	0	0	0	0	0	0	0	0	0	0	0	0	0	0	0	0	0	0	0	0	0	0	0	0	0	0	0	0	0	0	0	0	0	0	0	0	0	0	0	0	0	0	0	0	0	0	0	0	0	0	0	0	0	0	0	1	,424	-,306374205463933	0	,402223041402127	0
5746	5	7	EV37	3	gabapentin	0	0	0	0	0	0	0	0	0	0	0	0	0	0	0	0	0	0	0	0	0	0	0	0	0	0	0	0	0	0	0	0	0	0	0	0	0	0	0	0	0	0	0	0	0	0	0	0	0	0	0	0	0	0	0	0	0	0	0	0	0	0	0	0	0	0	0	0	0	0	0	0	0	0	0	0	0	0	0	0	0	0	0	0	0	0	0	0	0	0	0	0	0	0	0	0	0	0	0	0	0	0	0	0	0	0	0	0	0	0	0	0	0	0	0	0	0	1	,424	-,306374205463933	0	,401794458410619	0
5766	5	7	EV37	3	levothyroxine	0	0	0	0	0	0	0	0	0	0	0	0	0	0	0	0	0	0	0	0	0	0	0	0	0	0	0	0	0	0	0	0	0	0	0	0	0	0	0	0	0	0	0	0	0	0	0	0	0	0	0	0	0	0	0	0	0	0	0	0	0	0	0	0	0	0	0	0	0	0	0	0	0	0	0	0	0	0	0	0	0	0	0	0	0	0	0	0	0	0	0	0	0	0	0	0	0	0	0	0	0	0	0	0	0	0	0	0	0	0	0	0	0	0	0	0	0	1	,424	-,306374205463933	0	,404837847212251	0
5770	5	7	EV37	3	metformin	0	0	0	0	0	0	0	0	0	0	0	0	0	0	0	0	0	0	0	0	0	0	0	0	0	0	0	0	0	0	0	0	0	0	0	0	0	0	0	0	0	0	0	0	0	0	0	0	0	0	0	0	0	0	0	0	0	0	0	0	0	0	0	0	0	0	0	0	0	0	0	0	0	0	0	0	0	0	0	0	0	0	0	0	0	0	0	0	0	0	0	0	0	0	0	0	0	0	0	0	0	0	0	0	0	0	0	0	0	0	0	0	0	0	0	0	0	1	,424	-,306374205463933	0	,402433093079616	0
5772	5	7	EV37	3	mexiletine	0	0	0	0	0	0	0	0	0	0	0	0	0	0	0	0	0	0	0	0	0	0	0	0	0	0	0	0	0	0	0	0	0	0	0	0	0	0	0	0	0	0	0	0	0	0	0	0	0	0	0	0	0	0	0	0	0	0	0	0	0	0	0	0	0	0	0	0	0	0	0	0	0	0	0	0	0	0	0	0	0	0	0	0	0	0	0	0	0	0	0	0	0	0	0	0	0	0	0	0	0	0	0	0	0	0	0	0	0	0	0	0	0	0	0	0	0	1	,424	-,306374205463933	0	,401570949854621	0
5778	5	7	EV37	3	milnacipran	0	0	0	0	0	0	0	0	0	0	0	0	0	0	0	0	0	0	0	0	0	0	0	0	0	0	0	0	0	0	0	0	0	0	0	0	0	0	0	0	0	0	0	0	0	0	0	0	0	0	0	0	0	0	0	0	0	0	0	0	0	0	0	0	0	0	0	0	0	0	0	0	0	0	0	0	0	0	0	0	0	0	0	0	0	0	0	0	0	0	0	0	0	0	0	0	0	0	0	0	0	0	0	0	0	0	0	0	0	0	0	0	0	0	0	0	0	1	,424	-,306374205463933	0	,399984769987809	0
5781	5	7	EV37	3	nelarabine	0	0	0	0	0	0	0	0	0	0	0	0	0	0	0	0	0	0	0	0	0	0	0	0	0	0	0	0	0	0	0	0	0	0	0	0	0	0	0	0	0	0	0	0	0	0	0	0	0	0	0	0	0	0	0	0	0	0	0	0	0	0	0	0	0	0	0	0	0	0	0	0	0	0	0	0	0	0	0	0	0	0	0	0	0	0	0	0	0	0	0	0	0	0	0	0	0	0	0	0	0	0	0	0	0	0	0	0	0	0	0	0	0	0	0	0	0	1	,424	-,306374205463933	0	,400564278431036	0
5786	5	7	EV37	3	orlistat	0	0	0	0	0	0	0	0	0	0	0	0	0	0	0	0	0	0	0	0	0	0	0	0	0	0	0	0	0	0	0	0	0	0	0	0	0	0	0	0	0	0	0	0	0	0	0	0	0	0	0	0	0	0	0	0	0	0	0	0	0	0	0	0	0	0	0	0	0	0	0	0	0	0	0	0	0	0	0	0	0	0	0	0	0	0	0	0	0	0	0	0	0	0	0	0	0	0	0	0	0	0	0	0	0	0	0	0	0	0	0	0	0	0	0	0	0	1	,424	-,306374205463933	0	,405230270657605	0
5791	5	7	EV37	3	penicillamine	0	0	0	0	0	0	0	0	0	0	0	0	0	0	0	0	0	0	0	0	0	0	0	0	0	0	0	0	0	0	0	0	0	0	0	0	0	0	0	0	0	0	0	0	0	0	0	0	0	0	0	0	0	0	0	0	0	0	0	0	0	0	0	0	0	0	0	0	0	0	0	0	0	0	0	0	0	0	0	0	0	0	0	0	0	0	0	0	0	0	0	0	0	0	0	0	0	0	0	0	0	0	0	0	0	0	0	0	0	0	0	0	0	0	0	0	0	1	,424	-,306374205463933	0	,39917720997201	0
5797	5	7	EV37	3	pregabalin	0	0	0	0	0	0	0	0	0	0	0	0	0	0	0	0	0	0	0	0	0	0	0	0	0	0	0	0	0	0	0	0	0	0	0	0	0	0	0	0	0	0	0	0	0	0	0	0	0	0	0	0	0	0	0	0	0	0	0	0	0	0	0	0	0	0	0	0	0	0	0	0	0	0	0	0	0	0	0	0	0	0	0	0	0	0	0	0	0	0	0	0	0	0	0	0	0	0	0	0	0	0	0	0	0	0	0	0	0	0	0	0	0	0	0	0	0	1	,424	-,306374205463933	0	,409626996416333	0
5810	5	7	EV37	3	ropinirole	0	0	0	0	0	0	0	0	0	0	0	0	0	0	0	0	0	0	0	0	0	0	0	0	0	0	0	0	0	0	0	0	0	0	0	0	0	0	0	0	0	0	0	0	0	0	0	0	0	0	0	0	0	0	0	0	0	0	0	0	0	0	0	0	0	0	0	0	0	0	0	0	0	0	0	0	0	0	0	0	0	0	0	0	0	0	0	0	0	0	0	0	0	0	0	0	0	0	0	0	0	0	0	0	0	0	0	0	0	0	0	0	0	0	0	0	0	1	,424	-,306374205463933	0	,406000311905713	0
5819	5	7	EV37	3	succimer	0	0	0	0	0	0	0	0	0	0	0	0	0	0	0	0	0	0	0	0	0	0	0	0	0	0	0	0	0	0	0	0	0	0	0	0	0	0	0	0	0	0	0	0	0	0	0	0	0	0	0	0	0	0	0	0	0	0	0	0	0	0	0	0	0	0	0	0	0	0	0	0	0	0	0	0	0	0	0	0	0	0	0	0	0	0	0	0	0	0	0	0	0	0	0	0	0	0	0	0	0	0	0	0	0	0	0	0	0	0	0	0	0	0	0	0	0	1	,424	-,306374205463933	0	,399398335116026	0
5836	5	7	EV37	3	triptorelin pamoate	0	0	0	0	0	0	0	0	0	0	0	0	0	0	0	0	0	0	0	0	0	0	0	0	0	0	0	0	0	0	0	0	0	0	0	0	0	0	0	0	0	0	0	0	0	0	0	0	0	0	0	0	0	0	0	0	0	0	0	0	0	0	0	0	0	0	0	0	0	0	0	0	0	0	0	0	0	0	0	0	0	0	0	0	0	0	0	0	0	0	0	0	0	0	0	0	0	0	0	0	0	0	0	0	0	0	0	0	0	0	0	0	0	0	0	0	0	1	,424	-,306374205463933	0	,400486115411778	0
5688	5	7	EV37	3	amphotericin b	0	0	0	0	0	0	0	0	0	0	0	0	0	0	0	0	0	0	0	0	0	0	0	0	0	0	0	0	0	0	0	0	1	0	0	0	0	0	0	0	0	0	0	0	0	0	0	0	0	0	0	0	0	0	0	0	0	0	0	0	0	0	0	0	0	0	0	0	1	0	0	0	0	0	0	0	0	0	0	0	0	0	0	0	0	0	0	0	0	0	0	0	0	0	0	0	0	0	0	0	0	0	0	0	0	0	0	0	0	0	0	0	0	0	0	0	0	1	,424	-,306374205463933	0	,406623690707943	0
5799	5	7	EV37	3	propoxyphene	0	0	0	0	2	0	0	0	0	0	0	2	0	0	0	0	0	0	0	0	0	0	0	0	0	0	0	0	0	0	0	0	0	0	0	0	0	0	0	0	2	0	0	0	0	0	0	0	0	0	0	0	0	0	0	0	0	0	0	0	0	0	0	0	0	0	2	0	2	0	0	3	0	0	0	0	0	0	0	0	0	0	0	0	0	0	0	0	0	0	0	0	0	0	0	0	3	0	0	0	0	0	0	1	0	0	0	0	0	0	0	0	0	0	0	0	0	1	,452	-,192593107115784	0	,43611495442668	0
5840	5	7	EV37	3	venlafaxine	4	0	0	1	3	1	2	0	0	0	0	0	0	0	0	0	0	0	0	0	0	0	0	0	0	0	0	0	0	1	0	0	0	0	0	2	0	0	0	0	0	2	0	0	0	0	0	0	0	0	0	0	0	0	0	0	0	0	0	0	0	0	0	0	0	0	4	0	11	0	0	2	0	0	0	0	5	0	1	0	0	0	0	0	0	0	0	0	0	0	0	0	0	0	0	0	5	0	1	0	0	0	0	2	0	0	0	0	0	0	0	0	0	0	0	0	0	1	,675	,730887508542793	0	,352821693044861	0
5769	5	7	EV37	3	memantine	6	0	0	1	2	1	0	0	0	0	0	3	2	0	1	0	0	0	0	0	0	0	0	0	0	1	0	0	0	4	3	0	2	0	0	2	0	0	0	0	2	0	0	0	0	0	0	0	0	0	0	0	0	0	0	0	0	0	0	0	0	1	0	1	0	0	3	0	12	0	0	4	0	0	0	0	1	0	0	0	0	0	0	0	0	0	0	0	0	0	0	0	0	0	0	0	7	0	1	0	0	0	0	1	0	0	0	0	0	0	0	0	0	0	0	0	0	1	,524	,0960738300896222	0	,497260045538957	0
5687	5	7	EV37	3	amphetamine	6	3	0	0	6	0	0	0	0	0	0	2	3	0	0	0	0	0	0	0	0	0	0	0	0	0	0	0	1	5	4	0	2	1	0	3	0	0	2	0	2	0	0	0	0	0	0	0	0	0	0	0	1	0	2	0	0	0	0	0	0	0	0	2	0	0	2	1	20	0	0	3	1	0	0	0	4	0	0	0	0	0	0	0	0	0	0	0	0	0	0	0	0	0	0	0	10	0	1	0	0	0	0	2	0	0	0	0	2	0	1	0	0	0	0	0	0	1	,443	-,228995469882149	0	,302485334983169	0
5841	5	7	EV37	3	verapamil	11	7	0	0	4	5	0	0	0	0	0	6	3	1	1	0	0	0	2	2	1	0	0	0	0	3	0	0	2	5	10	0	3	0	0	6	0	0	2	0	4	0	0	0	0	0	0	2	1	0	0	0	0	0	2	0	0	0	0	0	1	4	0	5	0	0	9	0	22	0	0	5	0	0	0	0	3	0	1	0	0	0	0	0	0	0	0	0	0	0	0	0	0	0	0	0	13	0	1	0	0	0	0	2	0	0	0	0	2	0	1	0	0	0	0	0	0	1	,333	-,69464755593518	0	,451644725840687	0
5885	5	8	EV37	3	daptomycin	0	0	0	0	2	0	0	0	0	0	0	0	0	0	0	0	0	0	0	0	1	0	0	0	0	0	0	0	0	0	0	0	0	1	0	1	0	0	0	0	0	0	0	0	0	0	1	0	0	0	0	0	0	0	0	0	0	0	0	0	0	0	0	0	0	0	1	1	5	0	0	1	2	0	0	0	0	0	1	0	0	0	0	0	0	0	0	0	0	0	0	0	0	0	0	0	0	0	0	0	0	1	0	0	0	1	0	0	0	0	0	0	0	0	0	0	0	1	,382	-,481067848851116	0	,414262296264459	0
5943	5	8	EV37	3	metoprolol	1	0	0	0	0	2	0	0	0	0	0	0	0	0	0	0	0	0	0	0	0	0	1	0	0	0	0	0	0	1	2	0	1	0	0	2	0	0	1	0	0	0	0	0	0	0	0	0	0	0	0	0	0	0	0	0	0	0	0	0	0	1	0	2	0	0	2	0	7	0	0	1	0	0	0	0	0	0	1	0	0	0	0	0	0	0	0	0	0	0	0	0	0	0	0	0	0	0	0	0	0	1	0	0	0	0	0	0	0	0	0	0	0	0	0	0	0	1	,242	-1,14174565948569	0	,192453829701311	0
5859	5	8	EV37	3	amphetamine	1	1	0	0	0	1	0	0	0	0	0	0	0	0	0	0	0	0	0	0	2	0	0	0	0	0	0	0	1	0	1	0	0	0	0	2	0	0	0	0	0	0	0	0	0	0	0	0	0	0	0	0	0	0	0	0	0	0	0	0	0	0	0	1	0	0	0	0	6	0	0	1	2	0	0	0	0	0	1	0	0	0	0	0	0	0	0	0	0	0	0	0	0	0	0	0	0	0	0	0	0	0	0	0	0	1	0	0	0	0	0	0	0	0	0	0	0	1	,388	-,455726942889053	0	,354689830301167	0
5941	5	8	EV37	3	memantine	2	0	0	0	1	0	0	0	0	0	0	1	0	0	1	0	0	0	0	0	0	0	0	0	0	1	0	0	0	1	0	0	0	0	0	0	0	0	0	0	0	0	0	0	0	0	0	0	0	0	0	0	0	0	0	0	0	0	0	0	0	0	0	0	0	0	2	0	4	0	0	1	2	0	0	0	0	0	1	0	0	0	0	0	0	0	0	0	0	0	0	0	0	0	0	0	0	0	0	0	0	0	0	0	0	1	0	0	0	0	0	0	0	0	0	0	0	1	,419	-,326879836929773	0	,55627145662292	0
5851	5	8	EV37	3	acarbose	0	0	0	0	0	0	0	0	0	0	0	0	0	0	0	0	0	0	0	0	0	0	0	0	0	0	0	0	0	0	0	0	0	0	0	0	0	0	0	0	0	0	0	0	0	0	0	0	0	0	0	0	0	0	0	0	0	0	0	0	0	0	0	0	0	0	0	0	0	0	0	0	0	0	0	0	0	0	0	0	0	0	0	0	0	0	0	0	0	0	0	0	0	0	0	0	0	0	0	0	0	0	0	0	0	0	0	0	0	0	0	0	0	0	0	0	0	1	,424	-,306374205463933	0	,456615816448866	0
5854	5	8	EV37	3	alendronate	0	0	0	0	0	0	0	0	0	0	0	0	0	0	0	0	0	0	0	0	0	0	0	0	0	0	0	0	0	0	0	0	0	0	0	0	0	0	0	0	0	0	0	0	0	0	0	0	0	0	0	0	0	0	0	0	0	0	0	0	0	0	0	0	0	0	0	0	0	0	0	0	0	0	0	0	0	0	0	0	0	0	0	0	0	0	0	0	0	0	0	0	0	0	0	0	0	0	0	0	0	0	0	0	0	0	0	0	0	0	0	0	0	0	0	0	0	1	,424	-,306374205463933	0	,457880764934495	0
5855	5	8	EV37	3	alfuzosin	0	0	0	0	0	0	0	0	0	0	0	0	0	0	0	0	0	0	0	0	0	0	0	0	0	0	0	0	0	0	0	0	0	0	0	0	0	0	0	0	0	0	0	0	0	0	0	0	0	0	0	0	0	0	0	0	0	0	0	0	0	0	0	0	0	0	0	0	0	0	0	0	0	0	0	0	0	0	0	0	0	0	0	0	0	0	0	0	0	0	0	0	0	0	0	0	0	0	0	0	0	0	0	0	0	0	0	0	0	0	0	0	0	0	0	0	0	1	,424	-,306374205463933	0	,457158026165075	0
5860	5	8	EV37	3	amphotericin b	0	0	0	0	0	0	0	0	0	0	0	0	0	0	0	0	0	0	0	0	0	0	0	0	0	0	0	0	0	0	0	0	0	0	0	0	0	0	0	0	0	0	0	0	0	0	0	0	0	0	0	0	0	0	0	0	0	0	0	0	0	0	0	0	0	0	0	0	0	0	0	0	0	0	0	0	0	0	0	0	0	0	0	0	0	0	0	0	0	0	0	0	0	0	0	0	0	0	0	0	0	0	0	0	0	0	0	0	0	0	0	0	0	0	0	0	0	1	,424	-,306374205463933	0	,464823889118831	0
5863	5	8	EV37	3	atenolol	0	0	0	0	0	0	0	0	0	0	0	0	0	0	0	0	0	0	0	0	0	0	0	0	0	0	0	0	0	0	0	0	0	0	0	0	0	0	0	0	0	0	0	0	0	0	0	0	0	0	0	0	0	0	0	0	0	0	0	0	0	0	0	0	0	0	0	0	0	0	0	0	0	0	0	0	0	0	0	0	0	0	0	0	0	0	0	0	0	0	0	0	0	0	0	0	0	0	0	0	0	0	0	0	0	0	0	0	0	0	0	0	0	0	0	0	0	1	,424	-,306374205463933	0	,45975259134941	0
5864	5	8	EV37	3	atomoxetine	0	0	0	0	0	0	0	0	0	0	0	0	0	0	0	0	0	0	0	0	0	0	0	0	0	0	0	0	0	0	0	0	0	0	0	0	0	0	0	0	0	0	0	0	0	0	0	0	0	0	0	0	0	0	0	0	0	0	0	0	0	0	0	0	0	0	0	0	0	0	0	0	0	0	0	0	0	0	0	0	0	0	0	0	0	0	0	0	0	0	0	0	0	0	0	0	0	0	0	0	0	0	0	0	0	0	0	0	0	0	0	0	0	0	0	0	0	1	,424	-,306374205463933	0	,444990677147687	0
5884	5	8	EV37	3	danazol	0	0	0	0	0	0	0	0	0	0	0	0	0	0	0	0	0	0	0	0	0	0	0	0	0	0	0	0	0	0	0	0	0	0	0	0	0	0	0	0	0	0	0	0	0	0	0	0	0	0	0	0	0	0	0	0	0	0	0	0	0	0	0	0	0	0	0	0	0	0	0	0	0	0	0	0	0	0	0	0	0	0	0	0	0	0	0	0	0	0	0	0	0	0	0	0	0	0	0	0	0	0	0	0	0	0	0	0	0	0	0	0	0	0	0	0	0	1	,424	-,306374205463933	0	,461936989360411	0
5889	5	8	EV37	3	desvenlafaxine	0	0	0	0	0	0	0	0	0	0	0	0	0	0	0	0	0	0	0	0	0	0	0	0	0	0	0	0	0	0	0	0	0	0	0	0	0	0	0	0	0	0	0	0	0	0	0	0	0	0	0	0	0	0	0	0	0	0	0	0	0	0	0	0	0	0	0	0	0	0	0	0	0	0	0	0	0	0	0	0	0	0	0	0	0	0	0	0	0	0	0	0	0	0	0	0	0	0	0	0	0	0	0	0	0	0	0	0	0	0	0	0	0	0	0	0	0	1	,424	-,306374205463933	0	,451355831411706	0
5892	5	8	EV37	3	donepezil	0	0	0	0	0	0	0	0	0	0	0	0	0	0	0	0	0	0	0	0	0	0	0	0	0	0	0	0	0	0	0	0	0	0	0	0	0	0	0	0	0	0	0	0	0	0	0	0	0	0	0	0	0	0	0	0	0	0	0	0	0	0	0	0	0	0	0	0	0	0	0	0	0	0	0	0	0	0	0	0	0	0	0	0	0	0	0	0	0	0	0	0	0	0	0	0	0	0	0	0	0	0	0	0	0	0	0	0	0	0	0	0	0	0	0	0	0	1	,424	-,306374205463933	0	,457959675146263	0
5893	5	8	EV37	3	doxorubicin	0	0	0	0	0	0	0	0	0	0	0	0	0	0	0	0	0	0	0	0	0	0	0	0	0	0	0	0	0	0	0	0	0	0	0	0	0	0	0	0	0	0	0	0	0	0	0	0	0	0	0	0	0	0	0	0	0	0	0	0	0	0	0	0	0	0	0	0	0	0	0	0	0	0	0	0	0	0	0	0	0	0	0	0	0	0	0	0	0	0	0	0	0	0	0	0	0	0	0	0	0	0	0	0	0	0	0	0	0	0	0	0	0	0	0	0	0	1	,424	-,306374205463933	0	,464677508720714	0
5901	5	8	EV37	3	estradiol	0	0	0	0	0	0	0	0	0	0	0	0	0	0	0	0	0	0	0	0	0	0	0	0	0	0	0	0	0	0	0	0	0	0	0	0	0	0	0	0	0	0	0	0	0	0	0	0	0	0	0	0	0	0	0	0	0	0	0	0	0	0	0	0	0	0	0	0	0	0	0	0	0	0	0	0	0	0	0	0	0	0	0	0	0	0	0	0	0	0	0	0	0	0	0	0	0	0	0	0	0	0	0	0	0	0	0	0	0	0	0	0	0	0	0	0	0	1	,424	-,306374205463933	0	,460281960699984	0
5918	5	8	EV37	3	gabapentin	0	0	0	0	0	0	0	0	0	0	0	0	0	0	0	0	0	0	0	0	0	0	0	0	0	0	0	0	0	0	0	0	0	0	0	0	0	0	0	0	0	0	0	0	0	0	0	0	0	0	0	0	0	0	0	0	0	0	0	0	0	0	0	0	0	0	0	0	0	0	0	0	0	0	0	0	0	0	0	0	0	0	0	0	0	0	0	0	0	0	0	0	0	0	0	0	0	0	0	0	0	0	0	0	0	0	0	0	0	0	0	0	0	0	0	0	0	1	,424	-,306374205463933	0	,459839102540265	0
5938	5	8	EV37	3	levothyroxine	0	0	0	0	0	0	0	0	0	0	0	0	0	0	0	0	0	0	0	0	0	0	0	0	0	0	0	0	0	0	0	0	0	0	0	0	0	0	0	0	0	0	0	0	0	0	0	0	0	0	0	0	0	0	0	0	0	0	0	0	0	0	0	0	0	0	0	0	0	0	0	0	0	0	0	0	0	0	0	0	0	0	0	0	0	0	0	0	0	0	0	0	0	0	0	0	0	0	0	0	0	0	0	0	0	0	0	0	0	0	0	0	0	0	0	0	0	1	,424	-,306374205463933	0	,4629818756737	0
5942	5	8	EV37	3	metformin	0	0	0	0	0	0	0	0	0	0	0	0	0	0	0	0	0	0	0	0	0	0	0	0	0	0	0	0	0	0	0	0	0	0	0	0	0	0	0	0	0	0	0	0	0	0	0	0	0	0	0	0	0	0	0	0	0	0	0	0	0	0	0	0	0	0	0	0	0	0	0	0	0	0	0	0	0	0	0	0	0	0	0	0	0	0	0	0	0	0	0	0	0	0	0	0	0	0	0	0	0	0	0	0	0	0	0	0	0	0	0	0	0	0	0	0	0	1	,424	-,306374205463933	0	,460498975272949	0
5944	5	8	EV37	3	mexiletine	0	0	0	0	0	0	0	0	0	0	0	0	0	0	0	0	0	0	0	0	0	0	0	0	0	0	0	0	0	0	0	0	0	0	0	0	0	0	0	0	0	0	0	0	0	0	0	0	0	0	0	0	0	0	0	0	0	0	0	0	0	0	0	0	0	0	0	0	0	0	0	0	0	0	0	0	0	0	0	0	0	0	0	0	0	0	0	0	0	0	0	0	0	0	0	0	0	0	0	0	0	0	0	0	0	0	0	0	0	0	0	0	0	0	0	0	0	1	,424	-,306374205463933	0	,459608113028208	0
5950	5	8	EV37	3	milnacipran	0	0	0	0	0	0	0	0	0	0	0	0	0	0	0	0	0	0	0	0	0	0	0	0	0	0	0	0	0	0	0	0	0	0	0	0	0	0	0	0	0	0	0	0	0	0	0	0	0	0	0	0	0	0	0	0	0	0	0	0	0	0	0	0	0	0	0	0	0	0	0	0	0	0	0	0	0	0	0	0	0	0	0	0	0	0	0	0	0	0	0	0	0	0	0	0	0	0	0	0	0	0	0	0	0	0	0	0	0	0	0	0	0	0	0	0	0	1	,424	-,306374205463933	0	,457968126112319	0
5953	5	8	EV37	3	nelarabine	0	0	0	0	0	0	0	0	0	0	0	0	0	0	0	0	0	0	0	0	0	0	0	0	0	0	0	0	0	0	0	0	0	0	0	0	0	0	0	0	0	0	0	0	0	0	0	0	0	0	0	0	0	0	0	0	0	0	0	0	0	0	0	0	0	0	0	0	0	0	0	0	0	0	0	0	0	0	0	0	0	0	0	0	0	0	0	0	0	0	0	0	0	0	0	0	0	0	0	0	0	0	0	0	0	0	0	0	0	0	0	0	0	0	0	0	0	1	,424	-,306374205463933	0	,458567438584761	0
5958	5	8	EV37	3	orlistat	0	0	0	0	0	0	0	0	0	0	0	0	0	0	0	0	0	0	0	0	0	0	0	0	0	0	0	0	0	0	0	0	0	0	0	0	0	0	0	0	0	0	0	0	0	0	0	0	0	0	0	0	0	0	0	0	0	0	0	0	0	0	0	0	0	0	0	0	0	0	0	0	0	0	0	0	0	0	0	0	0	0	0	0	0	0	0	0	0	0	0	0	0	0	0	0	0	0	0	0	0	0	0	0	0	0	0	0	0	0	0	0	0	0	0	0	0	1	,424	-,306374205463933	0	,463386778065236	0
5963	5	8	EV37	3	penicillamine	0	0	0	0	0	0	0	0	0	0	0	0	0	0	0	0	0	0	0	0	0	0	0	0	0	0	0	0	0	0	0	0	0	0	0	0	0	0	0	0	0	0	0	0	0	0	0	0	0	0	0	0	0	0	0	0	0	0	0	0	0	0	0	0	0	0	0	0	0	0	0	0	0	0	0	0	0	0	0	0	0	0	0	0	0	0	0	0	0	0	0	0	0	0	0	0	0	0	0	0	0	0	0	0	0	0	0	0	0	0	0	0	0	0	0	0	0	1	,424	-,306374205463933	0	,45713268873973	0
5969	5	8	EV37	3	pregabalin	0	0	0	0	0	0	0	0	0	0	0	0	0	0	0	0	0	0	0	0	0	0	0	0	0	0	0	0	0	0	0	0	0	0	0	0	0	0	0	0	0	0	0	0	0	0	0	0	0	0	0	0	0	0	0	0	0	0	0	0	0	0	0	0	0	0	0	0	0	0	0	0	0	0	0	0	0	0	0	0	0	0	0	0	0	0	0	0	0	0	0	0	0	0	0	0	0	0	0	0	0	0	0	0	0	0	0	0	0	0	0	0	0	0	0	0	0	1	,424	-,306374205463933	0	,467918081514524	0
5982	5	8	EV37	3	ropinirole	0	0	0	0	0	0	0	0	0	0	0	0	0	0	0	0	0	0	0	0	0	0	0	0	0	0	0	0	0	0	0	0	0	0	0	0	0	0	0	0	0	0	0	0	0	0	0	0	0	0	0	0	0	0	0	0	0	0	0	0	0	0	0	0	0	0	0	0	0	0	0	0	0	0	0	0	0	0	0	0	0	0	0	0	0	0	0	0	0	0	0	0	0	0	0	0	0	0	0	0	0	0	0	0	0	0	0	0	0	0	0	0	0	0	0	0	0	1	,424	-,306374205463933	0	,464181083569813	0
5991	5	8	EV37	3	succimer	0	0	0	0	0	0	0	0	0	0	0	0	0	0	0	0	0	0	0	0	0	0	0	0	0	0	0	0	0	0	0	0	0	0	0	0	0	0	0	0	0	0	0	0	0	0	0	0	0	0	0	0	0	0	0	0	0	0	0	0	0	0	0	0	0	0	0	0	0	0	0	0	0	0	0	0	0	0	0	0	0	0	0	0	0	0	0	0	0	0	0	0	0	0	0	0	0	0	0	0	0	0	0	0	0	0	0	0	0	0	0	0	0	0	0	0	0	1	,424	-,306374205463933	0	,457361479644906	0
6008	5	8	EV37	3	triptorelin pamoate	0	0	0	0	0	0	0	0	0	0	0	0	0	0	0	0	0	0	0	0	0	0	0	0	0	0	0	0	0	0	0	0	0	0	0	0	0	0	0	0	0	0	0	0	0	0	0	0	0	0	0	0	0	0	0	0	0	0	0	0	0	0	0	0	0	0	0	0	0	0	0	0	0	0	0	0	0	0	0	0	0	0	0	0	0	0	0	0	0	0	0	0	0	0	0	0	0	0	0	0	0	0	0	0	0	0	0	0	0	0	0	0	0	0	0	0	0	1	,424	-,306374205463933	0	,458486614224806	0
6011	5	8	EV37	3	valproic acid	2	0	0	0	1	0	0	0	0	0	0	0	0	0	0	0	0	0	0	0	1	0	0	0	0	0	0	0	2	2	0	1	0	0	0	0	0	0	0	0	0	0	0	0	0	0	0	0	0	0	0	0	0	1	0	0	0	0	0	0	0	0	0	3	0	0	0	0	9	0	0	1	2	0	0	0	0	0	1	0	0	0	0	0	0	0	0	0	0	0	0	0	0	0	0	0	0	0	0	0	0	1	0	0	0	1	0	0	0	0	0	0	0	0	0	0	0	1	,423	-,310470087461821	0	,186527982654715	0
5935	5	8	EV37	3	leuprolide	0	0	0	0	0	0	0	0	0	0	0	0	0	0	0	0	0	0	0	0	0	0	0	0	0	0	0	0	0	0	1	0	0	0	0	0	0	0	0	0	0	0	0	0	0	0	0	0	0	0	0	0	0	0	0	0	0	0	0	0	0	0	0	0	0	0	0	0	1	0	0	0	0	0	0	0	0	0	0	0	0	0	0	0	0	0	0	0	0	0	0	0	0	0	0	0	0	0	0	0	0	0	0	0	0	0	0	0	0	0	0	0	0	0	0	0	0	1	,425	-,302280871872933	0	,354625851305309	0
5957	5	8	EV37	3	octreotide	1	0	0	1	0	0	0	0	0	0	0	0	0	0	0	0	0	0	0	0	0	0	0	0	0	0	0	0	1	0	0	0	0	0	0	0	0	0	0	0	0	0	0	0	0	0	0	0	0	0	0	0	0	0	0	0	0	0	0	0	0	0	0	1	0	0	2	0	6	0	0	0	2	0	0	0	0	0	0	0	0	0	0	0	0	0	0	0	0	0	0	0	0	0	0	0	0	0	0	0	0	1	0	0	0	1	0	0	0	0	0	0	0	0	0	0	0	1	,436	-,257412008149024	0	,337623568652477	0
6012	5	8	EV37	3	venlafaxine	0	0	0	2	0	0	0	0	0	0	0	0	0	0	0	0	0	0	0	0	0	0	0	0	0	0	0	0	0	1	0	0	0	0	0	0	0	0	0	0	0	0	0	0	0	0	0	0	0	0	0	0	0	0	0	0	0	0	0	0	0	0	0	0	0	0	0	0	3	0	0	0	2	0	0	0	0	0	0	0	0	0	0	0	0	0	0	0	0	0	0	0	0	0	0	0	0	0	0	0	0	0	0	0	0	1	0	0	0	0	0	0	0	0	0	0	0	1	,434	-,265549544102778	0	,40862422184072	0
5997	5	8	EV37	3	terbutaline	1	0	0	0	0	0	0	0	0	0	0	0	0	0	0	0	0	0	0	0	0	0	0	0	0	0	0	0	1	1	3	0	0	0	0	0	0	0	0	0	0	0	0	0	0	0	0	0	0	0	0	0	0	0	0	0	0	0	0	0	0	0	0	2	0	0	0	0	4	0	0	0	0	0	0	0	0	0	0	0	0	0	0	0	0	0	0	0	0	0	0	0	0	0	0	0	0	0	0	0	0	0	0	0	0	0	0	0	0	0	0	0	0	0	0	0	0	1	,439	-,245221492447525	0	,464692130786787	0
6015	5	8	EV37	3	vitamin a	1	0	0	0	0	0	0	0	0	0	0	0	0	0	0	0	0	0	0	0	0	0	0	0	0	0	0	0	2	1	1	0	0	1	0	0	0	0	0	0	0	0	0	0	0	0	0	0	0	0	0	0	0	0	0	0	0	0	0	0	1	2	0	1	0	0	3	0	8	0	0	1	2	0	0	0	0	0	1	0	0	0	0	0	0	0	0	0	0	0	0	0	0	0	0	0	0	0	1	0	0	1	0	0	0	1	0	0	0	0	0	0	0	0	0	0	0	1	,435	-,261479700057757	0	,050153391342643	0
6014	5	8	EV37	3	vincristine	1	0	0	0	0	0	0	0	0	0	0	0	0	0	0	0	0	0	0	0	0	0	0	0	0	0	0	0	2	1	0	0	0	0	0	0	0	0	0	0	0	0	0	0	0	0	0	0	0	0	0	0	0	0	0	0	0	0	0	0	0	0	0	1	0	0	1	0	4	0	0	1	2	0	0	0	0	0	1	0	0	0	0	0	0	0	0	0	0	0	0	0	0	0	0	0	0	0	0	0	0	0	0	0	0	1	0	0	0	0	0	0	0	0	0	0	0	1	,451	-,196631102006852	0	,353752349191161	0
5971	5	8	EV37	3	propoxyphene	0	0	0	0	1	0	0	0	0	0	0	1	0	0	0	0	0	0	0	0	0	0	0	0	0	0	0	0	0	0	0	0	0	0	0	0	0	0	0	0	0	0	0	0	0	0	0	0	0	0	0	0	0	0	0	0	0	0	0	0	0	0	0	0	0	0	1	0	2	0	0	1	0	0	0	0	0	0	1	0	0	0	0	0	0	0	0	0	0	0	0	0	0	0	0	0	0	0	0	0	0	0	0	0	0	0	0	0	0	0	0	0	0	0	0	0	0	1	,448	-,20875481386211	0	,495014865705846	0
5970	5	8	EV37	3	propafenone	0	0	0	0	1	0	0	0	0	0	0	0	0	0	0	0	0	0	0	0	0	0	0	0	0	0	0	0	1	0	0	0	0	0	0	0	0	0	0	0	0	0	0	0	0	0	0	0	0	0	0	0	0	0	0	0	0	0	0	0	1	0	0	0	0	0	0	0	1	0	0	0	0	0	0	0	0	0	0	0	0	0	0	0	0	0	0	0	0	0	0	0	0	0	0	0	0	0	0	0	0	0	0	0	0	0	0	0	0	0	0	0	0	0	0	0	0	1	,449	-,20471192141066	0	,309151665970439	0
6013	5	8	EV37	3	verapamil	3	0	0	1	0	0	0	0	0	0	0	0	1	0	0	0	0	0	0	0	0	0	0	0	0	1	0	0	3	1	0	0	2	1	0	0	0	0	0	0	0	0	0	0	0	0	0	0	0	0	0	0	0	0	0	0	0	0	0	0	0	2	0	1	0	0	6	0	11	0	0	1	2	0	0	0	0	0	1	0	0	0	0	0	0	0	0	0	0	0	0	0	0	0	0	0	0	0	0	0	0	2	0	0	0	1	0	0	0	0	0	0	0	0	0	0	0	1	,471	-,116130337841882	0	,510742303181784	0
